emergency_event_id,vehicle_id,emergency_vehicle_type,distance_to_dest_km,traffic_density,signal_count,current_speed_kmh,baseline_eta_minutes,target_optimized_eta_minutes,emergency_delay_minutes,recommended_priority,green_corridor_required,data_tag
EMG-EVT-000001,POL-04,POLICE,3.2,0.34,6,53.0,10.8,4.1,6.7,HIGH,1,SYNTHETIC EMERGENCY V2X
EMG-EVT-000002,FIRE-04,FIRE_TRUCK,5.5,0.38,11,50.6,19.7,7.1,12.6,CRITICAL,1,SYNTHETIC EMERGENCY V2X
EMG-EVT-000003,AMB-04,AMBULANCE,13.2,0.72,24,31.8,53.7,16.8,36.9,CRITICAL,1,SYNTHETIC EMERGENCY V2X
EMG-EVT-000004,AMB-03,AMBULANCE,7.3,0.71,13,31.7,29.4,9.3,20.1,CRITICAL,1,SYNTHETIC EMERGENCY V2X
EMG-EVT-000005,FIRE-05,FIRE_TRUCK,12.1,0.25,23,58.9,39.9,15.5,24.4,CRITICAL,1,SYNTHETIC EMERGENCY V2X
EMG-EVT-000006,FIRE-03,FIRE_TRUCK,11.5,0.59,23,39.9,44.9,14.8,30.1,CRITICAL,1,SYNTHETIC EMERGENCY V2X
EMG-EVT-000007,POL-09,POLICE,8.7,0.76,15,25.5,38.5,11.0,27.5,CRITICAL,1,SYNTHETIC EMERGENCY V2X
EMG-EVT-000008,AMB-08,AMBULANCE,2.5,0.31,7,54.0,11.2,3.4,7.8,CRITICAL,1,SYNTHETIC EMERGENCY V2X
EMG-EVT-000009,AMB-07,AMBULANCE,10.4,0.62,18,39.2,37.5,13.1,24.4,CRITICAL,1,SYNTHETIC EMERGENCY V2X
EMG-EVT-000010,AMB-12,AMBULANCE,4.9,0.54,9,37.7,18.6,6.2,12.4,CRITICAL,1,SYNTHETIC EMERGENCY V2X
EMG-EVT-000011,AMB-04,AMBULANCE,4.8,0.88,9,22.2,23.8,6.1,17.7,CRITICAL,1,SYNTHETIC EMERGENCY V2X
EMG-EVT-000012,AMB-09,AMBULANCE,12.8,0.71,23,29.9,53.3,16.3,37.0,CRITICAL,1,SYNTHETIC EMERGENCY V2X
EMG-EVT-000013,FIRE-07,FIRE_TRUCK,14.8,0.79,27,20.3,76.1,18.8,57.3,CRITICAL,1,SYNTHETIC EMERGENCY V2X
EMG-EVT-000014,POL-05,POLICE,5.8,0.49,13,43.5,23.6,7.6,16.0,CRITICAL,1,SYNTHETIC EMERGENCY V2X
EMG-EVT-000015,AMB-08,AMBULANCE,9.1,0.26,16,53.5,29.4,11.5,17.9,CRITICAL,1,SYNTHETIC EMERGENCY V2X
EMG-EVT-000016,AMB-16,AMBULANCE,5.9,0.48,13,45.7,23.3,7.7,15.6,CRITICAL,1,SYNTHETIC EMERGENCY V2X
EMG-EVT-000017,AMB-12,AMBULANCE,12.2,0.64,23,31.5,50.8,15.6,35.2,CRITICAL,1,SYNTHETIC EMERGENCY V2X
EMG-EVT-000018,AMB-11,AMBULANCE,14.7,0.8,26,19.6,76.2,18.6,57.6,CRITICAL,1,SYNTHETIC EMERGENCY V2X
EMG-EVT-000019,FIRE-09,FIRE_TRUCK,6.7,0.69,14,25.8,32.4,8.7,23.7,CRITICAL,1,SYNTHETIC EMERGENCY V2X
EMG-EVT-000020,AMB-13,AMBULANCE,2.6,0.58,5,38.7,10.0,3.3,6.7,CRITICAL,1,SYNTHETIC EMERGENCY V2X
EMG-EVT-000021,FIRE-09,FIRE_TRUCK,14.8,0.86,29,23.3,72.9,19.0,53.9,CRITICAL,1,SYNTHETIC EMERGENCY V2X
EMG-EVT-000022,AMB-19,AMBULANCE,8.1,0.63,16,31.8,34.5,10.4,24.1,CRITICAL,1,SYNTHETIC EMERGENCY V2X
EMG-EVT-000023,AMB-07,AMBULANCE,4.6,0.49,8,42.8,16.0,5.8,10.2,CRITICAL,1,SYNTHETIC EMERGENCY V2X
EMG-EVT-000024,FIRE-03,FIRE_TRUCK,15.9,0.62,30,31.1,66.7,20.3,46.4,CRITICAL,1,SYNTHETIC EMERGENCY V2X
EMG-EVT-000025,AMB-08,AMBULANCE,8.7,0.59,17,38.8,33.9,11.2,22.7,CRITICAL,1,SYNTHETIC EMERGENCY V2X
EMG-EVT-000026,AMB-04,AMBULANCE,10.2,0.31,21,52.7,36.8,13.2,23.6,CRITICAL,1,SYNTHETIC EMERGENCY V2X
EMG-EVT-000027,FIRE-07,FIRE_TRUCK,8.6,0.92,16,16.8,49.9,11.0,38.9,CRITICAL,1,SYNTHETIC EMERGENCY V2X
EMG-EVT-000028,AMB-03,AMBULANCE,10.2,0.37,21,47.4,38.1,13.2,24.9,CRITICAL,1,SYNTHETIC EMERGENCY V2X
EMG-EVT-000029,AMB-18,AMBULANCE,15.3,0.53,29,44.2,55.6,19.6,36.0,CRITICAL,1,SYNTHETIC EMERGENCY V2X
EMG-EVT-000030,FIRE-10,FIRE_TRUCK,3.6,0.6,7,36.0,14.4,4.6,9.8,CRITICAL,1,SYNTHETIC EMERGENCY V2X
EMG-EVT-000031,AMB-11,AMBULANCE,10.0,0.7,21,25.0,49.2,13.0,36.2,CRITICAL,1,SYNTHETIC EMERGENCY V2X
EMG-EVT-000032,AMB-07,AMBULANCE,13.2,0.24,24,53.5,43.6,16.8,26.8,CRITICAL,1,SYNTHETIC EMERGENCY V2X
EMG-EVT-000033,AMB-06,AMBULANCE,2.6,0.39,4,49.5,8.0,3.2,4.8,CRITICAL,1,SYNTHETIC EMERGENCY V2X
EMG-EVT-000034,AMB-05,AMBULANCE,4.8,0.28,9,59.0,15.7,6.1,9.6,CRITICAL,1,SYNTHETIC EMERGENCY V2X
EMG-EVT-000035,AMB-05,AMBULANCE,11.0,0.31,21,56.5,36.9,14.1,22.8,CRITICAL,1,SYNTHETIC EMERGENCY V2X
EMG-EVT-000036,AMB-03,AMBULANCE,2.7,0.64,7,33.9,13.2,3.6,9.6,CRITICAL,1,SYNTHETIC EMERGENCY V2X
EMG-EVT-000037,AMB-05,AMBULANCE,11.1,0.32,22,57.7,37.9,14.3,23.6,CRITICAL,1,SYNTHETIC EMERGENCY V2X
EMG-EVT-000038,AMB-01,AMBULANCE,3.9,0.87,8,15.9,24.3,5.1,19.2,CRITICAL,1,SYNTHETIC EMERGENCY V2X
EMG-EVT-000039,AMB-10,AMBULANCE,10.5,0.96,18,10.4,82.2,13.3,68.9,CRITICAL,1,SYNTHETIC EMERGENCY V2X
EMG-EVT-000040,AMB-05,AMBULANCE,10.7,0.91,21,20.9,55.9,13.8,42.1,CRITICAL,1,SYNTHETIC EMERGENCY V2X
EMG-EVT-000041,AMB-14,AMBULANCE,14.4,0.21,27,63.7,46.0,18.4,27.6,CRITICAL,1,SYNTHETIC EMERGENCY V2X
EMG-EVT-000042,FIRE-05,FIRE_TRUCK,10.7,0.74,19,25.7,47.8,13.6,34.2,CRITICAL,1,SYNTHETIC EMERGENCY V2X
EMG-EVT-000043,AMB-13,AMBULANCE,7.4,0.85,14,18.8,40.4,9.5,30.9,CRITICAL,1,SYNTHETIC EMERGENCY V2X
EMG-EVT-000044,AMB-02,AMBULANCE,6.4,0.89,11,14.4,39.9,8.1,31.8,CRITICAL,1,SYNTHETIC EMERGENCY V2X
EMG-EVT-000045,AMB-17,AMBULANCE,15.3,0.41,30,44.0,56.9,19.7,37.2,CRITICAL,1,SYNTHETIC EMERGENCY V2X
EMG-EVT-000046,AMB-16,AMBULANCE,10.6,0.29,21,53.1,37.2,13.7,23.5,CRITICAL,1,SYNTHETIC EMERGENCY V2X
EMG-EVT-000047,AMB-14,AMBULANCE,14.4,0.67,25,36.4,53.7,18.2,35.5,CRITICAL,1,SYNTHETIC EMERGENCY V2X
EMG-EVT-000048,AMB-14,AMBULANCE,14.1,0.48,26,38.9,52.9,18.0,34.9,CRITICAL,1,SYNTHETIC EMERGENCY V2X
EMG-EVT-000049,AMB-05,AMBULANCE,6.5,0.36,14,49.7,24.6,8.5,16.1,CRITICAL,1,SYNTHETIC EMERGENCY V2X
EMG-EVT-000050,POL-06,POLICE,7.7,0.67,14,36.4,29.5,9.8,19.7,CRITICAL,1,SYNTHETIC EMERGENCY V2X
EMG-EVT-000051,AMB-10,AMBULANCE,3.6,0.23,7,59.3,12.0,4.6,7.4,CRITICAL,1,SYNTHETIC EMERGENCY V2X
EMG-EVT-000052,AMB-12,AMBULANCE,4.8,0.63,9,34.2,19.2,6.1,13.1,CRITICAL,1,SYNTHETIC EMERGENCY V2X
EMG-EVT-000053,AMB-07,AMBULANCE,3.3,0.7,8,32.2,15.7,4.4,11.3,CRITICAL,1,SYNTHETIC EMERGENCY V2X
EMG-EVT-000054,AMB-04,AMBULANCE,12.0,0.71,21,29.9,49.3,15.2,34.1,CRITICAL,1,SYNTHETIC EMERGENCY V2X
EMG-EVT-000055,AMB-04,AMBULANCE,16.0,0.51,28,36.9,59.6,20.3,39.3,CRITICAL,1,SYNTHETIC EMERGENCY V2X
EMG-EVT-000056,AMB-03,AMBULANCE,3.6,0.21,6,54.7,11.1,4.5,6.6,CRITICAL,1,SYNTHETIC EMERGENCY V2X
EMG-EVT-000057,AMB-02,AMBULANCE,11.1,0.59,22,38.8,43.6,14.3,29.3,CRITICAL,1,SYNTHETIC EMERGENCY V2X
EMG-EVT-000058,FIRE-08,FIRE_TRUCK,5.9,0.9,11,22.0,29.3,7.5,21.8,CRITICAL,1,SYNTHETIC EMERGENCY V2X
EMG-EVT-000059,AMB-20,AMBULANCE,13.4,0.49,24,42.3,47.8,17.0,30.8,CRITICAL,1,SYNTHETIC EMERGENCY V2X
EMG-EVT-000060,AMB-09,AMBULANCE,12.9,0.22,23,59.4,40.6,16.4,24.2,CRITICAL,1,SYNTHETIC EMERGENCY V2X
EMG-EVT-000061,POL-03,POLICE,4.2,0.49,7,45.1,14.0,5.3,8.7,CRITICAL,1,SYNTHETIC EMERGENCY V2X
EMG-EVT-000062,AMB-15,AMBULANCE,15.3,0.56,28,35.6,59.4,19.5,39.9,CRITICAL,1,SYNTHETIC EMERGENCY V2X
EMG-EVT-000063,AMB-05,AMBULANCE,14.3,0.9,26,13.6,94.3,18.2,76.1,CRITICAL,1,SYNTHETIC EMERGENCY V2X
EMG-EVT-000064,POL-06,POLICE,2.5,0.79,7,26.6,14.0,3.4,10.6,CRITICAL,1,SYNTHETIC EMERGENCY V2X
EMG-EVT-000065,AMB-20,AMBULANCE,4.3,0.56,10,36.7,19.0,5.7,13.3,CRITICAL,1,SYNTHETIC EMERGENCY V2X
EMG-EVT-000066,AMB-13,AMBULANCE,10.1,0.42,18,48.0,34.2,12.8,21.4,CRITICAL,1,SYNTHETIC EMERGENCY V2X
EMG-EVT-000067,AMB-16,AMBULANCE,8.2,0.42,15,49.4,28.0,10.4,17.6,CRITICAL,1,SYNTHETIC EMERGENCY V2X
EMG-EVT-000068,AMB-17,AMBULANCE,10.5,0.78,21,24.2,51.2,13.6,37.6,CRITICAL,1,SYNTHETIC EMERGENCY V2X
EMG-EVT-000069,AMB-20,AMBULANCE,3.4,0.25,6,59.2,10.6,4.3,6.3,CRITICAL,1,SYNTHETIC EMERGENCY V2X
EMG-EVT-000070,AMB-02,AMBULANCE,3.3,0.37,8,51.7,13.4,4.4,9.0,CRITICAL,1,SYNTHETIC EMERGENCY V2X
EMG-EVT-000071,AMB-19,AMBULANCE,7.3,0.2,15,58.2,25.5,9.5,16.0,CRITICAL,1,SYNTHETIC EMERGENCY V2X
EMG-EVT-000072,AMB-05,AMBULANCE,10.3,0.59,18,40.9,36.7,13.0,23.7,CRITICAL,1,SYNTHETIC EMERGENCY V2X
EMG-EVT-000073,FIRE-06,FIRE_TRUCK,13.5,0.92,26,21.2,69.4,17.3,52.1,CRITICAL,1,SYNTHETIC EMERGENCY V2X
EMG-EVT-000074,POL-07,POLICE,9.5,0.24,18,57.6,31.5,12.2,19.3,CRITICAL,1,SYNTHETIC EMERGENCY V2X
EMG-EVT-000075,POL-05,POLICE,3.5,0.97,6,10.0,28.2,4.4,23.8,CRITICAL,1,SYNTHETIC EMERGENCY V2X
EMG-EVT-000076,FIRE-09,FIRE_TRUCK,7.7,0.81,14,24.7,35.5,9.8,25.7,CRITICAL,1,SYNTHETIC EMERGENCY V2X
EMG-EVT-000077,AMB-14,AMBULANCE,12.2,0.75,23,28.1,53.6,15.6,38.0,CRITICAL,1,SYNTHETIC EMERGENCY V2X
EMG-EVT-000078,AMB-02,AMBULANCE,13.9,0.54,25,36.8,52.7,17.7,35.0,CRITICAL,1,SYNTHETIC EMERGENCY V2X
EMG-EVT-000079,AMB-08,AMBULANCE,14.7,0.44,27,48.3,50.7,18.7,32.0,CRITICAL,1,SYNTHETIC EMERGENCY V2X
EMG-EVT-000080,AMB-09,AMBULANCE,11.5,0.83,21,17.3,65.1,14.6,50.5,CRITICAL,1,SYNTHETIC EMERGENCY V2X
EMG-EVT-000081,AMB-02,AMBULANCE,10.4,0.6,20,39.8,39.7,13.3,26.4,CRITICAL,1,SYNTHETIC EMERGENCY V2X
EMG-EVT-000082,FIRE-10,FIRE_TRUCK,15.9,0.31,29,48.7,54.4,20.2,34.2,CRITICAL,1,SYNTHETIC EMERGENCY V2X
EMG-EVT-000083,AMB-06,AMBULANCE,10.9,0.34,21,52.0,37.8,14.0,23.8,CRITICAL,1,SYNTHETIC EMERGENCY V2X
EMG-EVT-000084,AMB-08,AMBULANCE,9.4,0.66,18,36.7,37.0,12.1,24.9,CRITICAL,1,SYNTHETIC EMERGENCY V2X
EMG-EVT-000085,AMB-06,AMBULANCE,5.2,0.9,9,17.6,28.5,6.6,21.9,CRITICAL,1,SYNTHETIC EMERGENCY V2X
EMG-EVT-000086,AMB-12,AMBULANCE,10.9,0.26,19,56.6,34.4,13.8,20.6,CRITICAL,1,SYNTHETIC EMERGENCY V2X
EMG-EVT-000087,AMB-09,AMBULANCE,6.7,0.53,13,37.0,26.5,8.6,17.9,CRITICAL,1,SYNTHETIC EMERGENCY V2X
EMG-EVT-000088,AMB-02,AMBULANCE,5.9,0.77,10,23.8,26.9,7.4,19.5,CRITICAL,1,SYNTHETIC EMERGENCY V2X
EMG-EVT-000089,AMB-09,AMBULANCE,7.4,0.86,14,20.9,38.0,9.5,28.5,CRITICAL,1,SYNTHETIC EMERGENCY V2X
EMG-EVT-000090,FIRE-03,FIRE_TRUCK,6.6,0.41,11,50.1,21.1,8.3,12.8,CRITICAL,1,SYNTHETIC EMERGENCY V2X
EMG-EVT-000091,AMB-19,AMBULANCE,13.2,0.79,26,26.9,60.6,17.0,43.6,CRITICAL,1,SYNTHETIC EMERGENCY V2X
EMG-EVT-000092,AMB-06,AMBULANCE,12.1,0.67,24,36.0,49.0,15.6,33.4,CRITICAL,1,SYNTHETIC EMERGENCY V2X
EMG-EVT-000093,AMB-19,AMBULANCE,10.6,0.74,20,27.6,47.0,13.6,33.4,CRITICAL,1,SYNTHETIC EMERGENCY V2X
EMG-EVT-000094,AMB-09,AMBULANCE,12.1,0.94,24,17.0,71.5,15.6,55.9,CRITICAL,1,SYNTHETIC EMERGENCY V2X
EMG-EVT-000095,AMB-08,AMBULANCE,14.4,0.35,25,55.8,45.5,18.2,27.3,CRITICAL,1,SYNTHETIC EMERGENCY V2X
EMG-EVT-000096,AMB-04,AMBULANCE,9.1,0.37,16,51.9,29.7,11.5,18.2,CRITICAL,1,SYNTHETIC EMERGENCY V2X
EMG-EVT-000097,AMB-20,AMBULANCE,5.9,0.8,13,22.5,31.3,7.7,23.6,CRITICAL,1,SYNTHETIC EMERGENCY V2X
EMG-EVT-000098,FIRE-06,FIRE_TRUCK,6.0,0.69,13,33.3,26.4,7.8,18.6,CRITICAL,1,SYNTHETIC EMERGENCY V2X
EMG-EVT-000099,FIRE-07,FIRE_TRUCK,11.4,0.69,22,26.9,51.8,14.6,37.2,CRITICAL,1,SYNTHETIC EMERGENCY V2X
EMG-EVT-000100,AMB-16,AMBULANCE,13.0,0.95,25,13.9,86.1,16.7,69.4,CRITICAL,1,SYNTHETIC EMERGENCY V2X
EMG-EVT-000101,FIRE-09,FIRE_TRUCK,2.3,0.41,7,43.1,11.6,3.2,8.4,HIGH,1,SYNTHETIC EMERGENCY V2X
EMG-EVT-000102,FIRE-05,FIRE_TRUCK,8.2,0.32,16,54.8,28.2,10.5,17.7,CRITICAL,1,SYNTHETIC EMERGENCY V2X
EMG-EVT-000103,AMB-10,AMBULANCE,10.9,0.37,20,45.0,38.5,13.9,24.6,CRITICAL,1,SYNTHETIC EMERGENCY V2X
EMG-EVT-000104,AMB-06,AMBULANCE,11.8,0.44,21,47.4,40.1,15.0,25.1,CRITICAL,1,SYNTHETIC EMERGENCY V2X
EMG-EVT-000105,AMB-19,AMBULANCE,8.5,0.67,17,30.9,36.9,11.0,25.9,CRITICAL,1,SYNTHETIC EMERGENCY V2X
EMG-EVT-000106,FIRE-05,FIRE_TRUCK,10.3,0.84,18,21.1,50.9,13.0,37.9,CRITICAL,1,SYNTHETIC EMERGENCY V2X
EMG-EVT-000107,AMB-04,AMBULANCE,5.5,0.74,12,27.7,26.3,7.2,19.1,CRITICAL,1,SYNTHETIC EMERGENCY V2X
EMG-EVT-000108,FIRE-07,FIRE_TRUCK,3.8,0.71,7,25.4,17.4,4.8,12.6,CRITICAL,1,SYNTHETIC EMERGENCY V2X
EMG-EVT-000109,AMB-12,AMBULANCE,14.2,0.83,25,24.6,64.6,18.0,46.6,CRITICAL,1,SYNTHETIC EMERGENCY V2X
EMG-EVT-000110,POL-01,POLICE,13.8,0.36,26,52.9,46.9,17.7,29.2,CRITICAL,1,SYNTHETIC EMERGENCY V2X
EMG-EVT-000111,POL-06,POLICE,6.5,0.45,12,48.0,22.5,8.3,14.2,CRITICAL,1,SYNTHETIC EMERGENCY V2X
EMG-EVT-000112,AMB-01,AMBULANCE,14.7,0.67,28,27.1,66.1,18.8,47.3,CRITICAL,1,SYNTHETIC EMERGENCY V2X
EMG-EVT-000113,AMB-12,AMBULANCE,10.1,0.86,20,16.8,60.1,13.0,47.1,CRITICAL,1,SYNTHETIC EMERGENCY V2X
EMG-EVT-000114,AMB-02,AMBULANCE,15.7,0.42,28,42.1,56.0,19.9,36.1,CRITICAL,1,SYNTHETIC EMERGENCY V2X
EMG-EVT-000115,AMB-09,AMBULANCE,13.6,0.96,26,13.9,89.9,17.4,72.5,CRITICAL,1,SYNTHETIC EMERGENCY V2X
EMG-EVT-000116,AMB-14,AMBULANCE,7.2,0.49,15,38.5,29.2,9.4,19.8,CRITICAL,1,SYNTHETIC EMERGENCY V2X
EMG-EVT-000117,AMB-06,AMBULANCE,2.5,0.38,7,52.0,11.3,3.4,7.9,CRITICAL,1,SYNTHETIC EMERGENCY V2X
EMG-EVT-000118,AMB-06,AMBULANCE,8.2,0.21,15,64.3,25.7,10.4,15.3,CRITICAL,1,SYNTHETIC EMERGENCY V2X
EMG-EVT-000119,AMB-09,AMBULANCE,4.0,0.2,10,64.8,15.7,5.4,10.3,CRITICAL,1,SYNTHETIC EMERGENCY V2X
EMG-EVT-000120,FIRE-09,FIRE_TRUCK,7.0,0.49,14,45.0,26.1,9.0,17.1,CRITICAL,1,SYNTHETIC EMERGENCY V2X
EMG-EVT-000121,POL-08,POLICE,1.8,0.96,3,15.0,10.8,2.3,8.5,HIGH,1,SYNTHETIC EMERGENCY V2X
EMG-EVT-000122,POL-08,POLICE,6.4,0.97,11,12.7,43.4,8.1,35.3,CRITICAL,1,SYNTHETIC EMERGENCY V2X
EMG-EVT-000123,AMB-03,AMBULANCE,3.7,0.88,8,23.0,19.3,4.8,14.5,CRITICAL,1,SYNTHETIC EMERGENCY V2X
EMG-EVT-000124,POL-02,POLICE,14.0,0.65,25,32.9,55.5,17.8,37.7,CRITICAL,1,SYNTHETIC EMERGENCY V2X
EMG-EVT-000125,AMB-05,AMBULANCE,4.0,0.2,7,60.6,12.4,5.1,7.3,CRITICAL,1,SYNTHETIC EMERGENCY V2X
EMG-EVT-000126,FIRE-09,FIRE_TRUCK,9.3,0.23,16,62.9,28.1,11.7,16.4,CRITICAL,1,SYNTHETIC EMERGENCY V2X
EMG-EVT-000127,AMB-01,AMBULANCE,7.2,0.76,15,28.0,33.4,9.4,24.0,CRITICAL,1,SYNTHETIC EMERGENCY V2X
EMG-EVT-000128,POL-07,POLICE,10.0,0.62,18,31.0,41.0,12.7,28.3,CRITICAL,1,SYNTHETIC EMERGENCY V2X
EMG-EVT-000129,AMB-05,AMBULANCE,8.2,0.21,14,62.3,24.7,10.3,14.4,CRITICAL,1,SYNTHETIC EMERGENCY V2X
EMG-EVT-000130,FIRE-10,FIRE_TRUCK,9.8,0.7,20,28.1,44.9,12.7,32.2,CRITICAL,1,SYNTHETIC EMERGENCY V2X
EMG-EVT-000131,FIRE-03,FIRE_TRUCK,3.2,0.53,5,38.5,11.0,4.0,7.0,HIGH,1,SYNTHETIC EMERGENCY V2X
EMG-EVT-000132,FIRE-04,FIRE_TRUCK,10.7,0.45,21,40.7,41.0,13.8,27.2,CRITICAL,1,SYNTHETIC EMERGENCY V2X
EMG-EVT-000133,AMB-16,AMBULANCE,2.0,0.88,4,22.2,10.2,2.6,7.6,CRITICAL,1,SYNTHETIC EMERGENCY V2X
EMG-EVT-000134,FIRE-09,FIRE_TRUCK,7.3,0.32,14,57.3,24.4,9.4,15.0,CRITICAL,1,SYNTHETIC EMERGENCY V2X
EMG-EVT-000135,AMB-02,AMBULANCE,6.6,0.54,14,44.6,25.7,8.6,17.1,CRITICAL,1,SYNTHETIC EMERGENCY V2X
EMG-EVT-000136,AMB-15,AMBULANCE,6.7,0.36,15,47.9,26.4,8.8,17.6,CRITICAL,1,SYNTHETIC EMERGENCY V2X
EMG-EVT-000137,FIRE-10,FIRE_TRUCK,11.2,0.31,21,51.9,38.1,14.3,23.8,CRITICAL,1,SYNTHETIC EMERGENCY V2X
EMG-EVT-000138,AMB-07,AMBULANCE,14.6,0.75,27,22.6,71.2,18.6,52.6,CRITICAL,1,SYNTHETIC EMERGENCY V2X
EMG-EVT-000139,FIRE-10,FIRE_TRUCK,8.3,0.49,15,44.6,29.2,10.6,18.6,CRITICAL,1,SYNTHETIC EMERGENCY V2X
EMG-EVT-000140,AMB-09,AMBULANCE,13.3,0.5,25,39.5,50.2,17.0,33.2,CRITICAL,1,SYNTHETIC EMERGENCY V2X
EMG-EVT-000141,AMB-16,AMBULANCE,13.5,0.61,25,35.5,52.8,17.2,35.6,CRITICAL,1,SYNTHETIC EMERGENCY V2X
EMG-EVT-000142,AMB-19,AMBULANCE,7.7,0.5,14,46.2,26.8,9.8,17.0,CRITICAL,1,SYNTHETIC EMERGENCY V2X
EMG-EVT-000143,AMB-14,AMBULANCE,4.2,0.92,9,12.4,31.1,5.5,25.6,CRITICAL,1,SYNTHETIC EMERGENCY V2X
EMG-EVT-000144,FIRE-01,FIRE_TRUCK,12.5,0.22,25,56.5,43.3,16.1,27.2,CRITICAL,1,SYNTHETIC EMERGENCY V2X
EMG-EVT-000145,AMB-09,AMBULANCE,4.8,0.98,9,12.5,33.8,6.1,27.7,CRITICAL,1,SYNTHETIC EMERGENCY V2X
EMG-EVT-000146,FIRE-07,FIRE_TRUCK,12.4,0.98,22,17.9,68.0,15.7,52.3,CRITICAL,1,SYNTHETIC EMERGENCY V2X
EMG-EVT-000147,AMB-19,AMBULANCE,6.1,0.35,11,53.0,20.1,7.8,12.3,CRITICAL,1,SYNTHETIC EMERGENCY V2X
EMG-EVT-000148,AMB-16,AMBULANCE,6.8,0.79,14,29.3,30.7,8.8,21.9,CRITICAL,1,SYNTHETIC EMERGENCY V2X
EMG-EVT-000149,POL-02,POLICE,11.0,0.73,20,28.5,47.2,14.0,33.2,CRITICAL,1,SYNTHETIC EMERGENCY V2X
EMG-EVT-000150,FIRE-07,FIRE_TRUCK,14.7,0.72,28,25.2,68.6,18.8,49.8,CRITICAL,1,SYNTHETIC EMERGENCY V2X
EMG-EVT-000151,FIRE-09,FIRE_TRUCK,10.6,0.87,21,15.4,66.5,13.7,52.8,CRITICAL,1,SYNTHETIC EMERGENCY V2X
EMG-EVT-000152,AMB-09,AMBULANCE,14.6,0.32,28,54.4,49.7,18.7,31.0,CRITICAL,1,SYNTHETIC EMERGENCY V2X
EMG-EVT-000153,POL-06,POLICE,4.6,0.26,10,54.1,17.1,6.0,11.1,CRITICAL,1,SYNTHETIC EMERGENCY V2X
EMG-EVT-000154,FIRE-05,FIRE_TRUCK,12.0,0.87,22,15.6,72.6,15.3,57.3,CRITICAL,1,SYNTHETIC EMERGENCY V2X
EMG-EVT-000155,AMB-20,AMBULANCE,1.9,0.96,6,18.7,13.3,2.7,10.6,CRITICAL,1,SYNTHETIC EMERGENCY V2X
EMG-EVT-000156,AMB-08,AMBULANCE,15.4,0.24,29,55.7,51.4,19.7,31.7,CRITICAL,1,SYNTHETIC EMERGENCY V2X
EMG-EVT-000157,FIRE-05,FIRE_TRUCK,7.1,0.7,15,27.9,33.3,9.2,24.1,CRITICAL,1,SYNTHETIC EMERGENCY V2X
EMG-EVT-000158,AMB-05,AMBULANCE,15.3,0.97,27,13.1,102.5,19.4,83.1,CRITICAL,1,SYNTHETIC EMERGENCY V2X
EMG-EVT-000159,AMB-15,AMBULANCE,15.3,0.71,28,27.0,67.6,19.5,48.1,CRITICAL,1,SYNTHETIC EMERGENCY V2X
EMG-EVT-000160,AMB-05,AMBULANCE,5.6,0.42,10,49.0,18.9,7.1,11.8,CRITICAL,1,SYNTHETIC EMERGENCY V2X
EMG-EVT-000161,AMB-20,AMBULANCE,10.6,0.75,19,31.6,42.9,13.5,29.4,CRITICAL,1,SYNTHETIC EMERGENCY V2X
EMG-EVT-000162,FIRE-04,FIRE_TRUCK,6.2,0.84,12,24.3,29.7,8.0,21.7,CRITICAL,1,SYNTHETIC EMERGENCY V2X
EMG-EVT-000163,AMB-15,AMBULANCE,14.1,0.66,28,33.2,59.1,18.2,40.9,CRITICAL,1,SYNTHETIC EMERGENCY V2X
EMG-EVT-000164,FIRE-01,FIRE_TRUCK,2.8,0.67,5,29.6,11.7,3.6,8.1,HIGH,1,SYNTHETIC EMERGENCY V2X
EMG-EVT-000165,AMB-13,AMBULANCE,12.7,0.41,23,47.5,43.6,16.2,27.4,CRITICAL,1,SYNTHETIC EMERGENCY V2X
EMG-EVT-000166,AMB-15,AMBULANCE,4.0,0.24,10,58.1,16.1,5.4,10.7,CRITICAL,1,SYNTHETIC EMERGENCY V2X
EMG-EVT-000167,AMB-14,AMBULANCE,8.9,0.79,16,21.9,43.6,11.3,32.3,CRITICAL,1,SYNTHETIC EMERGENCY V2X
EMG-EVT-000168,AMB-07,AMBULANCE,7.9,0.75,16,24.4,38.6,10.2,28.4,CRITICAL,1,SYNTHETIC EMERGENCY V2X
EMG-EVT-000169,AMB-02,AMBULANCE,5.0,0.26,12,55.4,19.8,6.7,13.1,CRITICAL,1,SYNTHETIC EMERGENCY V2X
EMG-EVT-000170,POL-07,POLICE,9.8,0.83,20,22.1,50.6,12.7,37.9,CRITICAL,1,SYNTHETIC EMERGENCY V2X
EMG-EVT-000171,AMB-19,AMBULANCE,2.6,0.55,6,43.6,10.8,3.4,7.4,CRITICAL,1,SYNTHETIC EMERGENCY V2X
EMG-EVT-000172,AMB-10,AMBULANCE,9.9,0.22,17,60.1,30.3,12.5,17.8,CRITICAL,1,SYNTHETIC EMERGENCY V2X
EMG-EVT-000173,FIRE-06,FIRE_TRUCK,5.0,0.41,11,44.6,19.9,6.6,13.3,CRITICAL,1,SYNTHETIC EMERGENCY V2X
EMG-EVT-000174,FIRE-03,FIRE_TRUCK,7.1,0.33,13,56.3,23.2,9.0,14.2,CRITICAL,1,SYNTHETIC EMERGENCY V2X
EMG-EVT-000175,AMB-01,AMBULANCE,5.4,0.39,10,44.4,19.3,6.9,12.4,CRITICAL,1,SYNTHETIC EMERGENCY V2X
EMG-EVT-000176,AMB-09,AMBULANCE,10.0,0.72,18,29.1,42.2,12.7,29.5,CRITICAL,1,SYNTHETIC EMERGENCY V2X
EMG-EVT-000177,AMB-14,AMBULANCE,11.9,0.98,21,10.5,93.2,15.1,78.1,CRITICAL,1,SYNTHETIC EMERGENCY V2X
EMG-EVT-000178,AMB-10,AMBULANCE,14.8,0.21,26,55.0,47.3,18.7,28.6,CRITICAL,1,SYNTHETIC EMERGENCY V2X
EMG-EVT-000179,AMB-20,AMBULANCE,11.0,0.24,19,61.9,33.5,13.9,19.6,CRITICAL,1,SYNTHETIC EMERGENCY V2X
EMG-EVT-000180,FIRE-10,FIRE_TRUCK,9.6,0.45,20,43.7,37.2,12.5,24.7,CRITICAL,1,SYNTHETIC EMERGENCY V2X
EMG-EVT-000181,AMB-09,AMBULANCE,12.3,0.62,23,33.1,49.9,15.7,34.2,CRITICAL,1,SYNTHETIC EMERGENCY V2X
EMG-EVT-000182,AMB-12,AMBULANCE,2.0,0.28,4,51.7,7.1,2.6,4.5,CRITICAL,1,SYNTHETIC EMERGENCY V2X
EMG-EVT-000183,POL-10,POLICE,14.5,0.92,26,12.4,101.4,18.4,83.0,CRITICAL,1,SYNTHETIC EMERGENCY V2X
EMG-EVT-000184,FIRE-08,FIRE_TRUCK,5.4,0.77,11,30.7,23.8,7.0,16.8,CRITICAL,1,SYNTHETIC EMERGENCY V2X
EMG-EVT-000185,AMB-07,AMBULANCE,13.6,0.67,27,34.9,55.8,17.5,38.3,CRITICAL,1,SYNTHETIC EMERGENCY V2X
EMG-EVT-000186,AMB-08,AMBULANCE,15.8,0.26,29,55.9,51.8,20.1,31.7,CRITICAL,1,SYNTHETIC EMERGENCY V2X
EMG-EVT-000187,FIRE-07,FIRE_TRUCK,9.2,0.84,17,18.8,49.8,11.7,38.1,CRITICAL,1,SYNTHETIC EMERGENCY V2X
EMG-EVT-000188,FIRE-05,FIRE_TRUCK,11.9,0.38,23,49.2,42.1,15.3,26.8,CRITICAL,1,SYNTHETIC EMERGENCY V2X
EMG-EVT-000189,FIRE-09,FIRE_TRUCK,1.7,0.52,4,45.3,7.1,2.3,4.8,HIGH,1,SYNTHETIC EMERGENCY V2X
EMG-EVT-000190,AMB-13,AMBULANCE,3.4,0.59,9,38.5,16.1,4.6,11.5,CRITICAL,1,SYNTHETIC EMERGENCY V2X
EMG-EVT-000191,AMB-12,AMBULANCE,14.0,0.72,25,27.1,61.0,17.8,43.2,CRITICAL,1,SYNTHETIC EMERGENCY V2X
EMG-EVT-000192,AMB-18,AMBULANCE,4.8,0.96,9,15.4,29.5,6.1,23.4,CRITICAL,1,SYNTHETIC EMERGENCY V2X
EMG-EVT-000193,AMB-01,AMBULANCE,8.5,0.46,15,46.8,28.9,10.8,18.1,CRITICAL,1,SYNTHETIC EMERGENCY V2X
EMG-EVT-000194,AMB-11,AMBULANCE,8.8,0.47,16,45.5,30.8,11.2,19.6,CRITICAL,1,SYNTHETIC EMERGENCY V2X
EMG-EVT-000195,AMB-05,AMBULANCE,14.1,0.9,27,15.8,85.9,18.1,67.8,CRITICAL,1,SYNTHETIC EMERGENCY V2X
EMG-EVT-000196,AMB-06,AMBULANCE,7.8,0.28,14,55.3,25.3,9.9,15.4,CRITICAL,1,SYNTHETIC EMERGENCY V2X
EMG-EVT-000197,AMB-09,AMBULANCE,9.1,0.22,18,57.7,31.1,11.7,19.4,CRITICAL,1,SYNTHETIC EMERGENCY V2X
EMG-EVT-000198,POL-04,POLICE,8.4,0.46,18,45.1,32.8,11.0,21.8,CRITICAL,1,SYNTHETIC EMERGENCY V2X
EMG-EVT-000199,AMB-03,AMBULANCE,9.7,0.75,18,26.0,44.0,12.4,31.6,CRITICAL,1,SYNTHETIC EMERGENCY V2X
EMG-EVT-000200,AMB-03,AMBULANCE,3.0,0.67,8,29.8,15.6,4.1,11.5,CRITICAL,1,SYNTHETIC EMERGENCY V2X
EMG-EVT-000201,FIRE-05,FIRE_TRUCK,12.8,0.55,26,37.9,51.5,16.6,34.9,CRITICAL,1,SYNTHETIC EMERGENCY V2X
EMG-EVT-000202,POL-01,POLICE,6.2,0.9,11,18.0,33.9,7.9,26.0,CRITICAL,1,SYNTHETIC EMERGENCY V2X
EMG-EVT-000203,POL-06,POLICE,13.5,0.79,25,22.6,65.8,17.2,48.6,CRITICAL,1,SYNTHETIC EMERGENCY V2X
EMG-EVT-000204,POL-02,POLICE,5.5,0.41,11,52.1,19.5,7.1,12.4,CRITICAL,1,SYNTHETIC EMERGENCY V2X
EMG-EVT-000205,FIRE-03,FIRE_TRUCK,15.5,0.82,27,26.8,67.1,19.6,47.5,CRITICAL,1,SYNTHETIC EMERGENCY V2X
EMG-EVT-000206,AMB-02,AMBULANCE,14.7,0.67,27,32.0,60.0,18.7,41.3,CRITICAL,1,SYNTHETIC EMERGENCY V2X
EMG-EVT-000207,AMB-09,AMBULANCE,2.4,0.36,5,51.7,8.8,3.1,5.7,CRITICAL,1,SYNTHETIC EMERGENCY V2X
EMG-EVT-000208,AMB-04,AMBULANCE,14.7,0.83,28,24.1,70.2,18.8,51.4,CRITICAL,1,SYNTHETIC EMERGENCY V2X
EMG-EVT-000209,AMB-19,AMBULANCE,8.0,0.42,16,46.4,29.5,10.3,19.2,CRITICAL,1,SYNTHETIC EMERGENCY V2X
EMG-EVT-000210,AMB-10,AMBULANCE,6.1,0.51,13,38.0,25.2,8.0,17.2,CRITICAL,1,SYNTHETIC EMERGENCY V2X
EMG-EVT-000211,AMB-02,AMBULANCE,13.4,0.91,27,18.7,75.4,17.3,58.1,CRITICAL,1,SYNTHETIC EMERGENCY V2X
EMG-EVT-000212,AMB-07,AMBULANCE,15.8,0.97,31,16.9,93.3,20.3,73.0,CRITICAL,1,SYNTHETIC EMERGENCY V2X
EMG-EVT-000213,AMB-10,AMBULANCE,5.5,0.24,12,59.9,19.9,7.2,12.7,CRITICAL,1,SYNTHETIC EMERGENCY V2X
EMG-EVT-000214,AMB-19,AMBULANCE,9.2,0.49,18,38.2,36.1,11.8,24.3,CRITICAL,1,SYNTHETIC EMERGENCY V2X
EMG-EVT-000215,AMB-14,AMBULANCE,4.5,0.63,10,35.9,19.5,5.9,13.6,CRITICAL,1,SYNTHETIC EMERGENCY V2X
EMG-EVT-000216,AMB-16,AMBULANCE,9.2,0.96,16,13.6,59.8,11.6,48.2,CRITICAL,1,SYNTHETIC EMERGENCY V2X
EMG-EVT-000217,AMB-18,AMBULANCE,15.8,0.49,31,42.7,59.4,20.3,39.1,CRITICAL,1,SYNTHETIC EMERGENCY V2X
EMG-EVT-000218,AMB-20,AMBULANCE,8.4,0.7,18,27.7,39.8,11.0,28.8,CRITICAL,1,SYNTHETIC EMERGENCY V2X
EMG-EVT-000219,POL-08,POLICE,3.1,0.6,7,39.3,13.1,4.1,9.0,CRITICAL,1,SYNTHETIC EMERGENCY V2X
EMG-EVT-000220,AMB-20,AMBULANCE,8.6,0.36,18,54.7,31.0,11.2,19.8,CRITICAL,1,SYNTHETIC EMERGENCY V2X
EMG-EVT-000221,AMB-16,AMBULANCE,10.9,0.34,20,56.3,35.6,13.9,21.7,CRITICAL,1,SYNTHETIC EMERGENCY V2X
EMG-EVT-000222,FIRE-05,FIRE_TRUCK,12.0,0.2,23,63.2,39.0,15.4,23.6,CRITICAL,1,SYNTHETIC EMERGENCY V2X
EMG-EVT-000223,AMB-05,AMBULANCE,5.4,0.22,12,63.1,19.5,7.1,12.4,CRITICAL,1,SYNTHETIC EMERGENCY V2X
EMG-EVT-000224,AMB-04,AMBULANCE,2.0,0.75,4,26.8,9.3,2.6,6.7,CRITICAL,1,SYNTHETIC EMERGENCY V2X
EMG-EVT-000225,FIRE-06,FIRE_TRUCK,9.2,0.24,19,61.1,31.8,11.9,19.9,CRITICAL,1,SYNTHETIC EMERGENCY V2X
EMG-EVT-000226,AMB-16,AMBULANCE,3.0,0.98,8,12.5,24.0,4.1,19.9,CRITICAL,1,SYNTHETIC EMERGENCY V2X
EMG-EVT-000227,AMB-06,AMBULANCE,11.8,0.79,21,27.0,51.4,15.0,36.4,CRITICAL,1,SYNTHETIC EMERGENCY V2X
EMG-EVT-000228,AMB-03,AMBULANCE,13.5,0.57,27,33.4,56.7,17.4,39.3,CRITICAL,1,SYNTHETIC EMERGENCY V2X
EMG-EVT-000229,FIRE-09,FIRE_TRUCK,10.0,0.43,18,47.2,34.3,12.7,21.6,CRITICAL,1,SYNTHETIC EMERGENCY V2X
EMG-EVT-000230,POL-06,POLICE,4.3,0.5,8,37.8,16.4,5.5,10.9,CRITICAL,1,SYNTHETIC EMERGENCY V2X
EMG-EVT-000231,AMB-08,AMBULANCE,12.2,0.85,21,22.5,57.7,15.4,42.3,CRITICAL,1,SYNTHETIC EMERGENCY V2X
EMG-EVT-000232,AMB-17,AMBULANCE,10.2,0.57,21,40.0,40.5,13.2,27.3,CRITICAL,1,SYNTHETIC EMERGENCY V2X
EMG-EVT-000233,AMB-14,AMBULANCE,14.4,0.77,27,23.0,70.0,18.4,51.6,CRITICAL,1,SYNTHETIC EMERGENCY V2X
EMG-EVT-000234,AMB-04,AMBULANCE,5.1,0.24,12,53.4,20.1,6.8,13.3,CRITICAL,1,SYNTHETIC EMERGENCY V2X
EMG-EVT-000235,POL-03,POLICE,13.1,0.5,24,39.9,48.5,16.7,31.8,CRITICAL,1,SYNTHETIC EMERGENCY V2X
EMG-EVT-000236,AMB-14,AMBULANCE,14.2,0.73,25,32.8,56.0,18.0,38.0,CRITICAL,1,SYNTHETIC EMERGENCY V2X
EMG-EVT-000237,AMB-10,AMBULANCE,7.0,0.54,13,38.8,26.4,8.9,17.5,CRITICAL,1,SYNTHETIC EMERGENCY V2X
EMG-EVT-000238,FIRE-06,FIRE_TRUCK,5.8,0.6,11,34.1,23.4,7.4,16.0,CRITICAL,1,SYNTHETIC EMERGENCY V2X
EMG-EVT-000239,AMB-07,AMBULANCE,11.0,0.29,20,50.5,37.1,14.0,23.1,CRITICAL,1,SYNTHETIC EMERGENCY V2X
EMG-EVT-000240,AMB-12,AMBULANCE,13.5,0.95,26,14.1,88.6,17.3,71.3,CRITICAL,1,SYNTHETIC EMERGENCY V2X
EMG-EVT-000241,AMB-01,AMBULANCE,12.2,0.67,23,33.4,49.5,15.6,33.9,CRITICAL,1,SYNTHETIC EMERGENCY V2X
EMG-EVT-000242,AMB-17,AMBULANCE,8.4,0.21,16,64.1,27.1,10.8,16.3,CRITICAL,1,SYNTHETIC EMERGENCY V2X
EMG-EVT-000243,AMB-18,AMBULANCE,6.3,0.4,14,50.0,24.4,8.3,16.1,CRITICAL,1,SYNTHETIC EMERGENCY V2X
EMG-EVT-000244,AMB-09,AMBULANCE,15.1,0.41,30,48.1,54.8,19.5,35.3,CRITICAL,1,SYNTHETIC EMERGENCY V2X
EMG-EVT-000245,AMB-03,AMBULANCE,15.5,0.98,28,11.0,118.1,19.7,98.4,CRITICAL,1,SYNTHETIC EMERGENCY V2X
EMG-EVT-000246,POL-06,POLICE,3.2,0.47,6,39.2,12.1,4.1,8.0,CRITICAL,1,SYNTHETIC EMERGENCY V2X
EMG-EVT-000247,AMB-06,AMBULANCE,15.6,0.38,31,49.7,56.0,20.1,35.9,CRITICAL,1,SYNTHETIC EMERGENCY V2X
EMG-EVT-000248,AMB-14,AMBULANCE,2.4,0.68,7,30.7,13.1,3.3,9.8,CRITICAL,1,SYNTHETIC EMERGENCY V2X
EMG-EVT-000249,FIRE-01,FIRE_TRUCK,3.1,0.86,7,25.1,15.8,4.1,11.7,CRITICAL,1,SYNTHETIC EMERGENCY V2X
EMG-EVT-000250,AMB-20,AMBULANCE,10.0,0.47,19,42.4,37.0,12.8,24.2,CRITICAL,1,SYNTHETIC EMERGENCY V2X
EMG-EVT-000251,AMB-03,AMBULANCE,5.6,0.25,11,60.4,18.8,7.2,11.6,CRITICAL,1,SYNTHETIC EMERGENCY V2X
EMG-EVT-000252,AMB-17,AMBULANCE,14.3,0.32,25,48.4,47.7,18.1,29.6,CRITICAL,1,SYNTHETIC EMERGENCY V2X
EMG-EVT-000253,AMB-09,AMBULANCE,10.5,0.45,20,48.9,36.9,13.5,23.4,CRITICAL,1,SYNTHETIC EMERGENCY V2X
EMG-EVT-000254,AMB-04,AMBULANCE,3.1,0.41,6,46.3,11.2,4.0,7.2,CRITICAL,1,SYNTHETIC EMERGENCY V2X
EMG-EVT-000255,AMB-12,AMBULANCE,6.7,0.54,15,34.7,29.6,8.8,20.8,CRITICAL,1,SYNTHETIC EMERGENCY V2X
EMG-EVT-000256,AMB-18,AMBULANCE,14.2,0.52,25,39.5,51.6,18.0,33.6,CRITICAL,1,SYNTHETIC EMERGENCY V2X
EMG-EVT-000257,FIRE-07,FIRE_TRUCK,2.0,0.78,3,29.5,7.7,2.5,5.2,HIGH,1,SYNTHETIC EMERGENCY V2X
EMG-EVT-000258,AMB-04,AMBULANCE,2.3,0.58,6,41.9,10.5,3.1,7.4,CRITICAL,1,SYNTHETIC EMERGENCY V2X
EMG-EVT-000259,AMB-01,AMBULANCE,3.4,0.83,6,23.4,15.9,4.3,11.6,CRITICAL,1,SYNTHETIC EMERGENCY V2X
EMG-EVT-000260,AMB-20,AMBULANCE,15.6,0.42,30,49.8,54.8,20.0,34.8,CRITICAL,1,SYNTHETIC EMERGENCY V2X
EMG-EVT-000261,AMB-20,AMBULANCE,3.0,0.47,5,40.7,10.4,3.8,6.6,CRITICAL,1,SYNTHETIC EMERGENCY V2X
EMG-EVT-000262,AMB-11,AMBULANCE,5.8,0.21,12,55.5,20.7,7.5,13.2,CRITICAL,1,SYNTHETIC EMERGENCY V2X
EMG-EVT-000263,AMB-03,AMBULANCE,8.6,0.61,15,39.7,31.0,10.9,20.1,CRITICAL,1,SYNTHETIC EMERGENCY V2X
EMG-EVT-000264,AMB-18,AMBULANCE,8.4,0.85,15,18.5,45.2,10.7,34.5,CRITICAL,1,SYNTHETIC EMERGENCY V2X
EMG-EVT-000265,POL-02,POLICE,6.9,0.56,13,39.9,26.0,8.8,17.2,CRITICAL,1,SYNTHETIC EMERGENCY V2X
EMG-EVT-000266,AMB-17,AMBULANCE,6.2,0.5,12,46.7,22.4,8.0,14.4,CRITICAL,1,SYNTHETIC EMERGENCY V2X
EMG-EVT-000267,FIRE-07,FIRE_TRUCK,15.6,0.35,31,53.8,54.6,20.1,34.5,CRITICAL,1,SYNTHETIC EMERGENCY V2X
EMG-EVT-000268,AMB-16,AMBULANCE,9.5,0.79,18,28.3,41.7,12.2,29.5,CRITICAL,1,SYNTHETIC EMERGENCY V2X
EMG-EVT-000269,AMB-05,AMBULANCE,13.9,0.69,28,30.6,60.9,18.0,42.9,CRITICAL,1,SYNTHETIC EMERGENCY V2X
EMG-EVT-000270,AMB-13,AMBULANCE,15.2,0.8,27,19.5,79.2,19.3,59.9,CRITICAL,1,SYNTHETIC EMERGENCY V2X
EMG-EVT-000271,AMB-04,AMBULANCE,13.2,0.62,25,33.2,53.9,16.9,37.0,CRITICAL,1,SYNTHETIC EMERGENCY V2X
EMG-EVT-000272,FIRE-09,FIRE_TRUCK,10.5,0.22,19,60.7,33.2,13.4,19.8,CRITICAL,1,SYNTHETIC EMERGENCY V2X
EMG-EVT-000273,AMB-07,AMBULANCE,13.5,0.26,25,54.5,44.9,17.2,27.7,CRITICAL,1,SYNTHETIC EMERGENCY V2X
EMG-EVT-000274,AMB-20,AMBULANCE,11.2,0.76,22,29.1,49.5,14.4,35.1,CRITICAL,1,SYNTHETIC EMERGENCY V2X
EMG-EVT-000275,AMB-20,AMBULANCE,13.5,0.66,27,29.0,60.3,17.4,42.9,CRITICAL,1,SYNTHETIC EMERGENCY V2X
EMG-EVT-000276,FIRE-10,FIRE_TRUCK,4.2,0.64,10,35.3,19.1,5.6,13.5,CRITICAL,1,SYNTHETIC EMERGENCY V2X
EMG-EVT-000277,AMB-13,AMBULANCE,8.1,0.35,14,52.6,26.0,10.2,15.8,CRITICAL,1,SYNTHETIC EMERGENCY V2X
EMG-EVT-000278,AMB-19,AMBULANCE,4.9,0.23,9,58.7,15.8,6.2,9.6,CRITICAL,1,SYNTHETIC EMERGENCY V2X
EMG-EVT-000279,AMB-11,AMBULANCE,6.8,0.35,12,49.0,22.7,8.6,14.1,CRITICAL,1,SYNTHETIC EMERGENCY V2X
EMG-EVT-000280,AMB-10,AMBULANCE,10.6,0.33,20,54.5,35.7,13.6,22.1,CRITICAL,1,SYNTHETIC EMERGENCY V2X
EMG-EVT-000281,AMB-15,AMBULANCE,11.0,0.53,20,41.0,40.1,14.0,26.1,CRITICAL,1,SYNTHETIC EMERGENCY V2X
EMG-EVT-000282,FIRE-07,FIRE_TRUCK,1.7,0.59,4,35.3,7.7,2.3,5.4,HIGH,1,SYNTHETIC EMERGENCY V2X
EMG-EVT-000283,FIRE-01,FIRE_TRUCK,10.3,0.47,21,43.5,39.4,13.3,26.1,CRITICAL,1,SYNTHETIC EMERGENCY V2X
EMG-EVT-000284,AMB-09,AMBULANCE,9.0,0.6,19,35.6,38.0,11.7,26.3,CRITICAL,1,SYNTHETIC EMERGENCY V2X
EMG-EVT-000285,AMB-16,AMBULANCE,4.1,0.62,8,30.4,17.7,5.3,12.4,CRITICAL,1,SYNTHETIC EMERGENCY V2X
EMG-EVT-000286,AMB-17,AMBULANCE,4.1,0.45,7,43.7,14.0,5.2,8.8,CRITICAL,1,SYNTHETIC EMERGENCY V2X
EMG-EVT-000287,AMB-11,AMBULANCE,12.7,0.93,23,12.2,90.1,16.2,73.9,CRITICAL,1,SYNTHETIC EMERGENCY V2X
EMG-EVT-000288,AMB-10,AMBULANCE,12.7,0.2,24,58.0,41.9,16.3,25.6,CRITICAL,1,SYNTHETIC EMERGENCY V2X
EMG-EVT-000289,AMB-02,AMBULANCE,6.6,0.47,14,46.3,25.4,8.6,16.8,CRITICAL,1,SYNTHETIC EMERGENCY V2X
EMG-EVT-000290,AMB-16,AMBULANCE,6.3,0.21,12,54.9,21.3,8.1,13.2,CRITICAL,1,SYNTHETIC EMERGENCY V2X
EMG-EVT-000291,POL-06,POLICE,14.8,0.47,27,46.6,51.5,18.8,32.7,CRITICAL,1,SYNTHETIC EMERGENCY V2X
EMG-EVT-000292,AMB-03,AMBULANCE,5.3,0.4,12,47.5,21.1,7.0,14.1,CRITICAL,1,SYNTHETIC EMERGENCY V2X
EMG-EVT-000293,FIRE-01,FIRE_TRUCK,11.7,0.67,24,30.9,51.5,15.2,36.3,CRITICAL,1,SYNTHETIC EMERGENCY V2X
EMG-EVT-000294,FIRE-08,FIRE_TRUCK,13.2,0.69,26,27.7,59.8,17.0,42.8,CRITICAL,1,SYNTHETIC EMERGENCY V2X
EMG-EVT-000295,FIRE-10,FIRE_TRUCK,7.0,0.36,13,52.5,23.6,8.9,14.7,CRITICAL,1,SYNTHETIC EMERGENCY V2X
EMG-EVT-000296,AMB-04,AMBULANCE,2.7,0.44,6,48.9,10.5,3.5,7.0,CRITICAL,1,SYNTHETIC EMERGENCY V2X
EMG-EVT-000297,FIRE-08,FIRE_TRUCK,14.9,0.39,28,52.6,50.6,19.1,31.5,CRITICAL,1,SYNTHETIC EMERGENCY V2X
EMG-EVT-000298,FIRE-07,FIRE_TRUCK,8.1,0.67,14,36.3,30.2,10.2,20.0,CRITICAL,1,SYNTHETIC EMERGENCY V2X
EMG-EVT-000299,FIRE-01,FIRE_TRUCK,2.9,0.7,5,32.1,11.4,3.7,7.7,HIGH,1,SYNTHETIC EMERGENCY V2X
EMG-EVT-000300,AMB-13,AMBULANCE,7.7,0.28,16,54.3,27.7,10.0,17.7,CRITICAL,1,SYNTHETIC EMERGENCY V2X
EMG-EVT-000301,AMB-20,AMBULANCE,11.7,0.94,22,15.9,70.6,15.0,55.6,CRITICAL,1,SYNTHETIC EMERGENCY V2X
EMG-EVT-000302,AMB-05,AMBULANCE,4.0,0.56,9,36.9,17.3,5.3,12.0,CRITICAL,1,SYNTHETIC EMERGENCY V2X
EMG-EVT-000303,AMB-16,AMBULANCE,1.8,0.68,4,26.2,8.9,2.4,6.5,CRITICAL,1,SYNTHETIC EMERGENCY V2X
EMG-EVT-000304,AMB-04,AMBULANCE,12.2,0.64,23,30.6,51.5,15.6,35.9,CRITICAL,1,SYNTHETIC EMERGENCY V2X
EMG-EVT-000305,AMB-05,AMBULANCE,15.7,0.91,30,13.1,107.9,20.1,87.8,CRITICAL,1,SYNTHETIC EMERGENCY V2X
EMG-EVT-000306,AMB-06,AMBULANCE,1.8,0.62,6,36.6,10.2,2.6,7.6,CRITICAL,1,SYNTHETIC EMERGENCY V2X
EMG-EVT-000307,AMB-11,AMBULANCE,12.5,0.76,24,24.0,60.0,16.0,44.0,CRITICAL,1,SYNTHETIC EMERGENCY V2X
EMG-EVT-000308,FIRE-05,FIRE_TRUCK,1.9,0.44,6,49.9,9.5,2.7,6.8,HIGH,1,SYNTHETIC EMERGENCY V2X
EMG-EVT-000309,FIRE-04,FIRE_TRUCK,7.8,0.93,16,21.0,41.5,10.1,31.4,CRITICAL,1,SYNTHETIC EMERGENCY V2X
EMG-EVT-000310,AMB-07,AMBULANCE,12.3,0.93,22,17.9,67.6,15.6,52.0,CRITICAL,1,SYNTHETIC EMERGENCY V2X
EMG-EVT-000311,AMB-07,AMBULANCE,10.9,0.44,19,47.2,36.7,13.8,22.9,CRITICAL,1,SYNTHETIC EMERGENCY V2X
EMG-EVT-000312,FIRE-10,FIRE_TRUCK,9.0,0.83,17,22.3,44.6,11.5,33.1,CRITICAL,1,SYNTHETIC EMERGENCY V2X
EMG-EVT-000313,AMB-04,AMBULANCE,8.3,0.98,16,15.7,50.9,10.7,40.2,CRITICAL,1,SYNTHETIC EMERGENCY V2X
EMG-EVT-000314,AMB-02,AMBULANCE,15.3,0.59,28,36.4,58.8,19.5,39.3,CRITICAL,1,SYNTHETIC EMERGENCY V2X
EMG-EVT-000315,AMB-14,AMBULANCE,11.8,0.82,21,26.5,51.9,15.0,36.9,CRITICAL,1,SYNTHETIC EMERGENCY V2X
EMG-EVT-000316,FIRE-08,FIRE_TRUCK,8.0,0.29,16,55.7,27.8,10.3,17.5,CRITICAL,1,SYNTHETIC EMERGENCY V2X
EMG-EVT-000317,AMB-08,AMBULANCE,7.5,0.62,14,34.7,29.8,9.6,20.2,CRITICAL,1,SYNTHETIC EMERGENCY V2X
EMG-EVT-000318,AMB-20,AMBULANCE,9.9,0.46,20,47.4,36.5,12.8,23.7,CRITICAL,1,SYNTHETIC EMERGENCY V2X
EMG-EVT-000319,AMB-10,AMBULANCE,5.5,0.42,11,46.8,20.3,7.1,13.2,CRITICAL,1,SYNTHETIC EMERGENCY V2X
EMG-EVT-000320,POL-05,POLICE,7.0,0.85,14,23.8,34.4,9.0,25.4,CRITICAL,1,SYNTHETIC EMERGENCY V2X
EMG-EVT-000321,AMB-08,AMBULANCE,9.8,0.51,19,43.0,36.5,12.6,23.9,CRITICAL,1,SYNTHETIC EMERGENCY V2X
EMG-EVT-000322,AMB-03,AMBULANCE,5.7,0.87,13,16.5,36.3,7.5,28.8,CRITICAL,1,SYNTHETIC EMERGENCY V2X
EMG-EVT-000323,AMB-14,AMBULANCE,13.8,0.88,24,20.5,69.2,17.5,51.7,CRITICAL,1,SYNTHETIC EMERGENCY V2X
EMG-EVT-000324,AMB-05,AMBULANCE,11.9,0.27,22,59.4,38.4,15.2,23.2,CRITICAL,1,SYNTHETIC EMERGENCY V2X
EMG-EVT-000325,FIRE-03,FIRE_TRUCK,15.5,0.92,30,18.7,85.7,19.9,65.8,CRITICAL,1,SYNTHETIC EMERGENCY V2X
EMG-EVT-000326,AMB-16,AMBULANCE,13.8,0.95,26,13.8,91.2,17.7,73.5,CRITICAL,1,SYNTHETIC EMERGENCY V2X
EMG-EVT-000327,AMB-04,AMBULANCE,7.5,0.39,15,52.0,26.7,9.7,17.0,CRITICAL,1,SYNTHETIC EMERGENCY V2X
EMG-EVT-000328,AMB-04,AMBULANCE,7.6,0.51,16,38.6,31.0,9.9,21.1,CRITICAL,1,SYNTHETIC EMERGENCY V2X
EMG-EVT-000329,AMB-11,AMBULANCE,4.4,0.68,10,26.5,22.0,5.8,16.2,CRITICAL,1,SYNTHETIC EMERGENCY V2X
EMG-EVT-000330,AMB-18,AMBULANCE,1.8,0.76,5,29.1,9.7,2.5,7.2,CRITICAL,1,SYNTHETIC EMERGENCY V2X
EMG-EVT-000331,AMB-18,AMBULANCE,4.5,0.27,11,51.1,18.5,6.0,12.5,CRITICAL,1,SYNTHETIC EMERGENCY V2X
EMG-EVT-000332,AMB-05,AMBULANCE,8.0,0.92,16,21.4,41.6,10.3,31.3,CRITICAL,1,SYNTHETIC EMERGENCY V2X
EMG-EVT-000333,AMB-09,AMBULANCE,3.8,0.65,6,33.5,14.0,4.7,9.3,CRITICAL,1,SYNTHETIC EMERGENCY V2X
EMG-EVT-000334,AMB-08,AMBULANCE,6.4,0.95,13,10.2,53.2,8.3,44.9,CRITICAL,1,SYNTHETIC EMERGENCY V2X
EMG-EVT-000335,AMB-07,AMBULANCE,14.9,0.97,29,13.5,101.0,19.2,81.8,CRITICAL,1,SYNTHETIC EMERGENCY V2X
EMG-EVT-000336,AMB-02,AMBULANCE,2.6,0.91,6,12.5,19.7,3.4,16.3,CRITICAL,1,SYNTHETIC EMERGENCY V2X
EMG-EVT-000337,POL-10,POLICE,10.7,0.24,19,55.5,34.4,13.6,20.8,CRITICAL,1,SYNTHETIC EMERGENCY V2X
EMG-EVT-000338,AMB-03,AMBULANCE,10.0,0.35,20,52.9,35.3,12.9,22.4,CRITICAL,1,SYNTHETIC EMERGENCY V2X
EMG-EVT-000339,AMB-15,AMBULANCE,1.5,0.75,3,23.3,7.5,2.0,5.5,CRITICAL,1,SYNTHETIC EMERGENCY V2X
EMG-EVT-000340,AMB-07,AMBULANCE,12.7,0.96,24,15.8,77.0,16.3,60.7,CRITICAL,1,SYNTHETIC EMERGENCY V2X
EMG-EVT-000341,FIRE-05,FIRE_TRUCK,7.5,0.42,13,49.4,24.7,9.5,15.2,CRITICAL,1,SYNTHETIC EMERGENCY V2X
EMG-EVT-000342,AMB-03,AMBULANCE,5.8,0.4,13,46.7,23.1,7.6,15.5,CRITICAL,1,SYNTHETIC EMERGENCY V2X
EMG-EVT-000343,AMB-12,AMBULANCE,13.9,0.54,28,38.5,55.3,18.0,37.3,CRITICAL,1,SYNTHETIC EMERGENCY V2X
EMG-EVT-000344,AMB-02,AMBULANCE,14.1,0.73,28,26.3,65.8,18.2,47.6,CRITICAL,1,SYNTHETIC EMERGENCY V2X
EMG-EVT-000345,AMB-03,AMBULANCE,11.2,0.21,20,59.6,35.3,14.2,21.1,CRITICAL,1,SYNTHETIC EMERGENCY V2X
EMG-EVT-000346,AMB-04,AMBULANCE,2.5,0.5,6,37.3,11.2,3.3,7.9,CRITICAL,1,SYNTHETIC EMERGENCY V2X
EMG-EVT-000347,AMB-13,AMBULANCE,4.0,0.86,9,22.6,21.4,5.3,16.1,CRITICAL,1,SYNTHETIC EMERGENCY V2X
EMG-EVT-000348,AMB-05,AMBULANCE,7.1,0.89,14,15.1,45.0,9.1,35.9,CRITICAL,1,SYNTHETIC EMERGENCY V2X
EMG-EVT-000349,FIRE-01,FIRE_TRUCK,6.2,0.71,11,29.4,25.9,7.9,18.0,CRITICAL,1,SYNTHETIC EMERGENCY V2X
EMG-EVT-000350,AMB-19,AMBULANCE,11.2,0.83,22,25.0,53.3,14.4,38.9,CRITICAL,1,SYNTHETIC EMERGENCY V2X
EMG-EVT-000351,FIRE-08,FIRE_TRUCK,15.3,0.36,30,48.9,54.8,19.7,35.1,CRITICAL,1,SYNTHETIC EMERGENCY V2X
EMG-EVT-000352,FIRE-07,FIRE_TRUCK,10.4,0.95,21,16.3,63.5,13.4,50.1,CRITICAL,1,SYNTHETIC EMERGENCY V2X
EMG-EVT-000353,AMB-04,AMBULANCE,8.8,0.69,17,33.1,36.4,11.3,25.1,CRITICAL,1,SYNTHETIC EMERGENCY V2X
EMG-EVT-000354,AMB-03,AMBULANCE,12.0,0.94,22,17.1,68.5,15.3,53.2,CRITICAL,1,SYNTHETIC EMERGENCY V2X
EMG-EVT-000355,AMB-20,AMBULANCE,14.0,0.3,27,59.0,46.6,18.0,28.6,CRITICAL,1,SYNTHETIC EMERGENCY V2X
EMG-EVT-000356,AMB-01,AMBULANCE,9.5,0.64,17,34.5,36.9,12.1,24.8,CRITICAL,1,SYNTHETIC EMERGENCY V2X
EMG-EVT-000357,FIRE-07,FIRE_TRUCK,6.7,0.3,14,51.0,24.7,8.7,16.0,CRITICAL,1,SYNTHETIC EMERGENCY V2X
EMG-EVT-000358,POL-02,POLICE,3.1,0.74,8,26.4,16.6,4.2,12.4,CRITICAL,1,SYNTHETIC EMERGENCY V2X
EMG-EVT-000359,FIRE-03,FIRE_TRUCK,12.8,0.26,25,57.6,43.3,16.5,26.8,CRITICAL,1,SYNTHETIC EMERGENCY V2X
EMG-EVT-000360,FIRE-08,FIRE_TRUCK,3.5,0.74,9,23.5,19.7,4.7,15.0,CRITICAL,1,SYNTHETIC EMERGENCY V2X
EMG-EVT-000361,AMB-02,AMBULANCE,12.7,0.59,23,33.0,50.7,16.2,34.5,CRITICAL,1,SYNTHETIC EMERGENCY V2X
EMG-EVT-000362,FIRE-09,FIRE_TRUCK,10.2,0.31,20,53.8,35.4,13.1,22.3,CRITICAL,1,SYNTHETIC EMERGENCY V2X
EMG-EVT-000363,AMB-18,AMBULANCE,12.0,0.24,24,55.9,41.7,15.5,26.2,CRITICAL,1,SYNTHETIC EMERGENCY V2X
EMG-EVT-000364,AMB-11,AMBULANCE,10.8,0.44,22,42.4,41.7,14.0,27.7,CRITICAL,1,SYNTHETIC EMERGENCY V2X
EMG-EVT-000365,AMB-11,AMBULANCE,3.7,0.58,9,37.4,16.7,4.9,11.8,CRITICAL,1,SYNTHETIC EMERGENCY V2X
EMG-EVT-000366,AMB-09,AMBULANCE,5.4,0.45,9,47.2,17.7,6.8,10.9,CRITICAL,1,SYNTHETIC EMERGENCY V2X
EMG-EVT-000367,AMB-07,AMBULANCE,7.0,0.35,13,46.9,24.6,8.9,15.7,CRITICAL,1,SYNTHETIC EMERGENCY V2X
EMG-EVT-000368,AMB-19,AMBULANCE,9.6,0.96,20,16.9,58.1,12.5,45.6,CRITICAL,1,SYNTHETIC EMERGENCY V2X
EMG-EVT-000369,AMB-15,AMBULANCE,10.5,0.44,19,46.7,36.3,13.4,22.9,CRITICAL,1,SYNTHETIC EMERGENCY V2X
EMG-EVT-000370,POL-08,POLICE,8.6,0.67,17,27.8,39.0,11.1,27.9,CRITICAL,1,SYNTHETIC EMERGENCY V2X
EMG-EVT-000371,AMB-04,AMBULANCE,4.5,0.32,11,54.9,18.1,6.0,12.1,CRITICAL,1,SYNTHETIC EMERGENCY V2X
EMG-EVT-000372,AMB-14,AMBULANCE,3.7,0.61,6,37.9,13.1,4.6,8.5,CRITICAL,1,SYNTHETIC EMERGENCY V2X
EMG-EVT-000373,FIRE-09,FIRE_TRUCK,11.9,0.22,23,58.2,39.9,15.3,24.6,CRITICAL,1,SYNTHETIC EMERGENCY V2X
EMG-EVT-000374,FIRE-09,FIRE_TRUCK,11.4,0.98,21,11.0,87.4,14.5,72.9,CRITICAL,1,SYNTHETIC EMERGENCY V2X
EMG-EVT-000375,AMB-20,AMBULANCE,9.7,0.42,18,48.5,33.6,12.4,21.2,CRITICAL,1,SYNTHETIC EMERGENCY V2X
EMG-EVT-000376,POL-03,POLICE,2.0,0.29,4,55.8,7.0,2.6,4.4,HIGH,1,SYNTHETIC EMERGENCY V2X
EMG-EVT-000377,AMB-07,AMBULANCE,14.7,0.82,28,25.4,68.3,18.8,49.5,CRITICAL,1,SYNTHETIC EMERGENCY V2X
EMG-EVT-000378,AMB-03,AMBULANCE,2.2,0.77,3,24.7,8.9,2.7,6.2,CRITICAL,1,SYNTHETIC EMERGENCY V2X
EMG-EVT-000379,FIRE-05,FIRE_TRUCK,9.3,0.67,18,36.5,36.9,11.9,25.0,CRITICAL,1,SYNTHETIC EMERGENCY V2X
EMG-EVT-000380,AMB-16,AMBULANCE,5.2,0.21,10,56.4,17.5,6.7,10.8,CRITICAL,1,SYNTHETIC EMERGENCY V2X
EMG-EVT-000381,FIRE-04,FIRE_TRUCK,13.0,0.49,25,37.8,50.6,16.7,33.9,CRITICAL,1,SYNTHETIC EMERGENCY V2X
EMG-EVT-000382,AMB-09,AMBULANCE,9.8,0.92,20,16.7,59.2,12.7,46.5,CRITICAL,1,SYNTHETIC EMERGENCY V2X
EMG-EVT-000383,AMB-15,AMBULANCE,2.9,0.92,7,20.5,16.9,3.9,13.0,CRITICAL,1,SYNTHETIC EMERGENCY V2X
EMG-EVT-000384,AMB-16,AMBULANCE,7.2,0.62,15,35.3,30.2,9.4,20.8,CRITICAL,1,SYNTHETIC EMERGENCY V2X
EMG-EVT-000385,FIRE-06,FIRE_TRUCK,10.9,0.31,22,56.7,37.9,14.1,23.8,CRITICAL,1,SYNTHETIC EMERGENCY V2X
EMG-EVT-000386,POL-06,POLICE,14.0,0.43,26,42.3,51.1,17.9,33.2,CRITICAL,1,SYNTHETIC EMERGENCY V2X
EMG-EVT-000387,AMB-19,AMBULANCE,13.9,0.75,25,25.7,62.5,17.7,44.8,CRITICAL,1,SYNTHETIC EMERGENCY V2X
EMG-EVT-000388,FIRE-08,FIRE_TRUCK,9.5,0.25,19,59.4,32.4,12.3,20.1,CRITICAL,1,SYNTHETIC EMERGENCY V2X
EMG-EVT-000389,AMB-20,AMBULANCE,14.3,0.88,27,22.3,70.9,18.3,52.6,CRITICAL,1,SYNTHETIC EMERGENCY V2X
EMG-EVT-000390,FIRE-02,FIRE_TRUCK,12.2,0.32,23,49.2,42.5,15.6,26.9,CRITICAL,1,SYNTHETIC EMERGENCY V2X
EMG-EVT-000391,AMB-13,AMBULANCE,9.5,0.96,19,12.2,69.5,12.3,57.2,CRITICAL,1,SYNTHETIC EMERGENCY V2X
EMG-EVT-000392,AMB-16,AMBULANCE,15.0,0.84,28,26.2,68.0,19.2,48.8,CRITICAL,1,SYNTHETIC EMERGENCY V2X
EMG-EVT-000393,AMB-14,AMBULANCE,15.6,0.75,28,30.1,64.7,19.8,44.9,CRITICAL,1,SYNTHETIC EMERGENCY V2X
EMG-EVT-000394,POL-09,POLICE,1.8,0.61,5,38.6,8.8,2.5,6.3,HIGH,1,SYNTHETIC EMERGENCY V2X
EMG-EVT-000395,AMB-08,AMBULANCE,15.2,0.55,30,37.6,60.3,19.6,40.7,CRITICAL,1,SYNTHETIC EMERGENCY V2X
EMG-EVT-000396,AMB-13,AMBULANCE,2.0,0.47,6,43.7,9.9,2.8,7.1,CRITICAL,1,SYNTHETIC EMERGENCY V2X
EMG-EVT-000397,FIRE-04,FIRE_TRUCK,6.3,0.39,13,49.5,23.2,8.2,15.0,CRITICAL,1,SYNTHETIC EMERGENCY V2X
EMG-EVT-000398,AMB-17,AMBULANCE,4.0,0.55,9,36.4,17.4,5.3,12.1,CRITICAL,1,SYNTHETIC EMERGENCY V2X
EMG-EVT-000399,AMB-03,AMBULANCE,11.8,0.83,23,21.0,61.3,15.2,46.1,CRITICAL,1,SYNTHETIC EMERGENCY V2X
EMG-EVT-000400,FIRE-06,FIRE_TRUCK,12.6,0.26,25,61.1,42.4,16.2,26.2,CRITICAL,1,SYNTHETIC EMERGENCY V2X
EMG-EVT-000401,AMB-12,AMBULANCE,16.0,0.64,28,37.1,59.5,20.3,39.2,CRITICAL,1,SYNTHETIC EMERGENCY V2X
EMG-EVT-000402,POL-09,POLICE,2.9,0.68,5,34.4,11.1,3.7,7.4,HIGH,1,SYNTHETIC EMERGENCY V2X
EMG-EVT-000403,AMB-07,AMBULANCE,5.0,0.76,9,27.4,21.7,6.4,15.3,CRITICAL,1,SYNTHETIC EMERGENCY V2X
EMG-EVT-000404,FIRE-02,FIRE_TRUCK,4.3,0.3,10,57.0,16.5,5.7,10.8,CRITICAL,1,SYNTHETIC EMERGENCY V2X
EMG-EVT-000405,POL-02,POLICE,14.2,0.33,26,55.5,46.6,18.1,28.5,CRITICAL,1,SYNTHETIC EMERGENCY V2X
EMG-EVT-000406,FIRE-05,FIRE_TRUCK,6.0,0.67,13,27.3,28.8,7.8,21.0,CRITICAL,1,SYNTHETIC EMERGENCY V2X
EMG-EVT-000407,FIRE-03,FIRE_TRUCK,5.4,0.97,12,15.6,35.2,7.1,28.1,CRITICAL,1,SYNTHETIC EMERGENCY V2X
EMG-EVT-000408,AMB-05,AMBULANCE,3.3,0.76,6,30.9,13.6,4.2,9.4,CRITICAL,1,SYNTHETIC EMERGENCY V2X
EMG-EVT-000409,FIRE-07,FIRE_TRUCK,11.9,0.94,23,17.2,69.1,15.3,53.8,CRITICAL,1,SYNTHETIC EMERGENCY V2X
EMG-EVT-000410,POL-03,POLICE,5.2,0.94,9,15.3,31.2,6.6,24.6,CRITICAL,1,SYNTHETIC EMERGENCY V2X
EMG-EVT-000411,FIRE-04,FIRE_TRUCK,3.7,0.25,7,60.7,12.1,4.7,7.4,CRITICAL,1,SYNTHETIC EMERGENCY V2X
EMG-EVT-000412,AMB-03,AMBULANCE,8.9,0.3,16,54.0,29.1,11.3,17.8,CRITICAL,1,SYNTHETIC EMERGENCY V2X
EMG-EVT-000413,AMB-04,AMBULANCE,13.6,0.65,25,36.0,52.7,17.3,35.4,CRITICAL,1,SYNTHETIC EMERGENCY V2X
EMG-EVT-000414,POL-01,POLICE,5.0,0.4,12,48.2,20.6,6.7,13.9,CRITICAL,1,SYNTHETIC EMERGENCY V2X
EMG-EVT-000415,AMB-12,AMBULANCE,3.5,0.47,6,39.7,12.5,4.4,8.1,CRITICAL,1,SYNTHETIC EMERGENCY V2X
EMG-EVT-000416,POL-06,POLICE,1.7,0.91,5,15.5,12.6,2.4,10.2,CRITICAL,1,SYNTHETIC EMERGENCY V2X
EMG-EVT-000417,FIRE-03,FIRE_TRUCK,4.1,0.21,7,63.3,12.3,5.2,7.1,CRITICAL,1,SYNTHETIC EMERGENCY V2X
EMG-EVT-000418,AMB-13,AMBULANCE,10.1,0.56,21,42.7,39.4,13.1,26.3,CRITICAL,1,SYNTHETIC EMERGENCY V2X
EMG-EVT-000419,FIRE-08,FIRE_TRUCK,4.6,0.31,8,53.2,14.8,5.8,9.0,CRITICAL,1,SYNTHETIC EMERGENCY V2X
EMG-EVT-000420,AMB-09,AMBULANCE,5.1,0.74,12,28.5,25.1,6.8,18.3,CRITICAL,1,SYNTHETIC EMERGENCY V2X
EMG-EVT-000421,AMB-06,AMBULANCE,5.1,0.58,9,34.6,19.6,6.5,13.1,CRITICAL,1,SYNTHETIC EMERGENCY V2X
EMG-EVT-000422,POL-02,POLICE,1.8,0.45,3,46.7,5.9,2.3,3.6,HIGH,1,SYNTHETIC EMERGENCY V2X
EMG-EVT-000423,AMB-15,AMBULANCE,15.1,0.54,27,41.1,54.4,19.2,35.2,CRITICAL,1,SYNTHETIC EMERGENCY V2X
EMG-EVT-000424,FIRE-07,FIRE_TRUCK,6.5,0.39,13,46.6,24.0,8.4,15.6,CRITICAL,1,SYNTHETIC EMERGENCY V2X
EMG-EVT-000425,AMB-08,AMBULANCE,1.6,0.91,5,15.2,12.3,2.2,10.1,CRITICAL,1,SYNTHETIC EMERGENCY V2X
EMG-EVT-000426,FIRE-10,FIRE_TRUCK,10.7,0.33,19,54.6,34.6,13.6,21.0,CRITICAL,1,SYNTHETIC EMERGENCY V2X
EMG-EVT-000427,AMB-19,AMBULANCE,13.4,0.3,26,55.2,45.8,17.2,28.6,CRITICAL,1,SYNTHETIC EMERGENCY V2X
EMG-EVT-000428,AMB-16,AMBULANCE,1.8,0.62,6,32.6,10.5,2.6,7.9,CRITICAL,1,SYNTHETIC EMERGENCY V2X
EMG-EVT-000429,AMB-02,AMBULANCE,3.0,0.98,6,10.0,25.2,3.9,21.3,CRITICAL,1,SYNTHETIC EMERGENCY V2X
EMG-EVT-000430,AMB-11,AMBULANCE,7.7,0.44,13,48.5,25.1,9.7,15.4,CRITICAL,1,SYNTHETIC EMERGENCY V2X
EMG-EVT-000431,FIRE-05,FIRE_TRUCK,2.7,0.89,4,16.1,14.9,3.3,11.6,CRITICAL,1,SYNTHETIC EMERGENCY V2X
EMG-EVT-000432,FIRE-06,FIRE_TRUCK,10.7,0.37,19,52.7,35.0,13.6,21.4,CRITICAL,1,SYNTHETIC EMERGENCY V2X
EMG-EVT-000433,AMB-16,AMBULANCE,4.6,0.66,10,28.0,21.9,6.0,15.9,CRITICAL,1,SYNTHETIC EMERGENCY V2X
EMG-EVT-000434,FIRE-09,FIRE_TRUCK,15.1,0.43,29,44.1,55.3,19.4,35.9,CRITICAL,1,SYNTHETIC EMERGENCY V2X
EMG-EVT-000435,AMB-14,AMBULANCE,15.7,0.61,31,39.5,61.0,20.2,40.8,CRITICAL,1,SYNTHETIC EMERGENCY V2X
EMG-EVT-000436,FIRE-06,FIRE_TRUCK,8.0,0.86,15,23.5,38.4,10.2,28.2,CRITICAL,1,SYNTHETIC EMERGENCY V2X
EMG-EVT-000437,AMB-10,AMBULANCE,13.9,0.35,28,49.6,50.4,18.0,32.4,CRITICAL,1,SYNTHETIC EMERGENCY V2X
EMG-EVT-000438,FIRE-09,FIRE_TRUCK,10.0,0.58,19,37.3,38.9,12.8,26.1,CRITICAL,1,SYNTHETIC EMERGENCY V2X
EMG-EVT-000439,AMB-11,AMBULANCE,6.2,0.71,12,32.9,25.7,8.0,17.7,CRITICAL,1,SYNTHETIC EMERGENCY V2X
EMG-EVT-000440,AMB-07,AMBULANCE,13.4,0.93,27,19.6,73.4,17.3,56.1,CRITICAL,1,SYNTHETIC EMERGENCY V2X
EMG-EVT-000441,AMB-17,AMBULANCE,8.1,0.41,16,45.0,30.0,10.4,19.6,CRITICAL,1,SYNTHETIC EMERGENCY V2X
EMG-EVT-000442,AMB-14,AMBULANCE,2.3,0.66,5,30.7,10.5,3.0,7.5,CRITICAL,1,SYNTHETIC EMERGENCY V2X
EMG-EVT-000443,FIRE-03,FIRE_TRUCK,12.2,0.67,24,33.2,50.8,15.7,35.1,CRITICAL,1,SYNTHETIC EMERGENCY V2X
EMG-EVT-000444,AMB-12,AMBULANCE,1.8,0.4,3,49.8,5.8,2.3,3.5,CRITICAL,1,SYNTHETIC EMERGENCY V2X
EMG-EVT-000445,FIRE-08,FIRE_TRUCK,14.1,0.67,28,27.2,64.7,18.2,46.5,CRITICAL,1,SYNTHETIC EMERGENCY V2X
EMG-EVT-000446,AMB-01,AMBULANCE,9.3,0.7,16,27.2,39.7,11.7,28.0,CRITICAL,1,SYNTHETIC EMERGENCY V2X
EMG-EVT-000447,AMB-14,AMBULANCE,12.4,0.48,24,45.7,45.1,15.9,29.2,CRITICAL,1,SYNTHETIC EMERGENCY V2X
EMG-EVT-000448,AMB-20,AMBULANCE,5.5,0.83,12,20.4,30.6,7.2,23.4,CRITICAL,1,SYNTHETIC EMERGENCY V2X
EMG-EVT-000449,AMB-10,AMBULANCE,4.9,0.24,11,61.2,18.0,6.4,11.6,CRITICAL,1,SYNTHETIC EMERGENCY V2X
EMG-EVT-000450,AMB-10,AMBULANCE,9.9,0.74,18,29.0,42.1,12.6,29.5,CRITICAL,1,SYNTHETIC EMERGENCY V2X
EMG-EVT-000451,AMB-20,AMBULANCE,2.5,0.27,5,58.8,8.6,3.2,5.4,CRITICAL,1,SYNTHETIC EMERGENCY V2X
EMG-EVT-000452,AMB-08,AMBULANCE,8.6,0.56,15,38.4,31.4,10.9,20.5,CRITICAL,1,SYNTHETIC EMERGENCY V2X
EMG-EVT-000453,AMB-18,AMBULANCE,7.2,0.6,15,38.7,29.2,9.4,19.8,CRITICAL,1,SYNTHETIC EMERGENCY V2X
EMG-EVT-000454,FIRE-02,FIRE_TRUCK,8.3,0.76,14,29.2,33.9,10.5,23.4,CRITICAL,1,SYNTHETIC EMERGENCY V2X
EMG-EVT-000455,POL-10,POLICE,5.9,0.49,12,45.2,22.2,7.6,14.6,CRITICAL,1,SYNTHETIC EMERGENCY V2X
EMG-EVT-000456,FIRE-07,FIRE_TRUCK,4.5,0.32,9,52.6,15.9,5.8,10.1,CRITICAL,1,SYNTHETIC EMERGENCY V2X
EMG-EVT-000457,FIRE-09,FIRE_TRUCK,7.6,0.89,14,22.3,37.2,9.7,27.5,CRITICAL,1,SYNTHETIC EMERGENCY V2X
EMG-EVT-000458,AMB-16,AMBULANCE,7.5,0.94,15,11.5,57.1,9.7,47.4,CRITICAL,1,SYNTHETIC EMERGENCY V2X
EMG-EVT-000459,AMB-10,AMBULANCE,15.6,0.49,28,43.1,55.3,19.8,35.5,CRITICAL,1,SYNTHETIC EMERGENCY V2X
EMG-EVT-000460,AMB-02,AMBULANCE,9.7,0.67,18,31.8,39.9,12.4,27.5,CRITICAL,1,SYNTHETIC EMERGENCY V2X
EMG-EVT-000461,AMB-18,AMBULANCE,9.1,0.44,18,40.8,35.0,11.7,23.3,CRITICAL,1,SYNTHETIC EMERGENCY V2X
EMG-EVT-000462,POL-07,POLICE,11.1,0.65,22,36.5,44.6,14.3,30.3,CRITICAL,1,SYNTHETIC EMERGENCY V2X
EMG-EVT-000463,AMB-07,AMBULANCE,3.5,0.44,9,44.9,15.5,4.7,10.8,CRITICAL,1,SYNTHETIC EMERGENCY V2X
EMG-EVT-000464,AMB-12,AMBULANCE,16.0,0.95,31,16.1,96.8,20.6,76.2,CRITICAL,1,SYNTHETIC EMERGENCY V2X
EMG-EVT-000465,FIRE-03,FIRE_TRUCK,2.5,0.36,5,51.8,8.9,3.2,5.7,HIGH,1,SYNTHETIC EMERGENCY V2X
EMG-EVT-000466,AMB-02,AMBULANCE,14.8,0.21,28,64.2,47.4,18.9,28.5,CRITICAL,1,SYNTHETIC EMERGENCY V2X
EMG-EVT-000467,AMB-02,AMBULANCE,4.8,0.47,11,44.9,19.6,6.3,13.3,CRITICAL,1,SYNTHETIC EMERGENCY V2X
EMG-EVT-000468,AMB-07,AMBULANCE,8.9,0.25,16,56.9,28.6,11.3,17.3,CRITICAL,1,SYNTHETIC EMERGENCY V2X
EMG-EVT-000469,AMB-12,AMBULANCE,15.5,0.34,29,55.7,51.5,19.8,31.7,CRITICAL,1,SYNTHETIC EMERGENCY V2X
EMG-EVT-000470,AMB-02,AMBULANCE,6.4,0.68,14,26.5,31.3,8.4,22.9,CRITICAL,1,SYNTHETIC EMERGENCY V2X
EMG-EVT-000471,AMB-13,AMBULANCE,11.6,0.95,20,15.8,68.1,14.7,53.4,CRITICAL,1,SYNTHETIC EMERGENCY V2X
EMG-EVT-000472,AMB-13,AMBULANCE,14.5,0.41,26,50.3,48.5,18.4,30.1,CRITICAL,1,SYNTHETIC EMERGENCY V2X
EMG-EVT-000473,AMB-18,AMBULANCE,7.3,0.21,15,62.0,25.1,9.5,15.6,CRITICAL,1,SYNTHETIC EMERGENCY V2X
EMG-EVT-000474,POL-08,POLICE,7.3,0.37,15,50.8,26.6,9.5,17.1,CRITICAL,1,SYNTHETIC EMERGENCY V2X
EMG-EVT-000475,AMB-02,AMBULANCE,8.9,0.67,19,32.7,39.1,11.6,27.5,CRITICAL,1,SYNTHETIC EMERGENCY V2X
EMG-EVT-000476,FIRE-03,FIRE_TRUCK,13.8,0.51,25,44.7,48.5,17.6,30.9,CRITICAL,1,SYNTHETIC EMERGENCY V2X
EMG-EVT-000477,AMB-19,AMBULANCE,4.8,0.93,10,12.8,34.5,6.2,28.3,CRITICAL,1,SYNTHETIC EMERGENCY V2X
EMG-EVT-000478,AMB-04,AMBULANCE,4.6,0.86,8,17.9,25.0,5.8,19.2,CRITICAL,1,SYNTHETIC EMERGENCY V2X
EMG-EVT-000479,FIRE-03,FIRE_TRUCK,10.6,0.22,22,61.4,36.8,13.8,23.0,CRITICAL,1,SYNTHETIC EMERGENCY V2X
EMG-EVT-000480,AMB-11,AMBULANCE,4.5,0.69,9,32.3,19.2,5.8,13.4,CRITICAL,1,SYNTHETIC EMERGENCY V2X
EMG-EVT-000481,POL-07,POLICE,5.2,0.75,11,31.5,23.1,6.8,16.3,CRITICAL,1,SYNTHETIC EMERGENCY V2X
EMG-EVT-000482,AMB-06,AMBULANCE,6.2,0.52,12,36.2,24.7,8.0,16.7,CRITICAL,1,SYNTHETIC EMERGENCY V2X
EMG-EVT-000483,AMB-07,AMBULANCE,2.2,0.79,5,27.9,10.7,2.9,7.8,CRITICAL,1,SYNTHETIC EMERGENCY V2X
EMG-EVT-000484,POL-08,POLICE,11.4,0.96,22,11.1,88.0,14.6,73.4,CRITICAL,1,SYNTHETIC EMERGENCY V2X
EMG-EVT-000485,AMB-19,AMBULANCE,6.9,0.83,13,24.5,32.5,8.8,23.7,CRITICAL,1,SYNTHETIC EMERGENCY V2X
EMG-EVT-000486,AMB-14,AMBULANCE,7.1,0.35,12,48.4,23.2,8.9,14.3,CRITICAL,1,SYNTHETIC EMERGENCY V2X
EMG-EVT-000487,AMB-03,AMBULANCE,14.5,0.46,28,46.7,52.2,18.6,33.6,CRITICAL,1,SYNTHETIC EMERGENCY V2X
EMG-EVT-000488,FIRE-03,FIRE_TRUCK,2.5,0.27,5,54.1,8.8,3.2,5.6,HIGH,1,SYNTHETIC EMERGENCY V2X
EMG-EVT-000489,AMB-14,AMBULANCE,12.4,0.94,23,11.4,92.9,15.8,77.1,CRITICAL,1,SYNTHETIC EMERGENCY V2X
EMG-EVT-000490,AMB-08,AMBULANCE,14.0,0.82,28,18.1,80.0,18.1,61.9,CRITICAL,1,SYNTHETIC EMERGENCY V2X
EMG-EVT-000491,AMB-08,AMBULANCE,13.0,0.48,23,40.4,46.9,16.5,30.4,CRITICAL,1,SYNTHETIC EMERGENCY V2X
EMG-EVT-000492,POL-02,POLICE,11.5,0.94,20,18.8,60.7,14.5,46.2,CRITICAL,1,SYNTHETIC EMERGENCY V2X
EMG-EVT-000493,FIRE-04,FIRE_TRUCK,2.1,0.58,4,32.7,8.7,2.7,6.0,HIGH,1,SYNTHETIC EMERGENCY V2X
EMG-EVT-000494,AMB-04,AMBULANCE,7.2,0.77,12,21.0,35.0,9.1,25.9,CRITICAL,1,SYNTHETIC EMERGENCY V2X
EMG-EVT-000495,AMB-16,AMBULANCE,8.4,0.84,15,22.9,40.0,10.7,29.3,CRITICAL,1,SYNTHETIC EMERGENCY V2X
EMG-EVT-000496,AMB-10,AMBULANCE,13.9,0.68,28,35.8,56.9,18.0,38.9,CRITICAL,1,SYNTHETIC EMERGENCY V2X
EMG-EVT-000497,AMB-03,AMBULANCE,14.9,0.62,27,33.3,59.2,19.0,40.2,CRITICAL,1,SYNTHETIC EMERGENCY V2X
EMG-EVT-000498,POL-04,POLICE,8.3,0.57,15,41.3,30.1,10.6,19.5,CRITICAL,1,SYNTHETIC EMERGENCY V2X
EMG-EVT-000499,POL-05,POLICE,5.1,0.26,9,51.4,16.8,6.5,10.3,CRITICAL,1,SYNTHETIC EMERGENCY V2X
EMG-EVT-000500,AMB-06,AMBULANCE,2.3,0.93,5,14.7,15.4,3.0,12.4,CRITICAL,1,SYNTHETIC EMERGENCY V2X
EMG-EVT-000501,FIRE-05,FIRE_TRUCK,11.2,0.46,21,45.3,40.0,14.3,25.7,CRITICAL,1,SYNTHETIC EMERGENCY V2X
EMG-EVT-000502,AMB-20,AMBULANCE,13.8,0.4,26,44.7,49.7,17.7,32.0,CRITICAL,1,SYNTHETIC EMERGENCY V2X
EMG-EVT-000503,FIRE-10,FIRE_TRUCK,7.1,0.45,15,48.0,26.9,9.2,17.7,CRITICAL,1,SYNTHETIC EMERGENCY V2X
EMG-EVT-000504,AMB-17,AMBULANCE,3.6,0.88,6,20.0,18.0,4.5,13.5,CRITICAL,1,SYNTHETIC EMERGENCY V2X
EMG-EVT-000505,FIRE-05,FIRE_TRUCK,8.3,0.57,17,39.1,33.1,10.8,22.3,CRITICAL,1,SYNTHETIC EMERGENCY V2X
EMG-EVT-000506,FIRE-01,FIRE_TRUCK,7.1,0.26,15,56.0,25.6,9.2,16.4,CRITICAL,1,SYNTHETIC EMERGENCY V2X
EMG-EVT-000507,POL-07,POLICE,6.6,0.78,12,29.1,28.0,8.4,19.6,CRITICAL,1,SYNTHETIC EMERGENCY V2X
EMG-EVT-000508,AMB-08,AMBULANCE,7.4,0.33,13,48.8,24.7,9.4,15.3,CRITICAL,1,SYNTHETIC EMERGENCY V2X
EMG-EVT-000509,AMB-20,AMBULANCE,10.8,0.82,22,18.9,60.7,14.0,46.7,CRITICAL,1,SYNTHETIC EMERGENCY V2X
EMG-EVT-000510,AMB-20,AMBULANCE,14.8,0.88,26,19.5,76.7,18.7,58.0,CRITICAL,1,SYNTHETIC EMERGENCY V2X
EMG-EVT-000511,AMB-12,AMBULANCE,9.2,0.93,19,19.9,50.5,11.9,38.6,CRITICAL,1,SYNTHETIC EMERGENCY V2X
EMG-EVT-000512,AMB-04,AMBULANCE,10.9,0.93,22,16.3,66.5,14.1,52.4,CRITICAL,1,SYNTHETIC EMERGENCY V2X
EMG-EVT-000513,AMB-10,AMBULANCE,4.0,0.61,7,34.0,15.5,5.1,10.4,CRITICAL,1,SYNTHETIC EMERGENCY V2X
EMG-EVT-000514,POL-06,POLICE,14.3,0.92,28,15.9,87.6,18.4,69.2,CRITICAL,1,SYNTHETIC EMERGENCY V2X
EMG-EVT-000515,AMB-06,AMBULANCE,4.8,0.7,8,29.9,19.2,6.0,13.2,CRITICAL,1,SYNTHETIC EMERGENCY V2X
EMG-EVT-000516,AMB-12,AMBULANCE,7.3,0.51,16,42.7,29.5,9.6,19.9,CRITICAL,1,SYNTHETIC EMERGENCY V2X
EMG-EVT-000517,AMB-13,AMBULANCE,12.2,0.81,23,20.4,63.5,15.6,47.9,CRITICAL,1,SYNTHETIC EMERGENCY V2X
EMG-EVT-000518,FIRE-01,FIRE_TRUCK,6.2,0.46,13,45.2,23.8,8.1,15.7,CRITICAL,1,SYNTHETIC EMERGENCY V2X
EMG-EVT-000519,AMB-13,AMBULANCE,8.1,0.64,14,30.6,32.7,10.2,22.5,CRITICAL,1,SYNTHETIC EMERGENCY V2X
EMG-EVT-000520,AMB-17,AMBULANCE,14.4,0.58,28,39.2,55.6,18.5,37.1,CRITICAL,1,SYNTHETIC EMERGENCY V2X
EMG-EVT-000521,AMB-01,AMBULANCE,3.3,0.28,7,53.4,12.1,4.3,7.8,CRITICAL,1,SYNTHETIC EMERGENCY V2X
EMG-EVT-000522,AMB-05,AMBULANCE,11.7,0.62,22,38.9,44.4,15.0,29.4,CRITICAL,1,SYNTHETIC EMERGENCY V2X
EMG-EVT-000523,FIRE-05,FIRE_TRUCK,7.3,0.53,13,42.9,25.8,9.3,16.5,CRITICAL,1,SYNTHETIC EMERGENCY V2X
EMG-EVT-000524,AMB-04,AMBULANCE,6.8,0.87,15,18.1,40.5,8.9,31.6,CRITICAL,1,SYNTHETIC EMERGENCY V2X
EMG-EVT-000525,FIRE-07,FIRE_TRUCK,8.9,0.84,18,25.9,42.2,11.5,30.7,CRITICAL,1,SYNTHETIC EMERGENCY V2X
EMG-EVT-000526,AMB-03,AMBULANCE,4.6,0.97,9,10.3,37.6,5.9,31.7,CRITICAL,1,SYNTHETIC EMERGENCY V2X
EMG-EVT-000527,AMB-11,AMBULANCE,5.2,0.94,10,13.1,35.8,6.7,29.1,CRITICAL,1,SYNTHETIC EMERGENCY V2X
EMG-EVT-000528,AMB-15,AMBULANCE,8.1,0.95,15,13.2,54.8,10.3,44.5,CRITICAL,1,SYNTHETIC EMERGENCY V2X
EMG-EVT-000529,FIRE-02,FIRE_TRUCK,12.8,0.48,23,42.9,45.5,16.3,29.2,CRITICAL,1,SYNTHETIC EMERGENCY V2X
EMG-EVT-000530,AMB-06,AMBULANCE,11.4,0.81,23,22.5,58.0,14.7,43.3,CRITICAL,1,SYNTHETIC EMERGENCY V2X
EMG-EVT-000531,FIRE-04,FIRE_TRUCK,2.3,0.93,4,12.8,15.6,2.9,12.7,CRITICAL,1,SYNTHETIC EMERGENCY V2X
EMG-EVT-000532,AMB-20,AMBULANCE,7.7,0.9,15,18.4,43.1,9.9,33.2,CRITICAL,1,SYNTHETIC EMERGENCY V2X
EMG-EVT-000533,AMB-01,AMBULANCE,15.7,0.7,31,34.2,64.7,20.2,44.5,CRITICAL,1,SYNTHETIC EMERGENCY V2X
EMG-EVT-000534,AMB-10,AMBULANCE,4.1,0.54,8,40.9,15.6,5.3,10.3,CRITICAL,1,SYNTHETIC EMERGENCY V2X
EMG-EVT-000535,AMB-20,AMBULANCE,4.6,0.4,8,49.8,15.1,5.8,9.3,CRITICAL,1,SYNTHETIC EMERGENCY V2X
EMG-EVT-000536,AMB-08,AMBULANCE,4.1,0.29,7,49.7,13.3,5.2,8.1,CRITICAL,1,SYNTHETIC EMERGENCY V2X
EMG-EVT-000537,POL-08,POLICE,10.7,0.27,22,51.2,38.9,13.9,25.0,CRITICAL,1,SYNTHETIC EMERGENCY V2X
EMG-EVT-000538,AMB-13,AMBULANCE,5.5,0.49,9,38.6,19.3,6.9,12.4,CRITICAL,1,SYNTHETIC EMERGENCY V2X
EMG-EVT-000539,AMB-11,AMBULANCE,2.0,0.72,4,27.2,9.2,2.6,6.6,CRITICAL,1,SYNTHETIC EMERGENCY V2X
EMG-EVT-000540,AMB-18,AMBULANCE,1.8,0.86,3,16.7,10.1,2.3,7.8,CRITICAL,1,SYNTHETIC EMERGENCY V2X
EMG-EVT-000541,AMB-04,AMBULANCE,14.7,0.23,27,59.3,47.3,18.7,28.6,CRITICAL,1,SYNTHETIC EMERGENCY V2X
EMG-EVT-000542,AMB-18,AMBULANCE,13.2,0.68,26,27.0,60.5,17.0,43.5,CRITICAL,1,SYNTHETIC EMERGENCY V2X
EMG-EVT-000543,AMB-01,AMBULANCE,3.6,0.65,6,34.5,13.5,4.5,9.0,CRITICAL,1,SYNTHETIC EMERGENCY V2X
EMG-EVT-000544,AMB-08,AMBULANCE,11.2,0.87,21,22.2,55.5,14.3,41.2,CRITICAL,1,SYNTHETIC EMERGENCY V2X
EMG-EVT-000545,AMB-13,AMBULANCE,13.0,0.31,24,55.9,42.8,16.6,26.2,CRITICAL,1,SYNTHETIC EMERGENCY V2X
EMG-EVT-000546,AMB-15,AMBULANCE,10.6,0.35,20,50.7,36.5,13.6,22.9,CRITICAL,1,SYNTHETIC EMERGENCY V2X
EMG-EVT-000547,AMB-20,AMBULANCE,14.6,0.66,28,27.9,65.0,18.7,46.3,CRITICAL,1,SYNTHETIC EMERGENCY V2X
EMG-EVT-000548,AMB-19,AMBULANCE,15.0,0.4,30,49.5,54.2,19.4,34.8,CRITICAL,1,SYNTHETIC EMERGENCY V2X
EMG-EVT-000549,FIRE-09,FIRE_TRUCK,2.5,0.24,4,53.0,7.6,3.1,4.5,HIGH,1,SYNTHETIC EMERGENCY V2X
EMG-EVT-000550,AMB-02,AMBULANCE,13.7,0.98,24,11.5,100.3,17.3,83.0,CRITICAL,1,SYNTHETIC EMERGENCY V2X
EMG-EVT-000551,AMB-13,AMBULANCE,14.5,0.53,28,45.1,52.9,18.6,34.3,CRITICAL,1,SYNTHETIC EMERGENCY V2X
EMG-EVT-000552,FIRE-09,FIRE_TRUCK,14.0,0.58,28,36.6,56.6,18.1,38.5,CRITICAL,1,SYNTHETIC EMERGENCY V2X
EMG-EVT-000553,AMB-14,AMBULANCE,10.8,0.91,19,18.6,57.6,13.7,43.9,CRITICAL,1,SYNTHETIC EMERGENCY V2X
EMG-EVT-000554,AMB-02,AMBULANCE,14.5,0.78,28,22.4,72.4,18.6,53.8,CRITICAL,1,SYNTHETIC EMERGENCY V2X
EMG-EVT-000555,AMB-04,AMBULANCE,12.0,0.34,23,48.2,42.5,15.4,27.1,CRITICAL,1,SYNTHETIC EMERGENCY V2X
EMG-EVT-000556,AMB-05,AMBULANCE,13.4,0.39,27,53.3,47.5,17.3,30.2,CRITICAL,1,SYNTHETIC EMERGENCY V2X
EMG-EVT-000557,POL-05,POLICE,12.3,0.82,22,27.1,53.6,15.6,38.0,CRITICAL,1,SYNTHETIC EMERGENCY V2X
EMG-EVT-000558,FIRE-08,FIRE_TRUCK,5.4,0.29,10,53.0,18.1,6.9,11.2,CRITICAL,1,SYNTHETIC EMERGENCY V2X
EMG-EVT-000559,FIRE-08,FIRE_TRUCK,6.8,0.71,13,27.9,30.2,8.7,21.5,CRITICAL,1,SYNTHETIC EMERGENCY V2X
EMG-EVT-000560,AMB-01,AMBULANCE,13.5,0.73,26,25.0,63.6,17.3,46.3,CRITICAL,1,SYNTHETIC EMERGENCY V2X
EMG-EVT-000561,AMB-02,AMBULANCE,1.8,0.84,3,17.6,9.7,2.3,7.4,CRITICAL,1,SYNTHETIC EMERGENCY V2X
EMG-EVT-000562,AMB-03,AMBULANCE,14.9,0.43,26,50.4,48.9,18.9,30.0,CRITICAL,1,SYNTHETIC EMERGENCY V2X
EMG-EVT-000563,AMB-05,AMBULANCE,5.9,0.5,13,38.8,24.7,7.7,17.0,CRITICAL,1,SYNTHETIC EMERGENCY V2X
EMG-EVT-000564,AMB-20,AMBULANCE,9.4,0.3,17,51.6,31.3,12.0,19.3,CRITICAL,1,SYNTHETIC EMERGENCY V2X
EMG-EVT-000565,FIRE-09,FIRE_TRUCK,8.8,0.39,17,49.9,31.0,11.3,19.7,CRITICAL,1,SYNTHETIC EMERGENCY V2X
EMG-EVT-000566,AMB-10,AMBULANCE,9.9,0.62,19,31.3,41.8,12.7,29.1,CRITICAL,1,SYNTHETIC EMERGENCY V2X
EMG-EVT-000567,FIRE-10,FIRE_TRUCK,2.0,0.36,6,50.3,9.6,2.8,6.8,HIGH,1,SYNTHETIC EMERGENCY V2X
EMG-EVT-000568,AMB-07,AMBULANCE,13.5,0.48,27,46.7,49.7,17.4,32.3,CRITICAL,1,SYNTHETIC EMERGENCY V2X
EMG-EVT-000569,FIRE-10,FIRE_TRUCK,11.8,0.61,21,34.1,46.0,15.0,31.0,CRITICAL,1,SYNTHETIC EMERGENCY V2X
EMG-EVT-000570,FIRE-10,FIRE_TRUCK,7.5,0.65,13,28.6,31.3,9.5,21.8,CRITICAL,1,SYNTHETIC EMERGENCY V2X
EMG-EVT-000571,AMB-07,AMBULANCE,5.2,0.55,11,37.4,21.5,6.8,14.7,CRITICAL,1,SYNTHETIC EMERGENCY V2X
EMG-EVT-000572,AMB-08,AMBULANCE,5.2,0.21,11,60.0,18.4,6.8,11.6,CRITICAL,1,SYNTHETIC EMERGENCY V2X
EMG-EVT-000573,AMB-16,AMBULANCE,1.9,0.63,3,36.5,6.7,2.4,4.3,CRITICAL,1,SYNTHETIC EMERGENCY V2X
EMG-EVT-000574,AMB-19,AMBULANCE,4.3,0.97,10,12.0,33.5,5.7,27.8,CRITICAL,1,SYNTHETIC EMERGENCY V2X
EMG-EVT-000575,FIRE-02,FIRE_TRUCK,7.1,0.49,12,40.2,25.0,8.9,16.1,CRITICAL,1,SYNTHETIC EMERGENCY V2X
EMG-EVT-000576,AMB-11,AMBULANCE,11.8,0.74,24,31.3,51.4,15.3,36.1,CRITICAL,1,SYNTHETIC EMERGENCY V2X
EMG-EVT-000577,POL-10,POLICE,2.2,0.86,5,16.4,14.0,2.9,11.1,CRITICAL,1,SYNTHETIC EMERGENCY V2X
EMG-EVT-000578,AMB-18,AMBULANCE,7.1,0.51,15,45.7,27.3,9.2,18.1,CRITICAL,1,SYNTHETIC EMERGENCY V2X
EMG-EVT-000579,FIRE-06,FIRE_TRUCK,2.0,0.85,4,18.2,11.4,2.6,8.8,HIGH,1,SYNTHETIC EMERGENCY V2X
EMG-EVT-000580,AMB-08,AMBULANCE,4.3,0.55,9,43.7,16.7,5.6,11.1,CRITICAL,1,SYNTHETIC EMERGENCY V2X
EMG-EVT-000581,AMB-19,AMBULANCE,13.1,0.62,23,39.1,47.7,16.6,31.1,CRITICAL,1,SYNTHETIC EMERGENCY V2X
EMG-EVT-000582,AMB-15,AMBULANCE,7.7,0.71,16,25.4,37.4,10.0,27.4,CRITICAL,1,SYNTHETIC EMERGENCY V2X
EMG-EVT-000583,AMB-03,AMBULANCE,2.6,0.88,5,20.1,13.8,3.3,10.5,CRITICAL,1,SYNTHETIC EMERGENCY V2X
EMG-EVT-000584,FIRE-10,FIRE_TRUCK,1.6,0.93,4,12.0,12.8,2.1,10.7,CRITICAL,1,SYNTHETIC EMERGENCY V2X
EMG-EVT-000585,AMB-14,AMBULANCE,3.2,0.86,8,18.7,19.9,4.3,15.6,CRITICAL,1,SYNTHETIC EMERGENCY V2X
EMG-EVT-000586,FIRE-01,FIRE_TRUCK,13.7,0.94,25,19.9,71.3,17.4,53.9,CRITICAL,1,SYNTHETIC EMERGENCY V2X
EMG-EVT-000587,FIRE-09,FIRE_TRUCK,10.9,0.46,22,39.7,42.9,14.1,28.8,CRITICAL,1,SYNTHETIC EMERGENCY V2X
EMG-EVT-000588,FIRE-10,FIRE_TRUCK,8.7,0.69,18,35.0,36.5,11.3,25.2,CRITICAL,1,SYNTHETIC EMERGENCY V2X
EMG-EVT-000589,AMB-08,AMBULANCE,4.3,0.49,10,45.2,17.7,5.7,12.0,CRITICAL,1,SYNTHETIC EMERGENCY V2X
EMG-EVT-000590,FIRE-08,FIRE_TRUCK,3.0,0.89,7,15.1,20.3,4.0,16.3,CRITICAL,1,SYNTHETIC EMERGENCY V2X
EMG-EVT-000591,AMB-04,AMBULANCE,4.5,0.93,8,18.5,24.2,5.7,18.5,CRITICAL,1,SYNTHETIC EMERGENCY V2X
EMG-EVT-000592,FIRE-01,FIRE_TRUCK,14.3,0.43,25,43.7,49.6,18.1,31.5,CRITICAL,1,SYNTHETIC EMERGENCY V2X
EMG-EVT-000593,AMB-20,AMBULANCE,14.0,0.69,27,31.4,59.2,18.0,41.2,CRITICAL,1,SYNTHETIC EMERGENCY V2X
EMG-EVT-000594,FIRE-08,FIRE_TRUCK,7.6,0.45,15,45.3,28.1,9.8,18.3,CRITICAL,1,SYNTHETIC EMERGENCY V2X
EMG-EVT-000595,AMB-09,AMBULANCE,5.2,0.52,12,44.2,21.5,6.9,14.6,CRITICAL,1,SYNTHETIC EMERGENCY V2X
EMG-EVT-000596,AMB-15,AMBULANCE,11.5,0.87,23,22.6,58.1,14.8,43.3,CRITICAL,1,SYNTHETIC EMERGENCY V2X
EMG-EVT-000597,POL-07,POLICE,2.1,0.39,4,51.8,7.2,2.7,4.5,HIGH,1,SYNTHETIC EMERGENCY V2X
EMG-EVT-000598,FIRE-09,FIRE_TRUCK,11.2,0.49,22,46.4,40.9,14.4,26.5,CRITICAL,1,SYNTHETIC EMERGENCY V2X
EMG-EVT-000599,FIRE-08,FIRE_TRUCK,7.0,0.76,14,30.9,30.4,9.0,21.4,CRITICAL,1,SYNTHETIC EMERGENCY V2X
EMG-EVT-000600,AMB-20,AMBULANCE,6.4,0.94,13,20.4,34.4,8.3,26.1,CRITICAL,1,SYNTHETIC EMERGENCY V2X
EMG-EVT-000601,AMB-12,AMBULANCE,10.2,0.56,20,36.8,40.6,13.1,27.5,CRITICAL,1,SYNTHETIC EMERGENCY V2X
EMG-EVT-000602,AMB-10,AMBULANCE,9.8,0.4,20,51.7,35.4,12.7,22.7,CRITICAL,1,SYNTHETIC EMERGENCY V2X
EMG-EVT-000603,AMB-16,AMBULANCE,7.5,0.61,13,36.8,27.8,9.5,18.3,CRITICAL,1,SYNTHETIC EMERGENCY V2X
EMG-EVT-000604,POL-04,POLICE,5.0,0.53,12,40.1,21.9,6.7,15.2,CRITICAL,1,SYNTHETIC EMERGENCY V2X
EMG-EVT-000605,AMB-18,AMBULANCE,2.6,0.91,6,15.8,17.1,3.4,13.7,CRITICAL,1,SYNTHETIC EMERGENCY V2X
EMG-EVT-000606,AMB-11,AMBULANCE,4.8,0.21,10,57.2,17.0,6.2,10.8,CRITICAL,1,SYNTHETIC EMERGENCY V2X
EMG-EVT-000607,AMB-11,AMBULANCE,4.1,0.45,7,42.9,14.1,5.2,8.9,CRITICAL,1,SYNTHETIC EMERGENCY V2X
EMG-EVT-000608,AMB-18,AMBULANCE,9.3,0.59,17,34.6,36.5,11.8,24.7,CRITICAL,1,SYNTHETIC EMERGENCY V2X
EMG-EVT-000609,AMB-15,AMBULANCE,3.9,0.84,10,17.3,25.5,5.3,20.2,CRITICAL,1,SYNTHETIC EMERGENCY V2X
EMG-EVT-000610,AMB-04,AMBULANCE,5.8,0.44,10,41.4,20.4,7.3,13.1,CRITICAL,1,SYNTHETIC EMERGENCY V2X
EMG-EVT-000611,FIRE-04,FIRE_TRUCK,13.9,0.34,26,51.3,47.5,17.8,29.7,CRITICAL,1,SYNTHETIC EMERGENCY V2X
EMG-EVT-000612,AMB-09,AMBULANCE,11.0,0.71,19,28.0,46.4,13.9,32.5,CRITICAL,1,SYNTHETIC EMERGENCY V2X
EMG-EVT-000613,POL-01,POLICE,4.5,0.55,9,41.1,17.4,5.8,11.6,CRITICAL,1,SYNTHETIC EMERGENCY V2X
EMG-EVT-000614,AMB-13,AMBULANCE,10.6,0.78,20,29.5,45.6,13.6,32.0,CRITICAL,1,SYNTHETIC EMERGENCY V2X
EMG-EVT-000615,FIRE-06,FIRE_TRUCK,13.3,0.64,24,35.5,51.3,16.9,34.4,CRITICAL,1,SYNTHETIC EMERGENCY V2X
EMG-EVT-000616,AMB-06,AMBULANCE,2.2,0.86,5,17.3,13.6,2.9,10.7,CRITICAL,1,SYNTHETIC EMERGENCY V2X
EMG-EVT-000617,FIRE-01,FIRE_TRUCK,3.8,0.72,9,32.5,17.8,5.0,12.8,CRITICAL,1,SYNTHETIC EMERGENCY V2X
EMG-EVT-000618,AMB-06,AMBULANCE,1.6,0.24,2,57.2,4.1,2.0,2.1,CRITICAL,0,SYNTHETIC EMERGENCY V2X
EMG-EVT-000619,POL-02,POLICE,3.0,0.31,5,53.1,9.4,3.8,5.6,HIGH,1,SYNTHETIC EMERGENCY V2X
EMG-EVT-000620,FIRE-10,FIRE_TRUCK,11.1,0.61,20,34.2,43.5,14.1,29.4,CRITICAL,1,SYNTHETIC EMERGENCY V2X
EMG-EVT-000621,POL-10,POLICE,11.3,0.78,21,22.2,55.7,14.4,41.3,CRITICAL,1,SYNTHETIC EMERGENCY V2X
EMG-EVT-000622,AMB-02,AMBULANCE,8.1,0.96,16,18.8,45.1,10.4,34.7,CRITICAL,1,SYNTHETIC EMERGENCY V2X
EMG-EVT-000623,FIRE-02,FIRE_TRUCK,11.5,0.65,20,37.4,42.4,14.5,27.9,CRITICAL,1,SYNTHETIC EMERGENCY V2X
EMG-EVT-000624,AMB-14,AMBULANCE,4.1,0.23,9,59.7,14.9,5.4,9.5,CRITICAL,1,SYNTHETIC EMERGENCY V2X
EMG-EVT-000625,POL-04,POLICE,4.5,0.7,9,29.7,19.9,5.8,14.1,CRITICAL,1,SYNTHETIC EMERGENCY V2X
EMG-EVT-000626,AMB-08,AMBULANCE,15.2,0.84,29,17.4,87.2,19.5,67.7,CRITICAL,1,SYNTHETIC EMERGENCY V2X
EMG-EVT-000627,POL-05,POLICE,9.8,0.23,17,55.3,31.0,12.4,18.6,CRITICAL,1,SYNTHETIC EMERGENCY V2X
EMG-EVT-000628,AMB-18,AMBULANCE,3.8,0.57,8,42.3,15.0,4.9,10.1,CRITICAL,1,SYNTHETIC EMERGENCY V2X
EMG-EVT-000629,AMB-14,AMBULANCE,13.3,0.73,25,26.5,60.1,17.0,43.1,CRITICAL,1,SYNTHETIC EMERGENCY V2X
EMG-EVT-000630,FIRE-09,FIRE_TRUCK,10.2,0.76,21,26.7,48.1,13.2,34.9,CRITICAL,1,SYNTHETIC EMERGENCY V2X
EMG-EVT-000631,FIRE-09,FIRE_TRUCK,14.7,0.7,27,32.5,59.5,18.7,40.8,CRITICAL,1,SYNTHETIC EMERGENCY V2X
EMG-EVT-000632,AMB-05,AMBULANCE,7.4,0.7,16,25.4,36.7,9.7,27.0,CRITICAL,1,SYNTHETIC EMERGENCY V2X
EMG-EVT-000633,AMB-15,AMBULANCE,7.7,0.24,14,53.8,25.4,9.8,15.6,CRITICAL,1,SYNTHETIC EMERGENCY V2X
EMG-EVT-000634,AMB-09,AMBULANCE,12.0,0.73,23,32.5,49.8,15.4,34.4,CRITICAL,1,SYNTHETIC EMERGENCY V2X
EMG-EVT-000635,AMB-10,AMBULANCE,1.6,0.85,5,25.8,9.7,2.2,7.5,CRITICAL,1,SYNTHETIC EMERGENCY V2X
EMG-EVT-000636,AMB-17,AMBULANCE,8.0,0.84,15,18.3,44.2,10.2,34.0,CRITICAL,1,SYNTHETIC EMERGENCY V2X
EMG-EVT-000637,AMB-16,AMBULANCE,8.3,0.94,17,13.3,57.8,10.8,47.0,CRITICAL,1,SYNTHETIC EMERGENCY V2X
EMG-EVT-000638,AMB-05,AMBULANCE,3.8,0.35,7,54.1,12.6,4.8,7.8,CRITICAL,1,SYNTHETIC EMERGENCY V2X
EMG-EVT-000639,POL-05,POLICE,15.3,0.92,30,12.3,110.6,19.7,90.9,CRITICAL,1,SYNTHETIC EMERGENCY V2X
EMG-EVT-000640,AMB-11,AMBULANCE,1.5,0.38,3,51.2,5.4,2.0,3.4,CRITICAL,1,SYNTHETIC EMERGENCY V2X
EMG-EVT-000641,AMB-13,AMBULANCE,15.1,0.21,27,54.6,49.0,19.2,29.8,CRITICAL,1,SYNTHETIC EMERGENCY V2X
EMG-EVT-000642,AMB-05,AMBULANCE,6.7,0.43,13,46.2,24.3,8.6,15.7,CRITICAL,1,SYNTHETIC EMERGENCY V2X
EMG-EVT-000643,AMB-08,AMBULANCE,8.0,0.47,16,46.7,29.5,10.3,19.2,CRITICAL,1,SYNTHETIC EMERGENCY V2X
EMG-EVT-000644,AMB-12,AMBULANCE,15.7,0.63,29,35.4,61.4,20.0,41.4,CRITICAL,1,SYNTHETIC EMERGENCY V2X
EMG-EVT-000645,FIRE-08,FIRE_TRUCK,6.1,0.59,13,39.7,24.8,8.0,16.8,CRITICAL,1,SYNTHETIC EMERGENCY V2X
EMG-EVT-000646,AMB-17,AMBULANCE,2.7,0.63,5,37.9,10.3,3.4,6.9,CRITICAL,1,SYNTHETIC EMERGENCY V2X
EMG-EVT-000647,FIRE-04,FIRE_TRUCK,12.3,0.36,24,46.5,44.7,15.8,28.9,CRITICAL,1,SYNTHETIC EMERGENCY V2X
EMG-EVT-000648,AMB-13,AMBULANCE,3.1,0.37,7,52.6,11.9,4.1,7.8,CRITICAL,1,SYNTHETIC EMERGENCY V2X
EMG-EVT-000649,FIRE-04,FIRE_TRUCK,10.7,0.8,20,21.2,54.3,13.7,40.6,CRITICAL,1,SYNTHETIC EMERGENCY V2X
EMG-EVT-000650,AMB-13,AMBULANCE,10.7,0.58,20,32.8,43.6,13.7,29.9,CRITICAL,1,SYNTHETIC EMERGENCY V2X
EMG-EVT-000651,POL-05,POLICE,8.8,0.91,18,19.4,48.8,11.4,37.4,CRITICAL,1,SYNTHETIC EMERGENCY V2X
EMG-EVT-000652,AMB-17,AMBULANCE,11.7,0.42,24,46.8,43.8,15.2,28.6,CRITICAL,1,SYNTHETIC EMERGENCY V2X
EMG-EVT-000653,AMB-07,AMBULANCE,12.0,0.52,23,40.6,45.3,15.4,29.9,CRITICAL,1,SYNTHETIC EMERGENCY V2X
EMG-EVT-000654,AMB-08,AMBULANCE,14.9,0.71,29,26.0,69.2,19.2,50.0,CRITICAL,1,SYNTHETIC EMERGENCY V2X
EMG-EVT-000655,AMB-07,AMBULANCE,9.4,0.55,16,34.8,35.4,11.9,23.5,CRITICAL,1,SYNTHETIC EMERGENCY V2X
EMG-EVT-000656,AMB-07,AMBULANCE,3.7,0.44,9,43.3,15.9,4.9,11.0,CRITICAL,1,SYNTHETIC EMERGENCY V2X
EMG-EVT-000657,AMB-20,AMBULANCE,3.0,0.62,5,36.6,10.9,3.8,7.1,CRITICAL,1,SYNTHETIC EMERGENCY V2X
EMG-EVT-000658,AMB-16,AMBULANCE,11.0,0.81,22,25.6,52.2,14.2,38.0,CRITICAL,1,SYNTHETIC EMERGENCY V2X
EMG-EVT-000659,FIRE-06,FIRE_TRUCK,13.1,0.67,25,34.0,53.1,16.8,36.3,CRITICAL,1,SYNTHETIC EMERGENCY V2X
EMG-EVT-000660,AMB-20,AMBULANCE,2.5,0.8,5,26.5,11.7,3.2,8.5,CRITICAL,1,SYNTHETIC EMERGENCY V2X
EMG-EVT-000661,FIRE-01,FIRE_TRUCK,13.9,0.39,26,53.2,46.9,17.8,29.1,CRITICAL,1,SYNTHETIC EMERGENCY V2X
EMG-EVT-000662,AMB-17,AMBULANCE,2.1,0.54,5,36.7,9.4,2.8,6.6,CRITICAL,1,SYNTHETIC EMERGENCY V2X
EMG-EVT-000663,AMB-14,AMBULANCE,2.9,0.84,5,17.7,15.8,3.7,12.1,CRITICAL,1,SYNTHETIC EMERGENCY V2X
EMG-EVT-000664,AMB-03,AMBULANCE,6.9,0.94,15,16.9,42.5,9.0,33.5,CRITICAL,1,SYNTHETIC EMERGENCY V2X
EMG-EVT-000665,FIRE-04,FIRE_TRUCK,3.0,0.36,6,51.0,10.7,3.9,6.8,HIGH,1,SYNTHETIC EMERGENCY V2X
EMG-EVT-000666,AMB-07,AMBULANCE,8.8,0.73,17,32.7,36.5,11.3,25.2,CRITICAL,1,SYNTHETIC EMERGENCY V2X
EMG-EVT-000667,FIRE-07,FIRE_TRUCK,15.9,0.51,30,39.7,60.0,20.3,39.7,CRITICAL,1,SYNTHETIC EMERGENCY V2X
EMG-EVT-000668,FIRE-07,FIRE_TRUCK,9.1,0.44,19,42.9,35.5,11.8,23.7,CRITICAL,1,SYNTHETIC EMERGENCY V2X
EMG-EVT-000669,AMB-03,AMBULANCE,12.6,0.26,25,55.5,43.6,16.2,27.4,CRITICAL,1,SYNTHETIC EMERGENCY V2X
EMG-EVT-000670,FIRE-10,FIRE_TRUCK,10.4,0.55,19,40.1,38.4,13.2,25.2,CRITICAL,1,SYNTHETIC EMERGENCY V2X
EMG-EVT-000671,POL-06,POLICE,7.1,0.58,15,39.3,28.8,9.2,19.6,CRITICAL,1,SYNTHETIC EMERGENCY V2X
EMG-EVT-000672,AMB-13,AMBULANCE,5.9,0.35,13,53.2,22.3,7.7,14.6,CRITICAL,1,SYNTHETIC EMERGENCY V2X
EMG-EVT-000673,FIRE-07,FIRE_TRUCK,6.6,0.89,14,20.9,35.7,8.6,27.1,CRITICAL,1,SYNTHETIC EMERGENCY V2X
EMG-EVT-000674,AMB-11,AMBULANCE,15.2,0.69,28,25.7,69.1,19.4,49.7,CRITICAL,1,SYNTHETIC EMERGENCY V2X
EMG-EVT-000675,AMB-08,AMBULANCE,7.0,0.35,13,47.8,24.4,8.9,15.5,CRITICAL,1,SYNTHETIC EMERGENCY V2X
EMG-EVT-000676,AMB-08,AMBULANCE,4.6,0.28,8,51.6,14.9,5.8,9.1,CRITICAL,1,SYNTHETIC EMERGENCY V2X
EMG-EVT-000677,AMB-11,AMBULANCE,3.3,0.38,6,47.5,11.4,4.2,7.2,CRITICAL,1,SYNTHETIC EMERGENCY V2X
EMG-EVT-000678,FIRE-01,FIRE_TRUCK,6.6,0.39,12,49.0,22.5,8.4,14.1,CRITICAL,1,SYNTHETIC EMERGENCY V2X
EMG-EVT-000679,FIRE-02,FIRE_TRUCK,14.9,0.72,29,30.6,64.0,19.2,44.8,CRITICAL,1,SYNTHETIC EMERGENCY V2X
EMG-EVT-000680,AMB-01,AMBULANCE,5.2,0.67,9,31.7,20.6,6.6,14.0,CRITICAL,1,SYNTHETIC EMERGENCY V2X
EMG-EVT-000681,AMB-10,AMBULANCE,15.9,0.86,30,15.5,97.5,20.3,77.2,CRITICAL,1,SYNTHETIC EMERGENCY V2X
EMG-EVT-000682,POL-05,POLICE,6.1,0.68,10,29.2,24.5,7.7,16.8,CRITICAL,1,SYNTHETIC EMERGENCY V2X
EMG-EVT-000683,FIRE-09,FIRE_TRUCK,7.9,0.58,14,38.8,29.0,10.0,19.0,CRITICAL,1,SYNTHETIC EMERGENCY V2X
EMG-EVT-000684,AMB-02,AMBULANCE,6.2,0.7,11,26.4,27.3,7.9,19.4,CRITICAL,1,SYNTHETIC EMERGENCY V2X
EMG-EVT-000685,AMB-03,AMBULANCE,7.6,0.76,16,30.0,34.4,9.9,24.5,CRITICAL,1,SYNTHETIC EMERGENCY V2X
EMG-EVT-000686,AMB-05,AMBULANCE,13.7,0.32,24,57.0,43.2,17.3,25.9,CRITICAL,1,SYNTHETIC EMERGENCY V2X
EMG-EVT-000687,FIRE-09,FIRE_TRUCK,3.0,0.37,6,48.7,10.9,3.9,7.0,HIGH,1,SYNTHETIC EMERGENCY V2X
EMG-EVT-000688,AMB-15,AMBULANCE,12.9,0.96,25,10.8,101.7,16.6,85.1,CRITICAL,1,SYNTHETIC EMERGENCY V2X
EMG-EVT-000689,AMB-08,AMBULANCE,7.8,0.53,14,40.7,28.3,9.9,18.4,CRITICAL,1,SYNTHETIC EMERGENCY V2X
EMG-EVT-000690,POL-07,POLICE,3.8,0.49,6,42.3,12.6,4.7,7.9,CRITICAL,1,SYNTHETIC EMERGENCY V2X
EMG-EVT-000691,AMB-09,AMBULANCE,2.7,0.47,4,42.6,8.6,3.3,5.3,CRITICAL,1,SYNTHETIC EMERGENCY V2X
EMG-EVT-000692,AMB-02,AMBULANCE,4.8,0.61,10,36.5,19.9,6.2,13.7,CRITICAL,1,SYNTHETIC EMERGENCY V2X
EMG-EVT-000693,AMB-05,AMBULANCE,12.2,0.25,24,54.3,42.3,15.7,26.6,CRITICAL,1,SYNTHETIC EMERGENCY V2X
EMG-EVT-000694,AMB-03,AMBULANCE,11.0,0.84,20,16.7,63.5,14.0,49.5,CRITICAL,1,SYNTHETIC EMERGENCY V2X
EMG-EVT-000695,AMB-04,AMBULANCE,9.7,0.48,18,41.0,35.8,12.4,23.4,CRITICAL,1,SYNTHETIC EMERGENCY V2X
EMG-EVT-000696,AMB-12,AMBULANCE,9.8,0.83,19,19.0,53.7,12.6,41.1,CRITICAL,1,SYNTHETIC EMERGENCY V2X
EMG-EVT-000697,FIRE-01,FIRE_TRUCK,2.6,0.66,6,33.4,11.9,3.4,8.5,HIGH,1,SYNTHETIC EMERGENCY V2X
EMG-EVT-000698,FIRE-05,FIRE_TRUCK,10.2,0.59,18,36.3,38.5,12.9,25.6,CRITICAL,1,SYNTHETIC EMERGENCY V2X
EMG-EVT-000699,AMB-14,AMBULANCE,13.2,0.41,24,50.4,44.5,16.8,27.7,CRITICAL,1,SYNTHETIC EMERGENCY V2X
EMG-EVT-000700,AMB-01,AMBULANCE,9.9,0.92,17,16.9,55.5,12.5,43.0,CRITICAL,1,SYNTHETIC EMERGENCY V2X
EMG-EVT-000701,FIRE-05,FIRE_TRUCK,14.9,0.97,26,16.1,86.7,18.9,67.8,CRITICAL,1,SYNTHETIC EMERGENCY V2X
EMG-EVT-000702,FIRE-05,FIRE_TRUCK,5.9,0.3,12,50.2,21.5,7.6,13.9,CRITICAL,1,SYNTHETIC EMERGENCY V2X
EMG-EVT-000703,AMB-01,AMBULANCE,2.2,0.85,3,22.9,9.4,2.7,6.7,CRITICAL,1,SYNTHETIC EMERGENCY V2X
EMG-EVT-000704,AMB-04,AMBULANCE,5.5,0.45,10,44.1,19.5,7.0,12.5,CRITICAL,1,SYNTHETIC EMERGENCY V2X
EMG-EVT-000705,AMB-09,AMBULANCE,7.4,0.9,13,19.4,38.5,9.4,29.1,CRITICAL,1,SYNTHETIC EMERGENCY V2X
EMG-EVT-000706,AMB-03,AMBULANCE,2.9,0.45,5,46.4,9.8,3.7,6.1,CRITICAL,1,SYNTHETIC EMERGENCY V2X
EMG-EVT-000707,AMB-03,AMBULANCE,5.7,0.45,11,47.8,20.4,7.3,13.1,CRITICAL,1,SYNTHETIC EMERGENCY V2X
EMG-EVT-000708,AMB-17,AMBULANCE,9.9,0.66,19,37.3,38.7,12.7,26.0,CRITICAL,1,SYNTHETIC EMERGENCY V2X
EMG-EVT-000709,AMB-09,AMBULANCE,8.3,0.75,14,28.2,34.5,10.5,24.0,CRITICAL,1,SYNTHETIC EMERGENCY V2X
EMG-EVT-000710,AMB-06,AMBULANCE,4.2,0.77,8,23.7,20.2,5.4,14.8,CRITICAL,1,SYNTHETIC EMERGENCY V2X
EMG-EVT-000711,FIRE-09,FIRE_TRUCK,15.9,0.4,30,50.7,54.8,20.3,34.5,CRITICAL,1,SYNTHETIC EMERGENCY V2X
EMG-EVT-000712,AMB-01,AMBULANCE,9.7,0.7,18,29.6,41.3,12.4,28.9,CRITICAL,1,SYNTHETIC EMERGENCY V2X
EMG-EVT-000713,AMB-18,AMBULANCE,4.0,0.54,9,42.1,16.5,5.3,11.2,CRITICAL,1,SYNTHETIC EMERGENCY V2X
EMG-EVT-000714,AMB-15,AMBULANCE,8.4,0.8,16,19.7,44.8,10.8,34.0,CRITICAL,1,SYNTHETIC EMERGENCY V2X
EMG-EVT-000715,AMB-02,AMBULANCE,14.2,0.56,26,38.8,53.2,18.1,35.1,CRITICAL,1,SYNTHETIC EMERGENCY V2X
EMG-EVT-000716,AMB-17,AMBULANCE,9.2,0.57,18,42.7,34.5,11.8,22.7,CRITICAL,1,SYNTHETIC EMERGENCY V2X
EMG-EVT-000717,POL-03,POLICE,15.6,0.89,31,16.4,94.3,20.1,74.2,CRITICAL,1,SYNTHETIC EMERGENCY V2X
EMG-EVT-000718,FIRE-03,FIRE_TRUCK,4.9,0.8,10,21.7,25.5,6.3,19.2,CRITICAL,1,SYNTHETIC EMERGENCY V2X
EMG-EVT-000719,AMB-15,AMBULANCE,13.4,0.43,27,46.1,49.8,17.3,32.5,CRITICAL,1,SYNTHETIC EMERGENCY V2X
EMG-EVT-000720,FIRE-08,FIRE_TRUCK,6.5,0.4,11,47.1,21.5,8.2,13.3,CRITICAL,1,SYNTHETIC EMERGENCY V2X
EMG-EVT-000721,AMB-02,AMBULANCE,14.5,0.81,29,25.7,68.7,18.7,50.0,CRITICAL,1,SYNTHETIC EMERGENCY V2X
EMG-EVT-000722,FIRE-05,FIRE_TRUCK,10.5,0.28,20,57.9,34.9,13.5,21.4,CRITICAL,1,SYNTHETIC EMERGENCY V2X
EMG-EVT-000723,FIRE-02,FIRE_TRUCK,8.3,0.74,17,23.0,42.1,10.8,31.3,CRITICAL,1,SYNTHETIC EMERGENCY V2X
EMG-EVT-000724,AMB-13,AMBULANCE,9.4,0.22,18,59.1,31.1,12.1,19.0,CRITICAL,1,SYNTHETIC EMERGENCY V2X
EMG-EVT-000725,AMB-12,AMBULANCE,15.8,0.94,28,11.8,113.9,20.0,93.9,CRITICAL,1,SYNTHETIC EMERGENCY V2X
EMG-EVT-000726,POL-08,POLICE,2.3,0.44,4,46.3,7.8,2.9,4.9,HIGH,1,SYNTHETIC EMERGENCY V2X
EMG-EVT-000727,AMB-01,AMBULANCE,11.3,0.78,21,25.7,51.6,14.4,37.2,CRITICAL,1,SYNTHETIC EMERGENCY V2X
EMG-EVT-000728,AMB-02,AMBULANCE,8.6,0.51,15,37.5,31.8,10.9,20.9,CRITICAL,1,SYNTHETIC EMERGENCY V2X
EMG-EVT-000729,FIRE-09,FIRE_TRUCK,9.4,0.81,18,18.8,51.6,12.1,39.5,CRITICAL,1,SYNTHETIC EMERGENCY V2X
EMG-EVT-000730,AMB-09,AMBULANCE,5.6,0.78,11,23.2,27.7,7.2,20.5,CRITICAL,1,SYNTHETIC EMERGENCY V2X
EMG-EVT-000731,AMB-16,AMBULANCE,8.1,0.7,17,29.4,36.9,10.5,26.4,CRITICAL,1,SYNTHETIC EMERGENCY V2X
EMG-EVT-000732,AMB-16,AMBULANCE,2.6,0.33,6,48.3,10.4,3.4,7.0,CRITICAL,1,SYNTHETIC EMERGENCY V2X
EMG-EVT-000733,FIRE-03,FIRE_TRUCK,3.0,0.6,8,33.5,15.0,4.1,10.9,CRITICAL,1,SYNTHETIC EMERGENCY V2X
EMG-EVT-000734,AMB-14,AMBULANCE,6.2,0.34,14,51.2,24.1,8.2,15.9,CRITICAL,1,SYNTHETIC EMERGENCY V2X
EMG-EVT-000735,AMB-06,AMBULANCE,2.7,0.62,7,30.8,13.7,3.6,10.1,CRITICAL,1,SYNTHETIC EMERGENCY V2X
EMG-EVT-000736,AMB-07,AMBULANCE,8.2,0.31,15,56.6,26.7,10.4,16.3,CRITICAL,1,SYNTHETIC EMERGENCY V2X
EMG-EVT-000737,AMB-16,AMBULANCE,5.0,0.34,9,47.4,17.1,6.4,10.7,CRITICAL,1,SYNTHETIC EMERGENCY V2X
EMG-EVT-000738,AMB-09,AMBULANCE,15.0,0.34,27,48.6,50.9,19.1,31.8,CRITICAL,1,SYNTHETIC EMERGENCY V2X
EMG-EVT-000739,AMB-13,AMBULANCE,9.4,0.93,19,13.2,65.5,12.2,53.3,CRITICAL,1,SYNTHETIC EMERGENCY V2X
EMG-EVT-000740,AMB-13,AMBULANCE,9.4,0.96,16,18.6,49.5,11.9,37.6,CRITICAL,1,SYNTHETIC EMERGENCY V2X
EMG-EVT-000741,AMB-10,AMBULANCE,13.7,0.65,26,33.4,55.8,17.5,38.3,CRITICAL,1,SYNTHETIC EMERGENCY V2X
EMG-EVT-000742,AMB-09,AMBULANCE,8.8,0.59,16,34.7,34.4,11.2,23.2,CRITICAL,1,SYNTHETIC EMERGENCY V2X
EMG-EVT-000743,FIRE-10,FIRE_TRUCK,13.7,0.87,27,19.3,75.0,17.6,57.4,CRITICAL,1,SYNTHETIC EMERGENCY V2X
EMG-EVT-000744,AMB-19,AMBULANCE,4.6,0.43,11,42.6,19.7,6.1,13.6,CRITICAL,1,SYNTHETIC EMERGENCY V2X
EMG-EVT-000745,POL-03,POLICE,10.6,0.77,19,24.3,49.0,13.5,35.5,CRITICAL,1,SYNTHETIC EMERGENCY V2X
EMG-EVT-000746,AMB-02,AMBULANCE,13.1,0.3,26,54.7,45.6,16.9,28.7,CRITICAL,1,SYNTHETIC EMERGENCY V2X
EMG-EVT-000747,AMB-02,AMBULANCE,4.0,0.45,9,43.1,16.4,5.3,11.1,CRITICAL,1,SYNTHETIC EMERGENCY V2X
EMG-EVT-000748,AMB-09,AMBULANCE,14.3,0.37,28,44.9,52.7,18.4,34.3,CRITICAL,1,SYNTHETIC EMERGENCY V2X
EMG-EVT-000749,FIRE-04,FIRE_TRUCK,9.8,0.69,17,35.0,37.2,12.4,24.8,CRITICAL,1,SYNTHETIC EMERGENCY V2X
EMG-EVT-000750,AMB-19,AMBULANCE,7.8,0.62,15,32.7,32.3,10.0,22.3,CRITICAL,1,SYNTHETIC EMERGENCY V2X
EMG-EVT-000751,FIRE-08,FIRE_TRUCK,8.3,0.59,15,35.9,31.9,10.6,21.3,CRITICAL,1,SYNTHETIC EMERGENCY V2X
EMG-EVT-000752,AMB-13,AMBULANCE,12.6,0.65,25,33.7,52.4,16.2,36.2,CRITICAL,1,SYNTHETIC EMERGENCY V2X
EMG-EVT-000753,AMB-09,AMBULANCE,10.5,0.25,21,55.0,36.7,13.6,23.1,CRITICAL,1,SYNTHETIC EMERGENCY V2X
EMG-EVT-000754,FIRE-09,FIRE_TRUCK,12.2,0.43,21,47.7,40.5,15.4,25.1,CRITICAL,1,SYNTHETIC EMERGENCY V2X
EMG-EVT-000755,AMB-02,AMBULANCE,16.0,0.64,28,28.8,66.9,20.3,46.6,CRITICAL,1,SYNTHETIC EMERGENCY V2X
EMG-EVT-000756,FIRE-03,FIRE_TRUCK,3.3,0.49,8,44.7,14.0,4.4,9.6,CRITICAL,1,SYNTHETIC EMERGENCY V2X
EMG-EVT-000757,POL-04,POLICE,2.1,0.64,3,31.5,7.6,2.6,5.0,HIGH,1,SYNTHETIC EMERGENCY V2X
EMG-EVT-000758,AMB-17,AMBULANCE,13.3,0.91,26,13.1,92.1,17.1,75.0,CRITICAL,1,SYNTHETIC EMERGENCY V2X
EMG-EVT-000759,AMB-20,AMBULANCE,8.9,0.27,18,54.1,31.5,11.5,20.0,CRITICAL,1,SYNTHETIC EMERGENCY V2X
EMG-EVT-000760,POL-04,POLICE,14.4,0.26,28,52.0,50.2,18.5,31.7,CRITICAL,1,SYNTHETIC EMERGENCY V2X
EMG-EVT-000761,AMB-01,AMBULANCE,5.8,0.52,13,42.2,23.8,7.6,16.2,CRITICAL,1,SYNTHETIC EMERGENCY V2X
EMG-EVT-000762,FIRE-07,FIRE_TRUCK,7.9,0.86,14,21.4,38.9,10.0,28.9,CRITICAL,1,SYNTHETIC EMERGENCY V2X
EMG-EVT-000763,POL-05,POLICE,1.7,0.61,3,39.6,6.2,2.2,4.0,HIGH,1,SYNTHETIC EMERGENCY V2X
EMG-EVT-000764,AMB-19,AMBULANCE,8.1,0.34,17,46.7,30.8,10.5,20.3,CRITICAL,1,SYNTHETIC EMERGENCY V2X
EMG-EVT-000765,FIRE-10,FIRE_TRUCK,8.7,0.5,15,44.3,29.8,11.0,18.8,CRITICAL,1,SYNTHETIC EMERGENCY V2X
EMG-EVT-000766,AMB-13,AMBULANCE,7.8,0.78,15,21.5,39.8,10.0,29.8,CRITICAL,1,SYNTHETIC EMERGENCY V2X
EMG-EVT-000767,AMB-11,AMBULANCE,15.2,0.53,28,43.3,54.7,19.4,35.3,CRITICAL,1,SYNTHETIC EMERGENCY V2X
EMG-EVT-000768,POL-10,POLICE,9.8,0.81,17,22.4,46.7,12.4,34.3,CRITICAL,1,SYNTHETIC EMERGENCY V2X
EMG-EVT-000769,AMB-09,AMBULANCE,15.3,0.95,30,18.7,85.1,19.7,65.4,CRITICAL,1,SYNTHETIC EMERGENCY V2X
EMG-EVT-000770,FIRE-02,FIRE_TRUCK,4.3,0.96,9,13.0,30.6,5.6,25.0,CRITICAL,1,SYNTHETIC EMERGENCY V2X
EMG-EVT-000771,AMB-03,AMBULANCE,5.4,0.44,10,46.0,19.0,6.9,12.1,CRITICAL,1,SYNTHETIC EMERGENCY V2X
EMG-EVT-000772,AMB-10,AMBULANCE,3.6,0.53,6,44.4,12.1,4.5,7.6,CRITICAL,1,SYNTHETIC EMERGENCY V2X
EMG-EVT-000773,POL-06,POLICE,10.2,0.56,21,38.7,41.0,13.2,27.8,CRITICAL,1,SYNTHETIC EMERGENCY V2X
EMG-EVT-000774,AMB-19,AMBULANCE,5.5,0.69,11,33.8,23.0,7.1,15.9,CRITICAL,1,SYNTHETIC EMERGENCY V2X
EMG-EVT-000775,AMB-08,AMBULANCE,9.9,0.61,19,36.8,38.9,12.7,26.2,CRITICAL,1,SYNTHETIC EMERGENCY V2X
EMG-EVT-000776,POL-09,POLICE,4.1,0.39,10,50.4,16.9,5.5,11.4,CRITICAL,1,SYNTHETIC EMERGENCY V2X
EMG-EVT-000777,AMB-18,AMBULANCE,7.9,0.73,14,33.1,31.1,10.0,21.1,CRITICAL,1,SYNTHETIC EMERGENCY V2X
EMG-EVT-000778,AMB-12,AMBULANCE,7.0,0.61,14,35.6,28.6,9.0,19.6,CRITICAL,1,SYNTHETIC EMERGENCY V2X
EMG-EVT-000779,FIRE-08,FIRE_TRUCK,7.3,0.35,15,50.0,26.8,9.5,17.3,CRITICAL,1,SYNTHETIC EMERGENCY V2X
EMG-EVT-000780,AMB-01,AMBULANCE,6.9,0.37,13,50.9,23.7,8.8,14.9,CRITICAL,1,SYNTHETIC EMERGENCY V2X
EMG-EVT-000781,FIRE-04,FIRE_TRUCK,6.1,0.79,13,24.2,30.7,8.0,22.7,CRITICAL,1,SYNTHETIC EMERGENCY V2X
EMG-EVT-000782,AMB-03,AMBULANCE,4.8,0.75,9,24.2,22.7,6.1,16.6,CRITICAL,1,SYNTHETIC EMERGENCY V2X
EMG-EVT-000783,AMB-19,AMBULANCE,7.7,0.65,16,30.2,34.5,10.0,24.5,CRITICAL,1,SYNTHETIC EMERGENCY V2X
EMG-EVT-000784,AMB-02,AMBULANCE,6.5,0.29,12,54.8,21.5,8.3,13.2,CRITICAL,1,SYNTHETIC EMERGENCY V2X
EMG-EVT-000785,AMB-05,AMBULANCE,12.8,0.57,24,40.5,47.8,16.4,31.4,CRITICAL,1,SYNTHETIC EMERGENCY V2X
EMG-EVT-000786,AMB-11,AMBULANCE,11.1,0.87,19,23.0,51.8,14.0,37.8,CRITICAL,1,SYNTHETIC EMERGENCY V2X
EMG-EVT-000787,AMB-06,AMBULANCE,6.9,0.28,15,59.3,25.0,9.0,16.0,CRITICAL,1,SYNTHETIC EMERGENCY V2X
EMG-EVT-000788,FIRE-09,FIRE_TRUCK,16.0,0.57,29,42.0,57.7,20.4,37.3,CRITICAL,1,SYNTHETIC EMERGENCY V2X
EMG-EVT-000789,AMB-16,AMBULANCE,14.8,0.33,28,48.8,51.8,18.9,32.9,CRITICAL,1,SYNTHETIC EMERGENCY V2X
EMG-EVT-000790,AMB-16,AMBULANCE,10.4,0.91,19,20.9,52.7,13.2,39.5,CRITICAL,1,SYNTHETIC EMERGENCY V2X
EMG-EVT-000791,AMB-13,AMBULANCE,6.1,0.89,12,23.5,30.0,7.9,22.1,CRITICAL,1,SYNTHETIC EMERGENCY V2X
EMG-EVT-000792,POL-05,POLICE,9.4,0.21,18,58.1,31.3,12.1,19.2,CRITICAL,1,SYNTHETIC EMERGENCY V2X
EMG-EVT-000793,FIRE-04,FIRE_TRUCK,9.4,0.75,18,30.9,39.9,12.1,27.8,CRITICAL,1,SYNTHETIC EMERGENCY V2X
EMG-EVT-000794,POL-09,POLICE,6.7,0.45,14,40.7,26.7,8.7,18.0,CRITICAL,1,SYNTHETIC EMERGENCY V2X
EMG-EVT-000795,FIRE-10,FIRE_TRUCK,15.2,0.35,28,55.6,50.0,19.4,30.6,CRITICAL,1,SYNTHETIC EMERGENCY V2X
EMG-EVT-000796,AMB-14,AMBULANCE,11.9,0.72,24,26.4,55.8,15.4,40.4,CRITICAL,1,SYNTHETIC EMERGENCY V2X
EMG-EVT-000797,POL-06,POLICE,4.1,0.57,10,35.1,19.0,5.5,13.5,CRITICAL,1,SYNTHETIC EMERGENCY V2X
EMG-EVT-000798,AMB-01,AMBULANCE,4.8,0.6,10,36.9,19.8,6.2,13.6,CRITICAL,1,SYNTHETIC EMERGENCY V2X
EMG-EVT-000799,AMB-03,AMBULANCE,8.6,0.83,18,19.4,48.2,11.2,37.0,CRITICAL,1,SYNTHETIC EMERGENCY V2X
EMG-EVT-000800,AMB-19,AMBULANCE,9.4,0.67,19,36.6,38.2,12.2,26.0,CRITICAL,1,SYNTHETIC EMERGENCY V2X
EMG-EVT-000801,POL-03,POLICE,11.9,0.46,21,48.6,39.9,15.1,24.8,CRITICAL,1,SYNTHETIC EMERGENCY V2X
EMG-EVT-000802,FIRE-04,FIRE_TRUCK,12.6,0.28,22,55.6,40.0,15.9,24.1,CRITICAL,1,SYNTHETIC EMERGENCY V2X
EMG-EVT-000803,AMB-06,AMBULANCE,6.2,0.68,14,29.9,29.2,8.2,21.0,CRITICAL,1,SYNTHETIC EMERGENCY V2X
EMG-EVT-000804,AMB-10,AMBULANCE,3.1,0.91,7,21.5,17.1,4.1,13.0,CRITICAL,1,SYNTHETIC EMERGENCY V2X
EMG-EVT-000805,FIRE-03,FIRE_TRUCK,8.9,0.86,16,19.5,46.6,11.3,35.3,CRITICAL,1,SYNTHETIC EMERGENCY V2X
EMG-EVT-000806,AMB-03,AMBULANCE,4.1,0.43,10,48.2,17.1,5.5,11.6,CRITICAL,1,SYNTHETIC EMERGENCY V2X
EMG-EVT-000807,AMB-20,AMBULANCE,3.2,0.54,8,35.4,15.0,4.3,10.7,CRITICAL,1,SYNTHETIC EMERGENCY V2X
EMG-EVT-000808,FIRE-04,FIRE_TRUCK,11.1,0.47,19,41.7,38.8,14.0,24.8,CRITICAL,1,SYNTHETIC EMERGENCY V2X
EMG-EVT-000809,AMB-20,AMBULANCE,7.6,0.61,16,38.0,31.2,9.9,21.3,CRITICAL,1,SYNTHETIC EMERGENCY V2X
EMG-EVT-000810,AMB-10,AMBULANCE,14.8,0.67,27,30.7,61.3,18.8,42.5,CRITICAL,1,SYNTHETIC EMERGENCY V2X
EMG-EVT-000811,AMB-17,AMBULANCE,3.8,0.4,6,52.8,11.5,4.7,6.8,CRITICAL,1,SYNTHETIC EMERGENCY V2X
EMG-EVT-000812,AMB-02,AMBULANCE,15.8,0.52,29,38.3,59.6,20.1,39.5,CRITICAL,1,SYNTHETIC EMERGENCY V2X
EMG-EVT-000813,AMB-12,AMBULANCE,7.4,0.72,13,33.5,28.9,9.4,19.5,CRITICAL,1,SYNTHETIC EMERGENCY V2X
EMG-EVT-000814,AMB-10,AMBULANCE,6.8,0.34,12,53.0,22.1,8.6,13.5,CRITICAL,1,SYNTHETIC EMERGENCY V2X
EMG-EVT-000815,AMB-06,AMBULANCE,8.2,0.43,17,42.9,31.9,10.6,21.3,CRITICAL,1,SYNTHETIC EMERGENCY V2X
EMG-EVT-000816,AMB-17,AMBULANCE,10.7,0.82,20,25.4,49.3,13.7,35.6,CRITICAL,1,SYNTHETIC EMERGENCY V2X
EMG-EVT-000817,AMB-13,AMBULANCE,2.7,0.37,5,48.3,9.4,3.4,6.0,CRITICAL,1,SYNTHETIC EMERGENCY V2X
EMG-EVT-000818,FIRE-06,FIRE_TRUCK,14.6,0.49,29,45.4,54.1,18.8,35.3,CRITICAL,1,SYNTHETIC EMERGENCY V2X
EMG-EVT-000819,AMB-12,AMBULANCE,11.4,0.59,22,41.5,42.9,14.6,28.3,CRITICAL,1,SYNTHETIC EMERGENCY V2X
EMG-EVT-000820,AMB-13,AMBULANCE,4.0,0.87,9,18.0,24.1,5.3,18.8,CRITICAL,1,SYNTHETIC EMERGENCY V2X
EMG-EVT-000821,AMB-08,AMBULANCE,14.6,0.85,27,23.0,70.5,18.6,51.9,CRITICAL,1,SYNTHETIC EMERGENCY V2X
EMG-EVT-000822,AMB-15,AMBULANCE,8.9,0.89,18,22.0,45.9,11.5,34.4,CRITICAL,1,SYNTHETIC EMERGENCY V2X
EMG-EVT-000823,FIRE-03,FIRE_TRUCK,5.5,0.61,11,37.8,21.9,7.1,14.8,CRITICAL,1,SYNTHETIC EMERGENCY V2X
EMG-EVT-000824,AMB-07,AMBULANCE,14.1,0.63,25,37.4,52.6,17.9,34.7,CRITICAL,1,SYNTHETIC EMERGENCY V2X
EMG-EVT-000825,FIRE-01,FIRE_TRUCK,11.5,0.82,21,21.7,57.0,14.6,42.4,CRITICAL,1,SYNTHETIC EMERGENCY V2X
EMG-EVT-000826,AMB-09,AMBULANCE,11.7,0.71,21,34.1,45.8,14.9,30.9,CRITICAL,1,SYNTHETIC EMERGENCY V2X
EMG-EVT-000827,AMB-20,AMBULANCE,4.7,0.67,9,29.8,20.3,6.0,14.3,CRITICAL,1,SYNTHETIC EMERGENCY V2X
EMG-EVT-000828,POL-04,POLICE,6.1,0.35,12,46.3,22.3,7.9,14.4,CRITICAL,1,SYNTHETIC EMERGENCY V2X
EMG-EVT-000829,AMB-08,AMBULANCE,5.8,0.59,12,33.2,24.9,7.5,17.4,CRITICAL,1,SYNTHETIC EMERGENCY V2X
EMG-EVT-000830,FIRE-08,FIRE_TRUCK,14.4,0.72,28,32.2,60.4,18.5,41.9,CRITICAL,1,SYNTHETIC EMERGENCY V2X
EMG-EVT-000831,AMB-02,AMBULANCE,12.1,0.44,23,49.4,42.3,15.5,26.8,CRITICAL,1,SYNTHETIC EMERGENCY V2X
EMG-EVT-000832,AMB-18,AMBULANCE,3.8,0.68,8,32.3,16.7,4.9,11.8,CRITICAL,1,SYNTHETIC EMERGENCY V2X
EMG-EVT-000833,AMB-13,AMBULANCE,15.4,0.55,27,37.2,57.2,19.5,37.7,CRITICAL,1,SYNTHETIC EMERGENCY V2X
EMG-EVT-000834,AMB-11,AMBULANCE,12.2,0.5,24,45.7,44.8,15.7,29.1,CRITICAL,1,SYNTHETIC EMERGENCY V2X
EMG-EVT-000835,AMB-06,AMBULANCE,1.7,0.6,3,35.7,6.5,2.2,4.3,CRITICAL,1,SYNTHETIC EMERGENCY V2X
EMG-EVT-000836,AMB-16,AMBULANCE,8.7,0.29,17,54.9,29.9,11.2,18.7,CRITICAL,1,SYNTHETIC EMERGENCY V2X
EMG-EVT-000837,AMB-04,AMBULANCE,11.6,0.37,20,50.5,37.8,14.7,23.1,CRITICAL,1,SYNTHETIC EMERGENCY V2X
EMG-EVT-000838,AMB-09,AMBULANCE,9.2,0.82,19,22.5,47.3,11.9,35.4,CRITICAL,1,SYNTHETIC EMERGENCY V2X
EMG-EVT-000839,AMB-10,AMBULANCE,8.2,0.36,14,49.2,26.8,10.3,16.5,CRITICAL,1,SYNTHETIC EMERGENCY V2X
EMG-EVT-000840,AMB-05,AMBULANCE,9.9,0.31,19,53.5,33.9,12.7,21.2,CRITICAL,1,SYNTHETIC EMERGENCY V2X
EMG-EVT-000841,AMB-04,AMBULANCE,11.4,0.6,22,36.1,45.3,14.6,30.7,CRITICAL,1,SYNTHETIC EMERGENCY V2X
EMG-EVT-000842,POL-08,POLICE,13.2,0.55,26,35.8,53.3,17.0,36.3,CRITICAL,1,SYNTHETIC EMERGENCY V2X
EMG-EVT-000843,POL-02,POLICE,5.0,0.45,10,47.2,18.4,6.5,11.9,CRITICAL,1,SYNTHETIC EMERGENCY V2X
EMG-EVT-000844,AMB-15,AMBULANCE,6.8,0.32,15,51.1,26.0,8.9,17.1,CRITICAL,1,SYNTHETIC EMERGENCY V2X
EMG-EVT-000845,POL-09,POLICE,3.7,0.25,7,53.4,12.6,4.7,7.9,CRITICAL,1,SYNTHETIC EMERGENCY V2X
EMG-EVT-000846,AMB-14,AMBULANCE,4.6,0.28,10,58.7,16.7,6.0,10.7,CRITICAL,1,SYNTHETIC EMERGENCY V2X
EMG-EVT-000847,AMB-20,AMBULANCE,4.7,0.31,9,52.6,16.2,6.0,10.2,CRITICAL,1,SYNTHETIC EMERGENCY V2X
EMG-EVT-000848,AMB-07,AMBULANCE,13.8,0.38,25,45.7,48.1,17.6,30.5,CRITICAL,1,SYNTHETIC EMERGENCY V2X
EMG-EVT-000849,AMB-02,AMBULANCE,14.3,0.54,25,38.7,52.2,18.1,34.1,CRITICAL,1,SYNTHETIC EMERGENCY V2X
EMG-EVT-000850,FIRE-09,FIRE_TRUCK,10.1,0.59,21,36.6,41.8,13.1,28.7,CRITICAL,1,SYNTHETIC EMERGENCY V2X
EMG-EVT-000851,FIRE-08,FIRE_TRUCK,11.1,0.2,22,63.1,37.0,14.3,22.7,CRITICAL,1,SYNTHETIC EMERGENCY V2X
EMG-EVT-000852,POL-05,POLICE,12.0,0.21,22,63.4,37.8,15.3,22.5,CRITICAL,1,SYNTHETIC EMERGENCY V2X
EMG-EVT-000853,AMB-18,AMBULANCE,14.1,0.82,26,26.6,63.0,18.0,45.0,CRITICAL,1,SYNTHETIC EMERGENCY V2X
EMG-EVT-000854,AMB-07,AMBULANCE,12.7,0.58,24,39.3,48.2,16.3,31.9,CRITICAL,1,SYNTHETIC EMERGENCY V2X
EMG-EVT-000855,AMB-02,AMBULANCE,10.9,0.29,22,51.6,39.1,14.1,25.0,CRITICAL,1,SYNTHETIC EMERGENCY V2X
EMG-EVT-000856,AMB-02,AMBULANCE,4.4,0.65,10,34.0,19.8,5.8,14.0,CRITICAL,1,SYNTHETIC EMERGENCY V2X
EMG-EVT-000857,AMB-11,AMBULANCE,7.0,0.71,15,25.7,34.3,9.1,25.2,CRITICAL,1,SYNTHETIC EMERGENCY V2X
EMG-EVT-000858,AMB-20,AMBULANCE,5.6,0.27,10,58.4,17.8,7.1,10.7,CRITICAL,1,SYNTHETIC EMERGENCY V2X
EMG-EVT-000859,AMB-04,AMBULANCE,5.0,0.83,10,22.8,25.2,6.5,18.7,CRITICAL,1,SYNTHETIC EMERGENCY V2X
EMG-EVT-000860,AMB-18,AMBULANCE,9.7,0.67,17,31.8,38.7,12.3,26.4,CRITICAL,1,SYNTHETIC EMERGENCY V2X
EMG-EVT-000861,AMB-09,AMBULANCE,6.4,0.3,12,49.8,22.1,8.2,13.9,CRITICAL,1,SYNTHETIC EMERGENCY V2X
EMG-EVT-000862,AMB-19,AMBULANCE,4.6,0.54,11,37.8,20.5,6.1,14.4,CRITICAL,1,SYNTHETIC EMERGENCY V2X
EMG-EVT-000863,FIRE-04,FIRE_TRUCK,6.1,0.95,12,17.7,35.1,7.9,27.2,CRITICAL,1,SYNTHETIC EMERGENCY V2X
EMG-EVT-000864,POL-10,POLICE,13.8,0.96,27,18.4,77.4,17.8,59.6,CRITICAL,1,SYNTHETIC EMERGENCY V2X
EMG-EVT-000865,AMB-17,AMBULANCE,5.0,0.21,10,55.7,17.4,6.5,10.9,CRITICAL,1,SYNTHETIC EMERGENCY V2X
EMG-EVT-000866,FIRE-02,FIRE_TRUCK,8.0,0.43,14,44.3,27.6,10.1,17.5,CRITICAL,1,SYNTHETIC EMERGENCY V2X
EMG-EVT-000867,AMB-11,AMBULANCE,15.4,0.62,28,35.3,59.8,19.6,40.2,CRITICAL,1,SYNTHETIC EMERGENCY V2X
EMG-EVT-000868,AMB-15,AMBULANCE,14.4,0.56,26,40.6,52.5,18.3,34.2,CRITICAL,1,SYNTHETIC EMERGENCY V2X
EMG-EVT-000869,AMB-18,AMBULANCE,8.9,0.83,16,17.8,49.2,11.3,37.9,CRITICAL,1,SYNTHETIC EMERGENCY V2X
EMG-EVT-000870,AMB-04,AMBULANCE,14.4,0.64,27,34.1,57.7,18.4,39.3,CRITICAL,1,SYNTHETIC EMERGENCY V2X
EMG-EVT-000871,AMB-11,AMBULANCE,8.6,0.64,15,35.1,32.7,10.9,21.8,CRITICAL,1,SYNTHETIC EMERGENCY V2X
EMG-EVT-000872,AMB-03,AMBULANCE,13.9,0.41,28,42.9,53.0,18.0,35.0,CRITICAL,1,SYNTHETIC EMERGENCY V2X
EMG-EVT-000873,AMB-16,AMBULANCE,7.1,0.9,15,20.3,39.0,9.2,29.8,CRITICAL,1,SYNTHETIC EMERGENCY V2X
EMG-EVT-000874,AMB-17,AMBULANCE,10.7,0.85,22,20.8,57.3,13.9,43.4,CRITICAL,1,SYNTHETIC EMERGENCY V2X
EMG-EVT-000875,AMB-07,AMBULANCE,7.6,0.91,15,19.7,41.1,9.8,31.3,CRITICAL,1,SYNTHETIC EMERGENCY V2X
EMG-EVT-000876,AMB-19,AMBULANCE,10.9,0.42,19,51.5,35.5,13.8,21.7,CRITICAL,1,SYNTHETIC EMERGENCY V2X
EMG-EVT-000877,FIRE-03,FIRE_TRUCK,14.2,0.82,27,23.4,68.8,18.2,50.6,CRITICAL,1,SYNTHETIC EMERGENCY V2X
EMG-EVT-000878,AMB-17,AMBULANCE,3.8,0.69,6,25.8,16.0,4.7,11.3,CRITICAL,1,SYNTHETIC EMERGENCY V2X
EMG-EVT-000879,AMB-14,AMBULANCE,13.2,0.45,26,47.1,48.0,17.0,31.0,CRITICAL,1,SYNTHETIC EMERGENCY V2X
EMG-EVT-000880,AMB-18,AMBULANCE,3.0,0.36,6,47.4,11.0,3.9,7.1,CRITICAL,1,SYNTHETIC EMERGENCY V2X
EMG-EVT-000881,AMB-05,AMBULANCE,11.0,0.46,21,41.4,41.1,14.1,27.0,CRITICAL,1,SYNTHETIC EMERGENCY V2X
EMG-EVT-000882,AMB-12,AMBULANCE,10.4,0.46,21,42.7,39.8,13.4,26.4,CRITICAL,1,SYNTHETIC EMERGENCY V2X
EMG-EVT-000883,POL-07,POLICE,12.8,0.39,26,43.7,48.8,16.6,32.2,CRITICAL,1,SYNTHETIC EMERGENCY V2X
EMG-EVT-000884,AMB-18,AMBULANCE,9.8,0.54,18,34.6,38.6,12.5,26.1,CRITICAL,1,SYNTHETIC EMERGENCY V2X
EMG-EVT-000885,AMB-05,AMBULANCE,4.4,0.35,7,52.8,13.4,5.5,7.9,CRITICAL,1,SYNTHETIC EMERGENCY V2X
EMG-EVT-000886,POL-03,POLICE,2.8,0.26,5,56.1,9.0,3.6,5.4,HIGH,1,SYNTHETIC EMERGENCY V2X
EMG-EVT-000887,AMB-09,AMBULANCE,6.2,0.77,12,23.9,30.0,8.0,22.0,CRITICAL,1,SYNTHETIC EMERGENCY V2X
EMG-EVT-000888,AMB-07,AMBULANCE,9.7,0.8,20,28.6,44.3,12.6,31.7,CRITICAL,1,SYNTHETIC EMERGENCY V2X
EMG-EVT-000889,AMB-02,AMBULANCE,9.4,0.96,18,17.9,53.1,12.1,41.0,CRITICAL,1,SYNTHETIC EMERGENCY V2X
EMG-EVT-000890,AMB-04,AMBULANCE,1.9,0.79,6,28.5,11.2,2.7,8.5,CRITICAL,1,SYNTHETIC EMERGENCY V2X
EMG-EVT-000891,AMB-10,AMBULANCE,11.2,0.43,21,49.7,38.7,14.3,24.4,CRITICAL,1,SYNTHETIC EMERGENCY V2X
EMG-EVT-000892,POL-10,POLICE,4.5,0.66,8,36.0,17.1,5.7,11.4,CRITICAL,1,SYNTHETIC EMERGENCY V2X
EMG-EVT-000893,POL-10,POLICE,11.7,0.76,22,22.2,58.0,15.0,43.0,CRITICAL,1,SYNTHETIC EMERGENCY V2X
EMG-EVT-000894,FIRE-02,FIRE_TRUCK,11.7,0.3,21,53.9,38.2,14.9,23.3,CRITICAL,1,SYNTHETIC EMERGENCY V2X
EMG-EVT-000895,AMB-09,AMBULANCE,11.4,0.3,20,50.1,37.7,14.4,23.3,CRITICAL,1,SYNTHETIC EMERGENCY V2X
EMG-EVT-000896,AMB-09,AMBULANCE,2.0,0.56,5,36.8,9.3,2.7,6.6,CRITICAL,1,SYNTHETIC EMERGENCY V2X
EMG-EVT-000897,FIRE-07,FIRE_TRUCK,15.0,0.34,29,50.4,52.7,19.3,33.4,CRITICAL,1,SYNTHETIC EMERGENCY V2X
EMG-EVT-000898,AMB-19,AMBULANCE,11.3,0.92,20,16.5,65.1,14.3,50.8,CRITICAL,1,SYNTHETIC EMERGENCY V2X
EMG-EVT-000899,AMB-11,AMBULANCE,15.5,0.6,30,36.4,61.5,19.9,41.6,CRITICAL,1,SYNTHETIC EMERGENCY V2X
EMG-EVT-000900,AMB-17,AMBULANCE,15.5,0.45,28,45.7,54.0,19.7,34.3,CRITICAL,1,SYNTHETIC EMERGENCY V2X
EMG-EVT-000901,FIRE-10,FIRE_TRUCK,11.1,0.25,19,58.5,34.2,14.0,20.2,CRITICAL,1,SYNTHETIC EMERGENCY V2X
EMG-EVT-000902,FIRE-09,FIRE_TRUCK,6.9,0.22,14,60.4,23.7,8.9,14.8,CRITICAL,1,SYNTHETIC EMERGENCY V2X
EMG-EVT-000903,AMB-17,AMBULANCE,12.0,0.66,23,31.0,50.8,15.4,35.4,CRITICAL,1,SYNTHETIC EMERGENCY V2X
EMG-EVT-000904,AMB-11,AMBULANCE,6.8,0.96,12,11.4,50.2,8.6,41.6,CRITICAL,1,SYNTHETIC EMERGENCY V2X
EMG-EVT-000905,AMB-16,AMBULANCE,9.1,0.8,19,28.8,41.8,11.8,30.0,CRITICAL,1,SYNTHETIC EMERGENCY V2X
EMG-EVT-000906,AMB-08,AMBULANCE,15.1,0.58,29,40.6,57.1,19.4,37.7,CRITICAL,1,SYNTHETIC EMERGENCY V2X
EMG-EVT-000907,FIRE-08,FIRE_TRUCK,9.2,0.5,16,43.5,31.9,11.6,20.3,CRITICAL,1,SYNTHETIC EMERGENCY V2X
EMG-EVT-000908,AMB-02,AMBULANCE,10.7,0.33,21,54.7,36.9,13.8,23.1,CRITICAL,1,SYNTHETIC EMERGENCY V2X
EMG-EVT-000909,AMB-02,AMBULANCE,12.8,0.8,23,25.0,58.3,16.3,42.0,CRITICAL,1,SYNTHETIC EMERGENCY V2X
EMG-EVT-000910,AMB-05,AMBULANCE,9.0,0.75,16,22.1,43.6,11.4,32.2,CRITICAL,1,SYNTHETIC EMERGENCY V2X
EMG-EVT-000911,AMB-05,AMBULANCE,10.7,0.34,20,56.4,35.4,13.7,21.7,CRITICAL,1,SYNTHETIC EMERGENCY V2X
EMG-EVT-000912,AMB-11,AMBULANCE,2.4,0.32,4,57.2,7.3,3.0,4.3,CRITICAL,1,SYNTHETIC EMERGENCY V2X
EMG-EVT-000913,AMB-14,AMBULANCE,11.9,0.35,23,50.6,41.7,15.3,26.4,CRITICAL,1,SYNTHETIC EMERGENCY V2X
EMG-EVT-000914,AMB-14,AMBULANCE,2.8,0.59,5,39.2,10.3,3.6,6.7,CRITICAL,1,SYNTHETIC EMERGENCY V2X
EMG-EVT-000915,AMB-17,AMBULANCE,2.2,0.58,3,41.8,6.8,2.7,4.1,CRITICAL,1,SYNTHETIC EMERGENCY V2X
EMG-EVT-000916,AMB-18,AMBULANCE,5.3,0.28,11,54.7,19.0,6.9,12.1,CRITICAL,1,SYNTHETIC EMERGENCY V2X
EMG-EVT-000917,POL-05,POLICE,7.4,0.82,14,21.8,37.2,9.5,27.7,CRITICAL,1,SYNTHETIC EMERGENCY V2X
EMG-EVT-000918,AMB-06,AMBULANCE,2.0,0.49,5,44.7,8.7,2.7,6.0,CRITICAL,1,SYNTHETIC EMERGENCY V2X
EMG-EVT-000919,AMB-15,AMBULANCE,7.2,0.26,12,52.6,22.6,9.1,13.5,CRITICAL,1,SYNTHETIC EMERGENCY V2X
EMG-EVT-000920,FIRE-07,FIRE_TRUCK,6.3,0.96,14,10.0,54.6,8.3,46.3,CRITICAL,1,SYNTHETIC EMERGENCY V2X
EMG-EVT-000921,AMB-15,AMBULANCE,8.4,0.37,16,48.4,29.6,10.8,18.8,CRITICAL,1,SYNTHETIC EMERGENCY V2X
EMG-EVT-000922,AMB-20,AMBULANCE,8.6,0.63,16,30.5,36.1,11.0,25.1,CRITICAL,1,SYNTHETIC EMERGENCY V2X
EMG-EVT-000923,AMB-06,AMBULANCE,9.7,0.5,17,37.2,36.0,12.3,23.7,CRITICAL,1,SYNTHETIC EMERGENCY V2X
EMG-EVT-000924,FIRE-09,FIRE_TRUCK,4.4,0.75,8,29.8,18.5,5.6,12.9,CRITICAL,1,SYNTHETIC EMERGENCY V2X
EMG-EVT-000925,AMB-11,AMBULANCE,12.3,0.22,23,58.8,40.2,15.7,24.5,CRITICAL,1,SYNTHETIC EMERGENCY V2X
EMG-EVT-000926,AMB-09,AMBULANCE,12.9,0.55,26,35.3,53.1,16.7,36.4,CRITICAL,1,SYNTHETIC EMERGENCY V2X
EMG-EVT-000927,AMB-07,AMBULANCE,7.1,0.48,14,47.3,25.8,9.1,16.7,CRITICAL,1,SYNTHETIC EMERGENCY V2X
EMG-EVT-000928,AMB-20,AMBULANCE,4.0,0.89,10,18.6,24.9,5.4,19.5,CRITICAL,1,SYNTHETIC EMERGENCY V2X
EMG-EVT-000929,FIRE-05,FIRE_TRUCK,12.2,0.72,22,33.7,48.1,15.5,32.6,CRITICAL,1,SYNTHETIC EMERGENCY V2X
EMG-EVT-000930,POL-03,POLICE,12.2,0.49,22,47.0,42.0,15.5,26.5,CRITICAL,1,SYNTHETIC EMERGENCY V2X
EMG-EVT-000931,AMB-11,AMBULANCE,2.4,0.73,5,26.1,11.5,3.1,8.4,CRITICAL,1,SYNTHETIC EMERGENCY V2X
EMG-EVT-000932,AMB-05,AMBULANCE,9.1,0.79,17,24.1,43.1,11.6,31.5,CRITICAL,1,SYNTHETIC EMERGENCY V2X
EMG-EVT-000933,AMB-03,AMBULANCE,13.1,0.45,25,42.4,48.5,16.8,31.7,CRITICAL,1,SYNTHETIC EMERGENCY V2X
EMG-EVT-000934,AMB-02,AMBULANCE,12.7,0.65,22,36.8,47.1,16.1,31.0,CRITICAL,1,SYNTHETIC EMERGENCY V2X
EMG-EVT-000935,AMB-11,AMBULANCE,2.3,0.4,7,52.0,11.1,3.2,7.9,CRITICAL,1,SYNTHETIC EMERGENCY V2X
EMG-EVT-000936,AMB-14,AMBULANCE,3.6,0.36,8,52.1,13.7,4.7,9.0,CRITICAL,1,SYNTHETIC EMERGENCY V2X
EMG-EVT-000937,POL-06,POLICE,3.3,0.52,8,42.6,14.2,4.4,9.8,CRITICAL,1,SYNTHETIC EMERGENCY V2X
EMG-EVT-000938,AMB-13,AMBULANCE,12.8,0.58,25,35.4,51.7,16.5,35.2,CRITICAL,1,SYNTHETIC EMERGENCY V2X
EMG-EVT-000939,AMB-15,AMBULANCE,6.8,0.42,15,48.2,26.5,8.9,17.6,CRITICAL,1,SYNTHETIC EMERGENCY V2X
EMG-EVT-000940,FIRE-05,FIRE_TRUCK,8.7,0.49,15,39.9,31.1,11.0,20.1,CRITICAL,1,SYNTHETIC EMERGENCY V2X
EMG-EVT-000941,AMB-10,AMBULANCE,3.6,0.75,8,27.7,17.4,4.7,12.7,CRITICAL,1,SYNTHETIC EMERGENCY V2X
EMG-EVT-000942,AMB-04,AMBULANCE,8.6,0.67,17,30.6,37.3,11.1,26.2,CRITICAL,1,SYNTHETIC EMERGENCY V2X
EMG-EVT-000943,AMB-04,AMBULANCE,2.5,0.75,5,31.8,10.7,3.2,7.5,CRITICAL,1,SYNTHETIC EMERGENCY V2X
EMG-EVT-000944,AMB-11,AMBULANCE,12.1,0.66,21,35.8,45.5,15.3,30.2,CRITICAL,1,SYNTHETIC EMERGENCY V2X
EMG-EVT-000945,AMB-17,AMBULANCE,6.5,0.83,14,24.3,32.8,8.5,24.3,CRITICAL,1,SYNTHETIC EMERGENCY V2X
EMG-EVT-000946,AMB-04,AMBULANCE,9.7,0.73,17,32.8,38.1,12.3,25.8,CRITICAL,1,SYNTHETIC EMERGENCY V2X
EMG-EVT-000947,AMB-02,AMBULANCE,15.0,0.27,28,53.8,50.3,19.2,31.1,CRITICAL,1,SYNTHETIC EMERGENCY V2X
EMG-EVT-000948,AMB-10,AMBULANCE,4.7,0.65,8,29.8,19.1,5.9,13.2,CRITICAL,1,SYNTHETIC EMERGENCY V2X
EMG-EVT-000949,FIRE-04,FIRE_TRUCK,4.6,0.82,10,22.9,24.1,6.0,18.1,CRITICAL,1,SYNTHETIC EMERGENCY V2X
EMG-EVT-000950,AMB-05,AMBULANCE,7.3,0.36,16,52.8,27.5,9.6,17.9,CRITICAL,1,SYNTHETIC EMERGENCY V2X
EMG-EVT-000951,AMB-07,AMBULANCE,2.6,0.25,5,61.0,8.6,3.3,5.3,CRITICAL,1,SYNTHETIC EMERGENCY V2X
EMG-EVT-000952,AMB-05,AMBULANCE,2.9,0.72,6,25.4,14.1,3.8,10.3,CRITICAL,1,SYNTHETIC EMERGENCY V2X
EMG-EVT-000953,AMB-19,AMBULANCE,6.3,0.71,14,28.4,30.1,8.3,21.8,CRITICAL,1,SYNTHETIC EMERGENCY V2X
EMG-EVT-000954,AMB-05,AMBULANCE,13.1,0.33,25,54.8,44.3,16.8,27.5,CRITICAL,1,SYNTHETIC EMERGENCY V2X
EMG-EVT-000955,POL-03,POLICE,12.4,0.72,25,27.5,57.1,16.0,41.1,CRITICAL,1,SYNTHETIC EMERGENCY V2X
EMG-EVT-000956,AMB-08,AMBULANCE,6.0,0.94,13,17.0,36.8,7.8,29.0,CRITICAL,1,SYNTHETIC EMERGENCY V2X
EMG-EVT-000957,AMB-07,AMBULANCE,14.1,0.75,28,29.4,62.4,18.2,44.2,CRITICAL,1,SYNTHETIC EMERGENCY V2X
EMG-EVT-000958,AMB-12,AMBULANCE,2.4,0.76,4,27.5,10.0,3.0,7.0,CRITICAL,1,SYNTHETIC EMERGENCY V2X
EMG-EVT-000959,AMB-12,AMBULANCE,11.3,0.86,21,16.4,66.5,14.4,52.1,CRITICAL,1,SYNTHETIC EMERGENCY V2X
EMG-EVT-000960,POL-10,POLICE,6.2,0.73,11,28.4,26.3,7.9,18.4,CRITICAL,1,SYNTHETIC EMERGENCY V2X
EMG-EVT-000961,AMB-20,AMBULANCE,12.7,0.94,23,16.3,74.3,16.2,58.1,CRITICAL,1,SYNTHETIC EMERGENCY V2X
EMG-EVT-000962,AMB-17,AMBULANCE,10.8,0.74,20,31.4,44.6,13.8,30.8,CRITICAL,1,SYNTHETIC EMERGENCY V2X
EMG-EVT-000963,POL-05,POLICE,2.3,0.35,4,51.9,7.5,2.9,4.6,HIGH,1,SYNTHETIC EMERGENCY V2X
EMG-EVT-000964,FIRE-07,FIRE_TRUCK,4.9,0.59,10,36.8,20.0,6.3,13.7,CRITICAL,1,SYNTHETIC EMERGENCY V2X
EMG-EVT-000965,AMB-07,AMBULANCE,3.2,0.78,6,25.2,14.8,4.1,10.7,CRITICAL,1,SYNTHETIC EMERGENCY V2X
EMG-EVT-000966,AMB-20,AMBULANCE,6.2,0.95,11,15.5,37.2,7.9,29.3,CRITICAL,1,SYNTHETIC EMERGENCY V2X
EMG-EVT-000967,AMB-10,AMBULANCE,7.3,0.27,13,56.9,23.3,9.3,14.0,CRITICAL,1,SYNTHETIC EMERGENCY V2X
EMG-EVT-000968,FIRE-02,FIRE_TRUCK,2.5,0.38,5,45.6,9.3,3.2,6.1,HIGH,1,SYNTHETIC EMERGENCY V2X
EMG-EVT-000969,AMB-11,AMBULANCE,3.9,0.91,10,17.2,25.6,5.3,20.3,CRITICAL,1,SYNTHETIC EMERGENCY V2X
EMG-EVT-000970,AMB-04,AMBULANCE,11.5,0.37,21,45.1,40.5,14.6,25.9,CRITICAL,1,SYNTHETIC EMERGENCY V2X
EMG-EVT-000971,AMB-13,AMBULANCE,5.6,0.66,13,30.8,26.5,7.4,19.1,CRITICAL,1,SYNTHETIC EMERGENCY V2X
EMG-EVT-000972,POL-09,POLICE,4.1,0.79,10,26.9,21.1,5.5,15.6,CRITICAL,1,SYNTHETIC EMERGENCY V2X
EMG-EVT-000973,AMB-12,AMBULANCE,9.8,0.91,20,14.3,65.1,12.7,52.4,CRITICAL,1,SYNTHETIC EMERGENCY V2X
EMG-EVT-000974,AMB-12,AMBULANCE,4.0,0.63,7,39.1,14.5,5.1,9.4,CRITICAL,1,SYNTHETIC EMERGENCY V2X
EMG-EVT-000975,FIRE-03,FIRE_TRUCK,7.3,0.69,15,31.4,31.9,9.5,22.4,CRITICAL,1,SYNTHETIC EMERGENCY V2X
EMG-EVT-000976,POL-04,POLICE,4.7,0.78,9,24.9,22.1,6.0,16.1,CRITICAL,1,SYNTHETIC EMERGENCY V2X
EMG-EVT-000977,AMB-10,AMBULANCE,10.4,0.94,20,20.0,55.2,13.3,41.9,CRITICAL,1,SYNTHETIC EMERGENCY V2X
EMG-EVT-000978,FIRE-03,FIRE_TRUCK,5.3,0.64,10,33.5,21.5,6.8,14.7,CRITICAL,1,SYNTHETIC EMERGENCY V2X
EMG-EVT-000979,POL-09,POLICE,2.8,0.71,5,28.1,12.0,3.6,8.4,HIGH,1,SYNTHETIC EMERGENCY V2X
EMG-EVT-000980,AMB-02,AMBULANCE,13.5,0.28,27,56.5,46.7,17.4,29.3,CRITICAL,1,SYNTHETIC EMERGENCY V2X
EMG-EVT-000981,AMB-15,AMBULANCE,5.6,0.71,13,30.0,26.8,7.4,19.4,CRITICAL,1,SYNTHETIC EMERGENCY V2X
EMG-EVT-000982,AMB-09,AMBULANCE,11.3,0.78,20,29.1,47.3,14.3,33.0,CRITICAL,1,SYNTHETIC EMERGENCY V2X
EMG-EVT-000983,AMB-16,AMBULANCE,5.2,0.56,11,40.4,20.9,6.8,14.1,CRITICAL,1,SYNTHETIC EMERGENCY V2X
EMG-EVT-000984,AMB-19,AMBULANCE,9.5,0.24,19,55.6,33.1,12.3,20.8,CRITICAL,1,SYNTHETIC EMERGENCY V2X
EMG-EVT-000985,POL-10,POLICE,9.7,0.81,17,28.3,41.0,12.3,28.7,CRITICAL,1,SYNTHETIC EMERGENCY V2X
EMG-EVT-000986,FIRE-08,FIRE_TRUCK,14.2,0.83,28,24.2,68.8,18.3,50.5,CRITICAL,1,SYNTHETIC EMERGENCY V2X
EMG-EVT-000987,AMB-11,AMBULANCE,12.4,0.48,23,40.5,46.0,15.8,30.2,CRITICAL,1,SYNTHETIC EMERGENCY V2X
EMG-EVT-000988,POL-02,POLICE,7.8,0.39,16,47.7,29.0,10.1,18.9,CRITICAL,1,SYNTHETIC EMERGENCY V2X
EMG-EVT-000989,FIRE-02,FIRE_TRUCK,2.8,0.29,6,52.2,10.4,3.7,6.7,HIGH,1,SYNTHETIC EMERGENCY V2X
EMG-EVT-000990,AMB-12,AMBULANCE,12.2,0.47,23,43.5,44.4,15.6,28.8,CRITICAL,1,SYNTHETIC EMERGENCY V2X
EMG-EVT-000991,AMB-20,AMBULANCE,11.7,0.9,24,13.5,80.8,15.2,65.6,CRITICAL,1,SYNTHETIC EMERGENCY V2X
EMG-EVT-000992,AMB-04,AMBULANCE,15.0,0.9,30,16.8,89.6,19.4,70.2,CRITICAL,1,SYNTHETIC EMERGENCY V2X
EMG-EVT-000993,AMB-11,AMBULANCE,15.4,0.9,27,19.6,79.5,19.5,60.0,CRITICAL,1,SYNTHETIC EMERGENCY V2X
EMG-EVT-000994,AMB-17,AMBULANCE,6.5,0.45,12,43.3,23.4,8.3,15.1,CRITICAL,1,SYNTHETIC EMERGENCY V2X
EMG-EVT-000995,FIRE-04,FIRE_TRUCK,6.7,0.23,14,58.4,23.7,8.7,15.0,CRITICAL,1,SYNTHETIC EMERGENCY V2X
EMG-EVT-000996,AMB-13,AMBULANCE,14.3,0.21,28,63.6,47.1,18.4,28.7,CRITICAL,1,SYNTHETIC EMERGENCY V2X
EMG-EVT-000997,AMB-12,AMBULANCE,8.7,0.34,18,49.6,32.1,11.3,20.8,CRITICAL,1,SYNTHETIC EMERGENCY V2X
EMG-EVT-000998,FIRE-02,FIRE_TRUCK,13.7,0.93,27,14.2,90.3,17.6,72.7,CRITICAL,1,SYNTHETIC EMERGENCY V2X
EMG-EVT-000999,POL-08,POLICE,4.5,0.39,10,50.3,17.4,5.9,11.5,CRITICAL,1,SYNTHETIC EMERGENCY V2X
EMG-EVT-001000,AMB-15,AMBULANCE,4.6,0.83,10,19.1,26.5,6.0,20.5,CRITICAL,1,SYNTHETIC EMERGENCY V2X
EMG-EVT-001001,FIRE-08,FIRE_TRUCK,9.5,0.86,18,21.1,48.6,12.2,36.4,CRITICAL,1,SYNTHETIC EMERGENCY V2X
EMG-EVT-001002,AMB-17,AMBULANCE,2.2,0.36,3,51.1,6.2,2.7,3.5,CRITICAL,1,SYNTHETIC EMERGENCY V2X
EMG-EVT-001003,FIRE-05,FIRE_TRUCK,2.9,0.7,8,34.1,14.7,4.0,10.7,CRITICAL,1,SYNTHETIC EMERGENCY V2X
EMG-EVT-001004,AMB-10,AMBULANCE,2.4,0.77,7,27.0,13.7,3.3,10.4,CRITICAL,1,SYNTHETIC EMERGENCY V2X
EMG-EVT-001005,AMB-05,AMBULANCE,14.2,0.6,26,32.3,57.6,18.1,39.5,CRITICAL,1,SYNTHETIC EMERGENCY V2X
EMG-EVT-001006,AMB-15,AMBULANCE,9.7,0.36,17,45.9,33.1,12.3,20.8,CRITICAL,1,SYNTHETIC EMERGENCY V2X
EMG-EVT-001007,FIRE-02,FIRE_TRUCK,9.2,0.63,18,35.2,37.3,11.8,25.5,CRITICAL,1,SYNTHETIC EMERGENCY V2X
EMG-EVT-001008,AMB-08,AMBULANCE,8.5,0.44,18,44.7,33.0,11.1,21.9,CRITICAL,1,SYNTHETIC EMERGENCY V2X
EMG-EVT-001009,FIRE-01,FIRE_TRUCK,2.9,0.69,8,28.1,15.8,4.0,11.8,CRITICAL,1,SYNTHETIC EMERGENCY V2X
EMG-EVT-001010,AMB-07,AMBULANCE,13.9,0.87,25,20.8,70.1,17.7,52.4,CRITICAL,1,SYNTHETIC EMERGENCY V2X
EMG-EVT-001011,FIRE-01,FIRE_TRUCK,10.6,0.6,21,38.2,41.8,13.7,28.1,CRITICAL,1,SYNTHETIC EMERGENCY V2X
EMG-EVT-001012,POL-04,POLICE,14.3,0.73,25,26.6,62.3,18.1,44.2,CRITICAL,1,SYNTHETIC EMERGENCY V2X
EMG-EVT-001013,AMB-08,AMBULANCE,10.2,0.92,20,15.8,62.7,13.1,49.6,CRITICAL,1,SYNTHETIC EMERGENCY V2X
EMG-EVT-001014,AMB-15,AMBULANCE,14.6,0.96,28,18.1,82.0,18.7,63.3,CRITICAL,1,SYNTHETIC EMERGENCY V2X
EMG-EVT-001015,AMB-18,AMBULANCE,9.9,0.2,17,56.0,31.0,12.5,18.5,CRITICAL,1,SYNTHETIC EMERGENCY V2X
EMG-EVT-001016,AMB-13,AMBULANCE,8.9,0.41,17,52.4,30.6,11.4,19.2,CRITICAL,1,SYNTHETIC EMERGENCY V2X
EMG-EVT-001017,AMB-11,AMBULANCE,6.2,0.64,12,31.8,26.1,8.0,18.1,CRITICAL,1,SYNTHETIC EMERGENCY V2X
EMG-EVT-001018,AMB-11,AMBULANCE,10.8,0.56,22,38.1,43.4,14.0,29.4,CRITICAL,1,SYNTHETIC EMERGENCY V2X
EMG-EVT-001019,POL-06,POLICE,1.6,0.97,5,17.7,11.4,2.2,9.2,HIGH,1,SYNTHETIC EMERGENCY V2X
EMG-EVT-001020,AMB-01,AMBULANCE,9.0,0.94,16,13.6,58.9,11.4,47.5,CRITICAL,1,SYNTHETIC EMERGENCY V2X
EMG-EVT-001021,FIRE-08,FIRE_TRUCK,15.1,0.75,29,22.9,74.4,19.4,55.0,CRITICAL,1,SYNTHETIC EMERGENCY V2X
EMG-EVT-001022,AMB-05,AMBULANCE,7.7,0.31,15,57.8,26.0,9.9,16.1,CRITICAL,1,SYNTHETIC EMERGENCY V2X
EMG-EVT-001023,AMB-08,AMBULANCE,14.8,0.33,26,55.8,47.1,18.7,28.4,CRITICAL,1,SYNTHETIC EMERGENCY V2X
EMG-EVT-001024,FIRE-09,FIRE_TRUCK,3.3,0.25,5,58.7,9.4,4.1,5.3,HIGH,1,SYNTHETIC EMERGENCY V2X
EMG-EVT-001025,AMB-07,AMBULANCE,1.6,0.78,2,22.6,6.6,2.0,4.6,CRITICAL,1,SYNTHETIC EMERGENCY V2X
EMG-EVT-001026,FIRE-10,FIRE_TRUCK,13.3,0.62,23,36.7,49.3,16.8,32.5,CRITICAL,1,SYNTHETIC EMERGENCY V2X
EMG-EVT-001027,AMB-02,AMBULANCE,15.6,0.71,31,25.2,74.3,20.1,54.2,CRITICAL,1,SYNTHETIC EMERGENCY V2X
EMG-EVT-001028,AMB-06,AMBULANCE,8.5,0.38,15,50.0,28.2,10.8,17.4,CRITICAL,1,SYNTHETIC EMERGENCY V2X
EMG-EVT-001029,AMB-15,AMBULANCE,9.7,0.53,18,40.6,35.9,12.4,23.5,CRITICAL,1,SYNTHETIC EMERGENCY V2X
EMG-EVT-001030,AMB-19,AMBULANCE,2.1,0.44,5,47.6,8.6,2.8,5.8,CRITICAL,1,SYNTHETIC EMERGENCY V2X
EMG-EVT-001031,AMB-17,AMBULANCE,9.7,0.78,19,27.3,44.1,12.5,31.6,CRITICAL,1,SYNTHETIC EMERGENCY V2X
EMG-EVT-001032,AMB-01,AMBULANCE,9.3,0.7,16,29.3,38.2,11.7,26.5,CRITICAL,1,SYNTHETIC EMERGENCY V2X
EMG-EVT-001033,AMB-09,AMBULANCE,14.0,0.66,28,29.3,62.3,18.1,44.2,CRITICAL,1,SYNTHETIC EMERGENCY V2X
EMG-EVT-001034,AMB-20,AMBULANCE,9.5,0.56,19,41.8,36.4,12.3,24.1,CRITICAL,1,SYNTHETIC EMERGENCY V2X
EMG-EVT-001035,FIRE-02,FIRE_TRUCK,10.6,0.83,19,23.0,50.5,13.5,37.0,CRITICAL,1,SYNTHETIC EMERGENCY V2X
EMG-EVT-001036,AMB-02,AMBULANCE,5.3,0.5,11,44.6,20.3,6.9,13.4,CRITICAL,1,SYNTHETIC EMERGENCY V2X
EMG-EVT-001037,POL-01,POLICE,13.0,0.36,25,52.9,44.7,16.7,28.0,CRITICAL,1,SYNTHETIC EMERGENCY V2X
EMG-EVT-001038,AMB-16,AMBULANCE,9.2,0.28,17,57.0,30.1,11.7,18.4,CRITICAL,1,SYNTHETIC EMERGENCY V2X
EMG-EVT-001039,AMB-04,AMBULANCE,3.8,0.72,9,26.5,19.4,5.0,14.4,CRITICAL,1,SYNTHETIC EMERGENCY V2X
EMG-EVT-001040,AMB-09,AMBULANCE,6.6,0.26,12,56.4,21.4,8.4,13.0,CRITICAL,1,SYNTHETIC EMERGENCY V2X
EMG-EVT-001041,POL-09,POLICE,4.3,0.47,10,42.3,18.1,5.7,12.4,CRITICAL,1,SYNTHETIC EMERGENCY V2X
EMG-EVT-001042,FIRE-02,FIRE_TRUCK,2.5,0.9,6,19.1,15.1,3.3,11.8,CRITICAL,1,SYNTHETIC EMERGENCY V2X
EMG-EVT-001043,POL-02,POLICE,12.9,0.45,23,46.9,44.1,16.4,27.7,CRITICAL,1,SYNTHETIC EMERGENCY V2X
EMG-EVT-001044,AMB-05,AMBULANCE,1.9,0.92,5,19.6,11.8,2.6,9.2,CRITICAL,1,SYNTHETIC EMERGENCY V2X
EMG-EVT-001045,FIRE-02,FIRE_TRUCK,16.0,0.29,30,51.2,54.8,20.5,34.3,CRITICAL,1,SYNTHETIC EMERGENCY V2X
EMG-EVT-001046,FIRE-04,FIRE_TRUCK,13.8,0.83,26,19.2,74.3,17.7,56.6,CRITICAL,1,SYNTHETIC EMERGENCY V2X
EMG-EVT-001047,AMB-01,AMBULANCE,3.5,0.75,9,27.6,18.4,4.7,13.7,CRITICAL,1,SYNTHETIC EMERGENCY V2X
EMG-EVT-001048,AMB-06,AMBULANCE,14.4,0.76,28,26.8,65.8,18.5,47.3,CRITICAL,1,SYNTHETIC EMERGENCY V2X
EMG-EVT-001049,AMB-06,AMBULANCE,11.5,0.86,23,23.4,57.1,14.8,42.3,CRITICAL,1,SYNTHETIC EMERGENCY V2X
EMG-EVT-001050,AMB-19,AMBULANCE,3.6,0.3,9,52.0,15.0,4.8,10.2,CRITICAL,1,SYNTHETIC EMERGENCY V2X
EMG-EVT-001051,AMB-12,AMBULANCE,14.1,0.37,27,53.3,48.3,18.1,30.2,CRITICAL,1,SYNTHETIC EMERGENCY V2X
EMG-EVT-001052,AMB-15,AMBULANCE,5.1,0.63,10,38.0,20.1,6.6,13.5,CRITICAL,1,SYNTHETIC EMERGENCY V2X
EMG-EVT-001053,FIRE-03,FIRE_TRUCK,10.9,0.75,19,22.1,52.4,13.8,38.6,CRITICAL,1,SYNTHETIC EMERGENCY V2X
EMG-EVT-001054,AMB-05,AMBULANCE,3.0,0.91,7,19.7,17.5,4.0,13.5,CRITICAL,1,SYNTHETIC EMERGENCY V2X
EMG-EVT-001055,AMB-18,AMBULANCE,15.1,0.23,28,58.7,49.0,19.3,29.7,CRITICAL,1,SYNTHETIC EMERGENCY V2X
EMG-EVT-001056,AMB-03,AMBULANCE,6.7,0.76,14,22.2,34.9,8.7,26.2,CRITICAL,1,SYNTHETIC EMERGENCY V2X
EMG-EVT-001057,FIRE-07,FIRE_TRUCK,12.6,0.79,25,25.8,59.3,16.2,43.1,CRITICAL,1,SYNTHETIC EMERGENCY V2X
EMG-EVT-001058,AMB-12,AMBULANCE,12.3,0.78,23,20.9,62.9,15.7,47.2,CRITICAL,1,SYNTHETIC EMERGENCY V2X
EMG-EVT-001059,FIRE-06,FIRE_TRUCK,12.6,0.5,23,40.4,46.3,16.0,30.3,CRITICAL,1,SYNTHETIC EMERGENCY V2X
EMG-EVT-001060,AMB-13,AMBULANCE,9.6,0.46,17,47.4,32.6,12.2,20.4,CRITICAL,1,SYNTHETIC EMERGENCY V2X
EMG-EVT-001061,FIRE-02,FIRE_TRUCK,4.2,0.44,10,41.7,18.0,5.6,12.4,CRITICAL,1,SYNTHETIC EMERGENCY V2X
EMG-EVT-001062,FIRE-05,FIRE_TRUCK,15.3,0.86,28,23.7,72.3,19.5,52.8,CRITICAL,1,SYNTHETIC EMERGENCY V2X
EMG-EVT-001063,AMB-10,AMBULANCE,3.3,0.46,5,45.3,10.4,4.1,6.3,CRITICAL,1,SYNTHETIC EMERGENCY V2X
EMG-EVT-001064,AMB-19,AMBULANCE,2.4,0.45,4,44.6,8.0,3.0,5.0,CRITICAL,1,SYNTHETIC EMERGENCY V2X
EMG-EVT-001065,AMB-02,AMBULANCE,13.5,0.27,25,57.5,44.1,17.2,26.9,CRITICAL,1,SYNTHETIC EMERGENCY V2X
EMG-EVT-001066,FIRE-07,FIRE_TRUCK,3.4,0.29,8,50.6,13.6,4.5,9.1,CRITICAL,1,SYNTHETIC EMERGENCY V2X
EMG-EVT-001067,AMB-19,AMBULANCE,9.6,0.35,17,47.4,32.6,12.2,20.4,CRITICAL,1,SYNTHETIC EMERGENCY V2X
EMG-EVT-001068,AMB-12,AMBULANCE,14.8,0.87,28,16.3,88.1,18.9,69.2,CRITICAL,1,SYNTHETIC EMERGENCY V2X
EMG-EVT-001069,AMB-18,AMBULANCE,2.0,0.31,3,52.4,5.9,2.5,3.4,CRITICAL,1,SYNTHETIC EMERGENCY V2X
EMG-EVT-001070,AMB-11,AMBULANCE,14.5,0.48,27,38.6,54.9,18.5,36.4,CRITICAL,1,SYNTHETIC EMERGENCY V2X
EMG-EVT-001071,FIRE-05,FIRE_TRUCK,11.7,0.94,23,15.3,73.5,15.1,58.4,CRITICAL,1,SYNTHETIC EMERGENCY V2X
EMG-EVT-001072,AMB-12,AMBULANCE,6.6,0.42,13,46.2,24.2,8.5,15.7,CRITICAL,1,SYNTHETIC EMERGENCY V2X
EMG-EVT-001073,FIRE-01,FIRE_TRUCK,11.9,0.76,22,24.2,55.9,15.2,40.7,CRITICAL,1,SYNTHETIC EMERGENCY V2X
EMG-EVT-001074,AMB-02,AMBULANCE,4.8,0.51,9,38.7,18.2,6.1,12.1,CRITICAL,1,SYNTHETIC EMERGENCY V2X
EMG-EVT-001075,AMB-20,AMBULANCE,6.4,0.54,11,41.0,22.6,8.1,14.5,CRITICAL,1,SYNTHETIC EMERGENCY V2X
EMG-EVT-001076,AMB-13,AMBULANCE,13.3,0.56,23,40.4,47.4,16.8,30.6,CRITICAL,1,SYNTHETIC EMERGENCY V2X
EMG-EVT-001077,FIRE-05,FIRE_TRUCK,14.7,0.21,28,63.6,47.5,18.8,28.7,CRITICAL,1,SYNTHETIC EMERGENCY V2X
EMG-EVT-001078,FIRE-10,FIRE_TRUCK,11.0,0.87,22,19.3,60.6,14.2,46.4,CRITICAL,1,SYNTHETIC EMERGENCY V2X
EMG-EVT-001079,AMB-13,AMBULANCE,1.9,0.72,6,27.6,11.3,2.7,8.6,CRITICAL,1,SYNTHETIC EMERGENCY V2X
EMG-EVT-001080,AMB-15,AMBULANCE,14.4,0.91,27,16.7,84.1,18.4,65.7,CRITICAL,1,SYNTHETIC EMERGENCY V2X
EMG-EVT-001081,POL-04,POLICE,3.6,0.52,6,43.1,12.2,4.5,7.7,CRITICAL,1,SYNTHETIC EMERGENCY V2X
EMG-EVT-001082,POL-08,POLICE,4.2,0.54,8,43.4,15.4,5.4,10.0,CRITICAL,1,SYNTHETIC EMERGENCY V2X
EMG-EVT-001083,AMB-01,AMBULANCE,6.3,0.69,14,30.1,29.4,8.3,21.1,CRITICAL,1,SYNTHETIC EMERGENCY V2X
EMG-EVT-001084,POL-03,POLICE,5.6,0.3,11,58.8,18.9,7.2,11.7,CRITICAL,1,SYNTHETIC EMERGENCY V2X
EMG-EVT-001085,AMB-13,AMBULANCE,2.1,0.59,5,39.6,9.2,2.8,6.4,CRITICAL,1,SYNTHETIC EMERGENCY V2X
EMG-EVT-001086,FIRE-01,FIRE_TRUCK,4.9,0.74,8,31.4,19.0,6.1,12.9,CRITICAL,1,SYNTHETIC EMERGENCY V2X
EMG-EVT-001087,AMB-10,AMBULANCE,9.6,0.49,20,45.7,36.6,12.5,24.1,CRITICAL,1,SYNTHETIC EMERGENCY V2X
EMG-EVT-001088,FIRE-01,FIRE_TRUCK,3.2,0.74,8,25.3,17.2,4.3,12.9,CRITICAL,1,SYNTHETIC EMERGENCY V2X
EMG-EVT-001089,AMB-11,AMBULANCE,11.7,0.73,21,29.0,49.4,14.9,34.5,CRITICAL,1,SYNTHETIC EMERGENCY V2X
EMG-EVT-001090,AMB-13,AMBULANCE,7.1,0.58,13,34.3,28.0,9.0,19.0,CRITICAL,1,SYNTHETIC EMERGENCY V2X
EMG-EVT-001091,AMB-17,AMBULANCE,11.4,0.88,23,17.9,65.8,14.7,51.1,CRITICAL,1,SYNTHETIC EMERGENCY V2X
EMG-EVT-001092,POL-05,POLICE,5.6,0.51,13,40.4,23.9,7.4,16.5,CRITICAL,1,SYNTHETIC EMERGENCY V2X
EMG-EVT-001093,POL-10,POLICE,8.2,0.55,14,42.0,28.5,10.3,18.2,CRITICAL,1,SYNTHETIC EMERGENCY V2X
EMG-EVT-001094,FIRE-01,FIRE_TRUCK,6.9,0.61,14,40.1,27.1,8.9,18.2,CRITICAL,1,SYNTHETIC EMERGENCY V2X
EMG-EVT-001095,AMB-07,AMBULANCE,8.1,0.22,15,54.6,26.9,10.3,16.6,CRITICAL,1,SYNTHETIC EMERGENCY V2X
EMG-EVT-001096,AMB-13,AMBULANCE,5.2,0.86,12,16.2,33.7,6.9,26.8,CRITICAL,1,SYNTHETIC EMERGENCY V2X
EMG-EVT-001097,AMB-11,AMBULANCE,13.4,0.42,24,49.0,45.2,17.0,28.2,CRITICAL,1,SYNTHETIC EMERGENCY V2X
EMG-EVT-001098,FIRE-09,FIRE_TRUCK,8.6,0.84,15,21.6,41.9,10.9,31.0,CRITICAL,1,SYNTHETIC EMERGENCY V2X
EMG-EVT-001099,POL-08,POLICE,10.6,0.47,21,47.6,38.6,13.7,24.9,CRITICAL,1,SYNTHETIC EMERGENCY V2X
EMG-EVT-001100,POL-06,POLICE,4.2,0.49,10,47.3,17.3,5.6,11.7,CRITICAL,1,SYNTHETIC EMERGENCY V2X
EMG-EVT-001101,AMB-17,AMBULANCE,4.3,0.76,9,23.9,21.6,5.6,16.0,CRITICAL,1,SYNTHETIC EMERGENCY V2X
EMG-EVT-001102,AMB-11,AMBULANCE,11.4,0.46,20,44.3,39.4,14.4,25.0,CRITICAL,1,SYNTHETIC EMERGENCY V2X
EMG-EVT-001103,FIRE-05,FIRE_TRUCK,7.0,0.89,15,17.7,41.7,9.1,32.6,CRITICAL,1,SYNTHETIC EMERGENCY V2X
EMG-EVT-001104,AMB-18,AMBULANCE,14.1,0.23,25,62.0,43.6,17.9,25.7,CRITICAL,1,SYNTHETIC EMERGENCY V2X
EMG-EVT-001105,AMB-16,AMBULANCE,15.3,0.84,29,21.6,77.3,19.6,57.7,CRITICAL,1,SYNTHETIC EMERGENCY V2X
EMG-EVT-001106,AMB-18,AMBULANCE,13.7,0.62,24,34.5,52.6,17.3,35.3,CRITICAL,1,SYNTHETIC EMERGENCY V2X
EMG-EVT-001107,AMB-11,AMBULANCE,2.2,0.88,3,17.2,11.3,2.7,8.6,CRITICAL,1,SYNTHETIC EMERGENCY V2X
EMG-EVT-001108,AMB-10,AMBULANCE,5.2,0.83,9,19.6,26.7,6.6,20.1,CRITICAL,1,SYNTHETIC EMERGENCY V2X
EMG-EVT-001109,AMB-06,AMBULANCE,10.4,0.58,18,37.9,38.1,13.1,25.0,CRITICAL,1,SYNTHETIC EMERGENCY V2X
EMG-EVT-001110,AMB-10,AMBULANCE,6.1,0.72,12,32.6,25.6,7.9,17.7,CRITICAL,1,SYNTHETIC EMERGENCY V2X
EMG-EVT-001111,AMB-13,AMBULANCE,13.3,0.79,23,24.4,60.3,16.8,43.5,CRITICAL,1,SYNTHETIC EMERGENCY V2X
EMG-EVT-001112,AMB-13,AMBULANCE,13.0,0.47,26,46.0,48.2,16.8,31.4,CRITICAL,1,SYNTHETIC EMERGENCY V2X
EMG-EVT-001113,FIRE-08,FIRE_TRUCK,5.0,0.69,11,33.0,22.3,6.6,15.7,CRITICAL,1,SYNTHETIC EMERGENCY V2X
EMG-EVT-001114,AMB-01,AMBULANCE,12.9,0.72,25,25.9,59.9,16.6,43.3,CRITICAL,1,SYNTHETIC EMERGENCY V2X
EMG-EVT-001115,AMB-05,AMBULANCE,13.3,0.44,23,48.1,44.2,16.8,27.4,CRITICAL,1,SYNTHETIC EMERGENCY V2X
EMG-EVT-001116,AMB-17,AMBULANCE,4.1,0.39,8,50.0,14.5,5.3,9.2,CRITICAL,1,SYNTHETIC EMERGENCY V2X
EMG-EVT-001117,AMB-15,AMBULANCE,15.1,0.66,28,36.4,58.5,19.3,39.2,CRITICAL,1,SYNTHETIC EMERGENCY V2X
EMG-EVT-001118,AMB-04,AMBULANCE,6.2,0.84,12,21.6,31.6,8.0,23.6,CRITICAL,1,SYNTHETIC EMERGENCY V2X
EMG-EVT-001119,AMB-01,AMBULANCE,7.3,0.58,13,32.9,28.9,9.3,19.6,CRITICAL,1,SYNTHETIC EMERGENCY V2X
EMG-EVT-001120,AMB-17,AMBULANCE,10.6,0.7,21,32.4,44.8,13.7,31.1,CRITICAL,1,SYNTHETIC EMERGENCY V2X
EMG-EVT-001121,FIRE-02,FIRE_TRUCK,6.6,0.94,14,12.6,48.2,8.6,39.6,CRITICAL,1,SYNTHETIC EMERGENCY V2X
EMG-EVT-001122,AMB-19,AMBULANCE,15.0,0.97,30,14.2,99.4,19.4,80.0,CRITICAL,1,SYNTHETIC EMERGENCY V2X
EMG-EVT-001123,AMB-13,AMBULANCE,10.6,0.89,21,17.7,61.1,13.7,47.4,CRITICAL,1,SYNTHETIC EMERGENCY V2X
EMG-EVT-001124,AMB-20,AMBULANCE,13.5,0.29,24,58.4,42.7,17.1,25.6,CRITICAL,1,SYNTHETIC EMERGENCY V2X
EMG-EVT-001125,AMB-12,AMBULANCE,4.2,0.36,9,46.9,16.2,5.5,10.7,CRITICAL,1,SYNTHETIC EMERGENCY V2X
EMG-EVT-001126,POL-09,POLICE,8.1,0.57,17,33.1,35.1,10.5,24.6,CRITICAL,1,SYNTHETIC EMERGENCY V2X
EMG-EVT-001127,AMB-18,AMBULANCE,3.0,0.71,6,32.2,12.8,3.9,8.9,CRITICAL,1,SYNTHETIC EMERGENCY V2X
EMG-EVT-001128,AMB-12,AMBULANCE,11.2,0.93,21,19.8,59.1,14.3,44.8,CRITICAL,1,SYNTHETIC EMERGENCY V2X
EMG-EVT-001129,AMB-11,AMBULANCE,15.1,0.94,28,20.3,78.2,19.3,58.9,CRITICAL,1,SYNTHETIC EMERGENCY V2X
EMG-EVT-001130,AMB-03,AMBULANCE,9.6,0.73,17,29.1,40.2,12.2,28.0,CRITICAL,1,SYNTHETIC EMERGENCY V2X
EMG-EVT-001131,AMB-14,AMBULANCE,2.8,0.88,8,21.3,17.5,3.9,13.6,CRITICAL,1,SYNTHETIC EMERGENCY V2X
EMG-EVT-001132,FIRE-06,FIRE_TRUCK,3.1,0.49,5,46.5,10.0,3.9,6.1,HIGH,1,SYNTHETIC EMERGENCY V2X
EMG-EVT-001133,AMB-08,AMBULANCE,9.1,0.78,19,29.5,41.3,11.8,29.5,CRITICAL,1,SYNTHETIC EMERGENCY V2X
EMG-EVT-001134,POL-03,POLICE,8.4,0.23,16,58.6,27.8,10.8,17.0,CRITICAL,1,SYNTHETIC EMERGENCY V2X
EMG-EVT-001135,AMB-07,AMBULANCE,9.6,0.76,20,22.4,49.7,12.5,37.2,CRITICAL,1,SYNTHETIC EMERGENCY V2X
EMG-EVT-001136,POL-08,POLICE,4.9,0.5,10,37.5,19.8,6.3,13.5,CRITICAL,1,SYNTHETIC EMERGENCY V2X
EMG-EVT-001137,FIRE-02,FIRE_TRUCK,7.4,0.47,15,48.5,27.2,9.6,17.6,CRITICAL,1,SYNTHETIC EMERGENCY V2X
EMG-EVT-001138,AMB-03,AMBULANCE,1.6,0.83,3,17.7,9.0,2.0,7.0,CRITICAL,1,SYNTHETIC EMERGENCY V2X
EMG-EVT-001139,AMB-11,AMBULANCE,5.6,0.3,11,52.4,19.6,7.2,12.4,CRITICAL,1,SYNTHETIC EMERGENCY V2X
EMG-EVT-001140,POL-10,POLICE,2.7,0.41,4,44.4,8.4,3.3,5.1,HIGH,1,SYNTHETIC EMERGENCY V2X
EMG-EVT-001141,AMB-05,AMBULANCE,3.1,0.53,5,45.0,10.1,3.9,6.2,CRITICAL,1,SYNTHETIC EMERGENCY V2X
EMG-EVT-001142,FIRE-08,FIRE_TRUCK,8.1,0.39,17,51.5,29.8,10.5,19.3,CRITICAL,1,SYNTHETIC EMERGENCY V2X
EMG-EVT-001143,AMB-18,AMBULANCE,5.1,0.71,10,25.1,24.2,6.6,17.6,CRITICAL,1,SYNTHETIC EMERGENCY V2X
EMG-EVT-001144,AMB-04,AMBULANCE,15.8,0.69,28,27.6,67.9,20.0,47.9,CRITICAL,1,SYNTHETIC EMERGENCY V2X
EMG-EVT-001145,AMB-02,AMBULANCE,15.1,0.22,29,60.1,49.9,19.4,30.5,CRITICAL,1,SYNTHETIC EMERGENCY V2X
EMG-EVT-001146,AMB-11,AMBULANCE,8.8,0.27,17,58.4,29.4,11.3,18.1,CRITICAL,1,SYNTHETIC EMERGENCY V2X
EMG-EVT-001147,POL-09,POLICE,11.6,0.37,23,45.7,42.8,15.0,27.8,CRITICAL,1,SYNTHETIC EMERGENCY V2X
EMG-EVT-001148,AMB-02,AMBULANCE,11.0,0.53,22,36.9,44.3,14.2,30.1,CRITICAL,1,SYNTHETIC EMERGENCY V2X
EMG-EVT-001149,FIRE-09,FIRE_TRUCK,12.0,0.85,21,25.7,53.2,15.2,38.0,CRITICAL,1,SYNTHETIC EMERGENCY V2X
EMG-EVT-001150,AMB-02,AMBULANCE,15.4,0.77,27,27.3,66.2,19.5,46.7,CRITICAL,1,SYNTHETIC EMERGENCY V2X
EMG-EVT-001151,AMB-18,AMBULANCE,7.0,0.97,12,16.0,40.6,8.8,31.8,CRITICAL,1,SYNTHETIC EMERGENCY V2X
EMG-EVT-001152,AMB-10,AMBULANCE,3.8,0.67,6,30.9,14.6,4.7,9.9,CRITICAL,1,SYNTHETIC EMERGENCY V2X
EMG-EVT-001153,AMB-07,AMBULANCE,10.3,0.56,18,34.7,39.4,13.0,26.4,CRITICAL,1,SYNTHETIC EMERGENCY V2X
EMG-EVT-001154,AMB-17,AMBULANCE,14.2,0.52,26,39.4,52.8,18.1,34.7,CRITICAL,1,SYNTHETIC EMERGENCY V2X
EMG-EVT-001155,POL-04,POLICE,3.6,0.93,7,11.5,27.2,4.6,22.6,CRITICAL,1,SYNTHETIC EMERGENCY V2X
EMG-EVT-001156,FIRE-02,FIRE_TRUCK,3.6,0.64,6,36.5,13.1,4.5,8.6,CRITICAL,1,SYNTHETIC EMERGENCY V2X
EMG-EVT-001157,AMB-01,AMBULANCE,1.9,0.29,4,49.7,7.1,2.5,4.6,CRITICAL,1,SYNTHETIC EMERGENCY V2X
EMG-EVT-001158,AMB-18,AMBULANCE,7.9,0.4,17,46.6,30.6,10.3,20.3,CRITICAL,1,SYNTHETIC EMERGENCY V2X
EMG-EVT-001159,AMB-12,AMBULANCE,12.1,0.61,23,31.0,51.0,15.5,35.5,CRITICAL,1,SYNTHETIC EMERGENCY V2X
EMG-EVT-001160,FIRE-06,FIRE_TRUCK,6.4,0.68,14,33.2,28.4,8.4,20.0,CRITICAL,1,SYNTHETIC EMERGENCY V2X
EMG-EVT-001161,AMB-10,AMBULANCE,6.0,0.66,10,31.7,23.4,7.5,15.9,CRITICAL,1,SYNTHETIC EMERGENCY V2X
EMG-EVT-001162,AMB-01,AMBULANCE,4.6,0.92,8,13.4,30.2,5.8,24.4,CRITICAL,1,SYNTHETIC EMERGENCY V2X
EMG-EVT-001163,FIRE-05,FIRE_TRUCK,10.5,0.37,21,52.1,37.3,13.6,23.7,CRITICAL,1,SYNTHETIC EMERGENCY V2X
EMG-EVT-001164,AMB-09,AMBULANCE,6.9,0.42,14,46.6,25.7,8.9,16.8,CRITICAL,1,SYNTHETIC EMERGENCY V2X
EMG-EVT-001165,AMB-02,AMBULANCE,13.1,0.54,24,34.8,51.4,16.7,34.7,CRITICAL,1,SYNTHETIC EMERGENCY V2X
EMG-EVT-001166,AMB-09,AMBULANCE,15.6,0.23,29,60.2,50.3,19.9,30.4,CRITICAL,1,SYNTHETIC EMERGENCY V2X
EMG-EVT-001167,FIRE-10,FIRE_TRUCK,2.0,0.69,5,26.7,10.5,2.7,7.8,HIGH,1,SYNTHETIC EMERGENCY V2X
EMG-EVT-001168,AMB-14,AMBULANCE,2.4,0.5,6,37.5,11.0,3.2,7.8,CRITICAL,1,SYNTHETIC EMERGENCY V2X
EMG-EVT-001169,AMB-20,AMBULANCE,6.0,0.78,13,28.2,28.4,7.8,20.6,CRITICAL,1,SYNTHETIC EMERGENCY V2X
EMG-EVT-001170,AMB-16,AMBULANCE,10.7,0.82,21,25.2,50.7,13.8,36.9,CRITICAL,1,SYNTHETIC EMERGENCY V2X
EMG-EVT-001171,AMB-20,AMBULANCE,3.1,0.66,7,30.3,14.5,4.1,10.4,CRITICAL,1,SYNTHETIC EMERGENCY V2X
EMG-EVT-001172,POL-08,POLICE,11.3,0.53,22,38.3,44.1,14.5,29.6,CRITICAL,1,SYNTHETIC EMERGENCY V2X
EMG-EVT-001173,AMB-20,AMBULANCE,13.2,0.33,24,53.6,43.6,16.8,26.8,CRITICAL,1,SYNTHETIC EMERGENCY V2X
EMG-EVT-001174,AMB-13,AMBULANCE,7.1,0.47,15,43.5,27.8,9.2,18.6,CRITICAL,1,SYNTHETIC EMERGENCY V2X
EMG-EVT-001175,AMB-15,AMBULANCE,5.8,0.89,11,16.3,34.5,7.4,27.1,CRITICAL,1,SYNTHETIC EMERGENCY V2X
EMG-EVT-001176,POL-04,POLICE,10.1,0.44,20,43.0,38.1,13.0,25.1,CRITICAL,1,SYNTHETIC EMERGENCY V2X
EMG-EVT-001177,AMB-13,AMBULANCE,3.8,0.96,8,14.4,25.4,4.9,20.5,CRITICAL,1,SYNTHETIC EMERGENCY V2X
EMG-EVT-001178,POL-05,POLICE,8.6,0.56,18,42.9,33.6,11.2,22.4,CRITICAL,1,SYNTHETIC EMERGENCY V2X
EMG-EVT-001179,AMB-01,AMBULANCE,1.9,0.66,4,34.5,8.1,2.5,5.6,CRITICAL,1,SYNTHETIC EMERGENCY V2X
EMG-EVT-001180,AMB-07,AMBULANCE,6.1,0.42,11,45.2,21.3,7.8,13.5,CRITICAL,1,SYNTHETIC EMERGENCY V2X
EMG-EVT-001181,POL-10,POLICE,4.3,0.93,9,14.4,28.7,5.6,23.1,CRITICAL,1,SYNTHETIC EMERGENCY V2X
EMG-EVT-001182,AMB-14,AMBULANCE,6.5,0.56,14,36.7,27.4,8.5,18.9,CRITICAL,1,SYNTHETIC EMERGENCY V2X
EMG-EVT-001183,AMB-13,AMBULANCE,11.9,0.51,22,39.7,44.4,15.2,29.2,CRITICAL,1,SYNTHETIC EMERGENCY V2X
EMG-EVT-001184,FIRE-08,FIRE_TRUCK,2.7,0.71,6,31.2,12.4,3.5,8.9,CRITICAL,1,SYNTHETIC EMERGENCY V2X
EMG-EVT-001185,AMB-14,AMBULANCE,10.9,0.24,20,61.6,34.6,13.9,20.7,CRITICAL,1,SYNTHETIC EMERGENCY V2X
EMG-EVT-001186,AMB-18,AMBULANCE,11.9,0.71,23,33.2,49.1,15.3,33.8,CRITICAL,1,SYNTHETIC EMERGENCY V2X
EMG-EVT-001187,AMB-17,AMBULANCE,13.3,0.64,23,36.2,49.6,16.8,32.8,CRITICAL,1,SYNTHETIC EMERGENCY V2X
EMG-EVT-001188,AMB-13,AMBULANCE,2.7,0.4,7,52.2,11.5,3.6,7.9,CRITICAL,1,SYNTHETIC EMERGENCY V2X
EMG-EVT-001189,FIRE-05,FIRE_TRUCK,15.8,0.57,30,38.5,60.6,20.2,40.4,CRITICAL,1,SYNTHETIC EMERGENCY V2X
EMG-EVT-001190,AMB-20,AMBULANCE,8.2,0.38,17,49.0,30.4,10.6,19.8,CRITICAL,1,SYNTHETIC EMERGENCY V2X
EMG-EVT-001191,AMB-10,AMBULANCE,1.6,0.3,2,52.9,4.2,2.0,2.2,CRITICAL,0,SYNTHETIC EMERGENCY V2X
EMG-EVT-001192,AMB-11,AMBULANCE,8.6,0.26,17,52.5,30.2,11.1,19.1,CRITICAL,1,SYNTHETIC EMERGENCY V2X
EMG-EVT-001193,AMB-18,AMBULANCE,13.2,0.82,26,19.2,72.5,17.0,55.5,CRITICAL,1,SYNTHETIC EMERGENCY V2X
EMG-EVT-001194,AMB-04,AMBULANCE,15.6,0.58,30,41.1,58.8,20.0,38.8,CRITICAL,1,SYNTHETIC EMERGENCY V2X
EMG-EVT-001195,AMB-12,AMBULANCE,13.7,0.8,25,21.2,68.8,17.4,51.4,CRITICAL,1,SYNTHETIC EMERGENCY V2X
EMG-EVT-001196,FIRE-05,FIRE_TRUCK,12.8,0.54,26,40.4,50.2,16.6,33.6,CRITICAL,1,SYNTHETIC EMERGENCY V2X
EMG-EVT-001197,AMB-12,AMBULANCE,8.3,0.71,14,33.6,31.6,10.5,21.1,CRITICAL,1,SYNTHETIC EMERGENCY V2X
EMG-EVT-001198,FIRE-03,FIRE_TRUCK,3.3,0.68,8,34.0,15.4,4.4,11.0,CRITICAL,1,SYNTHETIC EMERGENCY V2X
EMG-EVT-001199,AMB-08,AMBULANCE,11.0,0.96,19,15.9,64.3,13.9,50.4,CRITICAL,1,SYNTHETIC EMERGENCY V2X
EMG-EVT-001200,AMB-19,AMBULANCE,12.4,0.75,24,27.8,55.6,15.9,39.7,CRITICAL,1,SYNTHETIC EMERGENCY V2X
EMG-EVT-001201,AMB-16,AMBULANCE,6.6,0.56,14,42.4,26.1,8.6,17.5,CRITICAL,1,SYNTHETIC EMERGENCY V2X
EMG-EVT-001202,AMB-05,AMBULANCE,14.3,0.92,27,14.7,90.8,18.3,72.5,CRITICAL,1,SYNTHETIC EMERGENCY V2X
EMG-EVT-001203,AMB-02,AMBULANCE,2.8,0.43,7,43.4,12.3,3.8,8.5,CRITICAL,1,SYNTHETIC EMERGENCY V2X
EMG-EVT-001204,AMB-08,AMBULANCE,13.2,0.32,26,53.4,46.0,17.0,29.0,CRITICAL,1,SYNTHETIC EMERGENCY V2X
EMG-EVT-001205,AMB-03,AMBULANCE,9.3,0.83,19,21.5,48.8,12.0,36.8,CRITICAL,1,SYNTHETIC EMERGENCY V2X
EMG-EVT-001206,AMB-03,AMBULANCE,3.6,0.27,9,58.4,14.5,4.8,9.7,CRITICAL,1,SYNTHETIC EMERGENCY V2X
EMG-EVT-001207,FIRE-07,FIRE_TRUCK,12.8,0.28,26,51.5,46.1,16.6,29.5,CRITICAL,1,SYNTHETIC EMERGENCY V2X
EMG-EVT-001208,FIRE-04,FIRE_TRUCK,7.9,0.61,16,38.8,31.4,10.2,21.2,CRITICAL,1,SYNTHETIC EMERGENCY V2X
EMG-EVT-001209,AMB-16,AMBULANCE,11.3,0.69,22,26.9,51.6,14.5,37.1,CRITICAL,1,SYNTHETIC EMERGENCY V2X
EMG-EVT-001210,AMB-11,AMBULANCE,15.0,0.88,28,22.2,74.1,19.2,54.9,CRITICAL,1,SYNTHETIC EMERGENCY V2X
EMG-EVT-001211,AMB-19,AMBULANCE,9.5,0.34,18,52.9,32.4,12.2,20.2,CRITICAL,1,SYNTHETIC EMERGENCY V2X
EMG-EVT-001212,AMB-15,AMBULANCE,9.3,0.5,17,42.7,33.5,11.8,21.7,CRITICAL,1,SYNTHETIC EMERGENCY V2X
EMG-EVT-001213,AMB-20,AMBULANCE,14.0,0.5,25,38.9,51.6,17.8,33.8,CRITICAL,1,SYNTHETIC EMERGENCY V2X
EMG-EVT-001214,AMB-05,AMBULANCE,5.5,0.84,11,19.7,30.0,7.1,22.9,CRITICAL,1,SYNTHETIC EMERGENCY V2X
EMG-EVT-001215,FIRE-01,FIRE_TRUCK,1.7,0.89,3,17.5,9.4,2.2,7.2,HIGH,1,SYNTHETIC EMERGENCY V2X
EMG-EVT-001216,FIRE-06,FIRE_TRUCK,3.6,0.79,9,25.8,19.2,4.8,14.4,CRITICAL,1,SYNTHETIC EMERGENCY V2X
EMG-EVT-001217,AMB-03,AMBULANCE,8.7,0.33,17,51.8,30.5,11.2,19.3,CRITICAL,1,SYNTHETIC EMERGENCY V2X
EMG-EVT-001218,AMB-19,AMBULANCE,2.4,0.8,5,20.2,13.1,3.1,10.0,CRITICAL,1,SYNTHETIC EMERGENCY V2X
EMG-EVT-001219,FIRE-03,FIRE_TRUCK,14.9,0.59,29,39.3,57.5,19.2,38.3,CRITICAL,1,SYNTHETIC EMERGENCY V2X
EMG-EVT-001220,AMB-03,AMBULANCE,2.0,0.26,5,56.6,8.1,2.7,5.4,CRITICAL,1,SYNTHETIC EMERGENCY V2X
EMG-EVT-001221,POL-09,POLICE,7.4,0.54,15,38.9,29.4,9.6,19.8,CRITICAL,1,SYNTHETIC EMERGENCY V2X
EMG-EVT-001222,AMB-17,AMBULANCE,14.2,0.74,25,30.2,58.2,18.0,40.2,CRITICAL,1,SYNTHETIC EMERGENCY V2X
EMG-EVT-001223,AMB-02,AMBULANCE,6.4,0.83,11,21.0,31.5,8.1,23.4,CRITICAL,1,SYNTHETIC EMERGENCY V2X
EMG-EVT-001224,POL-03,POLICE,15.5,0.72,27,26.4,67.6,19.6,48.0,CRITICAL,1,SYNTHETIC EMERGENCY V2X
EMG-EVT-001225,AMB-11,AMBULANCE,6.2,0.94,13,11.0,49.4,8.1,41.3,CRITICAL,1,SYNTHETIC EMERGENCY V2X
EMG-EVT-001226,AMB-13,AMBULANCE,13.9,0.3,25,58.7,44.2,17.7,26.5,CRITICAL,1,SYNTHETIC EMERGENCY V2X
EMG-EVT-001227,POL-06,POLICE,12.9,0.97,26,15.4,81.5,16.7,64.8,CRITICAL,1,SYNTHETIC EMERGENCY V2X
EMG-EVT-001228,FIRE-06,FIRE_TRUCK,10.1,0.73,18,24.8,46.0,12.8,33.2,CRITICAL,1,SYNTHETIC EMERGENCY V2X
EMG-EVT-001229,POL-07,POLICE,9.5,0.32,19,52.4,33.7,12.3,21.4,CRITICAL,1,SYNTHETIC EMERGENCY V2X
EMG-EVT-001230,FIRE-04,FIRE_TRUCK,2.4,0.82,7,22.7,14.7,3.3,11.4,CRITICAL,1,SYNTHETIC EMERGENCY V2X
EMG-EVT-001231,AMB-19,AMBULANCE,6.1,0.38,11,44.4,21.4,7.8,13.6,CRITICAL,1,SYNTHETIC EMERGENCY V2X
EMG-EVT-001232,AMB-02,AMBULANCE,8.4,0.44,16,44.6,30.5,10.8,19.7,CRITICAL,1,SYNTHETIC EMERGENCY V2X
EMG-EVT-001233,FIRE-04,FIRE_TRUCK,12.0,0.5,23,44.0,44.0,15.4,28.6,CRITICAL,1,SYNTHETIC EMERGENCY V2X
EMG-EVT-001234,POL-01,POLICE,9.9,0.59,20,36.5,40.3,12.8,27.5,CRITICAL,1,SYNTHETIC EMERGENCY V2X
EMG-EVT-001235,FIRE-05,FIRE_TRUCK,10.6,0.76,20,26.8,47.7,13.6,34.1,CRITICAL,1,SYNTHETIC EMERGENCY V2X
EMG-EVT-001236,AMB-02,AMBULANCE,3.2,0.4,7,48.8,12.3,4.2,8.1,CRITICAL,1,SYNTHETIC EMERGENCY V2X
EMG-EVT-001237,AMB-01,AMBULANCE,2.4,0.34,6,52.7,9.9,3.2,6.7,CRITICAL,1,SYNTHETIC EMERGENCY V2X
EMG-EVT-001238,AMB-03,AMBULANCE,2.6,0.36,7,51.4,11.4,3.5,7.9,CRITICAL,1,SYNTHETIC EMERGENCY V2X
EMG-EVT-001239,AMB-15,AMBULANCE,2.6,0.89,5,22.6,12.9,3.3,9.6,CRITICAL,1,SYNTHETIC EMERGENCY V2X
EMG-EVT-001240,AMB-09,AMBULANCE,8.8,0.23,16,55.4,28.7,11.2,17.5,CRITICAL,1,SYNTHETIC EMERGENCY V2X
EMG-EVT-001241,AMB-12,AMBULANCE,3.0,0.8,5,24.2,13.4,3.8,9.6,CRITICAL,1,SYNTHETIC EMERGENCY V2X
EMG-EVT-001242,AMB-18,AMBULANCE,14.8,0.28,27,52.1,49.4,18.8,30.6,CRITICAL,1,SYNTHETIC EMERGENCY V2X
EMG-EVT-001243,AMB-15,AMBULANCE,12.8,0.29,24,52.8,43.3,16.4,26.9,CRITICAL,1,SYNTHETIC EMERGENCY V2X
EMG-EVT-001244,FIRE-02,FIRE_TRUCK,14.3,0.86,25,23.9,65.9,18.1,47.8,CRITICAL,1,SYNTHETIC EMERGENCY V2X
EMG-EVT-001245,AMB-02,AMBULANCE,2.2,0.33,6,53.1,9.7,3.0,6.7,CRITICAL,1,SYNTHETIC EMERGENCY V2X
EMG-EVT-001246,AMB-16,AMBULANCE,7.0,0.75,15,25.0,34.8,9.1,25.7,CRITICAL,1,SYNTHETIC EMERGENCY V2X
EMG-EVT-001247,AMB-16,AMBULANCE,16.0,0.92,29,13.2,107.5,20.4,87.1,CRITICAL,1,SYNTHETIC EMERGENCY V2X
EMG-EVT-001248,AMB-07,AMBULANCE,7.8,0.74,14,24.1,36.2,9.9,26.3,CRITICAL,1,SYNTHETIC EMERGENCY V2X
EMG-EVT-001249,AMB-04,AMBULANCE,12.7,0.95,25,14.2,83.7,16.4,67.3,CRITICAL,1,SYNTHETIC EMERGENCY V2X
EMG-EVT-001250,AMB-19,AMBULANCE,11.2,0.31,22,51.1,39.6,14.4,25.2,CRITICAL,1,SYNTHETIC EMERGENCY V2X
EMG-EVT-001251,AMB-04,AMBULANCE,4.3,0.45,9,44.2,16.6,5.6,11.0,CRITICAL,1,SYNTHETIC EMERGENCY V2X
EMG-EVT-001252,AMB-16,AMBULANCE,2.5,0.24,7,53.1,11.2,3.4,7.8,CRITICAL,1,SYNTHETIC EMERGENCY V2X
EMG-EVT-001253,AMB-13,AMBULANCE,3.6,0.29,6,51.1,11.4,4.5,6.9,CRITICAL,1,SYNTHETIC EMERGENCY V2X
EMG-EVT-001254,AMB-12,AMBULANCE,13.3,0.23,23,56.6,41.7,16.8,24.9,CRITICAL,1,SYNTHETIC EMERGENCY V2X
EMG-EVT-001255,AMB-06,AMBULANCE,6.8,0.36,13,53.7,23.2,8.7,14.5,CRITICAL,1,SYNTHETIC EMERGENCY V2X
EMG-EVT-001256,FIRE-08,FIRE_TRUCK,4.8,0.25,9,53.5,16.2,6.1,10.1,CRITICAL,1,SYNTHETIC EMERGENCY V2X
EMG-EVT-001257,AMB-11,AMBULANCE,13.3,0.89,25,14.9,83.6,17.0,66.6,CRITICAL,1,SYNTHETIC EMERGENCY V2X
EMG-EVT-001258,POL-01,POLICE,13.3,0.4,24,46.4,46.0,16.9,29.1,CRITICAL,1,SYNTHETIC EMERGENCY V2X
EMG-EVT-001259,AMB-02,AMBULANCE,8.3,0.52,17,42.5,32.1,10.8,21.3,CRITICAL,1,SYNTHETIC EMERGENCY V2X
EMG-EVT-001260,AMB-06,AMBULANCE,13.7,0.29,24,51.6,44.7,17.3,27.4,CRITICAL,1,SYNTHETIC EMERGENCY V2X
EMG-EVT-001261,AMB-15,AMBULANCE,14.3,0.78,26,22.8,68.8,18.2,50.6,CRITICAL,1,SYNTHETIC EMERGENCY V2X
EMG-EVT-001262,FIRE-03,FIRE_TRUCK,3.0,0.92,6,20.4,16.0,3.9,12.1,CRITICAL,1,SYNTHETIC EMERGENCY V2X
EMG-EVT-001263,AMB-19,AMBULANCE,9.6,0.29,18,56.2,31.8,12.3,19.5,CRITICAL,1,SYNTHETIC EMERGENCY V2X
EMG-EVT-001264,FIRE-06,FIRE_TRUCK,10.5,0.74,21,27.4,48.2,13.6,34.6,CRITICAL,1,SYNTHETIC EMERGENCY V2X
EMG-EVT-001265,FIRE-01,FIRE_TRUCK,1.6,0.53,3,45.1,5.7,2.0,3.7,HIGH,1,SYNTHETIC EMERGENCY V2X
EMG-EVT-001266,AMB-04,AMBULANCE,14.8,0.58,27,35.7,57.3,18.8,38.5,CRITICAL,1,SYNTHETIC EMERGENCY V2X
EMG-EVT-001267,AMB-11,AMBULANCE,6.0,0.31,13,57.7,21.8,7.8,14.0,CRITICAL,1,SYNTHETIC EMERGENCY V2X
EMG-EVT-001268,AMB-19,AMBULANCE,4.8,0.87,10,23.5,24.3,6.2,18.1,CRITICAL,1,SYNTHETIC EMERGENCY V2X
EMG-EVT-001269,AMB-16,AMBULANCE,6.6,0.95,14,17.3,39.7,8.6,31.1,CRITICAL,1,SYNTHETIC EMERGENCY V2X
EMG-EVT-001270,AMB-01,AMBULANCE,13.2,0.72,24,28.8,56.3,16.8,39.5,CRITICAL,1,SYNTHETIC EMERGENCY V2X
EMG-EVT-001271,AMB-03,AMBULANCE,15.7,0.47,28,45.4,54.3,19.9,34.4,CRITICAL,1,SYNTHETIC EMERGENCY V2X
EMG-EVT-001272,AMB-10,AMBULANCE,4.0,0.4,8,52.6,14.2,5.2,9.0,CRITICAL,1,SYNTHETIC EMERGENCY V2X
EMG-EVT-001273,AMB-17,AMBULANCE,14.6,0.3,28,49.9,51.2,18.7,32.5,CRITICAL,1,SYNTHETIC EMERGENCY V2X
EMG-EVT-001274,AMB-12,AMBULANCE,14.2,0.42,25,49.5,47.2,18.0,29.2,CRITICAL,1,SYNTHETIC EMERGENCY V2X
EMG-EVT-001275,POL-09,POLICE,11.3,0.3,23,58.7,39.2,14.6,24.6,CRITICAL,1,SYNTHETIC EMERGENCY V2X
EMG-EVT-001276,AMB-12,AMBULANCE,3.4,0.6,6,34.2,13.2,4.3,8.9,CRITICAL,1,SYNTHETIC EMERGENCY V2X
EMG-EVT-001277,AMB-04,AMBULANCE,2.1,0.64,3,35.9,7.1,2.6,4.5,CRITICAL,1,SYNTHETIC EMERGENCY V2X
EMG-EVT-001278,FIRE-05,FIRE_TRUCK,7.6,0.45,14,42.7,27.5,9.7,17.8,CRITICAL,1,SYNTHETIC EMERGENCY V2X
EMG-EVT-001279,AMB-16,AMBULANCE,6.9,0.78,13,22.0,34.4,8.8,25.6,CRITICAL,1,SYNTHETIC EMERGENCY V2X
EMG-EVT-001280,AMB-11,AMBULANCE,7.3,0.44,15,48.1,27.1,9.5,17.6,CRITICAL,1,SYNTHETIC EMERGENCY V2X
EMG-EVT-001281,AMB-12,AMBULANCE,9.1,0.57,16,38.0,33.6,11.5,22.1,CRITICAL,1,SYNTHETIC EMERGENCY V2X
EMG-EVT-001282,POL-01,POLICE,15.3,0.25,30,58.9,51.6,19.7,31.9,CRITICAL,1,SYNTHETIC EMERGENCY V2X
EMG-EVT-001283,AMB-18,AMBULANCE,13.4,0.6,26,38.6,52.0,17.2,34.8,CRITICAL,1,SYNTHETIC EMERGENCY V2X
EMG-EVT-001284,AMB-12,AMBULANCE,11.0,0.62,19,37.2,40.5,13.9,26.6,CRITICAL,1,SYNTHETIC EMERGENCY V2X
EMG-EVT-001285,POL-09,POLICE,5.3,0.79,12,22.1,28.8,7.0,21.8,CRITICAL,1,SYNTHETIC EMERGENCY V2X
EMG-EVT-001286,FIRE-08,FIRE_TRUCK,12.4,0.9,23,21.5,62.2,15.8,46.4,CRITICAL,1,SYNTHETIC EMERGENCY V2X
EMG-EVT-001287,AMB-18,AMBULANCE,14.8,0.47,26,39.6,53.6,18.7,34.9,CRITICAL,1,SYNTHETIC EMERGENCY V2X
EMG-EVT-001288,AMB-13,AMBULANCE,7.9,0.9,15,14.4,50.9,10.1,40.8,CRITICAL,1,SYNTHETIC EMERGENCY V2X
EMG-EVT-001289,AMB-15,AMBULANCE,10.7,0.57,21,40.6,41.0,13.8,27.2,CRITICAL,1,SYNTHETIC EMERGENCY V2X
EMG-EVT-001290,AMB-05,AMBULANCE,12.8,0.42,23,42.3,45.8,16.3,29.5,CRITICAL,1,SYNTHETIC EMERGENCY V2X
EMG-EVT-001291,AMB-15,AMBULANCE,3.0,0.91,8,14.6,21.9,4.1,17.8,CRITICAL,1,SYNTHETIC EMERGENCY V2X
EMG-EVT-001292,AMB-17,AMBULANCE,11.4,0.89,21,20.1,59.2,14.5,44.7,CRITICAL,1,SYNTHETIC EMERGENCY V2X
EMG-EVT-001293,POL-05,POLICE,8.9,0.76,19,29.4,41.0,11.6,29.4,CRITICAL,1,SYNTHETIC EMERGENCY V2X
EMG-EVT-001294,AMB-04,AMBULANCE,6.9,0.44,14,47.1,25.6,8.9,16.7,CRITICAL,1,SYNTHETIC EMERGENCY V2X
EMG-EVT-001295,FIRE-07,FIRE_TRUCK,7.6,0.69,13,28.4,31.7,9.6,22.1,CRITICAL,1,SYNTHETIC EMERGENCY V2X
EMG-EVT-001296,AMB-15,AMBULANCE,15.9,0.37,29,49.4,54.1,20.2,33.9,CRITICAL,1,SYNTHETIC EMERGENCY V2X
EMG-EVT-001297,AMB-02,AMBULANCE,7.1,0.91,13,14.1,45.8,9.0,36.8,CRITICAL,1,SYNTHETIC EMERGENCY V2X
EMG-EVT-001298,FIRE-01,FIRE_TRUCK,8.6,0.22,17,57.2,29.4,11.1,18.3,CRITICAL,1,SYNTHETIC EMERGENCY V2X
EMG-EVT-001299,AMB-12,AMBULANCE,12.8,0.28,25,58.3,43.2,16.5,26.7,CRITICAL,1,SYNTHETIC EMERGENCY V2X
EMG-EVT-001300,FIRE-08,FIRE_TRUCK,5.3,0.58,10,34.7,21.2,6.8,14.4,CRITICAL,1,SYNTHETIC EMERGENCY V2X
EMG-EVT-001301,AMB-05,AMBULANCE,9.6,0.22,20,55.3,34.4,12.5,21.9,CRITICAL,1,SYNTHETIC EMERGENCY V2X
EMG-EVT-001302,AMB-02,AMBULANCE,5.0,0.26,11,59.2,18.3,6.6,11.7,CRITICAL,1,SYNTHETIC EMERGENCY V2X
EMG-EVT-001303,AMB-17,AMBULANCE,13.1,0.68,25,32.5,54.2,16.8,37.4,CRITICAL,1,SYNTHETIC EMERGENCY V2X
EMG-EVT-001304,AMB-03,AMBULANCE,15.1,0.82,29,18.0,85.1,19.4,65.7,CRITICAL,1,SYNTHETIC EMERGENCY V2X
EMG-EVT-001305,FIRE-05,FIRE_TRUCK,15.1,0.33,29,54.4,51.5,19.4,32.1,CRITICAL,1,SYNTHETIC EMERGENCY V2X
EMG-EVT-001306,FIRE-07,FIRE_TRUCK,7.3,0.53,14,43.9,26.8,9.4,17.4,CRITICAL,1,SYNTHETIC EMERGENCY V2X
EMG-EVT-001307,AMB-01,AMBULANCE,4.8,0.39,8,44.2,16.1,6.0,10.1,CRITICAL,1,SYNTHETIC EMERGENCY V2X
EMG-EVT-001308,POL-07,POLICE,12.3,0.78,24,25.2,58.1,15.8,42.3,CRITICAL,1,SYNTHETIC EMERGENCY V2X
EMG-EVT-001309,AMB-06,AMBULANCE,6.9,0.66,12,28.3,29.0,8.7,20.3,CRITICAL,1,SYNTHETIC EMERGENCY V2X
EMG-EVT-001310,FIRE-09,FIRE_TRUCK,12.2,0.38,24,45.7,44.8,15.7,29.1,CRITICAL,1,SYNTHETIC EMERGENCY V2X
EMG-EVT-001311,POL-08,POLICE,14.7,0.23,26,58.8,46.2,18.6,27.6,CRITICAL,1,SYNTHETIC EMERGENCY V2X
EMG-EVT-001312,AMB-13,AMBULANCE,5.3,0.64,11,37.1,21.8,6.9,14.9,CRITICAL,1,SYNTHETIC EMERGENCY V2X
EMG-EVT-001313,AMB-07,AMBULANCE,6.9,0.54,14,35.3,28.5,8.9,19.6,CRITICAL,1,SYNTHETIC EMERGENCY V2X
EMG-EVT-001314,AMB-19,AMBULANCE,7.6,0.5,13,43.7,26.0,9.6,16.4,CRITICAL,1,SYNTHETIC EMERGENCY V2X
EMG-EVT-001315,AMB-03,AMBULANCE,8.3,0.93,16,15.9,50.5,10.7,39.8,CRITICAL,1,SYNTHETIC EMERGENCY V2X
EMG-EVT-001316,AMB-13,AMBULANCE,3.3,0.96,8,10.0,29.4,4.4,25.0,CRITICAL,1,SYNTHETIC EMERGENCY V2X
EMG-EVT-001317,AMB-18,AMBULANCE,2.4,0.83,6,19.7,14.5,3.2,11.3,CRITICAL,1,SYNTHETIC EMERGENCY V2X
EMG-EVT-001318,AMB-12,AMBULANCE,8.8,0.65,17,33.4,36.2,11.3,24.9,CRITICAL,1,SYNTHETIC EMERGENCY V2X
EMG-EVT-001319,POL-01,POLICE,7.5,0.9,16,17.4,45.1,9.8,35.3,CRITICAL,1,SYNTHETIC EMERGENCY V2X
EMG-EVT-001320,FIRE-08,FIRE_TRUCK,12.7,0.33,22,53.3,40.7,16.1,24.6,CRITICAL,1,SYNTHETIC EMERGENCY V2X
EMG-EVT-001321,AMB-12,AMBULANCE,2.3,0.55,5,39.1,9.5,3.0,6.5,CRITICAL,1,SYNTHETIC EMERGENCY V2X
EMG-EVT-001322,AMB-04,AMBULANCE,4.0,0.91,9,20.8,22.3,5.3,17.0,CRITICAL,1,SYNTHETIC EMERGENCY V2X
EMG-EVT-001323,AMB-01,AMBULANCE,2.7,0.94,5,19.8,14.2,3.4,10.8,CRITICAL,1,SYNTHETIC EMERGENCY V2X
EMG-EVT-001324,FIRE-02,FIRE_TRUCK,5.6,0.8,10,20.8,28.2,7.1,21.1,CRITICAL,1,SYNTHETIC EMERGENCY V2X
EMG-EVT-001325,AMB-13,AMBULANCE,4.3,0.56,9,37.3,17.7,5.6,12.1,CRITICAL,1,SYNTHETIC EMERGENCY V2X
EMG-EVT-001326,AMB-10,AMBULANCE,15.1,0.27,28,57.4,49.4,19.3,30.1,CRITICAL,1,SYNTHETIC EMERGENCY V2X
EMG-EVT-001327,AMB-12,AMBULANCE,5.3,0.35,11,48.3,19.8,6.9,12.9,CRITICAL,1,SYNTHETIC EMERGENCY V2X
EMG-EVT-001328,AMB-07,AMBULANCE,8.6,0.49,18,43.5,33.5,11.2,22.3,CRITICAL,1,SYNTHETIC EMERGENCY V2X
EMG-EVT-001329,AMB-06,AMBULANCE,13.8,0.88,25,22.4,67.0,17.6,49.4,CRITICAL,1,SYNTHETIC EMERGENCY V2X
EMG-EVT-001330,AMB-18,AMBULANCE,10.3,0.84,18,24.0,47.3,13.0,34.3,CRITICAL,1,SYNTHETIC EMERGENCY V2X
EMG-EVT-001331,AMB-05,AMBULANCE,14.8,0.28,27,51.4,49.7,18.8,30.9,CRITICAL,1,SYNTHETIC EMERGENCY V2X
EMG-EVT-001332,FIRE-07,FIRE_TRUCK,3.2,0.2,5,56.0,9.4,4.0,5.4,HIGH,1,SYNTHETIC EMERGENCY V2X
EMG-EVT-001333,AMB-11,AMBULANCE,12.8,0.81,26,27.9,58.7,16.6,42.1,CRITICAL,1,SYNTHETIC EMERGENCY V2X
EMG-EVT-001334,AMB-07,AMBULANCE,1.8,0.51,5,42.0,8.6,2.5,6.1,CRITICAL,1,SYNTHETIC EMERGENCY V2X
EMG-EVT-001335,POL-08,POLICE,2.6,0.5,5,46.4,9.4,3.3,6.1,HIGH,1,SYNTHETIC EMERGENCY V2X
EMG-EVT-001336,AMB-18,AMBULANCE,5.7,0.49,13,43.2,23.5,7.5,16.0,CRITICAL,1,SYNTHETIC EMERGENCY V2X
EMG-EVT-001337,AMB-20,AMBULANCE,4.7,0.81,11,26.2,24.0,6.2,17.8,CRITICAL,1,SYNTHETIC EMERGENCY V2X
EMG-EVT-001338,AMB-13,AMBULANCE,12.8,0.41,26,46.4,47.8,16.6,31.2,CRITICAL,1,SYNTHETIC EMERGENCY V2X
EMG-EVT-001339,FIRE-02,FIRE_TRUCK,15.4,0.25,29,54.6,51.7,19.7,32.0,CRITICAL,1,SYNTHETIC EMERGENCY V2X
EMG-EVT-001340,AMB-13,AMBULANCE,11.5,0.85,21,17.6,64.4,14.6,49.8,CRITICAL,1,SYNTHETIC EMERGENCY V2X
EMG-EVT-001341,AMB-03,AMBULANCE,14.3,0.72,25,26.0,63.0,18.1,44.9,CRITICAL,1,SYNTHETIC EMERGENCY V2X
EMG-EVT-001342,FIRE-07,FIRE_TRUCK,13.4,0.87,25,21.7,67.1,17.1,50.0,CRITICAL,1,SYNTHETIC EMERGENCY V2X
EMG-EVT-001343,AMB-01,AMBULANCE,1.8,0.31,6,55.5,9.1,2.6,6.5,CRITICAL,1,SYNTHETIC EMERGENCY V2X
EMG-EVT-001344,AMB-12,AMBULANCE,3.9,0.84,10,25.4,21.2,5.3,15.9,CRITICAL,1,SYNTHETIC EMERGENCY V2X
EMG-EVT-001345,AMB-10,AMBULANCE,14.3,0.3,28,53.7,49.6,18.4,31.2,CRITICAL,1,SYNTHETIC EMERGENCY V2X
EMG-EVT-001346,AMB-04,AMBULANCE,14.3,0.52,27,40.6,53.5,18.3,35.2,CRITICAL,1,SYNTHETIC EMERGENCY V2X
EMG-EVT-001347,AMB-13,AMBULANCE,5.5,0.35,12,50.0,21.0,7.2,13.8,CRITICAL,1,SYNTHETIC EMERGENCY V2X
EMG-EVT-001348,AMB-12,AMBULANCE,2.8,0.29,5,58.0,8.9,3.6,5.3,CRITICAL,1,SYNTHETIC EMERGENCY V2X
EMG-EVT-001349,AMB-05,AMBULANCE,2.4,0.23,4,60.5,7.2,3.0,4.2,CRITICAL,1,SYNTHETIC EMERGENCY V2X
EMG-EVT-001350,FIRE-04,FIRE_TRUCK,1.9,0.91,5,16.3,13.0,2.6,10.4,CRITICAL,1,SYNTHETIC EMERGENCY V2X
EMG-EVT-001351,AMB-07,AMBULANCE,12.3,0.41,23,46.1,43.6,15.7,27.9,CRITICAL,1,SYNTHETIC EMERGENCY V2X
EMG-EVT-001352,AMB-09,AMBULANCE,3.1,0.58,7,35.3,13.7,4.1,9.6,CRITICAL,1,SYNTHETIC EMERGENCY V2X
EMG-EVT-001353,FIRE-09,FIRE_TRUCK,5.9,0.83,11,19.2,31.6,7.5,24.1,CRITICAL,1,SYNTHETIC EMERGENCY V2X
EMG-EVT-001354,AMB-17,AMBULANCE,15.7,0.93,31,11.6,118.4,20.2,98.2,CRITICAL,1,SYNTHETIC EMERGENCY V2X
EMG-EVT-001355,POL-06,POLICE,7.1,0.24,15,62.3,24.8,9.2,15.6,CRITICAL,1,SYNTHETIC EMERGENCY V2X
EMG-EVT-001356,FIRE-08,FIRE_TRUCK,14.2,0.3,27,49.0,49.8,18.2,31.6,CRITICAL,1,SYNTHETIC EMERGENCY V2X
EMG-EVT-001357,AMB-06,AMBULANCE,7.5,0.5,16,44.7,29.3,9.8,19.5,CRITICAL,1,SYNTHETIC EMERGENCY V2X
EMG-EVT-001358,AMB-17,AMBULANCE,9.8,0.74,19,29.9,42.5,12.6,29.9,CRITICAL,1,SYNTHETIC EMERGENCY V2X
EMG-EVT-001359,AMB-10,AMBULANCE,8.0,0.51,17,44.4,31.2,10.4,20.8,CRITICAL,1,SYNTHETIC EMERGENCY V2X
EMG-EVT-001360,AMB-14,AMBULANCE,9.2,0.73,19,24.3,45.5,11.9,33.6,CRITICAL,1,SYNTHETIC EMERGENCY V2X
EMG-EVT-001361,AMB-04,AMBULANCE,10.5,0.79,18,22.6,49.5,13.3,36.2,CRITICAL,1,SYNTHETIC EMERGENCY V2X
EMG-EVT-001362,FIRE-03,FIRE_TRUCK,5.6,0.47,12,46.5,21.6,7.3,14.3,CRITICAL,1,SYNTHETIC EMERGENCY V2X
EMG-EVT-001363,AMB-11,AMBULANCE,11.2,0.63,22,35.7,45.2,14.4,30.8,CRITICAL,1,SYNTHETIC EMERGENCY V2X
EMG-EVT-001364,AMB-10,AMBULANCE,12.2,0.88,21,20.4,61.1,15.4,45.7,CRITICAL,1,SYNTHETIC EMERGENCY V2X
EMG-EVT-001365,AMB-17,AMBULANCE,12.5,0.82,22,22.8,59.3,15.8,43.5,CRITICAL,1,SYNTHETIC EMERGENCY V2X
EMG-EVT-001366,AMB-20,AMBULANCE,4.2,0.36,9,47.6,16.1,5.5,10.6,CRITICAL,1,SYNTHETIC EMERGENCY V2X
EMG-EVT-001367,AMB-05,AMBULANCE,12.3,0.25,24,60.2,41.1,15.8,25.3,CRITICAL,1,SYNTHETIC EMERGENCY V2X
EMG-EVT-001368,AMB-11,AMBULANCE,3.0,0.21,5,54.8,9.3,3.8,5.5,CRITICAL,1,SYNTHETIC EMERGENCY V2X
EMG-EVT-001369,AMB-16,AMBULANCE,7.0,0.54,15,34.7,30.1,9.1,21.0,CRITICAL,1,SYNTHETIC EMERGENCY V2X
EMG-EVT-001370,POL-08,POLICE,1.9,0.68,5,28.8,10.0,2.6,7.4,HIGH,1,SYNTHETIC EMERGENCY V2X
EMG-EVT-001371,AMB-12,AMBULANCE,10.9,0.36,22,48.9,39.8,14.1,25.7,CRITICAL,1,SYNTHETIC EMERGENCY V2X
EMG-EVT-001372,AMB-11,AMBULANCE,6.5,0.61,13,33.0,27.4,8.4,19.0,CRITICAL,1,SYNTHETIC EMERGENCY V2X
EMG-EVT-001373,AMB-20,AMBULANCE,4.4,0.65,7,33.3,16.3,5.5,10.8,CRITICAL,1,SYNTHETIC EMERGENCY V2X
EMG-EVT-001374,POL-08,POLICE,13.1,0.94,24,19.9,68.3,16.7,51.6,CRITICAL,1,SYNTHETIC EMERGENCY V2X
EMG-EVT-001375,AMB-13,AMBULANCE,12.4,0.94,24,12.4,88.8,15.9,72.9,CRITICAL,1,SYNTHETIC EMERGENCY V2X
EMG-EVT-001376,AMB-10,AMBULANCE,8.8,0.72,18,25.9,42.0,11.4,30.6,CRITICAL,1,SYNTHETIC EMERGENCY V2X
EMG-EVT-001377,FIRE-03,FIRE_TRUCK,14.3,0.23,27,59.0,46.9,18.3,28.6,CRITICAL,1,SYNTHETIC EMERGENCY V2X
EMG-EVT-001378,AMB-04,AMBULANCE,7.8,0.7,14,34.7,30.3,9.9,20.4,CRITICAL,1,SYNTHETIC EMERGENCY V2X
EMG-EVT-001379,AMB-01,AMBULANCE,4.9,0.63,10,38.6,19.6,6.3,13.3,CRITICAL,1,SYNTHETIC EMERGENCY V2X
EMG-EVT-001380,AMB-07,AMBULANCE,13.4,0.88,26,20.6,70.2,17.2,53.0,CRITICAL,1,SYNTHETIC EMERGENCY V2X
EMG-EVT-001381,AMB-06,AMBULANCE,8.9,0.53,18,39.4,35.2,11.5,23.7,CRITICAL,1,SYNTHETIC EMERGENCY V2X
EMG-EVT-001382,AMB-12,AMBULANCE,6.1,0.9,13,21.8,32.4,8.0,24.4,CRITICAL,1,SYNTHETIC EMERGENCY V2X
EMG-EVT-001383,AMB-11,AMBULANCE,13.2,0.93,24,20.6,67.2,16.8,50.4,CRITICAL,1,SYNTHETIC EMERGENCY V2X
EMG-EVT-001384,FIRE-10,FIRE_TRUCK,15.2,0.38,29,48.7,53.5,19.5,34.0,CRITICAL,1,SYNTHETIC EMERGENCY V2X
EMG-EVT-001385,AMB-20,AMBULANCE,8.9,0.75,17,31.3,37.5,11.4,26.1,CRITICAL,1,SYNTHETIC EMERGENCY V2X
EMG-EVT-001386,AMB-05,AMBULANCE,12.9,0.4,26,52.4,46.0,16.7,29.3,CRITICAL,1,SYNTHETIC EMERGENCY V2X
EMG-EVT-001387,AMB-15,AMBULANCE,11.3,0.71,23,31.9,48.9,14.6,34.3,CRITICAL,1,SYNTHETIC EMERGENCY V2X
EMG-EVT-001388,AMB-13,AMBULANCE,7.8,0.32,17,52.5,29.3,10.2,19.1,CRITICAL,1,SYNTHETIC EMERGENCY V2X
EMG-EVT-001389,POL-04,POLICE,7.3,0.22,14,57.1,24.5,9.4,15.1,CRITICAL,1,SYNTHETIC EMERGENCY V2X
EMG-EVT-001390,AMB-06,AMBULANCE,12.0,0.52,22,45.4,42.3,15.3,27.0,CRITICAL,1,SYNTHETIC EMERGENCY V2X
EMG-EVT-001391,AMB-02,AMBULANCE,5.6,0.51,11,43.6,20.9,7.2,13.7,CRITICAL,1,SYNTHETIC EMERGENCY V2X
EMG-EVT-001392,AMB-15,AMBULANCE,3.2,0.73,6,29.1,13.8,4.1,9.7,CRITICAL,1,SYNTHETIC EMERGENCY V2X
EMG-EVT-001393,AMB-02,AMBULANCE,1.5,0.26,2,59.3,3.9,2.0,1.9,CRITICAL,0,SYNTHETIC EMERGENCY V2X
EMG-EVT-001394,AMB-01,AMBULANCE,7.4,0.53,13,38.5,27.1,9.4,17.7,CRITICAL,1,SYNTHETIC EMERGENCY V2X
EMG-EVT-001395,AMB-20,AMBULANCE,4.9,0.85,9,22.5,23.9,6.2,17.7,CRITICAL,1,SYNTHETIC EMERGENCY V2X
EMG-EVT-001396,AMB-09,AMBULANCE,10.8,0.57,22,39.4,42.8,14.0,28.8,CRITICAL,1,SYNTHETIC EMERGENCY V2X
EMG-EVT-001397,AMB-09,AMBULANCE,11.6,0.33,23,47.3,42.3,15.0,27.3,CRITICAL,1,SYNTHETIC EMERGENCY V2X
EMG-EVT-001398,AMB-12,AMBULANCE,2.6,0.71,4,34.1,9.4,3.2,6.2,CRITICAL,1,SYNTHETIC EMERGENCY V2X
EMG-EVT-001399,AMB-11,AMBULANCE,8.5,0.76,15,28.5,35.9,10.8,25.1,CRITICAL,1,SYNTHETIC EMERGENCY V2X
EMG-EVT-001400,AMB-03,AMBULANCE,4.5,0.48,8,47.3,15.3,5.7,9.6,CRITICAL,1,SYNTHETIC EMERGENCY V2X
EMG-EVT-001401,AMB-18,AMBULANCE,9.6,0.83,17,24.6,43.8,12.2,31.6,CRITICAL,1,SYNTHETIC EMERGENCY V2X
EMG-EVT-001402,AMB-15,AMBULANCE,6.4,0.89,14,19.4,36.6,8.4,28.2,CRITICAL,1,SYNTHETIC EMERGENCY V2X
EMG-EVT-001403,AMB-03,AMBULANCE,2.5,0.23,4,62.1,7.2,3.1,4.1,CRITICAL,1,SYNTHETIC EMERGENCY V2X
EMG-EVT-001404,AMB-16,AMBULANCE,1.5,0.74,2,31.2,5.3,2.0,3.3,CRITICAL,1,SYNTHETIC EMERGENCY V2X
EMG-EVT-001405,POL-04,POLICE,10.7,0.79,19,21.9,52.1,13.6,38.5,CRITICAL,1,SYNTHETIC EMERGENCY V2X
EMG-EVT-001406,FIRE-10,FIRE_TRUCK,8.0,0.75,15,29.6,34.2,10.2,24.0,CRITICAL,1,SYNTHETIC EMERGENCY V2X
EMG-EVT-001407,POL-02,POLICE,6.7,0.75,13,24.0,32.4,8.6,23.8,CRITICAL,1,SYNTHETIC EMERGENCY V2X
EMG-EVT-001408,AMB-12,AMBULANCE,5.6,0.61,11,34.4,23.0,7.2,15.8,CRITICAL,1,SYNTHETIC EMERGENCY V2X
EMG-EVT-001409,AMB-09,AMBULANCE,7.4,0.27,13,60.8,22.9,9.4,13.5,CRITICAL,1,SYNTHETIC EMERGENCY V2X
EMG-EVT-001410,AMB-13,AMBULANCE,15.5,0.83,30,21.9,78.5,19.9,58.6,CRITICAL,1,SYNTHETIC EMERGENCY V2X
EMG-EVT-001411,AMB-02,AMBULANCE,14.0,0.89,25,22.4,67.5,17.8,49.7,CRITICAL,1,SYNTHETIC EMERGENCY V2X
EMG-EVT-001412,POL-01,POLICE,14.6,0.56,29,42.1,55.6,18.8,36.8,CRITICAL,1,SYNTHETIC EMERGENCY V2X
EMG-EVT-001413,FIRE-05,FIRE_TRUCK,2.6,0.66,6,29.5,12.5,3.4,9.1,CRITICAL,1,SYNTHETIC EMERGENCY V2X
EMG-EVT-001414,AMB-04,AMBULANCE,7.1,0.41,13,49.8,24.2,9.0,15.2,CRITICAL,1,SYNTHETIC EMERGENCY V2X
EMG-EVT-001415,AMB-20,AMBULANCE,11.7,0.42,23,47.0,42.5,15.1,27.4,CRITICAL,1,SYNTHETIC EMERGENCY V2X
EMG-EVT-001416,AMB-04,AMBULANCE,8.6,0.76,17,22.6,43.2,11.1,32.1,CRITICAL,1,SYNTHETIC EMERGENCY V2X
EMG-EVT-001417,AMB-07,AMBULANCE,8.4,0.41,15,43.7,29.5,10.7,18.8,CRITICAL,1,SYNTHETIC EMERGENCY V2X
EMG-EVT-001418,AMB-08,AMBULANCE,10.3,0.89,18,20.7,51.5,13.0,38.5,CRITICAL,1,SYNTHETIC EMERGENCY V2X
EMG-EVT-001419,AMB-15,AMBULANCE,9.7,0.28,19,53.8,33.6,12.5,21.1,CRITICAL,1,SYNTHETIC EMERGENCY V2X
EMG-EVT-001420,AMB-15,AMBULANCE,3.2,0.59,6,41.4,11.8,4.1,7.7,CRITICAL,1,SYNTHETIC EMERGENCY V2X
EMG-EVT-001421,POL-02,POLICE,8.6,0.69,16,28.5,37.3,11.0,26.3,CRITICAL,1,SYNTHETIC EMERGENCY V2X
EMG-EVT-001422,AMB-18,AMBULANCE,7.7,0.48,13,45.1,25.8,9.7,16.1,CRITICAL,1,SYNTHETIC EMERGENCY V2X
EMG-EVT-001423,FIRE-05,FIRE_TRUCK,14.0,0.52,25,44.3,49.0,17.8,31.2,CRITICAL,1,SYNTHETIC EMERGENCY V2X
EMG-EVT-001424,AMB-15,AMBULANCE,7.3,0.63,13,29.5,30.4,9.3,21.1,CRITICAL,1,SYNTHETIC EMERGENCY V2X
EMG-EVT-001425,AMB-16,AMBULANCE,9.9,0.54,20,42.2,38.1,12.8,25.3,CRITICAL,1,SYNTHETIC EMERGENCY V2X
EMG-EVT-001426,AMB-13,AMBULANCE,5.8,0.63,10,37.3,21.3,7.3,14.0,CRITICAL,1,SYNTHETIC EMERGENCY V2X
EMG-EVT-001427,AMB-18,AMBULANCE,12.4,0.95,24,13.7,83.1,15.9,67.2,CRITICAL,1,SYNTHETIC EMERGENCY V2X
EMG-EVT-001428,AMB-04,AMBULANCE,7.6,0.76,13,22.9,35.5,9.6,25.9,CRITICAL,1,SYNTHETIC EMERGENCY V2X
EMG-EVT-001429,POL-04,POLICE,13.2,0.43,23,50.7,43.2,16.7,26.5,CRITICAL,1,SYNTHETIC EMERGENCY V2X
EMG-EVT-001430,AMB-07,AMBULANCE,2.9,0.78,8,26.4,16.2,4.0,12.2,CRITICAL,1,SYNTHETIC EMERGENCY V2X
EMG-EVT-001431,AMB-11,AMBULANCE,12.3,0.72,22,28.4,52.4,15.6,36.8,CRITICAL,1,SYNTHETIC EMERGENCY V2X
EMG-EVT-001432,AMB-14,AMBULANCE,12.5,0.36,22,54.0,40.3,15.8,24.5,CRITICAL,1,SYNTHETIC EMERGENCY V2X
EMG-EVT-001433,AMB-14,AMBULANCE,10.3,0.49,21,46.7,38.4,13.3,25.1,CRITICAL,1,SYNTHETIC EMERGENCY V2X
EMG-EVT-001434,AMB-13,AMBULANCE,2.0,0.94,3,15.1,11.5,2.5,9.0,CRITICAL,1,SYNTHETIC EMERGENCY V2X
EMG-EVT-001435,AMB-16,AMBULANCE,1.6,0.69,4,27.0,8.4,2.1,6.3,CRITICAL,1,SYNTHETIC EMERGENCY V2X
EMG-EVT-001436,AMB-09,AMBULANCE,10.4,0.49,21,39.2,41.1,13.4,27.7,CRITICAL,1,SYNTHETIC EMERGENCY V2X
EMG-EVT-001437,POL-10,POLICE,6.1,0.38,11,50.7,20.4,7.8,12.6,CRITICAL,1,SYNTHETIC EMERGENCY V2X
EMG-EVT-001438,AMB-15,AMBULANCE,6.8,0.71,13,34.1,27.6,8.7,18.9,CRITICAL,1,SYNTHETIC EMERGENCY V2X
EMG-EVT-001439,FIRE-05,FIRE_TRUCK,12.1,0.83,21,20.7,60.3,15.3,45.0,CRITICAL,1,SYNTHETIC EMERGENCY V2X
EMG-EVT-001440,AMB-15,AMBULANCE,7.4,0.65,14,32.8,30.3,9.5,20.8,CRITICAL,1,SYNTHETIC EMERGENCY V2X
EMG-EVT-001441,FIRE-06,FIRE_TRUCK,11.5,0.49,21,42.4,41.5,14.6,26.9,CRITICAL,1,SYNTHETIC EMERGENCY V2X
EMG-EVT-001442,AMB-13,AMBULANCE,9.2,0.77,18,26.5,42.4,11.8,30.6,CRITICAL,1,SYNTHETIC EMERGENCY V2X
EMG-EVT-001443,FIRE-07,FIRE_TRUCK,8.5,0.23,17,60.3,28.9,11.0,17.9,CRITICAL,1,SYNTHETIC EMERGENCY V2X
EMG-EVT-001444,AMB-13,AMBULANCE,13.7,0.38,24,46.7,46.4,17.3,29.1,CRITICAL,1,SYNTHETIC EMERGENCY V2X
EMG-EVT-001445,FIRE-06,FIRE_TRUCK,9.6,0.53,20,41.5,37.9,12.5,25.4,CRITICAL,1,SYNTHETIC EMERGENCY V2X
EMG-EVT-001446,AMB-13,AMBULANCE,2.1,0.5,4,44.4,7.6,2.7,4.9,CRITICAL,1,SYNTHETIC EMERGENCY V2X
EMG-EVT-001447,AMB-01,AMBULANCE,10.6,0.81,21,26.4,49.3,13.7,35.6,CRITICAL,1,SYNTHETIC EMERGENCY V2X
EMG-EVT-001448,AMB-15,AMBULANCE,2.3,0.24,7,56.5,10.8,3.2,7.6,CRITICAL,1,SYNTHETIC EMERGENCY V2X
EMG-EVT-001449,POL-06,POLICE,8.5,0.86,18,17.9,50.1,11.1,39.0,CRITICAL,1,SYNTHETIC EMERGENCY V2X
EMG-EVT-001450,AMB-17,AMBULANCE,11.0,0.33,21,47.2,39.2,14.1,25.1,CRITICAL,1,SYNTHETIC EMERGENCY V2X
EMG-EVT-001451,AMB-18,AMBULANCE,5.4,0.28,12,56.9,20.1,7.1,13.0,CRITICAL,1,SYNTHETIC EMERGENCY V2X
EMG-EVT-001452,POL-01,POLICE,5.9,0.31,10,52.7,18.7,7.4,11.3,CRITICAL,1,SYNTHETIC EMERGENCY V2X
EMG-EVT-001453,AMB-18,AMBULANCE,7.7,0.39,13,48.0,25.2,9.7,15.5,CRITICAL,1,SYNTHETIC EMERGENCY V2X
EMG-EVT-001454,FIRE-09,FIRE_TRUCK,4.3,0.79,8,27.2,19.1,5.5,13.6,CRITICAL,1,SYNTHETIC EMERGENCY V2X
EMG-EVT-001455,FIRE-01,FIRE_TRUCK,14.8,0.88,28,22.4,73.2,18.9,54.3,CRITICAL,1,SYNTHETIC EMERGENCY V2X
EMG-EVT-001456,AMB-17,AMBULANCE,15.4,0.38,30,47.0,55.7,19.8,35.9,CRITICAL,1,SYNTHETIC EMERGENCY V2X
EMG-EVT-001457,POL-08,POLICE,12.2,0.59,23,34.3,48.9,15.6,33.3,CRITICAL,1,SYNTHETIC EMERGENCY V2X
EMG-EVT-001458,AMB-08,AMBULANCE,15.0,0.52,30,37.3,60.1,19.4,40.7,CRITICAL,1,SYNTHETIC EMERGENCY V2X
EMG-EVT-001459,AMB-12,AMBULANCE,2.9,0.58,6,34.8,12.2,3.8,8.4,CRITICAL,1,SYNTHETIC EMERGENCY V2X
EMG-EVT-001460,FIRE-03,FIRE_TRUCK,2.8,0.31,5,49.2,9.4,3.6,5.8,HIGH,1,SYNTHETIC EMERGENCY V2X
EMG-EVT-001461,AMB-06,AMBULANCE,8.4,0.27,17,51.4,30.2,10.9,19.3,CRITICAL,1,SYNTHETIC EMERGENCY V2X
EMG-EVT-001462,FIRE-09,FIRE_TRUCK,14.6,0.8,27,23.9,69.1,18.6,50.5,CRITICAL,1,SYNTHETIC EMERGENCY V2X
EMG-EVT-001463,AMB-09,AMBULANCE,7.6,0.62,14,38.5,28.6,9.7,18.9,CRITICAL,1,SYNTHETIC EMERGENCY V2X
EMG-EVT-001464,AMB-03,AMBULANCE,4.7,0.54,11,40.0,20.2,6.2,14.0,CRITICAL,1,SYNTHETIC EMERGENCY V2X
EMG-EVT-001465,FIRE-06,FIRE_TRUCK,3.4,0.75,8,24.1,18.1,4.5,13.6,CRITICAL,1,SYNTHETIC EMERGENCY V2X
EMG-EVT-001466,AMB-08,AMBULANCE,2.7,0.58,5,37.5,10.3,3.4,6.9,CRITICAL,1,SYNTHETIC EMERGENCY V2X
EMG-EVT-001467,AMB-04,AMBULANCE,4.6,0.87,11,20.0,27.0,6.1,20.9,CRITICAL,1,SYNTHETIC EMERGENCY V2X
EMG-EVT-001468,FIRE-10,FIRE_TRUCK,5.9,0.53,10,44.0,20.0,7.4,12.6,CRITICAL,1,SYNTHETIC EMERGENCY V2X
EMG-EVT-001469,AMB-09,AMBULANCE,7.7,0.49,13,40.3,27.1,9.7,17.4,CRITICAL,1,SYNTHETIC EMERGENCY V2X
EMG-EVT-001470,FIRE-04,FIRE_TRUCK,8.2,0.24,16,55.9,28.0,10.5,17.5,CRITICAL,1,SYNTHETIC EMERGENCY V2X
EMG-EVT-001471,AMB-15,AMBULANCE,4.7,0.27,8,53.5,14.9,5.9,9.0,CRITICAL,1,SYNTHETIC EMERGENCY V2X
EMG-EVT-001472,AMB-15,AMBULANCE,7.7,0.77,14,22.3,37.5,9.8,27.7,CRITICAL,1,SYNTHETIC EMERGENCY V2X
EMG-EVT-001473,AMB-04,AMBULANCE,14.1,0.51,27,42.4,52.4,18.1,34.3,CRITICAL,1,SYNTHETIC EMERGENCY V2X
EMG-EVT-001474,AMB-18,AMBULANCE,4.6,0.87,10,22.7,24.2,6.0,18.2,CRITICAL,1,SYNTHETIC EMERGENCY V2X
EMG-EVT-001475,AMB-16,AMBULANCE,13.2,0.79,24,20.5,67.4,16.8,50.6,CRITICAL,1,SYNTHETIC EMERGENCY V2X
EMG-EVT-001476,POL-06,POLICE,13.2,0.35,25,54.3,44.6,16.9,27.7,CRITICAL,1,SYNTHETIC EMERGENCY V2X
EMG-EVT-001477,FIRE-09,FIRE_TRUCK,9.3,0.34,16,50.7,30.2,11.7,18.5,CRITICAL,1,SYNTHETIC EMERGENCY V2X
EMG-EVT-001478,FIRE-06,FIRE_TRUCK,11.8,0.58,22,41.6,43.4,15.1,28.3,CRITICAL,1,SYNTHETIC EMERGENCY V2X
EMG-EVT-001479,AMB-09,AMBULANCE,1.6,0.58,2,32.3,5.4,2.0,3.4,CRITICAL,1,SYNTHETIC EMERGENCY V2X
EMG-EVT-001480,AMB-14,AMBULANCE,8.1,0.3,16,50.9,28.7,10.4,18.3,CRITICAL,1,SYNTHETIC EMERGENCY V2X
EMG-EVT-001481,AMB-15,AMBULANCE,7.5,0.42,14,44.5,26.9,9.6,17.3,CRITICAL,1,SYNTHETIC EMERGENCY V2X
EMG-EVT-001482,AMB-03,AMBULANCE,7.8,0.75,14,23.1,37.1,9.9,27.2,CRITICAL,1,SYNTHETIC EMERGENCY V2X
EMG-EVT-001483,AMB-10,AMBULANCE,5.6,0.37,13,54.0,21.8,7.4,14.4,CRITICAL,1,SYNTHETIC EMERGENCY V2X
EMG-EVT-001484,FIRE-07,FIRE_TRUCK,14.6,0.59,28,33.5,59.7,18.7,41.0,CRITICAL,1,SYNTHETIC EMERGENCY V2X
EMG-EVT-001485,FIRE-07,FIRE_TRUCK,1.8,0.31,5,52.6,8.1,2.5,5.6,HIGH,1,SYNTHETIC EMERGENCY V2X
EMG-EVT-001486,POL-05,POLICE,4.1,0.68,8,27.2,18.6,5.3,13.3,CRITICAL,1,SYNTHETIC EMERGENCY V2X
EMG-EVT-001487,AMB-08,AMBULANCE,4.2,0.95,9,17.2,25.5,5.5,20.0,CRITICAL,1,SYNTHETIC EMERGENCY V2X
EMG-EVT-001488,AMB-19,AMBULANCE,5.5,0.21,10,59.9,17.5,7.0,10.5,CRITICAL,1,SYNTHETIC EMERGENCY V2X
EMG-EVT-001489,AMB-05,AMBULANCE,8.2,0.74,17,25.0,40.1,10.6,29.5,CRITICAL,1,SYNTHETIC EMERGENCY V2X
EMG-EVT-001490,FIRE-07,FIRE_TRUCK,9.8,0.88,17,15.0,59.6,12.4,47.2,CRITICAL,1,SYNTHETIC EMERGENCY V2X
EMG-EVT-001491,FIRE-05,FIRE_TRUCK,6.5,0.38,12,48.5,22.4,8.3,14.1,CRITICAL,1,SYNTHETIC EMERGENCY V2X
EMG-EVT-001492,AMB-12,AMBULANCE,13.5,0.89,26,22.6,67.0,17.3,49.7,CRITICAL,1,SYNTHETIC EMERGENCY V2X
EMG-EVT-001493,FIRE-09,FIRE_TRUCK,6.9,0.94,14,15.0,44.4,8.9,35.5,CRITICAL,1,SYNTHETIC EMERGENCY V2X
EMG-EVT-001494,AMB-16,AMBULANCE,6.5,0.82,13,18.5,36.7,8.4,28.3,CRITICAL,1,SYNTHETIC EMERGENCY V2X
EMG-EVT-001495,FIRE-05,FIRE_TRUCK,7.3,0.37,16,47.8,28.4,9.6,18.8,CRITICAL,1,SYNTHETIC EMERGENCY V2X
EMG-EVT-001496,AMB-05,AMBULANCE,11.7,0.83,22,21.3,59.4,15.0,44.4,CRITICAL,1,SYNTHETIC EMERGENCY V2X
EMG-EVT-001497,FIRE-08,FIRE_TRUCK,11.2,0.33,22,53.3,39.0,14.4,24.6,CRITICAL,1,SYNTHETIC EMERGENCY V2X
EMG-EVT-001498,AMB-08,AMBULANCE,12.8,0.53,23,39.9,46.8,16.3,30.5,CRITICAL,1,SYNTHETIC EMERGENCY V2X
EMG-EVT-001499,AMB-12,AMBULANCE,7.1,0.29,12,54.2,22.3,8.9,13.4,CRITICAL,1,SYNTHETIC EMERGENCY V2X
EMG-EVT-001500,FIRE-05,FIRE_TRUCK,9.1,0.59,16,33.5,35.5,11.5,24.0,CRITICAL,1,SYNTHETIC EMERGENCY V2X
EMG-EVT-001501,AMB-06,AMBULANCE,3.1,0.43,5,46.7,10.0,3.9,6.1,CRITICAL,1,SYNTHETIC EMERGENCY V2X
EMG-EVT-001502,AMB-12,AMBULANCE,15.9,0.25,29,59.8,50.8,20.2,30.6,CRITICAL,1,SYNTHETIC EMERGENCY V2X
EMG-EVT-001503,AMB-08,AMBULANCE,6.4,0.2,11,56.4,20.0,8.1,11.9,CRITICAL,1,SYNTHETIC EMERGENCY V2X
EMG-EVT-001504,AMB-10,AMBULANCE,13.2,0.44,23,49.4,43.6,16.7,26.9,CRITICAL,1,SYNTHETIC EMERGENCY V2X
EMG-EVT-001505,AMB-09,AMBULANCE,14.8,0.4,29,44.2,54.9,19.0,35.9,CRITICAL,1,SYNTHETIC EMERGENCY V2X
EMG-EVT-001506,POL-04,POLICE,7.2,0.95,13,15.2,44.0,9.2,34.8,CRITICAL,1,SYNTHETIC EMERGENCY V2X
EMG-EVT-001507,AMB-18,AMBULANCE,4.2,0.54,9,37.4,17.5,5.5,12.0,CRITICAL,1,SYNTHETIC EMERGENCY V2X
EMG-EVT-001508,AMB-14,AMBULANCE,10.0,0.71,20,27.9,45.5,12.9,32.6,CRITICAL,1,SYNTHETIC EMERGENCY V2X
EMG-EVT-001509,FIRE-10,FIRE_TRUCK,12.8,0.52,24,42.8,46.7,16.4,30.3,CRITICAL,1,SYNTHETIC EMERGENCY V2X
EMG-EVT-001510,POL-09,POLICE,3.5,0.63,9,37.5,16.4,4.7,11.7,CRITICAL,1,SYNTHETIC EMERGENCY V2X
EMG-EVT-001511,FIRE-01,FIRE_TRUCK,13.1,0.74,23,31.8,52.3,16.6,35.7,CRITICAL,1,SYNTHETIC EMERGENCY V2X
EMG-EVT-001512,FIRE-01,FIRE_TRUCK,5.2,0.35,9,53.9,16.6,6.6,10.0,CRITICAL,1,SYNTHETIC EMERGENCY V2X
EMG-EVT-001513,AMB-12,AMBULANCE,2.5,0.33,4,56.6,7.5,3.1,4.4,CRITICAL,1,SYNTHETIC EMERGENCY V2X
EMG-EVT-001514,AMB-05,AMBULANCE,8.6,0.84,18,17.0,52.0,11.2,40.8,CRITICAL,1,SYNTHETIC EMERGENCY V2X
EMG-EVT-001515,AMB-07,AMBULANCE,7.2,0.89,12,17.9,38.5,9.1,29.4,CRITICAL,1,SYNTHETIC EMERGENCY V2X
EMG-EVT-001516,FIRE-07,FIRE_TRUCK,10.8,0.86,22,18.3,61.8,14.0,47.8,CRITICAL,1,SYNTHETIC EMERGENCY V2X
EMG-EVT-001517,POL-05,POLICE,13.6,0.49,27,39.5,53.1,17.5,35.6,CRITICAL,1,SYNTHETIC EMERGENCY V2X
EMG-EVT-001518,AMB-17,AMBULANCE,12.9,0.22,23,61.0,40.3,16.4,23.9,CRITICAL,1,SYNTHETIC EMERGENCY V2X
EMG-EVT-001519,AMB-05,AMBULANCE,12.2,0.77,24,26.0,57.0,15.7,41.3,CRITICAL,1,SYNTHETIC EMERGENCY V2X
EMG-EVT-001520,FIRE-05,FIRE_TRUCK,15.4,0.91,28,19.4,81.2,19.6,61.6,CRITICAL,1,SYNTHETIC EMERGENCY V2X
EMG-EVT-001521,AMB-19,AMBULANCE,5.2,0.65,9,33.4,20.1,6.6,13.5,CRITICAL,1,SYNTHETIC EMERGENCY V2X
EMG-EVT-001522,AMB-15,AMBULANCE,1.6,0.97,5,17.0,11.6,2.2,9.4,CRITICAL,1,SYNTHETIC EMERGENCY V2X
EMG-EVT-001523,AMB-03,AMBULANCE,10.1,0.54,18,37.5,37.8,12.8,25.0,CRITICAL,1,SYNTHETIC EMERGENCY V2X
EMG-EVT-001524,FIRE-03,FIRE_TRUCK,3.9,0.61,8,34.0,16.5,5.1,11.4,CRITICAL,1,SYNTHETIC EMERGENCY V2X
EMG-EVT-001525,FIRE-07,FIRE_TRUCK,9.4,0.57,19,42.2,36.2,12.2,24.0,CRITICAL,1,SYNTHETIC EMERGENCY V2X
EMG-EVT-001526,AMB-02,AMBULANCE,14.4,0.56,26,40.9,52.3,18.3,34.0,CRITICAL,1,SYNTHETIC EMERGENCY V2X
EMG-EVT-001527,AMB-01,AMBULANCE,13.0,0.36,25,48.1,46.2,16.7,29.5,CRITICAL,1,SYNTHETIC EMERGENCY V2X
EMG-EVT-001528,POL-02,POLICE,13.8,0.38,27,47.6,49.8,17.8,32.0,CRITICAL,1,SYNTHETIC EMERGENCY V2X
EMG-EVT-001529,FIRE-01,FIRE_TRUCK,14.3,0.56,27,39.2,54.3,18.3,36.0,CRITICAL,1,SYNTHETIC EMERGENCY V2X
EMG-EVT-001530,AMB-18,AMBULANCE,7.4,0.55,13,36.4,27.8,9.4,18.4,CRITICAL,1,SYNTHETIC EMERGENCY V2X
EMG-EVT-001531,AMB-19,AMBULANCE,4.7,0.3,10,56.2,17.0,6.1,10.9,CRITICAL,1,SYNTHETIC EMERGENCY V2X
EMG-EVT-001532,FIRE-08,FIRE_TRUCK,7.9,0.86,15,22.3,39.3,10.1,29.2,CRITICAL,1,SYNTHETIC EMERGENCY V2X
EMG-EVT-001533,AMB-18,AMBULANCE,3.8,0.28,9,53.1,15.1,5.0,10.1,CRITICAL,1,SYNTHETIC EMERGENCY V2X
EMG-EVT-001534,AMB-06,AMBULANCE,7.3,0.22,16,57.9,26.8,9.6,17.2,CRITICAL,1,SYNTHETIC EMERGENCY V2X
EMG-EVT-001535,AMB-06,AMBULANCE,10.9,0.65,22,36.4,44.4,14.1,30.3,CRITICAL,1,SYNTHETIC EMERGENCY V2X
EMG-EVT-001536,FIRE-01,FIRE_TRUCK,7.2,0.71,12,34.3,27.0,9.1,17.9,CRITICAL,1,SYNTHETIC EMERGENCY V2X
EMG-EVT-001537,FIRE-03,FIRE_TRUCK,13.7,0.51,25,43.2,49.0,17.4,31.6,CRITICAL,1,SYNTHETIC EMERGENCY V2X
EMG-EVT-001538,AMB-09,AMBULANCE,2.8,0.92,5,15.6,16.8,3.6,13.2,CRITICAL,1,SYNTHETIC EMERGENCY V2X
EMG-EVT-001539,AMB-15,AMBULANCE,9.0,0.78,19,25.4,44.1,11.7,32.4,CRITICAL,1,SYNTHETIC EMERGENCY V2X
EMG-EVT-001540,AMB-15,AMBULANCE,2.7,0.94,4,16.5,14.6,3.3,11.3,CRITICAL,1,SYNTHETIC EMERGENCY V2X
EMG-EVT-001541,POL-09,POLICE,6.7,0.4,13,46.4,24.3,8.6,15.7,CRITICAL,1,SYNTHETIC EMERGENCY V2X
EMG-EVT-001542,AMB-08,AMBULANCE,13.0,0.91,24,18.7,70.5,16.6,53.9,CRITICAL,1,SYNTHETIC EMERGENCY V2X
EMG-EVT-001543,FIRE-01,FIRE_TRUCK,5.1,0.29,12,52.3,20.3,6.8,13.5,CRITICAL,1,SYNTHETIC EMERGENCY V2X
EMG-EVT-001544,FIRE-07,FIRE_TRUCK,8.6,0.74,17,24.1,41.8,11.1,30.7,CRITICAL,1,SYNTHETIC EMERGENCY V2X
EMG-EVT-001545,POL-09,POLICE,9.3,0.83,18,17.5,53.5,11.9,41.6,CRITICAL,1,SYNTHETIC EMERGENCY V2X
EMG-EVT-001546,FIRE-10,FIRE_TRUCK,6.9,0.33,14,48.4,25.4,8.9,16.5,CRITICAL,1,SYNTHETIC EMERGENCY V2X
EMG-EVT-001547,FIRE-04,FIRE_TRUCK,7.1,0.82,14,20.1,38.0,9.1,28.9,CRITICAL,1,SYNTHETIC EMERGENCY V2X
EMG-EVT-001548,FIRE-03,FIRE_TRUCK,7.8,0.95,16,11.8,58.9,10.1,48.8,CRITICAL,1,SYNTHETIC EMERGENCY V2X
EMG-EVT-001549,AMB-01,AMBULANCE,6.9,0.95,15,12.4,51.4,9.0,42.4,CRITICAL,1,SYNTHETIC EMERGENCY V2X
EMG-EVT-001550,POL-07,POLICE,11.7,0.27,23,55.6,40.2,15.1,25.1,CRITICAL,1,SYNTHETIC EMERGENCY V2X
EMG-EVT-001551,AMB-08,AMBULANCE,3.7,0.92,8,14.9,24.5,4.8,19.7,CRITICAL,1,SYNTHETIC EMERGENCY V2X
EMG-EVT-001552,FIRE-06,FIRE_TRUCK,3.3,0.31,6,53.5,10.9,4.2,6.7,HIGH,1,SYNTHETIC EMERGENCY V2X
EMG-EVT-001553,FIRE-06,FIRE_TRUCK,13.8,0.58,27,36.3,55.2,17.8,37.4,CRITICAL,1,SYNTHETIC EMERGENCY V2X
EMG-EVT-001554,POL-04,POLICE,3.0,0.83,8,25.0,16.8,4.1,12.7,CRITICAL,1,SYNTHETIC EMERGENCY V2X
EMG-EVT-001555,AMB-18,AMBULANCE,9.7,0.83,20,23.3,49.0,12.6,36.4,CRITICAL,1,SYNTHETIC EMERGENCY V2X
EMG-EVT-001556,AMB-11,AMBULANCE,9.2,0.6,16,36.8,34.2,11.6,22.6,CRITICAL,1,SYNTHETIC EMERGENCY V2X
EMG-EVT-001557,AMB-12,AMBULANCE,14.1,0.77,26,29.1,60.3,18.0,42.3,CRITICAL,1,SYNTHETIC EMERGENCY V2X
EMG-EVT-001558,AMB-10,AMBULANCE,3.3,0.56,7,41.3,13.2,4.3,8.9,CRITICAL,1,SYNTHETIC EMERGENCY V2X
EMG-EVT-001559,AMB-05,AMBULANCE,11.1,0.53,22,38.6,43.7,14.3,29.4,CRITICAL,1,SYNTHETIC EMERGENCY V2X
EMG-EVT-001560,AMB-12,AMBULANCE,12.1,0.63,24,35.2,49.4,15.6,33.8,CRITICAL,1,SYNTHETIC EMERGENCY V2X
EMG-EVT-001561,AMB-09,AMBULANCE,3.2,0.87,6,15.5,19.6,4.1,15.5,CRITICAL,1,SYNTHETIC EMERGENCY V2X
EMG-EVT-001562,AMB-09,AMBULANCE,11.7,0.46,21,43.4,41.4,14.9,26.5,CRITICAL,1,SYNTHETIC EMERGENCY V2X
EMG-EVT-001563,AMB-19,AMBULANCE,10.8,0.97,21,13.8,72.2,13.9,58.3,CRITICAL,1,SYNTHETIC EMERGENCY V2X
EMG-EVT-001564,POL-04,POLICE,1.8,0.73,5,29.6,9.6,2.5,7.1,HIGH,1,SYNTHETIC EMERGENCY V2X
EMG-EVT-001565,FIRE-01,FIRE_TRUCK,13.3,0.41,23,44.0,45.7,16.8,28.9,CRITICAL,1,SYNTHETIC EMERGENCY V2X
EMG-EVT-001566,AMB-10,AMBULANCE,14.7,0.64,27,30.1,61.7,18.7,43.0,CRITICAL,1,SYNTHETIC EMERGENCY V2X
EMG-EVT-001567,AMB-14,AMBULANCE,15.6,0.32,30,47.8,55.6,20.0,35.6,CRITICAL,1,SYNTHETIC EMERGENCY V2X
EMG-EVT-001568,AMB-10,AMBULANCE,4.6,0.29,9,55.3,15.8,5.9,9.9,CRITICAL,1,SYNTHETIC EMERGENCY V2X
EMG-EVT-001569,FIRE-05,FIRE_TRUCK,14.3,0.41,27,47.4,50.5,18.3,32.2,CRITICAL,1,SYNTHETIC EMERGENCY V2X
EMG-EVT-001570,AMB-10,AMBULANCE,8.1,0.31,15,56.4,26.6,10.3,16.3,CRITICAL,1,SYNTHETIC EMERGENCY V2X
EMG-EVT-001571,AMB-04,AMBULANCE,11.6,0.49,20,39.1,41.8,14.7,27.1,CRITICAL,1,SYNTHETIC EMERGENCY V2X
EMG-EVT-001572,AMB-16,AMBULANCE,11.3,0.47,20,40.3,40.8,14.3,26.5,CRITICAL,1,SYNTHETIC EMERGENCY V2X
EMG-EVT-001573,AMB-12,AMBULANCE,12.7,0.35,24,47.3,44.9,16.3,28.6,CRITICAL,1,SYNTHETIC EMERGENCY V2X
EMG-EVT-001574,AMB-18,AMBULANCE,7.9,0.84,15,22.9,38.7,10.1,28.6,CRITICAL,1,SYNTHETIC EMERGENCY V2X
EMG-EVT-001575,AMB-10,AMBULANCE,15.1,0.3,27,58.7,47.8,19.2,28.6,CRITICAL,1,SYNTHETIC EMERGENCY V2X
EMG-EVT-001576,AMB-03,AMBULANCE,5.0,0.55,12,41.1,21.7,6.7,15.0,CRITICAL,1,SYNTHETIC EMERGENCY V2X
EMG-EVT-001577,AMB-10,AMBULANCE,14.3,0.22,26,62.6,44.9,18.2,26.7,CRITICAL,1,SYNTHETIC EMERGENCY V2X
EMG-EVT-001578,AMB-08,AMBULANCE,5.6,0.66,12,34.8,24.1,7.3,16.8,CRITICAL,1,SYNTHETIC EMERGENCY V2X
EMG-EVT-001579,AMB-08,AMBULANCE,10.4,0.42,20,47.7,37.1,13.3,23.8,CRITICAL,1,SYNTHETIC EMERGENCY V2X
EMG-EVT-001580,AMB-02,AMBULANCE,3.1,0.35,7,48.2,12.3,4.1,8.2,CRITICAL,1,SYNTHETIC EMERGENCY V2X
EMG-EVT-001581,AMB-16,AMBULANCE,12.1,0.82,22,21.5,60.2,15.4,44.8,CRITICAL,1,SYNTHETIC EMERGENCY V2X
EMG-EVT-001582,POL-07,POLICE,6.5,0.46,11,47.8,21.4,8.2,13.2,CRITICAL,1,SYNTHETIC EMERGENCY V2X
EMG-EVT-001583,AMB-12,AMBULANCE,7.2,0.68,13,33.7,28.4,9.2,19.2,CRITICAL,1,SYNTHETIC EMERGENCY V2X
EMG-EVT-001584,AMB-08,AMBULANCE,15.6,0.59,28,31.7,63.1,19.8,43.3,CRITICAL,1,SYNTHETIC EMERGENCY V2X
EMG-EVT-001585,FIRE-01,FIRE_TRUCK,11.2,0.65,21,34.9,44.5,14.3,30.2,CRITICAL,1,SYNTHETIC EMERGENCY V2X
EMG-EVT-001586,AMB-13,AMBULANCE,1.6,0.41,2,51.2,4.3,2.0,2.3,CRITICAL,0,SYNTHETIC EMERGENCY V2X
EMG-EVT-001587,AMB-09,AMBULANCE,8.4,0.41,18,48.7,31.9,11.0,20.9,CRITICAL,1,SYNTHETIC EMERGENCY V2X
EMG-EVT-001588,AMB-05,AMBULANCE,9.7,0.27,18,57.5,31.7,12.4,19.3,CRITICAL,1,SYNTHETIC EMERGENCY V2X
EMG-EVT-001589,POL-09,POLICE,5.5,0.97,9,14.7,33.2,6.9,26.3,CRITICAL,1,SYNTHETIC EMERGENCY V2X
EMG-EVT-001590,AMB-11,AMBULANCE,1.6,0.5,3,38.5,6.1,2.0,4.1,CRITICAL,1,SYNTHETIC EMERGENCY V2X
EMG-EVT-001591,FIRE-08,FIRE_TRUCK,8.3,0.93,14,13.9,52.6,10.5,42.1,CRITICAL,1,SYNTHETIC EMERGENCY V2X
EMG-EVT-001592,AMB-18,AMBULANCE,8.8,0.56,16,40.3,32.3,11.2,21.1,CRITICAL,1,SYNTHETIC EMERGENCY V2X
EMG-EVT-001593,AMB-15,AMBULANCE,12.1,0.94,21,15.6,71.7,15.3,56.4,CRITICAL,1,SYNTHETIC EMERGENCY V2X
EMG-EVT-001594,AMB-08,AMBULANCE,14.8,0.35,26,54.1,47.6,18.7,28.9,CRITICAL,1,SYNTHETIC EMERGENCY V2X
EMG-EVT-001595,AMB-08,AMBULANCE,2.7,0.68,6,27.8,13.0,3.5,9.5,CRITICAL,1,SYNTHETIC EMERGENCY V2X
EMG-EVT-001596,AMB-02,AMBULANCE,11.4,0.24,21,55.4,37.5,14.5,23.0,CRITICAL,1,SYNTHETIC EMERGENCY V2X
EMG-EVT-001597,AMB-20,AMBULANCE,12.5,0.93,22,18.2,67.6,15.8,51.8,CRITICAL,1,SYNTHETIC EMERGENCY V2X
EMG-EVT-001598,AMB-19,AMBULANCE,14.3,0.27,26,57.8,46.0,18.2,27.8,CRITICAL,1,SYNTHETIC EMERGENCY V2X
EMG-EVT-001599,AMB-11,AMBULANCE,15.0,0.75,30,24.2,73.2,19.4,53.8,CRITICAL,1,SYNTHETIC EMERGENCY V2X
EMG-EVT-001600,FIRE-04,FIRE_TRUCK,1.7,0.31,6,53.1,9.1,2.5,6.6,HIGH,1,SYNTHETIC EMERGENCY V2X
EMG-EVT-001601,FIRE-01,FIRE_TRUCK,10.7,0.44,22,41.0,42.1,13.9,28.2,CRITICAL,1,SYNTHETIC EMERGENCY V2X
EMG-EVT-001602,AMB-19,AMBULANCE,5.9,0.83,11,25.4,27.1,7.5,19.6,CRITICAL,1,SYNTHETIC EMERGENCY V2X
EMG-EVT-001603,AMB-03,AMBULANCE,4.2,0.63,7,38.2,15.0,5.3,9.7,CRITICAL,1,SYNTHETIC EMERGENCY V2X
EMG-EVT-001604,FIRE-05,FIRE_TRUCK,14.2,0.98,25,17.0,80.1,18.0,62.1,CRITICAL,1,SYNTHETIC EMERGENCY V2X
EMG-EVT-001605,AMB-07,AMBULANCE,10.9,0.47,20,43.7,39.0,13.9,25.1,CRITICAL,1,SYNTHETIC EMERGENCY V2X
EMG-EVT-001606,POL-02,POLICE,7.9,0.93,17,19.3,45.0,10.3,34.7,CRITICAL,1,SYNTHETIC EMERGENCY V2X
EMG-EVT-001607,AMB-16,AMBULANCE,9.4,0.3,17,58.2,30.1,12.0,18.1,CRITICAL,1,SYNTHETIC EMERGENCY V2X
EMG-EVT-001608,FIRE-06,FIRE_TRUCK,12.9,0.33,23,55.7,41.5,16.4,25.1,CRITICAL,1,SYNTHETIC EMERGENCY V2X
EMG-EVT-001609,FIRE-01,FIRE_TRUCK,3.4,0.96,9,16.7,23.0,4.6,18.4,CRITICAL,1,SYNTHETIC EMERGENCY V2X
EMG-EVT-001610,POL-10,POLICE,4.2,0.24,8,53.4,14.3,5.4,8.9,CRITICAL,1,SYNTHETIC EMERGENCY V2X
EMG-EVT-001611,POL-09,POLICE,12.9,0.64,24,38.3,49.0,16.5,32.5,CRITICAL,1,SYNTHETIC EMERGENCY V2X
EMG-EVT-001612,AMB-12,AMBULANCE,3.6,0.46,8,49.0,14.0,4.7,9.3,CRITICAL,1,SYNTHETIC EMERGENCY V2X
EMG-EVT-001613,AMB-14,AMBULANCE,13.0,0.73,23,32.4,51.7,16.5,35.2,CRITICAL,1,SYNTHETIC EMERGENCY V2X
EMG-EVT-001614,FIRE-04,FIRE_TRUCK,2.0,0.22,4,60.5,6.8,2.6,4.2,HIGH,1,SYNTHETIC EMERGENCY V2X
EMG-EVT-001615,AMB-04,AMBULANCE,3.4,0.35,6,48.2,11.4,4.3,7.1,CRITICAL,1,SYNTHETIC EMERGENCY V2X
EMG-EVT-001616,AMB-19,AMBULANCE,13.7,0.51,27,43.6,51.3,17.6,33.7,CRITICAL,1,SYNTHETIC EMERGENCY V2X
EMG-EVT-001617,AMB-05,AMBULANCE,11.2,0.78,20,27.9,48.1,14.2,33.9,CRITICAL,1,SYNTHETIC EMERGENCY V2X
EMG-EVT-001618,AMB-15,AMBULANCE,14.5,0.42,28,43.1,53.8,18.6,35.2,CRITICAL,1,SYNTHETIC EMERGENCY V2X
EMG-EVT-001619,AMB-13,AMBULANCE,13.0,0.75,24,25.7,59.2,16.6,42.6,CRITICAL,1,SYNTHETIC EMERGENCY V2X
EMG-EVT-001620,AMB-11,AMBULANCE,14.5,0.93,29,12.6,103.8,18.7,85.1,CRITICAL,1,SYNTHETIC EMERGENCY V2X
EMG-EVT-001621,AMB-15,AMBULANCE,1.8,0.28,3,50.7,5.7,2.3,3.4,CRITICAL,1,SYNTHETIC EMERGENCY V2X
EMG-EVT-001622,AMB-19,AMBULANCE,14.1,0.86,28,24.7,67.9,18.2,49.7,CRITICAL,1,SYNTHETIC EMERGENCY V2X
EMG-EVT-001623,FIRE-09,FIRE_TRUCK,11.4,0.42,23,44.2,43.1,14.7,28.4,CRITICAL,1,SYNTHETIC EMERGENCY V2X
EMG-EVT-001624,POL-06,POLICE,10.0,0.37,21,45.2,38.5,13.0,25.5,CRITICAL,1,SYNTHETIC EMERGENCY V2X
EMG-EVT-001625,FIRE-07,FIRE_TRUCK,2.4,0.21,5,64.0,8.2,3.1,5.1,HIGH,1,SYNTHETIC EMERGENCY V2X
EMG-EVT-001626,AMB-18,AMBULANCE,12.9,0.38,25,51.2,45.1,16.6,28.5,CRITICAL,1,SYNTHETIC EMERGENCY V2X
EMG-EVT-001627,FIRE-07,FIRE_TRUCK,4.5,0.2,8,58.7,14.2,5.7,8.5,CRITICAL,1,SYNTHETIC EMERGENCY V2X
EMG-EVT-001628,AMB-07,AMBULANCE,4.8,0.95,9,14.7,30.4,6.1,24.3,CRITICAL,1,SYNTHETIC EMERGENCY V2X
EMG-EVT-001629,FIRE-03,FIRE_TRUCK,1.7,0.87,6,16.6,13.3,2.5,10.8,CRITICAL,1,SYNTHETIC EMERGENCY V2X
EMG-EVT-001630,AMB-09,AMBULANCE,7.1,0.37,12,50.1,22.9,8.9,14.0,CRITICAL,1,SYNTHETIC EMERGENCY V2X
EMG-EVT-001631,AMB-05,AMBULANCE,7.1,0.51,14,39.7,27.5,9.1,18.4,CRITICAL,1,SYNTHETIC EMERGENCY V2X
EMG-EVT-001632,AMB-14,AMBULANCE,10.2,0.49,20,41.3,38.8,13.1,25.7,CRITICAL,1,SYNTHETIC EMERGENCY V2X
EMG-EVT-001633,FIRE-05,FIRE_TRUCK,6.1,0.24,10,57.3,18.4,7.7,10.7,CRITICAL,1,SYNTHETIC EMERGENCY V2X
EMG-EVT-001634,AMB-14,AMBULANCE,11.9,0.9,24,16.9,71.0,15.4,55.6,CRITICAL,1,SYNTHETIC EMERGENCY V2X
EMG-EVT-001635,AMB-16,AMBULANCE,12.8,0.37,25,46.0,46.7,16.5,30.2,CRITICAL,1,SYNTHETIC EMERGENCY V2X
EMG-EVT-001636,AMB-13,AMBULANCE,2.7,0.54,4,38.0,9.1,3.3,5.8,CRITICAL,1,SYNTHETIC EMERGENCY V2X
EMG-EVT-001637,AMB-19,AMBULANCE,8.1,0.33,17,56.3,29.0,10.5,18.5,CRITICAL,1,SYNTHETIC EMERGENCY V2X
EMG-EVT-001638,AMB-04,AMBULANCE,8.9,0.95,19,10.5,73.7,11.6,62.1,CRITICAL,1,SYNTHETIC EMERGENCY V2X
EMG-EVT-001639,AMB-18,AMBULANCE,15.8,0.97,29,11.8,115.1,20.1,95.0,CRITICAL,1,SYNTHETIC EMERGENCY V2X
EMG-EVT-001640,FIRE-05,FIRE_TRUCK,2.3,0.45,4,49.3,7.6,2.9,4.7,HIGH,1,SYNTHETIC EMERGENCY V2X
EMG-EVT-001641,AMB-07,AMBULANCE,13.7,0.57,26,39.9,51.8,17.5,34.3,CRITICAL,1,SYNTHETIC EMERGENCY V2X
EMG-EVT-001642,POL-05,POLICE,15.9,0.49,31,43.8,59.0,20.4,38.6,CRITICAL,1,SYNTHETIC EMERGENCY V2X
EMG-EVT-001643,AMB-11,AMBULANCE,5.4,0.7,9,25.7,23.4,6.8,16.6,CRITICAL,1,SYNTHETIC EMERGENCY V2X
EMG-EVT-001644,AMB-01,AMBULANCE,9.8,0.95,18,11.1,74.6,12.5,62.1,CRITICAL,1,SYNTHETIC EMERGENCY V2X
EMG-EVT-001645,AMB-13,AMBULANCE,2.1,0.61,6,40.1,10.3,2.9,7.4,CRITICAL,1,SYNTHETIC EMERGENCY V2X
EMG-EVT-001646,AMB-19,AMBULANCE,15.6,0.91,30,17.8,88.6,20.0,68.6,CRITICAL,1,SYNTHETIC EMERGENCY V2X
EMG-EVT-001647,AMB-18,AMBULANCE,7.8,0.76,17,28.3,36.9,10.2,26.7,CRITICAL,1,SYNTHETIC EMERGENCY V2X
EMG-EVT-001648,AMB-09,AMBULANCE,3.2,0.45,7,49.3,12.3,4.2,8.1,CRITICAL,1,SYNTHETIC EMERGENCY V2X
EMG-EVT-001649,FIRE-03,FIRE_TRUCK,5.2,0.22,10,54.6,17.7,6.7,11.0,CRITICAL,1,SYNTHETIC EMERGENCY V2X
EMG-EVT-001650,POL-08,POLICE,4.2,0.72,9,29.6,19.3,5.5,13.8,CRITICAL,1,SYNTHETIC EMERGENCY V2X
EMG-EVT-001651,AMB-12,AMBULANCE,8.3,0.33,14,48.6,27.0,10.5,16.5,CRITICAL,1,SYNTHETIC EMERGENCY V2X
EMG-EVT-001652,FIRE-03,FIRE_TRUCK,9.5,0.36,18,52.6,32.4,12.2,20.2,CRITICAL,1,SYNTHETIC EMERGENCY V2X
EMG-EVT-001653,FIRE-06,FIRE_TRUCK,15.0,0.48,29,44.7,54.9,19.3,35.6,CRITICAL,1,SYNTHETIC EMERGENCY V2X
EMG-EVT-001654,FIRE-10,FIRE_TRUCK,8.1,0.81,16,19.3,44.4,10.4,34.0,CRITICAL,1,SYNTHETIC EMERGENCY V2X
EMG-EVT-001655,AMB-06,AMBULANCE,8.2,0.68,16,26.4,37.8,10.5,27.3,CRITICAL,1,SYNTHETIC EMERGENCY V2X
EMG-EVT-001656,POL-02,POLICE,8.4,0.2,15,60.6,26.3,10.7,15.6,CRITICAL,1,SYNTHETIC EMERGENCY V2X
EMG-EVT-001657,AMB-03,AMBULANCE,13.9,0.31,28,53.9,49.1,18.0,31.1,CRITICAL,1,SYNTHETIC EMERGENCY V2X
EMG-EVT-001658,AMB-09,AMBULANCE,7.6,0.64,15,38.4,29.9,9.8,20.1,CRITICAL,1,SYNTHETIC EMERGENCY V2X
EMG-EVT-001659,AMB-12,AMBULANCE,12.8,0.5,25,43.1,47.8,16.5,31.3,CRITICAL,1,SYNTHETIC EMERGENCY V2X
EMG-EVT-001660,AMB-20,AMBULANCE,10.4,0.69,18,26.6,45.1,13.1,32.0,CRITICAL,1,SYNTHETIC EMERGENCY V2X
EMG-EVT-001661,FIRE-06,FIRE_TRUCK,5.9,0.41,13,42.8,23.9,7.7,16.2,CRITICAL,1,SYNTHETIC EMERGENCY V2X
EMG-EVT-001662,AMB-12,AMBULANCE,6.4,0.9,13,18.9,35.9,8.3,27.6,CRITICAL,1,SYNTHETIC EMERGENCY V2X
EMG-EVT-001663,AMB-02,AMBULANCE,5.7,0.97,13,14.1,39.9,7.5,32.4,CRITICAL,1,SYNTHETIC EMERGENCY V2X
EMG-EVT-001664,AMB-19,AMBULANCE,2.6,0.76,4,27.8,10.4,3.2,7.2,CRITICAL,1,SYNTHETIC EMERGENCY V2X
EMG-EVT-001665,AMB-13,AMBULANCE,7.4,0.43,15,43.1,28.3,9.6,18.7,CRITICAL,1,SYNTHETIC EMERGENCY V2X
EMG-EVT-001666,AMB-09,AMBULANCE,6.0,0.88,10,18.4,31.6,7.5,24.1,CRITICAL,1,SYNTHETIC EMERGENCY V2X
EMG-EVT-001667,AMB-11,AMBULANCE,13.9,0.93,25,16.4,80.9,17.7,63.2,CRITICAL,1,SYNTHETIC EMERGENCY V2X
EMG-EVT-001668,AMB-08,AMBULANCE,9.3,0.66,16,37.2,34.2,11.7,22.5,CRITICAL,1,SYNTHETIC EMERGENCY V2X
EMG-EVT-001669,AMB-20,AMBULANCE,11.4,0.31,20,53.8,36.7,14.4,22.3,CRITICAL,1,SYNTHETIC EMERGENCY V2X
EMG-EVT-001670,AMB-14,AMBULANCE,1.7,0.67,5,30.7,9.3,2.4,6.9,CRITICAL,1,SYNTHETIC EMERGENCY V2X
EMG-EVT-001671,AMB-09,AMBULANCE,9.4,0.36,18,46.8,33.7,12.1,21.6,CRITICAL,1,SYNTHETIC EMERGENCY V2X
EMG-EVT-001672,FIRE-01,FIRE_TRUCK,15.3,0.65,29,37.8,59.1,19.6,39.5,CRITICAL,1,SYNTHETIC EMERGENCY V2X
EMG-EVT-001673,AMB-15,AMBULANCE,7.2,0.6,13,40.7,26.2,9.2,17.0,CRITICAL,1,SYNTHETIC EMERGENCY V2X
EMG-EVT-001674,FIRE-04,FIRE_TRUCK,12.0,0.81,22,20.6,61.4,15.3,46.1,CRITICAL,1,SYNTHETIC EMERGENCY V2X
EMG-EVT-001675,FIRE-05,FIRE_TRUCK,2.2,0.85,3,17.0,11.4,2.7,8.7,HIGH,1,SYNTHETIC EMERGENCY V2X
EMG-EVT-001676,AMB-15,AMBULANCE,5.1,0.86,12,21.9,28.4,6.8,21.6,CRITICAL,1,SYNTHETIC EMERGENCY V2X
EMG-EVT-001677,AMB-03,AMBULANCE,3.7,0.88,6,16.3,20.8,4.6,16.2,CRITICAL,1,SYNTHETIC EMERGENCY V2X
EMG-EVT-001678,POL-08,POLICE,8.2,0.69,14,33.9,31.3,10.3,21.0,CRITICAL,1,SYNTHETIC EMERGENCY V2X
EMG-EVT-001679,AMB-18,AMBULANCE,11.8,0.25,24,59.2,40.8,15.3,25.5,CRITICAL,1,SYNTHETIC EMERGENCY V2X
EMG-EVT-001680,AMB-20,AMBULANCE,13.8,0.55,25,35.4,53.4,17.6,35.8,CRITICAL,1,SYNTHETIC EMERGENCY V2X
EMG-EVT-001681,AMB-11,AMBULANCE,5.2,0.33,9,48.1,17.3,6.6,10.7,CRITICAL,1,SYNTHETIC EMERGENCY V2X
EMG-EVT-001682,FIRE-09,FIRE_TRUCK,13.0,0.87,25,22.4,64.8,16.7,48.1,CRITICAL,1,SYNTHETIC EMERGENCY V2X
EMG-EVT-001683,AMB-06,AMBULANCE,8.5,0.97,16,12.3,60.7,10.9,49.8,CRITICAL,1,SYNTHETIC EMERGENCY V2X
EMG-EVT-001684,AMB-07,AMBULANCE,14.9,0.37,26,44.9,51.1,18.9,32.2,CRITICAL,1,SYNTHETIC EMERGENCY V2X
EMG-EVT-001685,AMB-03,AMBULANCE,9.2,0.95,16,12.1,64.8,11.6,53.2,CRITICAL,1,SYNTHETIC EMERGENCY V2X
EMG-EVT-001686,AMB-15,AMBULANCE,13.3,0.35,25,53.5,44.9,17.0,27.9,CRITICAL,1,SYNTHETIC EMERGENCY V2X
EMG-EVT-001687,AMB-08,AMBULANCE,7.2,0.52,14,43.3,26.8,9.3,17.5,CRITICAL,1,SYNTHETIC EMERGENCY V2X
EMG-EVT-001688,AMB-05,AMBULANCE,11.1,0.65,20,34.1,43.5,14.1,29.4,CRITICAL,1,SYNTHETIC EMERGENCY V2X
EMG-EVT-001689,AMB-04,AMBULANCE,7.3,0.21,14,59.6,24.1,9.4,14.7,CRITICAL,1,SYNTHETIC EMERGENCY V2X
EMG-EVT-001690,AMB-01,AMBULANCE,14.4,0.25,27,58.6,47.1,18.4,28.7,CRITICAL,1,SYNTHETIC EMERGENCY V2X
EMG-EVT-001691,AMB-20,AMBULANCE,12.2,0.81,22,28.1,52.4,15.5,36.9,CRITICAL,1,SYNTHETIC EMERGENCY V2X
EMG-EVT-001692,POL-01,POLICE,9.0,0.29,19,53.5,32.9,11.7,21.2,CRITICAL,1,SYNTHETIC EMERGENCY V2X
EMG-EVT-001693,AMB-01,AMBULANCE,14.3,0.46,28,48.1,51.4,18.4,33.0,CRITICAL,1,SYNTHETIC EMERGENCY V2X
EMG-EVT-001694,POL-03,POLICE,3.2,0.88,7,15.9,20.5,4.2,16.3,CRITICAL,1,SYNTHETIC EMERGENCY V2X
EMG-EVT-001695,AMB-02,AMBULANCE,2.9,0.76,6,26.5,13.8,3.8,10.0,CRITICAL,1,SYNTHETIC EMERGENCY V2X
EMG-EVT-001696,AMB-08,AMBULANCE,10.7,0.48,20,47.6,37.5,13.7,23.8,CRITICAL,1,SYNTHETIC EMERGENCY V2X
EMG-EVT-001697,AMB-10,AMBULANCE,12.6,0.25,24,55.8,42.3,16.1,26.2,CRITICAL,1,SYNTHETIC EMERGENCY V2X
EMG-EVT-001698,AMB-19,AMBULANCE,6.5,0.68,12,31.6,26.7,8.3,18.4,CRITICAL,1,SYNTHETIC EMERGENCY V2X
EMG-EVT-001699,POL-05,POLICE,15.2,0.76,30,22.4,76.7,19.6,57.1,CRITICAL,1,SYNTHETIC EMERGENCY V2X
EMG-EVT-001700,AMB-03,AMBULANCE,8.8,0.41,16,50.0,29.8,11.2,18.6,CRITICAL,1,SYNTHETIC EMERGENCY V2X
EMG-EVT-001701,AMB-05,AMBULANCE,11.8,0.5,23,39.1,45.7,15.2,30.5,CRITICAL,1,SYNTHETIC EMERGENCY V2X
EMG-EVT-001702,FIRE-09,FIRE_TRUCK,10.9,0.73,21,30.8,46.4,14.0,32.4,CRITICAL,1,SYNTHETIC EMERGENCY V2X
EMG-EVT-001703,AMB-04,AMBULANCE,9.5,0.31,20,56.5,34.1,12.4,21.7,CRITICAL,1,SYNTHETIC EMERGENCY V2X
EMG-EVT-001704,AMB-15,AMBULANCE,5.5,0.6,12,31.9,24.7,7.2,17.5,CRITICAL,1,SYNTHETIC EMERGENCY V2X
EMG-EVT-001705,AMB-15,AMBULANCE,3.4,0.57,7,35.9,14.1,4.4,9.7,CRITICAL,1,SYNTHETIC EMERGENCY V2X
EMG-EVT-001706,AMB-20,AMBULANCE,7.6,0.5,13,43.2,26.2,9.6,16.6,CRITICAL,1,SYNTHETIC EMERGENCY V2X
EMG-EVT-001707,AMB-11,AMBULANCE,10.0,0.83,20,25.2,47.8,12.9,34.9,CRITICAL,1,SYNTHETIC EMERGENCY V2X
EMG-EVT-001708,AMB-18,AMBULANCE,10.2,0.3,19,49.2,35.2,13.0,22.2,CRITICAL,1,SYNTHETIC EMERGENCY V2X
EMG-EVT-001709,AMB-08,AMBULANCE,10.0,0.61,18,34.0,39.2,12.7,26.5,CRITICAL,1,SYNTHETIC EMERGENCY V2X
EMG-EVT-001710,AMB-15,AMBULANCE,3.0,0.77,5,24.4,13.4,3.8,9.6,CRITICAL,1,SYNTHETIC EMERGENCY V2X
EMG-EVT-001711,FIRE-04,FIRE_TRUCK,2.9,0.87,6,17.4,17.2,3.8,13.4,CRITICAL,1,SYNTHETIC EMERGENCY V2X
EMG-EVT-001712,AMB-11,AMBULANCE,12.8,0.57,25,40.0,49.2,16.5,32.7,CRITICAL,1,SYNTHETIC EMERGENCY V2X
EMG-EVT-001713,FIRE-08,FIRE_TRUCK,10.8,0.59,19,32.0,43.0,13.7,29.3,CRITICAL,1,SYNTHETIC EMERGENCY V2X
EMG-EVT-001714,POL-06,POLICE,2.8,0.75,7,22.1,16.0,3.8,12.2,CRITICAL,1,SYNTHETIC EMERGENCY V2X
EMG-EVT-001715,FIRE-01,FIRE_TRUCK,6.0,0.89,10,19.4,30.6,7.5,23.1,CRITICAL,1,SYNTHETIC EMERGENCY V2X
EMG-EVT-001716,AMB-08,AMBULANCE,14.5,0.85,28,18.7,80.1,18.6,61.5,CRITICAL,1,SYNTHETIC EMERGENCY V2X
EMG-EVT-001717,FIRE-05,FIRE_TRUCK,11.2,0.72,22,26.3,52.0,14.4,37.6,CRITICAL,1,SYNTHETIC EMERGENCY V2X
EMG-EVT-001718,AMB-07,AMBULANCE,2.1,0.51,3,39.8,6.8,2.6,4.2,CRITICAL,1,SYNTHETIC EMERGENCY V2X
EMG-EVT-001719,AMB-08,AMBULANCE,4.4,0.3,7,50.6,13.6,5.5,8.1,CRITICAL,1,SYNTHETIC EMERGENCY V2X
EMG-EVT-001720,AMB-01,AMBULANCE,10.6,0.61,19,40.3,38.6,13.5,25.1,CRITICAL,1,SYNTHETIC EMERGENCY V2X
EMG-EVT-001721,AMB-13,AMBULANCE,14.2,0.26,28,57.9,48.3,18.3,30.0,CRITICAL,1,SYNTHETIC EMERGENCY V2X
EMG-EVT-001722,AMB-14,AMBULANCE,7.3,0.53,15,43.1,28.2,9.5,18.7,CRITICAL,1,SYNTHETIC EMERGENCY V2X
EMG-EVT-001723,AMB-08,AMBULANCE,5.9,0.47,12,47.7,21.8,7.6,14.2,CRITICAL,1,SYNTHETIC EMERGENCY V2X
EMG-EVT-001724,FIRE-02,FIRE_TRUCK,1.9,0.58,5,39.5,8.9,2.6,6.3,HIGH,1,SYNTHETIC EMERGENCY V2X
EMG-EVT-001725,AMB-19,AMBULANCE,6.0,0.83,10,20.7,29.4,7.5,21.9,CRITICAL,1,SYNTHETIC EMERGENCY V2X
EMG-EVT-001726,AMB-18,AMBULANCE,10.6,0.31,19,52.3,35.0,13.5,21.5,CRITICAL,1,SYNTHETIC EMERGENCY V2X
EMG-EVT-001727,FIRE-03,FIRE_TRUCK,15.1,0.37,30,54.2,52.7,19.5,33.2,CRITICAL,1,SYNTHETIC EMERGENCY V2X
EMG-EVT-001728,FIRE-04,FIRE_TRUCK,12.6,0.72,23,25.2,57.6,16.0,41.6,CRITICAL,1,SYNTHETIC EMERGENCY V2X
EMG-EVT-001729,POL-04,POLICE,15.9,0.58,30,37.0,61.8,20.3,41.5,CRITICAL,1,SYNTHETIC EMERGENCY V2X
EMG-EVT-001730,AMB-05,AMBULANCE,14.2,0.21,26,59.7,45.5,18.1,27.4,CRITICAL,1,SYNTHETIC EMERGENCY V2X
EMG-EVT-001731,AMB-06,AMBULANCE,2.1,0.55,5,42.2,9.0,2.8,6.2,CRITICAL,1,SYNTHETIC EMERGENCY V2X
EMG-EVT-001732,POL-03,POLICE,11.4,0.96,23,10.0,96.0,14.7,81.3,CRITICAL,1,SYNTHETIC EMERGENCY V2X
EMG-EVT-001733,AMB-10,AMBULANCE,6.7,0.3,15,55.4,25.3,8.8,16.5,CRITICAL,1,SYNTHETIC EMERGENCY V2X
EMG-EVT-001734,AMB-15,AMBULANCE,15.8,0.76,31,25.9,73.8,20.3,53.5,CRITICAL,1,SYNTHETIC EMERGENCY V2X
EMG-EVT-001735,FIRE-10,FIRE_TRUCK,12.7,0.76,25,22.0,64.6,16.4,48.2,CRITICAL,1,SYNTHETIC EMERGENCY V2X
EMG-EVT-001736,FIRE-08,FIRE_TRUCK,16.0,0.92,29,16.9,91.6,20.4,71.2,CRITICAL,1,SYNTHETIC EMERGENCY V2X
EMG-EVT-001737,AMB-04,AMBULANCE,15.1,0.59,28,37.2,58.0,19.3,38.7,CRITICAL,1,SYNTHETIC EMERGENCY V2X
EMG-EVT-001738,FIRE-03,FIRE_TRUCK,14.0,0.51,26,38.1,53.2,17.9,35.3,CRITICAL,1,SYNTHETIC EMERGENCY V2X
EMG-EVT-001739,FIRE-05,FIRE_TRUCK,8.1,0.76,16,27.2,37.1,10.4,26.7,CRITICAL,1,SYNTHETIC EMERGENCY V2X
EMG-EVT-001740,AMB-18,AMBULANCE,4.5,0.55,10,37.9,19.1,5.9,13.2,CRITICAL,1,SYNTHETIC EMERGENCY V2X
EMG-EVT-001741,AMB-11,AMBULANCE,13.5,0.92,24,11.9,96.9,17.1,79.8,CRITICAL,1,SYNTHETIC EMERGENCY V2X
EMG-EVT-001742,AMB-12,AMBULANCE,8.3,0.74,15,30.2,34.5,10.6,23.9,CRITICAL,1,SYNTHETIC EMERGENCY V2X
EMG-EVT-001743,FIRE-08,FIRE_TRUCK,5.2,0.81,9,22.7,24.5,6.6,17.9,CRITICAL,1,SYNTHETIC EMERGENCY V2X
EMG-EVT-001744,AMB-07,AMBULANCE,13.7,0.88,27,23.4,67.5,17.6,49.9,CRITICAL,1,SYNTHETIC EMERGENCY V2X
EMG-EVT-001745,AMB-12,AMBULANCE,2.8,0.74,8,28.8,15.4,3.9,11.5,CRITICAL,1,SYNTHETIC EMERGENCY V2X
EMG-EVT-001746,FIRE-08,FIRE_TRUCK,10.4,0.63,19,33.1,41.7,13.2,28.5,CRITICAL,1,SYNTHETIC EMERGENCY V2X
EMG-EVT-001747,AMB-10,AMBULANCE,12.5,0.72,22,29.5,51.8,15.8,36.0,CRITICAL,1,SYNTHETIC EMERGENCY V2X
EMG-EVT-001748,AMB-11,AMBULANCE,2.0,0.75,5,22.6,11.3,2.7,8.6,CRITICAL,1,SYNTHETIC EMERGENCY V2X
EMG-EVT-001749,FIRE-10,FIRE_TRUCK,9.6,0.59,17,36.7,36.1,12.2,23.9,CRITICAL,1,SYNTHETIC EMERGENCY V2X
EMG-EVT-001750,FIRE-05,FIRE_TRUCK,13.4,0.68,25,29.6,57.2,17.1,40.1,CRITICAL,1,SYNTHETIC EMERGENCY V2X
EMG-EVT-001751,AMB-16,AMBULANCE,14.4,0.51,26,46.4,49.8,18.3,31.5,CRITICAL,1,SYNTHETIC EMERGENCY V2X
EMG-EVT-001752,FIRE-05,FIRE_TRUCK,14.6,0.64,29,29.5,64.5,18.8,45.7,CRITICAL,1,SYNTHETIC EMERGENCY V2X
EMG-EVT-001753,AMB-01,AMBULANCE,12.6,0.43,23,48.0,43.3,16.0,27.3,CRITICAL,1,SYNTHETIC EMERGENCY V2X
EMG-EVT-001754,AMB-01,AMBULANCE,15.6,0.2,31,58.0,53.3,20.1,33.2,CRITICAL,1,SYNTHETIC EMERGENCY V2X
EMG-EVT-001755,AMB-01,AMBULANCE,2.6,0.7,7,34.3,12.9,3.5,9.4,CRITICAL,1,SYNTHETIC EMERGENCY V2X
EMG-EVT-001756,AMB-10,AMBULANCE,10.3,0.26,21,53.7,36.7,13.3,23.4,CRITICAL,1,SYNTHETIC EMERGENCY V2X
EMG-EVT-001757,FIRE-09,FIRE_TRUCK,13.5,0.65,24,32.3,53.9,17.1,36.8,CRITICAL,1,SYNTHETIC EMERGENCY V2X
EMG-EVT-001758,AMB-18,AMBULANCE,9.6,0.25,17,58.6,30.2,12.2,18.0,CRITICAL,1,SYNTHETIC EMERGENCY V2X
EMG-EVT-001759,AMB-19,AMBULANCE,11.2,0.81,21,21.4,56.6,14.3,42.3,CRITICAL,1,SYNTHETIC EMERGENCY V2X
EMG-EVT-001760,POL-10,POLICE,15.6,0.53,31,37.6,62.1,20.1,42.0,CRITICAL,1,SYNTHETIC EMERGENCY V2X
EMG-EVT-001761,FIRE-04,FIRE_TRUCK,6.3,0.81,11,25.8,27.9,8.0,19.9,CRITICAL,1,SYNTHETIC EMERGENCY V2X
EMG-EVT-001762,AMB-14,AMBULANCE,15.8,0.69,30,33.9,64.0,20.2,43.8,CRITICAL,1,SYNTHETIC EMERGENCY V2X
EMG-EVT-001763,AMB-12,AMBULANCE,12.9,0.44,26,50.1,46.6,16.7,29.9,CRITICAL,1,SYNTHETIC EMERGENCY V2X
EMG-EVT-001764,POL-09,POLICE,2.9,0.24,8,61.0,12.5,4.0,8.5,CRITICAL,1,SYNTHETIC EMERGENCY V2X
EMG-EVT-001765,AMB-15,AMBULANCE,11.6,0.93,20,19.8,59.2,14.7,44.5,CRITICAL,1,SYNTHETIC EMERGENCY V2X
EMG-EVT-001766,FIRE-04,FIRE_TRUCK,7.9,0.82,16,21.7,41.0,10.2,30.8,CRITICAL,1,SYNTHETIC EMERGENCY V2X
EMG-EVT-001767,AMB-11,AMBULANCE,6.8,0.76,14,29.4,30.7,8.8,21.9,CRITICAL,1,SYNTHETIC EMERGENCY V2X
EMG-EVT-001768,AMB-02,AMBULANCE,11.7,0.39,22,49.3,40.6,15.0,25.6,CRITICAL,1,SYNTHETIC EMERGENCY V2X
EMG-EVT-001769,AMB-05,AMBULANCE,12.3,0.29,22,55.8,39.6,15.6,24.0,CRITICAL,1,SYNTHETIC EMERGENCY V2X
EMG-EVT-001770,AMB-01,AMBULANCE,2.6,0.55,7,34.1,13.0,3.5,9.5,CRITICAL,1,SYNTHETIC EMERGENCY V2X
EMG-EVT-001771,AMB-18,AMBULANCE,4.6,0.84,11,25.4,24.1,6.1,18.0,CRITICAL,1,SYNTHETIC EMERGENCY V2X
EMG-EVT-001772,AMB-13,AMBULANCE,11.5,0.71,22,30.7,48.9,14.7,34.2,CRITICAL,1,SYNTHETIC EMERGENCY V2X
EMG-EVT-001773,AMB-18,AMBULANCE,8.4,0.36,15,47.9,28.5,10.7,17.8,CRITICAL,1,SYNTHETIC EMERGENCY V2X
EMG-EVT-001774,AMB-12,AMBULANCE,15.0,0.93,30,16.6,90.2,19.4,70.8,CRITICAL,1,SYNTHETIC EMERGENCY V2X
EMG-EVT-001775,FIRE-10,FIRE_TRUCK,12.2,0.32,23,50.0,42.2,15.6,26.6,CRITICAL,1,SYNTHETIC EMERGENCY V2X
EMG-EVT-001776,AMB-07,AMBULANCE,13.9,0.95,25,17.2,78.5,17.7,60.8,CRITICAL,1,SYNTHETIC EMERGENCY V2X
EMG-EVT-001777,FIRE-03,FIRE_TRUCK,15.6,0.64,28,29.7,65.1,19.8,45.3,CRITICAL,1,SYNTHETIC EMERGENCY V2X
EMG-EVT-001778,AMB-13,AMBULANCE,8.0,0.4,16,43.9,30.1,10.3,19.8,CRITICAL,1,SYNTHETIC EMERGENCY V2X
EMG-EVT-001779,FIRE-08,FIRE_TRUCK,7.0,0.86,12,22.2,33.3,8.8,24.5,CRITICAL,1,SYNTHETIC EMERGENCY V2X
EMG-EVT-001780,AMB-04,AMBULANCE,7.3,0.74,16,27.8,35.0,9.6,25.4,CRITICAL,1,SYNTHETIC EMERGENCY V2X
EMG-EVT-001781,AMB-05,AMBULANCE,13.6,0.59,24,35.9,51.5,17.2,34.3,CRITICAL,1,SYNTHETIC EMERGENCY V2X
EMG-EVT-001782,FIRE-07,FIRE_TRUCK,12.3,0.73,22,32.6,49.0,15.6,33.4,CRITICAL,1,SYNTHETIC EMERGENCY V2X
EMG-EVT-001783,AMB-12,AMBULANCE,10.6,0.6,19,33.6,41.7,13.5,28.2,CRITICAL,1,SYNTHETIC EMERGENCY V2X
EMG-EVT-001784,AMB-10,AMBULANCE,10.8,0.21,21,60.5,35.9,13.9,22.0,CRITICAL,1,SYNTHETIC EMERGENCY V2X
EMG-EVT-001785,AMB-18,AMBULANCE,12.0,0.78,24,23.9,58.9,15.5,43.4,CRITICAL,1,SYNTHETIC EMERGENCY V2X
EMG-EVT-001786,AMB-10,AMBULANCE,13.4,0.37,27,50.3,48.4,17.3,31.1,CRITICAL,1,SYNTHETIC EMERGENCY V2X
EMG-EVT-001787,FIRE-06,FIRE_TRUCK,9.7,0.87,17,16.9,54.8,12.3,42.5,CRITICAL,1,SYNTHETIC EMERGENCY V2X
EMG-EVT-001788,AMB-15,AMBULANCE,7.5,0.5,13,41.1,26.5,9.5,17.0,CRITICAL,1,SYNTHETIC EMERGENCY V2X
EMG-EVT-001789,AMB-09,AMBULANCE,10.0,0.67,18,31.9,40.4,12.7,27.7,CRITICAL,1,SYNTHETIC EMERGENCY V2X
EMG-EVT-001790,AMB-12,AMBULANCE,2.3,0.9,4,19.8,11.8,2.9,8.9,CRITICAL,1,SYNTHETIC EMERGENCY V2X
EMG-EVT-001791,AMB-17,AMBULANCE,12.0,0.66,24,28.9,53.7,15.5,38.2,CRITICAL,1,SYNTHETIC EMERGENCY V2X
EMG-EVT-001792,AMB-10,AMBULANCE,9.5,0.9,19,22.0,48.7,12.3,36.4,CRITICAL,1,SYNTHETIC EMERGENCY V2X
EMG-EVT-001793,FIRE-06,FIRE_TRUCK,3.4,0.22,6,59.8,10.6,4.3,6.3,HIGH,1,SYNTHETIC EMERGENCY V2X
EMG-EVT-001794,AMB-02,AMBULANCE,13.0,0.59,23,34.2,50.4,16.5,33.9,CRITICAL,1,SYNTHETIC EMERGENCY V2X
EMG-EVT-001795,AMB-13,AMBULANCE,1.9,0.95,3,19.3,9.5,2.4,7.1,CRITICAL,1,SYNTHETIC EMERGENCY V2X
EMG-EVT-001796,AMB-19,AMBULANCE,1.7,0.23,4,59.5,6.5,2.3,4.2,CRITICAL,1,SYNTHETIC EMERGENCY V2X
EMG-EVT-001797,AMB-11,AMBULANCE,5.5,0.78,12,29.7,25.5,7.2,18.3,CRITICAL,1,SYNTHETIC EMERGENCY V2X
EMG-EVT-001798,AMB-03,AMBULANCE,1.9,0.44,4,41.2,7.6,2.5,5.1,CRITICAL,1,SYNTHETIC EMERGENCY V2X
EMG-EVT-001799,AMB-15,AMBULANCE,15.1,0.75,28,25.8,68.7,19.3,49.4,CRITICAL,1,SYNTHETIC EMERGENCY V2X
EMG-EVT-001800,AMB-18,AMBULANCE,11.4,0.22,23,58.6,39.3,14.7,24.6,CRITICAL,1,SYNTHETIC EMERGENCY V2X
EMG-EVT-001801,AMB-07,AMBULANCE,5.3,0.6,9,36.6,19.5,6.7,12.8,CRITICAL,1,SYNTHETIC EMERGENCY V2X
EMG-EVT-001802,AMB-14,AMBULANCE,9.8,0.22,18,63.4,30.9,12.5,18.4,CRITICAL,1,SYNTHETIC EMERGENCY V2X
EMG-EVT-001803,AMB-03,AMBULANCE,4.8,0.33,8,49.1,15.5,6.0,9.5,CRITICAL,1,SYNTHETIC EMERGENCY V2X
EMG-EVT-001804,POL-09,POLICE,10.6,0.33,20,56.4,35.3,13.6,21.7,CRITICAL,1,SYNTHETIC EMERGENCY V2X
EMG-EVT-001805,AMB-02,AMBULANCE,7.5,0.82,14,26.3,33.9,9.6,24.3,CRITICAL,1,SYNTHETIC EMERGENCY V2X
EMG-EVT-001806,POL-06,POLICE,14.4,0.31,26,57.0,46.4,18.3,28.1,CRITICAL,1,SYNTHETIC EMERGENCY V2X
EMG-EVT-001807,AMB-11,AMBULANCE,15.2,0.48,29,44.8,55.2,19.5,35.7,CRITICAL,1,SYNTHETIC EMERGENCY V2X
EMG-EVT-001808,FIRE-05,FIRE_TRUCK,6.4,0.56,12,42.3,23.5,8.2,15.3,CRITICAL,1,SYNTHETIC EMERGENCY V2X
EMG-EVT-001809,AMB-02,AMBULANCE,2.7,0.41,5,46.6,9.5,3.4,6.1,CRITICAL,1,SYNTHETIC EMERGENCY V2X
EMG-EVT-001810,POL-08,POLICE,7.8,0.28,14,59.9,24.6,9.9,14.7,CRITICAL,1,SYNTHETIC EMERGENCY V2X
EMG-EVT-001811,AMB-01,AMBULANCE,2.5,0.45,5,48.9,9.1,3.2,5.9,CRITICAL,1,SYNTHETIC EMERGENCY V2X
EMG-EVT-001812,AMB-13,AMBULANCE,5.4,0.62,12,38.1,22.9,7.1,15.8,CRITICAL,1,SYNTHETIC EMERGENCY V2X
EMG-EVT-001813,AMB-03,AMBULANCE,4.4,0.95,8,15.8,26.3,5.6,20.7,CRITICAL,1,SYNTHETIC EMERGENCY V2X
EMG-EVT-001814,FIRE-06,FIRE_TRUCK,2.9,0.86,7,21.3,16.6,3.9,12.7,CRITICAL,1,SYNTHETIC EMERGENCY V2X
EMG-EVT-001815,FIRE-10,FIRE_TRUCK,10.5,0.38,19,46.9,36.2,13.4,22.8,CRITICAL,1,SYNTHETIC EMERGENCY V2X
EMG-EVT-001816,AMB-11,AMBULANCE,11.1,0.38,22,49.5,39.9,14.3,25.6,CRITICAL,1,SYNTHETIC EMERGENCY V2X
EMG-EVT-001817,POL-08,POLICE,12.9,0.77,24,21.6,64.6,16.5,48.1,CRITICAL,1,SYNTHETIC EMERGENCY V2X
EMG-EVT-001818,AMB-08,AMBULANCE,15.1,0.41,27,48.4,51.1,19.2,31.9,CRITICAL,1,SYNTHETIC EMERGENCY V2X
EMG-EVT-001819,AMB-20,AMBULANCE,6.4,0.44,13,45.8,24.0,8.3,15.7,CRITICAL,1,SYNTHETIC EMERGENCY V2X
EMG-EVT-001820,POL-08,POLICE,13.9,0.43,25,46.7,47.9,17.7,30.2,CRITICAL,1,SYNTHETIC EMERGENCY V2X
EMG-EVT-001821,AMB-01,AMBULANCE,2.5,0.9,5,22.6,12.6,3.2,9.4,CRITICAL,1,SYNTHETIC EMERGENCY V2X
EMG-EVT-001822,FIRE-03,FIRE_TRUCK,14.4,0.83,25,21.7,69.8,18.2,51.6,CRITICAL,1,SYNTHETIC EMERGENCY V2X
EMG-EVT-001823,AMB-12,AMBULANCE,5.2,0.49,12,37.7,22.7,6.9,15.8,CRITICAL,1,SYNTHETIC EMERGENCY V2X
EMG-EVT-001824,AMB-04,AMBULANCE,14.5,0.49,26,37.7,54.3,18.4,35.9,CRITICAL,1,SYNTHETIC EMERGENCY V2X
EMG-EVT-001825,AMB-02,AMBULANCE,11.1,0.28,19,58.7,34.1,14.0,20.1,CRITICAL,1,SYNTHETIC EMERGENCY V2X
EMG-EVT-001826,AMB-03,AMBULANCE,6.5,0.86,11,19.8,32.9,8.2,24.7,CRITICAL,1,SYNTHETIC EMERGENCY V2X
EMG-EVT-001827,AMB-10,AMBULANCE,6.7,0.59,14,34.0,28.6,8.7,19.9,CRITICAL,1,SYNTHETIC EMERGENCY V2X
EMG-EVT-001828,AMB-13,AMBULANCE,12.4,0.81,24,26.7,56.7,15.9,40.8,CRITICAL,1,SYNTHETIC EMERGENCY V2X
EMG-EVT-001829,FIRE-02,FIRE_TRUCK,10.2,0.44,19,43.4,36.9,13.0,23.9,CRITICAL,1,SYNTHETIC EMERGENCY V2X
EMG-EVT-001830,AMB-20,AMBULANCE,1.8,0.33,3,54.8,5.6,2.3,3.3,CRITICAL,1,SYNTHETIC EMERGENCY V2X
EMG-EVT-001831,AMB-03,AMBULANCE,4.4,0.69,9,30.9,19.3,5.7,13.6,CRITICAL,1,SYNTHETIC EMERGENCY V2X
EMG-EVT-001832,AMB-06,AMBULANCE,5.1,0.52,9,37.5,19.0,6.5,12.5,CRITICAL,1,SYNTHETIC EMERGENCY V2X
EMG-EVT-001833,FIRE-01,FIRE_TRUCK,2.5,0.47,6,42.4,10.7,3.3,7.4,HIGH,1,SYNTHETIC EMERGENCY V2X
EMG-EVT-001834,AMB-15,AMBULANCE,4.9,0.94,8,11.8,34.5,6.1,28.4,CRITICAL,1,SYNTHETIC EMERGENCY V2X
EMG-EVT-001835,AMB-17,AMBULANCE,4.5,0.57,8,41.7,16.1,5.7,10.4,CRITICAL,1,SYNTHETIC EMERGENCY V2X
EMG-EVT-001836,AMB-10,AMBULANCE,8.8,0.22,16,61.8,27.7,11.2,16.5,CRITICAL,1,SYNTHETIC EMERGENCY V2X
EMG-EVT-001837,AMB-09,AMBULANCE,12.1,0.79,23,20.9,62.3,15.5,46.8,CRITICAL,1,SYNTHETIC EMERGENCY V2X
EMG-EVT-001838,AMB-19,AMBULANCE,14.4,0.66,26,33.7,56.8,18.3,38.5,CRITICAL,1,SYNTHETIC EMERGENCY V2X
EMG-EVT-001839,AMB-05,AMBULANCE,13.8,0.72,24,24.0,63.3,17.5,45.8,CRITICAL,1,SYNTHETIC EMERGENCY V2X
EMG-EVT-001840,AMB-05,AMBULANCE,7.1,0.71,13,28.0,30.8,9.0,21.8,CRITICAL,1,SYNTHETIC EMERGENCY V2X
EMG-EVT-001841,FIRE-04,FIRE_TRUCK,7.1,0.3,13,53.1,23.6,9.0,14.6,CRITICAL,1,SYNTHETIC EMERGENCY V2X
EMG-EVT-001842,AMB-03,AMBULANCE,8.9,0.44,17,43.8,32.6,11.4,21.2,CRITICAL,1,SYNTHETIC EMERGENCY V2X
EMG-EVT-001843,AMB-14,AMBULANCE,10.6,0.51,20,41.0,39.5,13.6,25.9,CRITICAL,1,SYNTHETIC EMERGENCY V2X
EMG-EVT-001844,AMB-08,AMBULANCE,6.3,0.89,12,19.6,33.7,8.1,25.6,CRITICAL,1,SYNTHETIC EMERGENCY V2X
EMG-EVT-001845,AMB-04,AMBULANCE,9.2,0.62,16,36.0,34.5,11.6,22.9,CRITICAL,1,SYNTHETIC EMERGENCY V2X
EMG-EVT-001846,AMB-13,AMBULANCE,4.7,0.28,9,56.2,15.8,6.0,9.8,CRITICAL,1,SYNTHETIC EMERGENCY V2X
EMG-EVT-001847,AMB-05,AMBULANCE,11.2,0.21,21,61.0,36.2,14.3,21.9,CRITICAL,1,SYNTHETIC EMERGENCY V2X
EMG-EVT-001848,FIRE-03,FIRE_TRUCK,3.0,0.32,6,49.9,10.8,3.9,6.9,HIGH,1,SYNTHETIC EMERGENCY V2X
EMG-EVT-001849,AMB-14,AMBULANCE,3.2,0.36,5,52.5,9.7,4.0,5.7,CRITICAL,1,SYNTHETIC EMERGENCY V2X
EMG-EVT-001850,AMB-06,AMBULANCE,10.3,0.86,20,24.2,49.5,13.2,36.3,CRITICAL,1,SYNTHETIC EMERGENCY V2X
EMG-EVT-001851,AMB-18,AMBULANCE,11.9,0.2,21,61.4,36.8,15.1,21.7,CRITICAL,1,SYNTHETIC EMERGENCY V2X
EMG-EVT-001852,AMB-19,AMBULANCE,11.0,0.83,19,21.4,53.6,13.9,39.7,CRITICAL,1,SYNTHETIC EMERGENCY V2X
EMG-EVT-001853,AMB-15,AMBULANCE,4.0,0.37,10,48.9,16.9,5.4,11.5,CRITICAL,1,SYNTHETIC EMERGENCY V2X
EMG-EVT-001854,AMB-16,AMBULANCE,8.0,0.83,14,20.3,40.4,10.1,30.3,CRITICAL,1,SYNTHETIC EMERGENCY V2X
EMG-EVT-001855,AMB-17,AMBULANCE,5.8,0.97,10,17.6,31.8,7.3,24.5,CRITICAL,1,SYNTHETIC EMERGENCY V2X
EMG-EVT-001856,AMB-16,AMBULANCE,2.8,0.52,5,40.0,10.2,3.6,6.6,CRITICAL,1,SYNTHETIC EMERGENCY V2X
EMG-EVT-001857,FIRE-05,FIRE_TRUCK,5.3,0.3,12,50.3,20.7,7.0,13.7,CRITICAL,1,SYNTHETIC EMERGENCY V2X
EMG-EVT-001858,AMB-19,AMBULANCE,12.4,0.48,24,41.8,46.6,15.9,30.7,CRITICAL,1,SYNTHETIC EMERGENCY V2X
EMG-EVT-001859,AMB-18,AMBULANCE,15.5,0.35,27,46.3,52.5,19.6,32.9,CRITICAL,1,SYNTHETIC EMERGENCY V2X
EMG-EVT-001860,AMB-03,AMBULANCE,2.3,0.64,6,34.9,11.2,3.1,8.1,CRITICAL,1,SYNTHETIC EMERGENCY V2X
EMG-EVT-001861,AMB-01,AMBULANCE,11.8,0.47,21,46.3,40.5,15.0,25.5,CRITICAL,1,SYNTHETIC EMERGENCY V2X
EMG-EVT-001862,AMB-17,AMBULANCE,6.8,0.72,14,26.3,32.3,8.8,23.5,CRITICAL,1,SYNTHETIC EMERGENCY V2X
EMG-EVT-001863,AMB-18,AMBULANCE,7.1,0.89,15,19.2,40.2,9.2,31.0,CRITICAL,1,SYNTHETIC EMERGENCY V2X
EMG-EVT-001864,AMB-17,AMBULANCE,4.5,0.42,10,47.7,17.7,5.9,11.8,CRITICAL,1,SYNTHETIC EMERGENCY V2X
EMG-EVT-001865,POL-03,POLICE,3.9,0.92,8,18.2,22.5,5.1,17.4,CRITICAL,1,SYNTHETIC EMERGENCY V2X
EMG-EVT-001866,AMB-16,AMBULANCE,10.0,0.88,19,15.6,61.3,12.8,48.5,CRITICAL,1,SYNTHETIC EMERGENCY V2X
EMG-EVT-001867,AMB-06,AMBULANCE,8.6,0.64,15,35.3,32.6,10.9,21.7,CRITICAL,1,SYNTHETIC EMERGENCY V2X
EMG-EVT-001868,AMB-14,AMBULANCE,7.0,0.65,15,29.2,32.4,9.1,23.3,CRITICAL,1,SYNTHETIC EMERGENCY V2X
EMG-EVT-001869,AMB-02,AMBULANCE,2.7,0.85,5,23.9,12.8,3.4,9.4,CRITICAL,1,SYNTHETIC EMERGENCY V2X
EMG-EVT-001870,FIRE-10,FIRE_TRUCK,15.5,0.97,28,18.7,83.3,19.7,63.6,CRITICAL,1,SYNTHETIC EMERGENCY V2X
EMG-EVT-001871,AMB-17,AMBULANCE,13.4,0.25,26,59.6,44.7,17.2,27.5,CRITICAL,1,SYNTHETIC EMERGENCY V2X
EMG-EVT-001872,AMB-02,AMBULANCE,10.8,0.89,22,17.9,62.6,14.0,48.6,CRITICAL,1,SYNTHETIC EMERGENCY V2X
EMG-EVT-001873,AMB-18,AMBULANCE,7.8,0.82,17,21.6,42.1,10.2,31.9,CRITICAL,1,SYNTHETIC EMERGENCY V2X
EMG-EVT-001874,AMB-13,AMBULANCE,1.9,0.28,6,59.2,9.1,2.7,6.4,CRITICAL,1,SYNTHETIC EMERGENCY V2X
EMG-EVT-001875,AMB-08,AMBULANCE,8.2,0.65,17,28.7,37.5,10.6,26.9,CRITICAL,1,SYNTHETIC EMERGENCY V2X
EMG-EVT-001876,AMB-08,AMBULANCE,7.5,0.88,15,23.9,36.8,9.7,27.1,CRITICAL,1,SYNTHETIC EMERGENCY V2X
EMG-EVT-001877,AMB-11,AMBULANCE,14.8,0.59,26,40.1,53.3,18.7,34.6,CRITICAL,1,SYNTHETIC EMERGENCY V2X
EMG-EVT-001878,FIRE-07,FIRE_TRUCK,7.0,0.81,15,18.7,40.5,9.1,31.4,CRITICAL,1,SYNTHETIC EMERGENCY V2X
EMG-EVT-001879,AMB-20,AMBULANCE,14.5,0.78,26,29.7,60.5,18.4,42.1,CRITICAL,1,SYNTHETIC EMERGENCY V2X
EMG-EVT-001880,FIRE-08,FIRE_TRUCK,4.5,0.67,10,35.3,19.6,5.9,13.7,CRITICAL,1,SYNTHETIC EMERGENCY V2X
EMG-EVT-001881,POL-02,POLICE,8.3,0.42,14,48.1,27.2,10.5,16.7,CRITICAL,1,SYNTHETIC EMERGENCY V2X
EMG-EVT-001882,AMB-09,AMBULANCE,5.5,0.71,10,32.4,22.2,7.0,15.2,CRITICAL,1,SYNTHETIC EMERGENCY V2X
EMG-EVT-001883,AMB-06,AMBULANCE,1.9,0.38,4,50.8,7.0,2.5,4.5,CRITICAL,1,SYNTHETIC EMERGENCY V2X
EMG-EVT-001884,FIRE-09,FIRE_TRUCK,6.5,0.78,12,28.0,28.3,8.3,20.0,CRITICAL,1,SYNTHETIC EMERGENCY V2X
EMG-EVT-001885,AMB-09,AMBULANCE,7.9,0.66,14,27.7,33.9,10.0,23.9,CRITICAL,1,SYNTHETIC EMERGENCY V2X
EMG-EVT-001886,FIRE-05,FIRE_TRUCK,12.0,0.74,24,29.8,53.0,15.5,37.5,CRITICAL,1,SYNTHETIC EMERGENCY V2X
EMG-EVT-001887,FIRE-09,FIRE_TRUCK,2.5,0.94,5,15.9,15.4,3.2,12.2,CRITICAL,1,SYNTHETIC EMERGENCY V2X
EMG-EVT-001888,AMB-09,AMBULANCE,11.6,0.42,22,49.1,40.6,14.9,25.7,CRITICAL,1,SYNTHETIC EMERGENCY V2X
EMG-EVT-001889,AMB-05,AMBULANCE,14.0,0.85,27,17.2,81.2,18.0,63.2,CRITICAL,1,SYNTHETIC EMERGENCY V2X
EMG-EVT-001890,AMB-09,AMBULANCE,15.8,0.36,29,54.5,52.2,20.1,32.1,CRITICAL,1,SYNTHETIC EMERGENCY V2X
EMG-EVT-001891,FIRE-05,FIRE_TRUCK,12.0,0.3,22,53.9,39.8,15.3,24.5,CRITICAL,1,SYNTHETIC EMERGENCY V2X
EMG-EVT-001892,AMB-08,AMBULANCE,8.8,0.66,15,36.6,32.4,11.1,21.3,CRITICAL,1,SYNTHETIC EMERGENCY V2X
EMG-EVT-001893,AMB-14,AMBULANCE,12.0,0.64,23,37.4,46.9,15.4,31.5,CRITICAL,1,SYNTHETIC EMERGENCY V2X
EMG-EVT-001894,FIRE-03,FIRE_TRUCK,3.5,0.93,7,17.9,20.1,4.5,15.6,CRITICAL,1,SYNTHETIC EMERGENCY V2X
EMG-EVT-001895,POL-08,POLICE,5.0,0.67,10,35.2,20.5,6.5,14.0,CRITICAL,1,SYNTHETIC EMERGENCY V2X
EMG-EVT-001896,FIRE-10,FIRE_TRUCK,1.6,0.91,4,17.9,10.2,2.1,8.1,HIGH,1,SYNTHETIC EMERGENCY V2X
EMG-EVT-001897,AMB-13,AMBULANCE,3.1,0.78,6,23.3,15.2,4.0,11.2,CRITICAL,1,SYNTHETIC EMERGENCY V2X
EMG-EVT-001898,AMB-18,AMBULANCE,9.8,0.44,18,47.7,33.9,12.5,21.4,CRITICAL,1,SYNTHETIC EMERGENCY V2X
EMG-EVT-001899,AMB-13,AMBULANCE,15.7,0.86,29,18.5,85.7,20.0,65.7,CRITICAL,1,SYNTHETIC EMERGENCY V2X
EMG-EVT-001900,POL-04,POLICE,11.6,0.55,23,38.1,45.9,15.0,30.9,CRITICAL,1,SYNTHETIC EMERGENCY V2X
EMG-EVT-001901,FIRE-02,FIRE_TRUCK,2.7,0.75,7,31.4,13.6,3.6,10.0,CRITICAL,1,SYNTHETIC EMERGENCY V2X
EMG-EVT-001902,AMB-17,AMBULANCE,15.8,0.43,29,44.2,56.2,20.1,36.1,CRITICAL,1,SYNTHETIC EMERGENCY V2X
EMG-EVT-001903,AMB-03,AMBULANCE,9.6,0.74,19,28.5,43.0,12.4,30.6,CRITICAL,1,SYNTHETIC EMERGENCY V2X
EMG-EVT-001904,AMB-04,AMBULANCE,2.9,0.92,6,16.2,17.9,3.8,14.1,CRITICAL,1,SYNTHETIC EMERGENCY V2X
EMG-EVT-001905,FIRE-02,FIRE_TRUCK,8.8,0.9,15,16.9,49.2,11.1,38.1,CRITICAL,1,SYNTHETIC EMERGENCY V2X
EMG-EVT-001906,AMB-17,AMBULANCE,8.5,0.6,18,38.4,34.9,11.1,23.8,CRITICAL,1,SYNTHETIC EMERGENCY V2X
EMG-EVT-001907,FIRE-10,FIRE_TRUCK,7.4,0.89,13,17.5,41.0,9.4,31.6,CRITICAL,1,SYNTHETIC EMERGENCY V2X
EMG-EVT-001908,AMB-14,AMBULANCE,11.6,0.4,22,51.7,39.9,14.9,25.0,CRITICAL,1,SYNTHETIC EMERGENCY V2X
EMG-EVT-001909,POL-08,POLICE,11.7,0.22,23,62.3,38.9,15.1,23.8,CRITICAL,1,SYNTHETIC EMERGENCY V2X
EMG-EVT-001910,AMB-19,AMBULANCE,5.9,0.31,10,51.5,18.9,7.4,11.5,CRITICAL,1,SYNTHETIC EMERGENCY V2X
EMG-EVT-001911,AMB-01,AMBULANCE,2.9,0.74,7,25.8,15.1,3.9,11.2,CRITICAL,1,SYNTHETIC EMERGENCY V2X
EMG-EVT-001912,AMB-09,AMBULANCE,12.1,0.33,21,55.1,38.4,15.3,23.1,CRITICAL,1,SYNTHETIC EMERGENCY V2X
EMG-EVT-001913,FIRE-03,FIRE_TRUCK,1.6,0.89,3,18.9,8.7,2.0,6.7,HIGH,1,SYNTHETIC EMERGENCY V2X
EMG-EVT-001914,AMB-18,AMBULANCE,10.2,0.4,21,44.6,38.9,13.2,25.7,CRITICAL,1,SYNTHETIC EMERGENCY V2X
EMG-EVT-001915,AMB-10,AMBULANCE,2.9,0.58,6,36.2,12.0,3.8,8.2,CRITICAL,1,SYNTHETIC EMERGENCY V2X
EMG-EVT-001916,POL-07,POLICE,6.2,0.55,13,39.7,25.0,8.1,16.9,CRITICAL,1,SYNTHETIC EMERGENCY V2X
EMG-EVT-001917,AMB-08,AMBULANCE,3.4,0.85,8,16.4,22.0,4.5,17.5,CRITICAL,1,SYNTHETIC EMERGENCY V2X
EMG-EVT-001918,AMB-05,AMBULANCE,12.4,0.31,22,54.2,40.1,15.7,24.4,CRITICAL,1,SYNTHETIC EMERGENCY V2X
EMG-EVT-001919,AMB-17,AMBULANCE,4.3,0.68,8,34.5,17.1,5.5,11.6,CRITICAL,1,SYNTHETIC EMERGENCY V2X
EMG-EVT-001920,FIRE-05,FIRE_TRUCK,4.6,0.86,11,21.4,26.1,6.1,20.0,CRITICAL,1,SYNTHETIC EMERGENCY V2X
EMG-EVT-001921,AMB-05,AMBULANCE,4.0,0.73,7,32.1,15.9,5.1,10.8,CRITICAL,1,SYNTHETIC EMERGENCY V2X
EMG-EVT-001922,AMB-09,AMBULANCE,14.6,0.34,26,55.2,47.1,18.5,28.6,CRITICAL,1,SYNTHETIC EMERGENCY V2X
EMG-EVT-001923,AMB-07,AMBULANCE,11.7,0.74,21,27.8,50.5,14.9,35.6,CRITICAL,1,SYNTHETIC EMERGENCY V2X
EMG-EVT-001924,AMB-15,AMBULANCE,10.7,0.45,19,41.4,38.3,13.6,24.7,CRITICAL,1,SYNTHETIC EMERGENCY V2X
EMG-EVT-001925,AMB-12,AMBULANCE,12.5,0.68,25,33.3,52.5,16.1,36.4,CRITICAL,1,SYNTHETIC EMERGENCY V2X
EMG-EVT-001926,AMB-02,AMBULANCE,12.7,0.85,23,18.9,67.9,16.2,51.7,CRITICAL,1,SYNTHETIC EMERGENCY V2X
EMG-EVT-001927,AMB-15,AMBULANCE,12.8,0.68,24,33.4,51.8,16.4,35.4,CRITICAL,1,SYNTHETIC EMERGENCY V2X
EMG-EVT-001928,FIRE-03,FIRE_TRUCK,10.5,0.38,19,51.9,34.9,13.4,21.5,CRITICAL,1,SYNTHETIC EMERGENCY V2X
EMG-EVT-001929,AMB-09,AMBULANCE,7.4,0.86,13,25.2,33.2,9.4,23.8,CRITICAL,1,SYNTHETIC EMERGENCY V2X
EMG-EVT-001930,AMB-04,AMBULANCE,8.2,0.21,17,55.5,29.3,10.6,18.7,CRITICAL,1,SYNTHETIC EMERGENCY V2X
EMG-EVT-001931,AMB-12,AMBULANCE,5.3,0.65,11,29.0,24.2,6.9,17.3,CRITICAL,1,SYNTHETIC EMERGENCY V2X
EMG-EVT-001932,FIRE-07,FIRE_TRUCK,5.2,0.59,12,41.4,21.9,6.9,15.0,CRITICAL,1,SYNTHETIC EMERGENCY V2X
EMG-EVT-001933,AMB-01,AMBULANCE,12.5,0.67,24,31.8,52.4,16.0,36.4,CRITICAL,1,SYNTHETIC EMERGENCY V2X
EMG-EVT-001934,FIRE-10,FIRE_TRUCK,5.5,0.22,9,55.9,16.7,6.9,9.8,CRITICAL,1,SYNTHETIC EMERGENCY V2X
EMG-EVT-001935,AMB-07,AMBULANCE,1.5,0.88,5,15.4,11.8,2.1,9.7,CRITICAL,1,SYNTHETIC EMERGENCY V2X
EMG-EVT-001936,AMB-01,AMBULANCE,5.5,0.23,9,54.5,16.9,6.9,10.0,CRITICAL,1,SYNTHETIC EMERGENCY V2X
EMG-EVT-001937,FIRE-07,FIRE_TRUCK,11.0,0.54,22,42.8,41.8,14.2,27.6,CRITICAL,1,SYNTHETIC EMERGENCY V2X
EMG-EVT-001938,AMB-11,AMBULANCE,1.9,0.56,3,38.6,6.6,2.4,4.2,CRITICAL,1,SYNTHETIC EMERGENCY V2X
EMG-EVT-001939,AMB-01,AMBULANCE,11.0,0.53,21,40.8,41.4,14.1,27.3,CRITICAL,1,SYNTHETIC EMERGENCY V2X
EMG-EVT-001940,AMB-07,AMBULANCE,8.9,0.42,19,48.7,33.8,11.6,22.2,CRITICAL,1,SYNTHETIC EMERGENCY V2X
EMG-EVT-001941,AMB-18,AMBULANCE,2.4,0.47,7,44.5,11.6,3.3,8.3,CRITICAL,1,SYNTHETIC EMERGENCY V2X
EMG-EVT-001942,AMB-11,AMBULANCE,7.0,0.66,15,28.8,32.6,9.1,23.5,CRITICAL,1,SYNTHETIC EMERGENCY V2X
EMG-EVT-001943,AMB-15,AMBULANCE,10.3,0.63,21,31.3,44.9,13.3,31.6,CRITICAL,1,SYNTHETIC EMERGENCY V2X
EMG-EVT-001944,AMB-03,AMBULANCE,8.5,0.45,18,45.4,32.8,11.1,21.7,CRITICAL,1,SYNTHETIC EMERGENCY V2X
EMG-EVT-001945,AMB-06,AMBULANCE,9.8,0.7,20,34.6,41.0,12.7,28.3,CRITICAL,1,SYNTHETIC EMERGENCY V2X
EMG-EVT-001946,AMB-20,AMBULANCE,6.0,0.75,11,24.1,28.1,7.6,20.5,CRITICAL,1,SYNTHETIC EMERGENCY V2X
EMG-EVT-001947,FIRE-03,FIRE_TRUCK,4.2,0.93,8,15.5,25.9,5.4,20.5,CRITICAL,1,SYNTHETIC EMERGENCY V2X
EMG-EVT-001948,AMB-13,AMBULANCE,3.2,0.83,8,21.8,18.4,4.3,14.1,CRITICAL,1,SYNTHETIC EMERGENCY V2X
EMG-EVT-001949,FIRE-09,FIRE_TRUCK,7.3,0.43,14,50.1,25.5,9.4,16.1,CRITICAL,1,SYNTHETIC EMERGENCY V2X
EMG-EVT-001950,AMB-10,AMBULANCE,14.7,0.66,28,37.0,57.4,18.8,38.6,CRITICAL,1,SYNTHETIC EMERGENCY V2X
EMG-EVT-001951,AMB-02,AMBULANCE,14.0,0.83,27,23.4,68.3,18.0,50.3,CRITICAL,1,SYNTHETIC EMERGENCY V2X
EMG-EVT-001952,AMB-06,AMBULANCE,5.4,0.61,11,40.1,21.3,7.0,14.3,CRITICAL,1,SYNTHETIC EMERGENCY V2X
EMG-EVT-001953,AMB-06,AMBULANCE,2.9,0.33,6,56.5,10.3,3.8,6.5,CRITICAL,1,SYNTHETIC EMERGENCY V2X
EMG-EVT-001954,AMB-12,AMBULANCE,3.2,0.25,8,59.4,12.8,4.3,8.5,CRITICAL,1,SYNTHETIC EMERGENCY V2X
EMG-EVT-001955,AMB-03,AMBULANCE,11.4,0.78,23,28.2,51.9,14.7,37.2,CRITICAL,1,SYNTHETIC EMERGENCY V2X
EMG-EVT-001956,AMB-09,AMBULANCE,10.5,0.78,19,20.9,52.9,13.4,39.5,CRITICAL,1,SYNTHETIC EMERGENCY V2X
EMG-EVT-001957,FIRE-02,FIRE_TRUCK,15.5,0.85,27,17.0,87.1,19.6,67.5,CRITICAL,1,SYNTHETIC EMERGENCY V2X
EMG-EVT-001958,FIRE-07,FIRE_TRUCK,14.2,0.39,27,46.4,50.8,18.2,32.6,CRITICAL,1,SYNTHETIC EMERGENCY V2X
EMG-EVT-001959,AMB-10,AMBULANCE,15.1,0.42,28,50.4,51.6,19.3,32.3,CRITICAL,1,SYNTHETIC EMERGENCY V2X
EMG-EVT-001960,AMB-04,AMBULANCE,14.2,0.9,26,22.6,68.9,18.1,50.8,CRITICAL,1,SYNTHETIC EMERGENCY V2X
EMG-EVT-001961,AMB-08,AMBULANCE,5.5,0.55,9,39.3,19.2,6.9,12.3,CRITICAL,1,SYNTHETIC EMERGENCY V2X
EMG-EVT-001962,AMB-19,AMBULANCE,3.4,0.26,8,61.3,12.9,4.5,8.4,CRITICAL,1,SYNTHETIC EMERGENCY V2X
EMG-EVT-001963,AMB-09,AMBULANCE,8.3,0.58,17,33.3,35.4,10.8,24.6,CRITICAL,1,SYNTHETIC EMERGENCY V2X
EMG-EVT-001964,AMB-12,AMBULANCE,8.6,0.45,18,40.5,34.3,11.2,23.1,CRITICAL,1,SYNTHETIC EMERGENCY V2X
EMG-EVT-001965,AMB-17,AMBULANCE,13.5,0.77,24,23.7,63.0,17.1,45.9,CRITICAL,1,SYNTHETIC EMERGENCY V2X
EMG-EVT-001966,FIRE-05,FIRE_TRUCK,10.6,0.85,22,19.3,59.4,13.8,45.6,CRITICAL,1,SYNTHETIC EMERGENCY V2X
EMG-EVT-001967,AMB-05,AMBULANCE,13.8,0.36,26,53.0,46.8,17.7,29.1,CRITICAL,1,SYNTHETIC EMERGENCY V2X
EMG-EVT-001968,AMB-11,AMBULANCE,7.4,0.88,15,15.0,47.6,9.6,38.0,CRITICAL,1,SYNTHETIC EMERGENCY V2X
EMG-EVT-001969,AMB-16,AMBULANCE,10.1,0.2,20,60.5,34.0,13.0,21.0,CRITICAL,1,SYNTHETIC EMERGENCY V2X
EMG-EVT-001970,FIRE-09,FIRE_TRUCK,8.6,0.85,18,24.4,42.7,11.2,31.5,CRITICAL,1,SYNTHETIC EMERGENCY V2X
EMG-EVT-001971,AMB-11,AMBULANCE,10.0,0.46,21,46.1,38.2,13.0,25.2,CRITICAL,1,SYNTHETIC EMERGENCY V2X
EMG-EVT-001972,POL-10,POLICE,3.6,0.44,7,42.5,13.5,4.6,8.9,CRITICAL,1,SYNTHETIC EMERGENCY V2X
EMG-EVT-001973,POL-01,POLICE,13.2,0.65,24,33.4,52.5,16.8,35.7,CRITICAL,1,SYNTHETIC EMERGENCY V2X
EMG-EVT-001974,AMB-20,AMBULANCE,15.1,0.34,29,47.2,54.0,19.4,34.6,CRITICAL,1,SYNTHETIC EMERGENCY V2X
EMG-EVT-001975,AMB-17,AMBULANCE,14.6,0.28,27,53.0,48.9,18.6,30.3,CRITICAL,1,SYNTHETIC EMERGENCY V2X
EMG-EVT-001976,AMB-01,AMBULANCE,1.8,0.57,4,35.0,7.9,2.4,5.5,CRITICAL,1,SYNTHETIC EMERGENCY V2X
EMG-EVT-001977,AMB-14,AMBULANCE,5.1,0.71,11,31.4,22.9,6.7,16.2,CRITICAL,1,SYNTHETIC EMERGENCY V2X
EMG-EVT-001978,AMB-18,AMBULANCE,15.8,0.51,31,44.4,58.6,20.3,38.3,CRITICAL,1,SYNTHETIC EMERGENCY V2X
EMG-EVT-001979,AMB-01,AMBULANCE,9.6,0.65,18,36.7,37.3,12.3,25.0,CRITICAL,1,SYNTHETIC EMERGENCY V2X
EMG-EVT-001980,POL-07,POLICE,8.7,0.35,18,50.3,32.0,11.3,20.7,CRITICAL,1,SYNTHETIC EMERGENCY V2X
EMG-EVT-001981,AMB-17,AMBULANCE,6.4,0.22,11,63.4,19.3,8.1,11.2,CRITICAL,1,SYNTHETIC EMERGENCY V2X
EMG-EVT-001982,AMB-20,AMBULANCE,2.6,0.2,7,62.0,10.9,3.5,7.4,CRITICAL,1,SYNTHETIC EMERGENCY V2X
EMG-EVT-001983,FIRE-08,FIRE_TRUCK,1.5,0.88,2,17.6,7.5,2.0,5.5,HIGH,1,SYNTHETIC EMERGENCY V2X
EMG-EVT-001984,AMB-07,AMBULANCE,2.0,0.92,4,20.6,10.6,2.6,8.0,CRITICAL,1,SYNTHETIC EMERGENCY V2X
EMG-EVT-001985,AMB-12,AMBULANCE,9.1,0.34,19,54.5,32.8,11.8,21.0,CRITICAL,1,SYNTHETIC EMERGENCY V2X
EMG-EVT-001986,AMB-17,AMBULANCE,2.3,0.71,4,29.8,9.4,2.9,6.5,CRITICAL,1,SYNTHETIC EMERGENCY V2X
EMG-EVT-001987,AMB-03,AMBULANCE,7.6,0.5,15,43.2,28.6,9.8,18.8,CRITICAL,1,SYNTHETIC EMERGENCY V2X
EMG-EVT-001988,AMB-16,AMBULANCE,5.6,0.84,11,22.7,28.0,7.2,20.8,CRITICAL,1,SYNTHETIC EMERGENCY V2X
EMG-EVT-001989,AMB-13,AMBULANCE,15.9,0.42,30,48.9,55.5,20.3,35.2,CRITICAL,1,SYNTHETIC EMERGENCY V2X
EMG-EVT-001990,AMB-05,AMBULANCE,7.8,0.51,15,39.5,29.8,10.0,19.8,CRITICAL,1,SYNTHETIC EMERGENCY V2X
EMG-EVT-001991,AMB-09,AMBULANCE,5.3,0.55,11,38.9,21.4,6.9,14.5,CRITICAL,1,SYNTHETIC EMERGENCY V2X
EMG-EVT-001992,AMB-16,AMBULANCE,3.7,0.51,6,38.0,13.0,4.6,8.4,CRITICAL,1,SYNTHETIC EMERGENCY V2X
EMG-EVT-001993,AMB-08,AMBULANCE,4.4,0.41,10,44.9,17.9,5.8,12.1,CRITICAL,1,SYNTHETIC EMERGENCY V2X
EMG-EVT-001994,FIRE-04,FIRE_TRUCK,13.9,0.28,26,60.2,45.1,17.8,27.3,CRITICAL,1,SYNTHETIC EMERGENCY V2X
EMG-EVT-001995,POL-08,POLICE,6.3,0.31,11,57.6,19.8,8.0,11.8,CRITICAL,1,SYNTHETIC EMERGENCY V2X
EMG-EVT-001996,AMB-15,AMBULANCE,12.6,0.51,22,42.4,44.2,15.9,28.3,CRITICAL,1,SYNTHETIC EMERGENCY V2X
EMG-EVT-001997,AMB-01,AMBULANCE,7.8,0.93,14,14.6,48.9,9.9,39.0,CRITICAL,1,SYNTHETIC EMERGENCY V2X
EMG-EVT-001998,AMB-02,AMBULANCE,1.9,0.29,4,55.8,6.8,2.5,4.3,CRITICAL,1,SYNTHETIC EMERGENCY V2X
EMG-EVT-001999,POL-06,POLICE,2.9,0.26,5,57.1,9.0,3.7,5.3,HIGH,1,SYNTHETIC EMERGENCY V2X
EMG-EVT-002000,AMB-06,AMBULANCE,10.9,0.35,22,48.3,39.9,14.1,25.8,CRITICAL,1,SYNTHETIC EMERGENCY V2X
EMG-EVT-002001,AMB-10,AMBULANCE,13.8,0.87,24,15.7,81.5,17.5,64.0,CRITICAL,1,SYNTHETIC EMERGENCY V2X
EMG-EVT-002002,FIRE-03,FIRE_TRUCK,15.5,0.92,27,12.0,109.9,19.6,90.3,CRITICAL,1,SYNTHETIC EMERGENCY V2X
EMG-EVT-002003,AMB-12,AMBULANCE,2.1,0.59,4,37.5,8.2,2.7,5.5,CRITICAL,1,SYNTHETIC EMERGENCY V2X
EMG-EVT-002004,FIRE-07,FIRE_TRUCK,1.8,0.85,6,25.2,11.5,2.6,8.9,HIGH,1,SYNTHETIC EMERGENCY V2X
EMG-EVT-002005,AMB-13,AMBULANCE,9.8,0.66,18,37.4,37.3,12.5,24.8,CRITICAL,1,SYNTHETIC EMERGENCY V2X
EMG-EVT-002006,AMB-04,AMBULANCE,1.5,0.26,5,55.3,7.6,2.1,5.5,CRITICAL,1,SYNTHETIC EMERGENCY V2X
EMG-EVT-002007,FIRE-05,FIRE_TRUCK,11.6,0.97,22,10.0,96.0,14.9,81.1,CRITICAL,1,SYNTHETIC EMERGENCY V2X
EMG-EVT-002008,FIRE-10,FIRE_TRUCK,12.6,0.27,22,57.9,39.5,15.9,23.6,CRITICAL,1,SYNTHETIC EMERGENCY V2X
EMG-EVT-002009,AMB-20,AMBULANCE,1.7,0.6,6,37.5,9.9,2.5,7.4,CRITICAL,1,SYNTHETIC EMERGENCY V2X
EMG-EVT-002010,POL-04,POLICE,3.1,0.58,5,34.3,11.4,3.9,7.5,HIGH,1,SYNTHETIC EMERGENCY V2X
EMG-EVT-002011,FIRE-04,FIRE_TRUCK,2.9,0.88,5,22.7,13.7,3.7,10.0,CRITICAL,1,SYNTHETIC EMERGENCY V2X
EMG-EVT-002012,AMB-06,AMBULANCE,1.6,0.42,2,42.1,4.7,2.0,2.7,CRITICAL,0,SYNTHETIC EMERGENCY V2X
EMG-EVT-002013,AMB-04,AMBULANCE,10.4,0.39,18,46.6,35.0,13.1,21.9,CRITICAL,1,SYNTHETIC EMERGENCY V2X
EMG-EVT-002014,AMB-17,AMBULANCE,5.1,0.75,11,29.2,23.7,6.7,17.0,CRITICAL,1,SYNTHETIC EMERGENCY V2X
EMG-EVT-002015,AMB-04,AMBULANCE,6.6,0.94,13,15.5,41.1,8.5,32.6,CRITICAL,1,SYNTHETIC EMERGENCY V2X
EMG-EVT-002016,AMB-05,AMBULANCE,4.8,0.82,8,19.9,24.1,6.0,18.1,CRITICAL,1,SYNTHETIC EMERGENCY V2X
EMG-EVT-002017,AMB-11,AMBULANCE,11.5,0.97,20,11.3,85.1,14.5,70.6,CRITICAL,1,SYNTHETIC EMERGENCY V2X
EMG-EVT-002018,AMB-15,AMBULANCE,9.5,0.61,18,33.1,38.8,12.2,26.6,CRITICAL,1,SYNTHETIC EMERGENCY V2X
EMG-EVT-002019,POL-01,POLICE,9.8,0.48,20,39.4,38.9,12.7,26.2,CRITICAL,1,SYNTHETIC EMERGENCY V2X
EMG-EVT-002020,AMB-11,AMBULANCE,14.3,0.37,28,47.6,51.6,18.4,33.2,CRITICAL,1,SYNTHETIC EMERGENCY V2X
EMG-EVT-002021,AMB-13,AMBULANCE,2.6,0.42,7,49.1,11.6,3.5,8.1,CRITICAL,1,SYNTHETIC EMERGENCY V2X
EMG-EVT-002022,POL-09,POLICE,16.0,0.62,30,33.0,65.1,20.5,44.6,CRITICAL,1,SYNTHETIC EMERGENCY V2X
EMG-EVT-002023,AMB-12,AMBULANCE,9.5,0.22,19,60.6,32.2,12.3,19.9,CRITICAL,1,SYNTHETIC EMERGENCY V2X
EMG-EVT-002024,FIRE-03,FIRE_TRUCK,2.6,0.53,6,42.8,10.8,3.4,7.4,HIGH,1,SYNTHETIC EMERGENCY V2X
EMG-EVT-002025,POL-10,POLICE,8.3,0.61,14,33.6,31.6,10.5,21.1,CRITICAL,1,SYNTHETIC EMERGENCY V2X
EMG-EVT-002026,AMB-03,AMBULANCE,12.2,0.84,22,23.4,57.7,15.5,42.2,CRITICAL,1,SYNTHETIC EMERGENCY V2X
EMG-EVT-002027,AMB-01,AMBULANCE,9.6,0.24,17,57.0,30.5,12.2,18.3,CRITICAL,1,SYNTHETIC EMERGENCY V2X
EMG-EVT-002028,POL-02,POLICE,3.3,0.33,6,50.2,11.1,4.2,6.9,HIGH,1,SYNTHETIC EMERGENCY V2X
EMG-EVT-002029,FIRE-04,FIRE_TRUCK,11.8,0.8,23,23.3,58.0,15.2,42.8,CRITICAL,1,SYNTHETIC EMERGENCY V2X
EMG-EVT-002030,FIRE-10,FIRE_TRUCK,2.1,0.46,5,41.5,9.0,2.8,6.2,HIGH,1,SYNTHETIC EMERGENCY V2X
EMG-EVT-002031,AMB-02,AMBULANCE,2.1,0.53,4,36.7,8.2,2.7,5.5,CRITICAL,1,SYNTHETIC EMERGENCY V2X
EMG-EVT-002032,AMB-16,AMBULANCE,2.7,0.51,7,39.8,12.5,3.6,8.9,CRITICAL,1,SYNTHETIC EMERGENCY V2X
EMG-EVT-002033,AMB-10,AMBULANCE,8.1,0.35,14,46.5,27.3,10.2,17.1,CRITICAL,1,SYNTHETIC EMERGENCY V2X
EMG-EVT-002034,AMB-18,AMBULANCE,7.8,0.68,16,30.5,34.5,10.1,24.4,CRITICAL,1,SYNTHETIC EMERGENCY V2X
EMG-EVT-002035,AMB-12,AMBULANCE,7.3,0.88,13,15.9,43.1,9.3,33.8,CRITICAL,1,SYNTHETIC EMERGENCY V2X
EMG-EVT-002036,POL-08,POLICE,13.6,0.56,25,40.0,50.4,17.3,33.1,CRITICAL,1,SYNTHETIC EMERGENCY V2X
EMG-EVT-002037,FIRE-09,FIRE_TRUCK,12.8,0.28,25,52.4,44.7,16.5,28.2,CRITICAL,1,SYNTHETIC EMERGENCY V2X
EMG-EVT-002038,FIRE-05,FIRE_TRUCK,7.6,0.49,14,38.6,28.6,9.7,18.9,CRITICAL,1,SYNTHETIC EMERGENCY V2X
EMG-EVT-002039,AMB-03,AMBULANCE,1.7,0.27,4,56.7,6.6,2.3,4.3,CRITICAL,1,SYNTHETIC EMERGENCY V2X
EMG-EVT-002040,AMB-18,AMBULANCE,4.8,0.89,11,18.0,29.2,6.3,22.9,CRITICAL,1,SYNTHETIC EMERGENCY V2X
EMG-EVT-002041,AMB-06,AMBULANCE,4.5,0.57,11,33.4,21.3,6.0,15.3,CRITICAL,1,SYNTHETIC EMERGENCY V2X
EMG-EVT-002042,FIRE-03,FIRE_TRUCK,13.6,0.26,24,56.0,43.4,17.2,26.2,CRITICAL,1,SYNTHETIC EMERGENCY V2X
EMG-EVT-002043,AMB-14,AMBULANCE,15.7,0.36,29,52.8,52.6,20.0,32.6,CRITICAL,1,SYNTHETIC EMERGENCY V2X
EMG-EVT-002044,AMB-03,AMBULANCE,15.7,0.61,28,30.5,64.5,19.9,44.6,CRITICAL,1,SYNTHETIC EMERGENCY V2X
EMG-EVT-002045,FIRE-07,FIRE_TRUCK,12.6,0.8,25,28.2,56.8,16.2,40.6,CRITICAL,1,SYNTHETIC EMERGENCY V2X
EMG-EVT-002046,POL-03,POLICE,14.5,0.96,26,15.4,87.7,18.4,69.3,CRITICAL,1,SYNTHETIC EMERGENCY V2X
EMG-EVT-002047,AMB-08,AMBULANCE,15.5,0.95,28,17.5,86.7,19.7,67.0,CRITICAL,1,SYNTHETIC EMERGENCY V2X
EMG-EVT-002048,POL-04,POLICE,11.5,0.63,22,33.1,47.2,14.7,32.5,CRITICAL,1,SYNTHETIC EMERGENCY V2X
EMG-EVT-002049,AMB-06,AMBULANCE,5.9,0.76,10,25.2,26.0,7.4,18.6,CRITICAL,1,SYNTHETIC EMERGENCY V2X
EMG-EVT-002050,AMB-05,AMBULANCE,13.3,0.36,26,48.7,47.6,17.1,30.5,CRITICAL,1,SYNTHETIC EMERGENCY V2X
EMG-EVT-002051,POL-01,POLICE,13.9,0.41,28,47.7,51.1,18.0,33.1,CRITICAL,1,SYNTHETIC EMERGENCY V2X
EMG-EVT-002052,AMB-17,AMBULANCE,1.5,0.54,5,38.9,8.3,2.1,6.2,CRITICAL,1,SYNTHETIC EMERGENCY V2X
EMG-EVT-002053,POL-07,POLICE,15.4,0.26,27,59.0,48.1,19.5,28.6,CRITICAL,1,SYNTHETIC EMERGENCY V2X
EMG-EVT-002054,AMB-06,AMBULANCE,10.9,0.78,22,25.9,51.7,14.1,37.6,CRITICAL,1,SYNTHETIC EMERGENCY V2X
EMG-EVT-002055,AMB-04,AMBULANCE,11.9,0.86,24,18.8,66.8,15.4,51.4,CRITICAL,1,SYNTHETIC EMERGENCY V2X
EMG-EVT-002056,AMB-05,AMBULANCE,15.3,0.43,28,49.2,52.3,19.5,32.8,CRITICAL,1,SYNTHETIC EMERGENCY V2X
EMG-EVT-002057,AMB-14,AMBULANCE,15.8,0.49,30,38.3,60.8,20.2,40.6,CRITICAL,1,SYNTHETIC EMERGENCY V2X
EMG-EVT-002058,AMB-01,AMBULANCE,9.3,0.29,19,52.0,33.5,12.0,21.5,CRITICAL,1,SYNTHETIC EMERGENCY V2X
EMG-EVT-002059,FIRE-09,FIRE_TRUCK,5.7,0.47,10,40.9,20.4,7.2,13.2,CRITICAL,1,SYNTHETIC EMERGENCY V2X
EMG-EVT-002060,AMB-14,AMBULANCE,2.8,0.33,8,52.6,12.8,3.9,8.9,CRITICAL,1,SYNTHETIC EMERGENCY V2X
EMG-EVT-002061,FIRE-04,FIRE_TRUCK,3.0,0.48,7,43.2,12.6,4.0,8.6,CRITICAL,1,SYNTHETIC EMERGENCY V2X
EMG-EVT-002062,AMB-10,AMBULANCE,9.1,0.3,16,49.5,30.2,11.5,18.7,CRITICAL,1,SYNTHETIC EMERGENCY V2X
EMG-EVT-002063,AMB-05,AMBULANCE,14.6,0.23,27,60.1,47.0,18.6,28.4,CRITICAL,1,SYNTHETIC EMERGENCY V2X
EMG-EVT-002064,FIRE-03,FIRE_TRUCK,11.9,0.58,21,40.0,43.0,15.1,27.9,CRITICAL,1,SYNTHETIC EMERGENCY V2X
EMG-EVT-002065,AMB-13,AMBULANCE,4.4,0.79,9,22.2,22.7,5.7,17.0,CRITICAL,1,SYNTHETIC EMERGENCY V2X
EMG-EVT-002066,AMB-13,AMBULANCE,12.7,0.83,25,25.4,60.0,16.4,43.6,CRITICAL,1,SYNTHETIC EMERGENCY V2X
EMG-EVT-002067,AMB-03,AMBULANCE,15.6,0.75,31,28.8,69.7,20.1,49.6,CRITICAL,1,SYNTHETIC EMERGENCY V2X
EMG-EVT-002068,AMB-15,AMBULANCE,10.1,0.64,20,29.6,44.5,13.0,31.5,CRITICAL,1,SYNTHETIC EMERGENCY V2X
EMG-EVT-002069,AMB-14,AMBULANCE,15.1,0.82,28,22.8,73.3,19.3,54.0,CRITICAL,1,SYNTHETIC EMERGENCY V2X
EMG-EVT-002070,POL-06,POLICE,10.0,0.3,20,56.1,34.7,12.9,21.8,CRITICAL,1,SYNTHETIC EMERGENCY V2X
EMG-EVT-002071,AMB-16,AMBULANCE,15.6,0.66,31,35.0,63.9,20.1,43.8,CRITICAL,1,SYNTHETIC EMERGENCY V2X
EMG-EVT-002072,FIRE-08,FIRE_TRUCK,9.9,0.5,17,43.0,34.2,12.5,21.7,CRITICAL,1,SYNTHETIC EMERGENCY V2X
EMG-EVT-002073,AMB-04,AMBULANCE,9.3,0.62,17,31.7,38.0,11.8,26.2,CRITICAL,1,SYNTHETIC EMERGENCY V2X
EMG-EVT-002074,AMB-10,AMBULANCE,8.9,0.49,18,40.1,34.9,11.5,23.4,CRITICAL,1,SYNTHETIC EMERGENCY V2X
EMG-EVT-002075,AMB-04,AMBULANCE,14.9,0.93,26,12.7,101.6,18.9,82.7,CRITICAL,1,SYNTHETIC EMERGENCY V2X
EMG-EVT-002076,AMB-05,AMBULANCE,11.4,0.31,21,49.4,39.0,14.5,24.5,CRITICAL,1,SYNTHETIC EMERGENCY V2X
EMG-EVT-002077,AMB-07,AMBULANCE,9.5,0.79,17,21.3,47.2,12.1,35.1,CRITICAL,1,SYNTHETIC EMERGENCY V2X
EMG-EVT-002078,POL-09,POLICE,2.7,0.8,5,28.5,11.7,3.4,8.3,HIGH,1,SYNTHETIC EMERGENCY V2X
EMG-EVT-002079,AMB-04,AMBULANCE,6.1,0.27,11,50.9,20.4,7.8,12.6,CRITICAL,1,SYNTHETIC EMERGENCY V2X
EMG-EVT-002080,AMB-19,AMBULANCE,5.2,0.26,9,59.2,16.1,6.6,9.5,CRITICAL,1,SYNTHETIC EMERGENCY V2X
EMG-EVT-002081,POL-01,POLICE,10.5,0.92,19,14.1,67.5,13.4,54.1,CRITICAL,1,SYNTHETIC EMERGENCY V2X
EMG-EVT-002082,FIRE-01,FIRE_TRUCK,13.9,0.37,26,51.3,47.5,17.8,29.7,CRITICAL,1,SYNTHETIC EMERGENCY V2X
EMG-EVT-002083,FIRE-05,FIRE_TRUCK,3.7,0.38,7,53.9,12.5,4.7,7.8,CRITICAL,1,SYNTHETIC EMERGENCY V2X
EMG-EVT-002084,FIRE-08,FIRE_TRUCK,10.1,0.62,18,33.2,39.9,12.8,27.1,CRITICAL,1,SYNTHETIC EMERGENCY V2X
EMG-EVT-002085,AMB-09,AMBULANCE,7.2,0.75,15,25.7,34.8,9.4,25.4,CRITICAL,1,SYNTHETIC EMERGENCY V2X
EMG-EVT-002086,FIRE-06,FIRE_TRUCK,4.2,0.53,7,43.4,14.2,5.3,8.9,CRITICAL,1,SYNTHETIC EMERGENCY V2X
EMG-EVT-002087,FIRE-07,FIRE_TRUCK,14.9,0.25,26,52.6,48.2,18.9,29.3,CRITICAL,1,SYNTHETIC EMERGENCY V2X
EMG-EVT-002088,AMB-20,AMBULANCE,11.2,0.94,22,14.8,71.8,14.4,57.4,CRITICAL,1,SYNTHETIC EMERGENCY V2X
EMG-EVT-002089,POL-03,POLICE,6.3,0.4,11,49.7,20.8,8.0,12.8,CRITICAL,1,SYNTHETIC EMERGENCY V2X
EMG-EVT-002090,AMB-14,AMBULANCE,13.4,0.36,24,49.7,45.0,17.0,28.0,CRITICAL,1,SYNTHETIC EMERGENCY V2X
EMG-EVT-002091,POL-02,POLICE,5.7,0.76,13,28.3,27.7,7.5,20.2,CRITICAL,1,SYNTHETIC EMERGENCY V2X
EMG-EVT-002092,AMB-20,AMBULANCE,7.5,0.61,14,38.4,28.5,9.6,18.9,CRITICAL,1,SYNTHETIC EMERGENCY V2X
EMG-EVT-002093,FIRE-01,FIRE_TRUCK,12.2,0.71,23,26.1,55.6,15.6,40.0,CRITICAL,1,SYNTHETIC EMERGENCY V2X
EMG-EVT-002094,AMB-07,AMBULANCE,10.5,0.63,20,36.8,41.1,13.5,27.6,CRITICAL,1,SYNTHETIC EMERGENCY V2X
EMG-EVT-002095,FIRE-03,FIRE_TRUCK,13.8,0.33,26,51.7,47.2,17.7,29.5,CRITICAL,1,SYNTHETIC EMERGENCY V2X
EMG-EVT-002096,AMB-02,AMBULANCE,14.4,0.76,25,27.6,61.3,18.2,43.1,CRITICAL,1,SYNTHETIC EMERGENCY V2X
EMG-EVT-002097,POL-09,POLICE,2.7,0.94,7,10.6,23.7,3.6,20.1,CRITICAL,1,SYNTHETIC EMERGENCY V2X
EMG-EVT-002098,AMB-07,AMBULANCE,5.3,0.48,9,48.1,17.4,6.7,10.7,CRITICAL,1,SYNTHETIC EMERGENCY V2X
EMG-EVT-002099,FIRE-01,FIRE_TRUCK,2.4,0.52,6,41.0,10.7,3.2,7.5,HIGH,1,SYNTHETIC EMERGENCY V2X
EMG-EVT-002100,FIRE-04,FIRE_TRUCK,7.6,0.66,13,33.1,29.4,9.6,19.8,CRITICAL,1,SYNTHETIC EMERGENCY V2X
EMG-EVT-002101,FIRE-04,FIRE_TRUCK,14.8,0.49,28,44.3,53.6,18.9,34.7,CRITICAL,1,SYNTHETIC EMERGENCY V2X
EMG-EVT-002102,FIRE-04,FIRE_TRUCK,4.6,0.93,10,19.8,25.9,6.0,19.9,CRITICAL,1,SYNTHETIC EMERGENCY V2X
EMG-EVT-002103,AMB-03,AMBULANCE,7.0,0.93,13,12.4,49.5,8.9,40.6,CRITICAL,1,SYNTHETIC EMERGENCY V2X
EMG-EVT-002104,AMB-04,AMBULANCE,10.8,0.68,20,33.7,43.2,13.8,29.4,CRITICAL,1,SYNTHETIC EMERGENCY V2X
EMG-EVT-002105,FIRE-08,FIRE_TRUCK,4.2,0.41,8,47.3,14.9,5.4,9.5,CRITICAL,1,SYNTHETIC EMERGENCY V2X
EMG-EVT-002106,FIRE-10,FIRE_TRUCK,6.6,0.44,14,46.4,25.3,8.6,16.7,CRITICAL,1,SYNTHETIC EMERGENCY V2X
EMG-EVT-002107,AMB-18,AMBULANCE,1.8,0.28,6,58.9,9.0,2.6,6.4,CRITICAL,1,SYNTHETIC EMERGENCY V2X
EMG-EVT-002108,AMB-08,AMBULANCE,15.4,0.88,29,23.4,74.3,19.7,54.6,CRITICAL,1,SYNTHETIC EMERGENCY V2X
EMG-EVT-002109,AMB-16,AMBULANCE,5.6,0.97,11,18.5,31.4,7.2,24.2,CRITICAL,1,SYNTHETIC EMERGENCY V2X
EMG-EVT-002110,AMB-20,AMBULANCE,14.2,0.44,28,42.7,53.6,18.3,35.3,CRITICAL,1,SYNTHETIC EMERGENCY V2X
EMG-EVT-002111,AMB-02,AMBULANCE,11.5,0.75,21,26.2,51.5,14.6,36.9,CRITICAL,1,SYNTHETIC EMERGENCY V2X
EMG-EVT-002112,AMB-09,AMBULANCE,10.1,0.94,21,14.0,68.5,13.1,55.4,CRITICAL,1,SYNTHETIC EMERGENCY V2X
EMG-EVT-002113,AMB-19,AMBULANCE,11.2,0.67,23,32.1,48.5,14.5,34.0,CRITICAL,1,SYNTHETIC EMERGENCY V2X
EMG-EVT-002114,AMB-09,AMBULANCE,2.4,0.56,6,40.8,10.7,3.2,7.5,CRITICAL,1,SYNTHETIC EMERGENCY V2X
EMG-EVT-002115,AMB-13,AMBULANCE,3.8,0.92,7,18.5,20.7,4.8,15.9,CRITICAL,1,SYNTHETIC EMERGENCY V2X
EMG-EVT-002116,POL-10,POLICE,5.2,0.81,12,27.1,25.9,6.9,19.0,CRITICAL,1,SYNTHETIC EMERGENCY V2X
EMG-EVT-002117,AMB-06,AMBULANCE,14.1,0.44,25,49.8,47.0,17.9,29.1,CRITICAL,1,SYNTHETIC EMERGENCY V2X
EMG-EVT-002118,AMB-05,AMBULANCE,3.3,0.52,8,41.0,14.4,4.4,10.0,CRITICAL,1,SYNTHETIC EMERGENCY V2X
EMG-EVT-002119,AMB-17,AMBULANCE,2.2,0.31,6,56.9,9.5,3.0,6.5,CRITICAL,1,SYNTHETIC EMERGENCY V2X
EMG-EVT-002120,AMB-03,AMBULANCE,7.2,0.38,13,49.5,24.3,9.2,15.1,CRITICAL,1,SYNTHETIC EMERGENCY V2X
EMG-EVT-002121,AMB-15,AMBULANCE,12.2,0.79,22,26.7,53.8,15.5,38.3,CRITICAL,1,SYNTHETIC EMERGENCY V2X
EMG-EVT-002122,AMB-04,AMBULANCE,9.0,0.87,17,23.3,43.6,11.5,32.1,CRITICAL,1,SYNTHETIC EMERGENCY V2X
EMG-EVT-002123,AMB-03,AMBULANCE,9.8,0.87,17,18.6,52.0,12.4,39.6,CRITICAL,1,SYNTHETIC EMERGENCY V2X
EMG-EVT-002124,AMB-20,AMBULANCE,12.9,0.25,23,53.8,42.0,16.4,25.6,CRITICAL,1,SYNTHETIC EMERGENCY V2X
EMG-EVT-002125,FIRE-04,FIRE_TRUCK,7.3,0.56,13,34.5,28.3,9.3,19.0,CRITICAL,1,SYNTHETIC EMERGENCY V2X
EMG-EVT-002126,AMB-11,AMBULANCE,10.5,0.9,21,22.0,53.8,13.6,40.2,CRITICAL,1,SYNTHETIC EMERGENCY V2X
EMG-EVT-002127,AMB-07,AMBULANCE,9.5,0.48,19,45.3,35.4,12.3,23.1,CRITICAL,1,SYNTHETIC EMERGENCY V2X
EMG-EVT-002128,AMB-07,AMBULANCE,8.3,0.39,17,50.3,30.3,10.8,19.5,CRITICAL,1,SYNTHETIC EMERGENCY V2X
EMG-EVT-002129,AMB-20,AMBULANCE,1.7,0.33,6,54.2,9.1,2.5,6.6,CRITICAL,1,SYNTHETIC EMERGENCY V2X
EMG-EVT-002130,AMB-03,AMBULANCE,13.7,0.82,27,19.3,75.0,17.6,57.4,CRITICAL,1,SYNTHETIC EMERGENCY V2X
EMG-EVT-002131,AMB-19,AMBULANCE,8.3,0.97,16,16.3,49.8,10.7,39.1,CRITICAL,1,SYNTHETIC EMERGENCY V2X
EMG-EVT-002132,POL-02,POLICE,10.8,0.21,21,57.9,36.4,13.9,22.5,CRITICAL,1,SYNTHETIC EMERGENCY V2X
EMG-EVT-002133,AMB-17,AMBULANCE,3.1,0.72,7,33.3,14.0,4.1,9.9,CRITICAL,1,SYNTHETIC EMERGENCY V2X
EMG-EVT-002134,AMB-11,AMBULANCE,12.6,0.64,24,34.1,51.0,16.1,34.9,CRITICAL,1,SYNTHETIC EMERGENCY V2X
EMG-EVT-002135,FIRE-06,FIRE_TRUCK,10.7,0.82,19,24.5,49.0,13.6,35.4,CRITICAL,1,SYNTHETIC EMERGENCY V2X
EMG-EVT-002136,AMB-20,AMBULANCE,8.3,0.86,15,24.0,38.8,10.6,28.2,CRITICAL,1,SYNTHETIC EMERGENCY V2X
EMG-EVT-002137,FIRE-02,FIRE_TRUCK,15.6,0.26,29,60.1,50.4,19.9,30.5,CRITICAL,1,SYNTHETIC EMERGENCY V2X
EMG-EVT-002138,AMB-08,AMBULANCE,14.2,0.94,26,18.5,77.3,18.1,59.2,CRITICAL,1,SYNTHETIC EMERGENCY V2X
EMG-EVT-002139,AMB-06,AMBULANCE,14.9,0.4,29,46.9,53.9,19.2,34.7,CRITICAL,1,SYNTHETIC EMERGENCY V2X
EMG-EVT-002140,FIRE-10,FIRE_TRUCK,13.4,0.29,27,58.7,46.1,17.3,28.8,CRITICAL,1,SYNTHETIC EMERGENCY V2X
EMG-EVT-002141,FIRE-02,FIRE_TRUCK,3.6,0.27,8,51.6,13.8,4.7,9.1,CRITICAL,1,SYNTHETIC EMERGENCY V2X
EMG-EVT-002142,AMB-06,AMBULANCE,3.5,0.78,6,21.1,17.2,4.4,12.8,CRITICAL,1,SYNTHETIC EMERGENCY V2X
EMG-EVT-002143,AMB-02,AMBULANCE,12.0,0.82,23,27.5,53.8,15.4,38.4,CRITICAL,1,SYNTHETIC EMERGENCY V2X
EMG-EVT-002144,AMB-13,AMBULANCE,15.9,0.71,28,27.6,68.2,20.1,48.1,CRITICAL,1,SYNTHETIC EMERGENCY V2X
EMG-EVT-002145,AMB-16,AMBULANCE,13.0,0.48,24,45.9,45.8,16.6,29.2,CRITICAL,1,SYNTHETIC EMERGENCY V2X
EMG-EVT-002146,AMB-13,AMBULANCE,6.6,0.4,13,52.2,23.2,8.5,14.7,CRITICAL,1,SYNTHETIC EMERGENCY V2X
EMG-EVT-002147,AMB-11,AMBULANCE,8.8,0.86,16,24.1,41.1,11.2,29.9,CRITICAL,1,SYNTHETIC EMERGENCY V2X
EMG-EVT-002148,AMB-05,AMBULANCE,7.0,0.66,14,35.2,28.7,9.0,19.7,CRITICAL,1,SYNTHETIC EMERGENCY V2X
EMG-EVT-002149,AMB-16,AMBULANCE,5.1,0.95,9,12.3,35.7,6.5,29.2,CRITICAL,1,SYNTHETIC EMERGENCY V2X
EMG-EVT-002150,AMB-19,AMBULANCE,5.1,0.78,9,23.0,24.1,6.5,17.6,CRITICAL,1,SYNTHETIC EMERGENCY V2X
EMG-EVT-002151,AMB-14,AMBULANCE,15.7,0.84,29,23.8,74.4,20.0,54.4,CRITICAL,1,SYNTHETIC EMERGENCY V2X
EMG-EVT-002152,FIRE-01,FIRE_TRUCK,10.8,0.66,21,30.3,46.6,13.9,32.7,CRITICAL,1,SYNTHETIC EMERGENCY V2X
EMG-EVT-002153,AMB-05,AMBULANCE,14.5,0.75,28,31.5,61.2,18.6,42.6,CRITICAL,1,SYNTHETIC EMERGENCY V2X
EMG-EVT-002154,FIRE-04,FIRE_TRUCK,12.8,0.25,26,58.3,44.4,16.6,27.8,CRITICAL,1,SYNTHETIC EMERGENCY V2X
EMG-EVT-002155,POL-08,POLICE,6.2,0.4,13,46.3,23.6,8.1,15.5,CRITICAL,1,SYNTHETIC EMERGENCY V2X
EMG-EVT-002156,AMB-12,AMBULANCE,13.2,0.42,26,42.0,50.1,17.0,33.1,CRITICAL,1,SYNTHETIC EMERGENCY V2X
EMG-EVT-002157,AMB-15,AMBULANCE,7.8,0.37,17,53.7,29.1,10.2,18.9,CRITICAL,1,SYNTHETIC EMERGENCY V2X
EMG-EVT-002158,AMB-16,AMBULANCE,7.7,0.49,14,41.9,27.8,9.8,18.0,CRITICAL,1,SYNTHETIC EMERGENCY V2X
EMG-EVT-002159,AMB-19,AMBULANCE,2.8,0.68,6,30.2,12.8,3.7,9.1,CRITICAL,1,SYNTHETIC EMERGENCY V2X
EMG-EVT-002160,AMB-15,AMBULANCE,9.5,0.77,20,27.8,44.5,12.4,32.1,CRITICAL,1,SYNTHETIC EMERGENCY V2X
EMG-EVT-002161,AMB-17,AMBULANCE,10.5,0.53,20,38.8,40.2,13.5,26.7,CRITICAL,1,SYNTHETIC EMERGENCY V2X
EMG-EVT-002162,POL-08,POLICE,2.4,0.83,7,18.1,16.4,3.3,13.1,CRITICAL,1,SYNTHETIC EMERGENCY V2X
EMG-EVT-002163,AMB-05,AMBULANCE,10.0,0.67,18,27.8,43.2,12.7,30.5,CRITICAL,1,SYNTHETIC EMERGENCY V2X
EMG-EVT-002164,AMB-11,AMBULANCE,10.6,0.65,22,31.9,46.3,13.8,32.5,CRITICAL,1,SYNTHETIC EMERGENCY V2X
EMG-EVT-002165,AMB-05,AMBULANCE,10.2,0.47,18,47.4,34.5,12.9,21.6,CRITICAL,1,SYNTHETIC EMERGENCY V2X
EMG-EVT-002166,AMB-04,AMBULANCE,13.2,0.42,26,42.2,50.0,17.0,33.0,CRITICAL,1,SYNTHETIC EMERGENCY V2X
EMG-EVT-002167,AMB-17,AMBULANCE,5.3,0.48,11,41.9,20.8,6.9,13.9,CRITICAL,1,SYNTHETIC EMERGENCY V2X
EMG-EVT-002168,AMB-01,AMBULANCE,10.4,0.94,19,15.8,62.3,13.2,49.1,CRITICAL,1,SYNTHETIC EMERGENCY V2X
EMG-EVT-002169,AMB-01,AMBULANCE,10.0,0.74,18,25.8,44.9,12.7,32.2,CRITICAL,1,SYNTHETIC EMERGENCY V2X
EMG-EVT-002170,AMB-07,AMBULANCE,14.0,0.37,27,49.5,49.4,18.0,31.4,CRITICAL,1,SYNTHETIC EMERGENCY V2X
EMG-EVT-002171,AMB-18,AMBULANCE,12.9,0.25,23,56.4,41.3,16.4,24.9,CRITICAL,1,SYNTHETIC EMERGENCY V2X
EMG-EVT-002172,AMB-10,AMBULANCE,14.7,0.81,28,19.6,78.6,18.8,59.8,CRITICAL,1,SYNTHETIC EMERGENCY V2X
EMG-EVT-002173,AMB-17,AMBULANCE,6.5,0.86,14,23.9,33.1,8.5,24.6,CRITICAL,1,SYNTHETIC EMERGENCY V2X
EMG-EVT-002174,AMB-11,AMBULANCE,4.4,0.91,7,12.4,29.7,5.5,24.2,CRITICAL,1,SYNTHETIC EMERGENCY V2X
EMG-EVT-002175,AMB-15,AMBULANCE,13.3,0.58,25,35.7,52.4,17.0,35.4,CRITICAL,1,SYNTHETIC EMERGENCY V2X
EMG-EVT-002176,FIRE-04,FIRE_TRUCK,12.7,0.24,23,59.1,40.5,16.2,24.3,CRITICAL,1,SYNTHETIC EMERGENCY V2X
EMG-EVT-002177,FIRE-10,FIRE_TRUCK,15.4,0.68,27,28.2,65.2,19.5,45.7,CRITICAL,1,SYNTHETIC EMERGENCY V2X
EMG-EVT-002178,AMB-11,AMBULANCE,9.2,0.74,18,30.3,39.8,11.8,28.0,CRITICAL,1,SYNTHETIC EMERGENCY V2X
EMG-EVT-002179,AMB-14,AMBULANCE,12.6,0.3,22,49.9,41.6,15.9,25.7,CRITICAL,1,SYNTHETIC EMERGENCY V2X
EMG-EVT-002180,AMB-07,AMBULANCE,15.5,0.32,27,52.2,50.2,19.6,30.6,CRITICAL,1,SYNTHETIC EMERGENCY V2X
EMG-EVT-002181,FIRE-06,FIRE_TRUCK,12.7,0.52,23,45.7,44.3,16.2,28.1,CRITICAL,1,SYNTHETIC EMERGENCY V2X
EMG-EVT-002182,FIRE-02,FIRE_TRUCK,4.4,0.85,10,23.2,23.4,5.8,17.6,CRITICAL,1,SYNTHETIC EMERGENCY V2X
EMG-EVT-002183,AMB-02,AMBULANCE,6.3,0.23,13,55.4,22.4,8.2,14.2,CRITICAL,1,SYNTHETIC EMERGENCY V2X
EMG-EVT-002184,AMB-16,AMBULANCE,8.5,0.65,16,30.1,36.1,10.9,25.2,CRITICAL,1,SYNTHETIC EMERGENCY V2X
EMG-EVT-002185,AMB-17,AMBULANCE,6.9,0.78,15,28.7,32.4,9.0,23.4,CRITICAL,1,SYNTHETIC EMERGENCY V2X
EMG-EVT-002186,FIRE-07,FIRE_TRUCK,6.2,0.52,12,41.6,23.3,8.0,15.3,CRITICAL,1,SYNTHETIC EMERGENCY V2X
EMG-EVT-002187,POL-10,POLICE,4.6,0.78,10,22.2,24.4,6.0,18.4,CRITICAL,1,SYNTHETIC EMERGENCY V2X
EMG-EVT-002188,AMB-17,AMBULANCE,6.4,0.96,12,17.9,35.9,8.2,27.7,CRITICAL,1,SYNTHETIC EMERGENCY V2X
EMG-EVT-002189,AMB-18,AMBULANCE,3.2,0.32,8,51.6,13.3,4.3,9.0,CRITICAL,1,SYNTHETIC EMERGENCY V2X
EMG-EVT-002190,AMB-11,AMBULANCE,7.9,0.22,17,58.5,28.5,10.3,18.2,CRITICAL,1,SYNTHETIC EMERGENCY V2X
EMG-EVT-002191,AMB-09,AMBULANCE,14.8,0.61,29,32.3,62.3,19.0,43.3,CRITICAL,1,SYNTHETIC EMERGENCY V2X
EMG-EVT-002192,AMB-18,AMBULANCE,13.3,0.4,26,49.4,47.4,17.1,30.3,CRITICAL,1,SYNTHETIC EMERGENCY V2X
EMG-EVT-002193,AMB-19,AMBULANCE,5.5,0.64,11,30.2,24.1,7.1,17.0,CRITICAL,1,SYNTHETIC EMERGENCY V2X
EMG-EVT-002194,FIRE-02,FIRE_TRUCK,12.5,0.84,24,21.4,63.8,16.0,47.8,CRITICAL,1,SYNTHETIC EMERGENCY V2X
EMG-EVT-002195,POL-01,POLICE,14.3,0.82,27,19.8,75.7,18.3,57.4,CRITICAL,1,SYNTHETIC EMERGENCY V2X
EMG-EVT-002196,POL-04,POLICE,14.7,0.53,26,36.7,55.2,18.6,36.6,CRITICAL,1,SYNTHETIC EMERGENCY V2X
EMG-EVT-002197,AMB-09,AMBULANCE,14.4,0.78,28,25.5,67.5,18.5,49.0,CRITICAL,1,SYNTHETIC EMERGENCY V2X
EMG-EVT-002198,AMB-17,AMBULANCE,11.5,0.37,21,45.5,40.4,14.6,25.8,CRITICAL,1,SYNTHETIC EMERGENCY V2X
EMG-EVT-002199,POL-02,POLICE,3.5,0.45,7,46.6,12.9,4.5,8.4,CRITICAL,1,SYNTHETIC EMERGENCY V2X
EMG-EVT-002200,AMB-20,AMBULANCE,13.2,0.24,23,53.9,42.3,16.7,25.6,CRITICAL,1,SYNTHETIC EMERGENCY V2X
EMG-EVT-002201,POL-05,POLICE,4.0,0.67,8,27.9,18.2,5.2,13.0,CRITICAL,1,SYNTHETIC EMERGENCY V2X
EMG-EVT-002202,FIRE-01,FIRE_TRUCK,7.4,0.69,15,25.7,35.3,9.6,25.7,CRITICAL,1,SYNTHETIC EMERGENCY V2X
EMG-EVT-002203,AMB-09,AMBULANCE,13.6,0.42,26,51.0,47.2,17.4,29.8,CRITICAL,1,SYNTHETIC EMERGENCY V2X
EMG-EVT-002204,AMB-20,AMBULANCE,10.2,0.96,20,15.5,63.5,13.1,50.4,CRITICAL,1,SYNTHETIC EMERGENCY V2X
EMG-EVT-002205,AMB-02,AMBULANCE,8.8,0.26,17,56.5,29.7,11.3,18.4,CRITICAL,1,SYNTHETIC EMERGENCY V2X
EMG-EVT-002206,AMB-09,AMBULANCE,13.3,0.83,24,21.2,66.4,16.9,49.5,CRITICAL,1,SYNTHETIC EMERGENCY V2X
EMG-EVT-002207,POL-08,POLICE,8.0,0.7,17,35.0,34.1,10.4,23.7,CRITICAL,1,SYNTHETIC EMERGENCY V2X
EMG-EVT-002208,FIRE-05,FIRE_TRUCK,13.7,0.48,24,44.4,47.3,17.3,30.0,CRITICAL,1,SYNTHETIC EMERGENCY V2X
EMG-EVT-002209,AMB-11,AMBULANCE,13.0,0.87,24,19.2,69.4,16.6,52.8,CRITICAL,1,SYNTHETIC EMERGENCY V2X
EMG-EVT-002210,AMB-08,AMBULANCE,8.1,0.61,15,35.0,31.9,10.3,21.6,CRITICAL,1,SYNTHETIC EMERGENCY V2X
EMG-EVT-002211,AMB-04,AMBULANCE,10.4,0.48,21,46.3,38.7,13.4,25.3,CRITICAL,1,SYNTHETIC EMERGENCY V2X
EMG-EVT-002212,FIRE-01,FIRE_TRUCK,2.3,0.5,6,39.0,10.7,3.1,7.6,HIGH,1,SYNTHETIC EMERGENCY V2X
EMG-EVT-002213,FIRE-07,FIRE_TRUCK,13.3,0.56,24,41.7,47.9,16.9,31.0,CRITICAL,1,SYNTHETIC EMERGENCY V2X
EMG-EVT-002214,AMB-12,AMBULANCE,14.9,0.74,29,24.0,72.0,19.2,52.8,CRITICAL,1,SYNTHETIC EMERGENCY V2X
EMG-EVT-002215,FIRE-03,FIRE_TRUCK,14.8,0.49,26,42.9,51.9,18.7,33.2,CRITICAL,1,SYNTHETIC EMERGENCY V2X
EMG-EVT-002216,FIRE-03,FIRE_TRUCK,12.2,0.63,21,35.8,45.6,15.4,30.2,CRITICAL,1,SYNTHETIC EMERGENCY V2X
EMG-EVT-002217,AMB-08,AMBULANCE,1.6,0.41,2,42.9,4.6,2.0,2.6,CRITICAL,0,SYNTHETIC EMERGENCY V2X
EMG-EVT-002218,POL-04,POLICE,7.9,0.52,15,38.3,30.4,10.1,20.3,CRITICAL,1,SYNTHETIC EMERGENCY V2X
EMG-EVT-002219,AMB-11,AMBULANCE,14.5,0.28,29,54.2,50.9,18.7,32.2,CRITICAL,1,SYNTHETIC EMERGENCY V2X
EMG-EVT-002220,AMB-17,AMBULANCE,15.7,0.67,28,30.5,64.5,19.9,44.6,CRITICAL,1,SYNTHETIC EMERGENCY V2X
EMG-EVT-002221,AMB-12,AMBULANCE,15.8,0.66,29,33.9,62.8,20.1,42.7,CRITICAL,1,SYNTHETIC EMERGENCY V2X
EMG-EVT-002222,AMB-10,AMBULANCE,9.3,0.21,18,58.0,31.2,11.9,19.3,CRITICAL,1,SYNTHETIC EMERGENCY V2X
EMG-EVT-002223,AMB-11,AMBULANCE,12.3,0.82,23,17.9,68.8,15.7,53.1,CRITICAL,1,SYNTHETIC EMERGENCY V2X
EMG-EVT-002224,FIRE-04,FIRE_TRUCK,3.0,0.46,8,40.1,14.1,4.1,10.0,CRITICAL,1,SYNTHETIC EMERGENCY V2X
EMG-EVT-002225,POL-03,POLICE,9.1,0.26,18,53.9,31.7,11.7,20.0,CRITICAL,1,SYNTHETIC EMERGENCY V2X
EMG-EVT-002226,AMB-05,AMBULANCE,11.5,0.56,20,35.4,43.5,14.5,29.0,CRITICAL,1,SYNTHETIC EMERGENCY V2X
EMG-EVT-002227,AMB-09,AMBULANCE,9.9,0.49,19,42.4,36.8,12.7,24.1,CRITICAL,1,SYNTHETIC EMERGENCY V2X
EMG-EVT-002228,AMB-12,AMBULANCE,12.2,0.81,21,22.0,58.5,15.4,43.1,CRITICAL,1,SYNTHETIC EMERGENCY V2X
EMG-EVT-002229,AMB-11,AMBULANCE,5.6,0.79,10,29.1,23.5,7.1,16.4,CRITICAL,1,SYNTHETIC EMERGENCY V2X
EMG-EVT-002230,AMB-12,AMBULANCE,14.7,0.71,29,25.7,69.1,18.9,50.2,CRITICAL,1,SYNTHETIC EMERGENCY V2X
EMG-EVT-002231,AMB-09,AMBULANCE,10.2,0.54,19,39.6,38.3,13.0,25.3,CRITICAL,1,SYNTHETIC EMERGENCY V2X
EMG-EVT-002232,AMB-10,AMBULANCE,11.5,0.63,21,34.2,45.4,14.6,30.8,CRITICAL,1,SYNTHETIC EMERGENCY V2X
EMG-EVT-002233,AMB-11,AMBULANCE,3.0,0.95,8,16.1,20.8,4.1,16.7,CRITICAL,1,SYNTHETIC EMERGENCY V2X
EMG-EVT-002234,POL-08,POLICE,13.2,0.92,23,15.4,79.0,16.7,62.3,CRITICAL,1,SYNTHETIC EMERGENCY V2X
EMG-EVT-002235,AMB-15,AMBULANCE,4.1,0.49,10,44.9,17.5,5.5,12.0,CRITICAL,1,SYNTHETIC EMERGENCY V2X
EMG-EVT-002236,AMB-06,AMBULANCE,8.8,0.37,16,48.3,30.1,11.2,18.9,CRITICAL,1,SYNTHETIC EMERGENCY V2X
EMG-EVT-002237,AMB-07,AMBULANCE,1.6,0.26,3,57.5,5.3,2.0,3.3,CRITICAL,1,SYNTHETIC EMERGENCY V2X
EMG-EVT-002238,AMB-10,AMBULANCE,14.0,0.84,28,20.0,75.6,18.1,57.5,CRITICAL,1,SYNTHETIC EMERGENCY V2X
EMG-EVT-002239,AMB-20,AMBULANCE,9.5,0.76,17,26.6,41.8,12.1,29.7,CRITICAL,1,SYNTHETIC EMERGENCY V2X
EMG-EVT-002240,AMB-06,AMBULANCE,2.1,0.33,4,51.7,7.2,2.7,4.5,CRITICAL,1,SYNTHETIC EMERGENCY V2X
EMG-EVT-002241,FIRE-01,FIRE_TRUCK,13.5,0.59,26,34.7,54.5,17.3,37.2,CRITICAL,1,SYNTHETIC EMERGENCY V2X
EMG-EVT-002242,AMB-16,AMBULANCE,15.9,0.74,31,29.1,70.0,20.4,49.6,CRITICAL,1,SYNTHETIC EMERGENCY V2X
EMG-EVT-002243,AMB-09,AMBULANCE,1.7,0.59,4,34.2,7.8,2.3,5.5,CRITICAL,1,SYNTHETIC EMERGENCY V2X
EMG-EVT-002244,AMB-15,AMBULANCE,5.1,0.26,12,60.8,19.4,6.8,12.6,CRITICAL,1,SYNTHETIC EMERGENCY V2X
EMG-EVT-002245,AMB-18,AMBULANCE,8.6,0.83,18,23.5,43.6,11.2,32.4,CRITICAL,1,SYNTHETIC EMERGENCY V2X
EMG-EVT-002246,AMB-19,AMBULANCE,2.8,0.39,6,52.3,10.4,3.7,6.7,CRITICAL,1,SYNTHETIC EMERGENCY V2X
EMG-EVT-002247,POL-10,POLICE,11.8,0.33,22,53.1,39.7,15.1,24.6,CRITICAL,1,SYNTHETIC EMERGENCY V2X
EMG-EVT-002248,FIRE-02,FIRE_TRUCK,16.0,0.77,29,21.9,78.6,20.4,58.2,CRITICAL,1,SYNTHETIC EMERGENCY V2X
EMG-EVT-002249,AMB-17,AMBULANCE,3.8,0.25,7,57.0,12.4,4.8,7.6,CRITICAL,1,SYNTHETIC EMERGENCY V2X
EMG-EVT-002250,FIRE-05,FIRE_TRUCK,10.8,0.48,22,47.4,40.1,14.0,26.1,CRITICAL,1,SYNTHETIC EMERGENCY V2X
EMG-EVT-002251,FIRE-06,FIRE_TRUCK,5.4,0.83,10,25.4,24.8,6.9,17.9,CRITICAL,1,SYNTHETIC EMERGENCY V2X
EMG-EVT-002252,AMB-09,AMBULANCE,11.5,0.2,23,59.0,39.3,14.8,24.5,CRITICAL,1,SYNTHETIC EMERGENCY V2X
EMG-EVT-002253,AMB-17,AMBULANCE,10.6,0.46,20,40.5,39.7,13.6,26.1,CRITICAL,1,SYNTHETIC EMERGENCY V2X
EMG-EVT-002254,AMB-01,AMBULANCE,13.6,0.47,25,38.9,51.0,17.3,33.7,CRITICAL,1,SYNTHETIC EMERGENCY V2X
EMG-EVT-002255,AMB-09,AMBULANCE,5.9,0.48,13,41.3,24.2,7.7,16.5,CRITICAL,1,SYNTHETIC EMERGENCY V2X
EMG-EVT-002256,POL-05,POLICE,12.3,0.7,25,34.2,51.6,15.9,35.7,CRITICAL,1,SYNTHETIC EMERGENCY V2X
EMG-EVT-002257,AMB-02,AMBULANCE,10.9,0.51,21,39.2,41.9,14.0,27.9,CRITICAL,1,SYNTHETIC EMERGENCY V2X
EMG-EVT-002258,POL-08,POLICE,2.8,0.53,8,42.4,13.6,3.9,9.7,CRITICAL,1,SYNTHETIC EMERGENCY V2X
EMG-EVT-002259,AMB-01,AMBULANCE,8.6,0.38,15,53.2,27.7,10.9,16.8,CRITICAL,1,SYNTHETIC EMERGENCY V2X
EMG-EVT-002260,AMB-04,AMBULANCE,4.0,0.64,8,33.9,16.7,5.2,11.5,CRITICAL,1,SYNTHETIC EMERGENCY V2X
EMG-EVT-002261,FIRE-08,FIRE_TRUCK,15.4,0.41,29,46.0,54.9,19.7,35.2,CRITICAL,1,SYNTHETIC EMERGENCY V2X
EMG-EVT-002262,AMB-16,AMBULANCE,4.3,0.48,10,39.5,18.5,5.7,12.8,CRITICAL,1,SYNTHETIC EMERGENCY V2X
EMG-EVT-002263,AMB-18,AMBULANCE,4.7,0.74,8,32.1,18.4,5.9,12.5,CRITICAL,1,SYNTHETIC EMERGENCY V2X
EMG-EVT-002264,POL-04,POLICE,2.6,0.47,4,46.9,8.1,3.2,4.9,HIGH,1,SYNTHETIC EMERGENCY V2X
EMG-EVT-002265,POL-05,POLICE,8.2,0.86,17,15.8,51.5,10.6,40.9,CRITICAL,1,SYNTHETIC EMERGENCY V2X
EMG-EVT-002266,POL-10,POLICE,2.2,0.33,4,52.2,7.3,2.8,4.5,HIGH,1,SYNTHETIC EMERGENCY V2X
EMG-EVT-002267,FIRE-10,FIRE_TRUCK,10.3,0.36,19,49.9,35.2,13.1,22.1,CRITICAL,1,SYNTHETIC EMERGENCY V2X
EMG-EVT-002268,AMB-07,AMBULANCE,4.5,0.59,9,32.9,19.0,5.8,13.2,CRITICAL,1,SYNTHETIC EMERGENCY V2X
EMG-EVT-002269,AMB-02,AMBULANCE,4.8,0.45,9,44.2,17.3,6.1,11.2,CRITICAL,1,SYNTHETIC EMERGENCY V2X
EMG-EVT-002270,AMB-13,AMBULANCE,9.2,0.96,18,10.0,76.8,11.8,65.0,CRITICAL,1,SYNTHETIC EMERGENCY V2X
EMG-EVT-002271,AMB-19,AMBULANCE,12.7,0.85,22,19.3,65.9,16.1,49.8,CRITICAL,1,SYNTHETIC EMERGENCY V2X
EMG-EVT-002272,FIRE-02,FIRE_TRUCK,15.0,0.53,29,40.5,57.0,19.3,37.7,CRITICAL,1,SYNTHETIC EMERGENCY V2X
EMG-EVT-002273,FIRE-02,FIRE_TRUCK,3.9,0.61,7,38.3,14.5,5.0,9.5,CRITICAL,1,SYNTHETIC EMERGENCY V2X
EMG-EVT-002274,AMB-09,AMBULANCE,13.3,0.48,25,39.9,50.0,17.0,33.0,CRITICAL,1,SYNTHETIC EMERGENCY V2X
EMG-EVT-002275,AMB-08,AMBULANCE,10.3,0.64,21,37.7,41.6,13.3,28.3,CRITICAL,1,SYNTHETIC EMERGENCY V2X
EMG-EVT-002276,AMB-20,AMBULANCE,10.1,0.74,19,26.1,46.0,12.9,33.1,CRITICAL,1,SYNTHETIC EMERGENCY V2X
EMG-EVT-002277,AMB-06,AMBULANCE,5.7,0.73,13,25.7,28.9,7.5,21.4,CRITICAL,1,SYNTHETIC EMERGENCY V2X
EMG-EVT-002278,AMB-16,AMBULANCE,2.8,0.81,7,27.8,14.4,3.8,10.6,CRITICAL,1,SYNTHETIC EMERGENCY V2X
EMG-EVT-002279,AMB-09,AMBULANCE,2.6,0.68,7,33.5,13.1,3.5,9.6,CRITICAL,1,SYNTHETIC EMERGENCY V2X
EMG-EVT-002280,POL-02,POLICE,2.4,0.3,6,56.8,9.7,3.2,6.5,HIGH,1,SYNTHETIC EMERGENCY V2X
EMG-EVT-002281,FIRE-07,FIRE_TRUCK,9.8,0.75,18,28.7,42.1,12.5,29.6,CRITICAL,1,SYNTHETIC EMERGENCY V2X
EMG-EVT-002282,AMB-02,AMBULANCE,2.3,0.49,6,39.6,10.7,3.1,7.6,CRITICAL,1,SYNTHETIC EMERGENCY V2X
EMG-EVT-002283,AMB-02,AMBULANCE,5.0,0.23,10,59.1,17.1,6.5,10.6,CRITICAL,1,SYNTHETIC EMERGENCY V2X
EMG-EVT-002284,AMB-01,AMBULANCE,4.3,0.52,9,42.1,16.9,5.6,11.3,CRITICAL,1,SYNTHETIC EMERGENCY V2X
EMG-EVT-002285,AMB-05,AMBULANCE,6.0,0.89,10,17.5,32.6,7.5,25.1,CRITICAL,1,SYNTHETIC EMERGENCY V2X
EMG-EVT-002286,AMB-19,AMBULANCE,3.3,0.33,5,53.9,9.7,4.1,5.6,CRITICAL,1,SYNTHETIC EMERGENCY V2X
EMG-EVT-002287,AMB-10,AMBULANCE,6.2,0.56,12,41.9,23.3,8.0,15.3,CRITICAL,1,SYNTHETIC EMERGENCY V2X
EMG-EVT-002288,AMB-10,AMBULANCE,11.7,0.86,21,25.1,53.2,14.9,38.3,CRITICAL,1,SYNTHETIC EMERGENCY V2X
EMG-EVT-002289,FIRE-02,FIRE_TRUCK,6.6,0.45,12,42.4,23.7,8.4,15.3,CRITICAL,1,SYNTHETIC EMERGENCY V2X
EMG-EVT-002290,AMB-06,AMBULANCE,8.5,0.58,17,34.7,35.1,11.0,24.1,CRITICAL,1,SYNTHETIC EMERGENCY V2X
EMG-EVT-002291,AMB-01,AMBULANCE,13.7,0.72,27,30.4,59.4,17.6,41.8,CRITICAL,1,SYNTHETIC EMERGENCY V2X
EMG-EVT-002292,AMB-18,AMBULANCE,14.9,0.61,29,36.1,59.6,19.2,40.4,CRITICAL,1,SYNTHETIC EMERGENCY V2X
EMG-EVT-002293,AMB-15,AMBULANCE,7.5,0.63,14,32.0,30.9,9.6,21.3,CRITICAL,1,SYNTHETIC EMERGENCY V2X
EMG-EVT-002294,AMB-20,AMBULANCE,5.8,0.73,12,32.8,25.0,7.5,17.5,CRITICAL,1,SYNTHETIC EMERGENCY V2X
EMG-EVT-002295,POL-01,POLICE,13.2,0.64,24,33.2,52.7,16.8,35.9,CRITICAL,1,SYNTHETIC EMERGENCY V2X
EMG-EVT-002296,AMB-10,AMBULANCE,9.0,0.82,17,23.0,43.9,11.5,32.4,CRITICAL,1,SYNTHETIC EMERGENCY V2X
EMG-EVT-002297,AMB-16,AMBULANCE,8.0,0.28,14,55.9,25.4,10.1,15.3,CRITICAL,1,SYNTHETIC EMERGENCY V2X
EMG-EVT-002298,POL-07,POLICE,14.8,0.73,29,32.0,62.5,19.0,43.5,CRITICAL,1,SYNTHETIC EMERGENCY V2X
EMG-EVT-002299,AMB-08,AMBULANCE,14.5,0.27,28,53.2,50.0,18.6,31.4,CRITICAL,1,SYNTHETIC EMERGENCY V2X
EMG-EVT-002300,AMB-03,AMBULANCE,8.2,0.89,15,19.5,43.2,10.4,32.8,CRITICAL,1,SYNTHETIC EMERGENCY V2X
EMG-EVT-002301,AMB-06,AMBULANCE,14.2,0.36,26,55.2,46.6,18.1,28.5,CRITICAL,1,SYNTHETIC EMERGENCY V2X
EMG-EVT-002302,AMB-02,AMBULANCE,4.0,0.65,8,37.0,16.1,5.2,10.9,CRITICAL,1,SYNTHETIC EMERGENCY V2X
EMG-EVT-002303,AMB-08,AMBULANCE,8.7,0.66,15,33.8,33.4,11.0,22.4,CRITICAL,1,SYNTHETIC EMERGENCY V2X
EMG-EVT-002304,AMB-09,AMBULANCE,1.7,0.92,3,13.2,11.3,2.2,9.1,CRITICAL,1,SYNTHETIC EMERGENCY V2X
EMG-EVT-002305,FIRE-06,FIRE_TRUCK,5.4,0.39,9,53.6,16.8,6.8,10.0,CRITICAL,1,SYNTHETIC EMERGENCY V2X
EMG-EVT-002306,AMB-14,AMBULANCE,10.8,0.57,22,39.8,42.7,14.0,28.7,CRITICAL,1,SYNTHETIC EMERGENCY V2X
EMG-EVT-002307,AMB-05,AMBULANCE,13.5,0.62,26,37.8,52.6,17.3,35.3,CRITICAL,1,SYNTHETIC EMERGENCY V2X
EMG-EVT-002308,AMB-07,AMBULANCE,7.7,0.48,13,40.6,27.0,9.7,17.3,CRITICAL,1,SYNTHETIC EMERGENCY V2X
EMG-EVT-002309,AMB-01,AMBULANCE,6.8,0.92,12,13.8,44.0,8.6,35.4,CRITICAL,1,SYNTHETIC EMERGENCY V2X
EMG-EVT-002310,AMB-07,AMBULANCE,2.6,0.52,6,43.5,10.8,3.4,7.4,CRITICAL,1,SYNTHETIC EMERGENCY V2X
EMG-EVT-002311,AMB-18,AMBULANCE,13.4,0.26,26,56.2,45.5,17.2,28.3,CRITICAL,1,SYNTHETIC EMERGENCY V2X
EMG-EVT-002312,AMB-15,AMBULANCE,15.1,0.74,30,27.9,68.5,19.5,49.0,CRITICAL,1,SYNTHETIC EMERGENCY V2X
EMG-EVT-002313,FIRE-08,FIRE_TRUCK,14.9,0.65,26,31.1,59.9,18.9,41.0,CRITICAL,1,SYNTHETIC EMERGENCY V2X
EMG-EVT-002314,FIRE-09,FIRE_TRUCK,4.3,0.94,8,15.0,26.8,5.5,21.3,CRITICAL,1,SYNTHETIC EMERGENCY V2X
EMG-EVT-002315,AMB-09,AMBULANCE,11.4,0.84,20,23.5,53.1,14.4,38.7,CRITICAL,1,SYNTHETIC EMERGENCY V2X
EMG-EVT-002316,AMB-02,AMBULANCE,10.8,0.58,22,40.8,42.3,14.0,28.3,CRITICAL,1,SYNTHETIC EMERGENCY V2X
EMG-EVT-002317,POL-10,POLICE,1.8,0.34,5,52.0,8.1,2.5,5.6,HIGH,1,SYNTHETIC EMERGENCY V2X
EMG-EVT-002318,POL-09,POLICE,5.5,0.53,12,38.8,22.9,7.2,15.7,CRITICAL,1,SYNTHETIC EMERGENCY V2X
EMG-EVT-002319,AMB-06,AMBULANCE,11.4,0.83,22,24.3,54.5,14.6,39.9,CRITICAL,1,SYNTHETIC EMERGENCY V2X
EMG-EVT-002320,FIRE-06,FIRE_TRUCK,10.5,0.35,19,47.3,36.1,13.4,22.7,CRITICAL,1,SYNTHETIC EMERGENCY V2X
EMG-EVT-002321,AMB-10,AMBULANCE,4.6,0.3,10,58.8,16.7,6.0,10.7,CRITICAL,1,SYNTHETIC EMERGENCY V2X
EMG-EVT-002322,AMB-01,AMBULANCE,6.2,0.47,11,46.9,21.1,7.9,13.2,CRITICAL,1,SYNTHETIC EMERGENCY V2X
EMG-EVT-002323,AMB-04,AMBULANCE,11.7,0.29,24,55.6,41.4,15.2,26.2,CRITICAL,1,SYNTHETIC EMERGENCY V2X
EMG-EVT-002324,AMB-20,AMBULANCE,14.5,0.27,26,57.9,46.2,18.4,27.8,CRITICAL,1,SYNTHETIC EMERGENCY V2X
EMG-EVT-002325,POL-08,POLICE,11.4,0.31,23,54.5,40.2,14.7,25.5,CRITICAL,1,SYNTHETIC EMERGENCY V2X
EMG-EVT-002326,AMB-16,AMBULANCE,15.3,0.96,27,17.1,86.1,19.4,66.7,CRITICAL,1,SYNTHETIC EMERGENCY V2X
EMG-EVT-002327,AMB-10,AMBULANCE,3.6,0.66,7,33.4,14.9,4.6,10.3,CRITICAL,1,SYNTHETIC EMERGENCY V2X
EMG-EVT-002328,FIRE-02,FIRE_TRUCK,15.8,0.24,28,55.8,50.6,20.0,30.6,CRITICAL,1,SYNTHETIC EMERGENCY V2X
EMG-EVT-002329,POL-10,POLICE,4.1,0.97,7,14.7,25.1,5.2,19.9,CRITICAL,1,SYNTHETIC EMERGENCY V2X
EMG-EVT-002330,AMB-12,AMBULANCE,6.3,0.82,12,19.0,34.3,8.1,26.2,CRITICAL,1,SYNTHETIC EMERGENCY V2X
EMG-EVT-002331,FIRE-06,FIRE_TRUCK,11.3,0.22,20,61.6,35.0,14.3,20.7,CRITICAL,1,SYNTHETIC EMERGENCY V2X
EMG-EVT-002332,AMB-09,AMBULANCE,7.8,0.68,15,27.9,34.8,10.0,24.8,CRITICAL,1,SYNTHETIC EMERGENCY V2X
EMG-EVT-002333,FIRE-02,FIRE_TRUCK,11.7,0.58,22,39.3,44.3,15.0,29.3,CRITICAL,1,SYNTHETIC EMERGENCY V2X
EMG-EVT-002334,POL-10,POLICE,5.9,0.6,12,33.6,24.9,7.6,17.3,CRITICAL,1,SYNTHETIC EMERGENCY V2X
EMG-EVT-002335,FIRE-02,FIRE_TRUCK,6.9,0.62,12,39.3,24.9,8.7,16.2,CRITICAL,1,SYNTHETIC EMERGENCY V2X
EMG-EVT-002336,POL-03,POLICE,5.3,0.46,11,41.2,20.9,6.9,14.0,CRITICAL,1,SYNTHETIC EMERGENCY V2X
EMG-EVT-002337,AMB-20,AMBULANCE,9.1,0.36,16,53.0,29.5,11.5,18.0,CRITICAL,1,SYNTHETIC EMERGENCY V2X
EMG-EVT-002338,AMB-20,AMBULANCE,10.8,0.62,21,30.4,46.5,13.9,32.6,CRITICAL,1,SYNTHETIC EMERGENCY V2X
EMG-EVT-002339,POL-08,POLICE,4.3,0.7,8,25.3,19.8,5.5,14.3,CRITICAL,1,SYNTHETIC EMERGENCY V2X
EMG-EVT-002340,FIRE-03,FIRE_TRUCK,6.0,0.95,11,12.7,41.5,7.6,33.9,CRITICAL,1,SYNTHETIC EMERGENCY V2X
EMG-EVT-002341,FIRE-04,FIRE_TRUCK,6.9,0.68,12,33.4,26.8,8.7,18.1,CRITICAL,1,SYNTHETIC EMERGENCY V2X
EMG-EVT-002342,AMB-06,AMBULANCE,12.7,0.64,22,33.9,48.9,16.1,32.8,CRITICAL,1,SYNTHETIC EMERGENCY V2X
EMG-EVT-002343,FIRE-03,FIRE_TRUCK,9.7,0.71,17,34.4,37.3,12.3,25.0,CRITICAL,1,SYNTHETIC EMERGENCY V2X
EMG-EVT-002344,AMB-02,AMBULANCE,12.3,0.53,22,39.4,45.1,15.6,29.5,CRITICAL,1,SYNTHETIC EMERGENCY V2X
EMG-EVT-002345,FIRE-07,FIRE_TRUCK,2.7,0.24,7,55.2,11.3,3.6,7.7,HIGH,1,SYNTHETIC EMERGENCY V2X
EMG-EVT-002346,AMB-01,AMBULANCE,11.8,0.42,21,45.9,40.6,15.0,25.6,CRITICAL,1,SYNTHETIC EMERGENCY V2X
EMG-EVT-002347,AMB-05,AMBULANCE,11.9,0.58,21,34.2,46.1,15.1,31.0,CRITICAL,1,SYNTHETIC EMERGENCY V2X
EMG-EVT-002348,AMB-05,AMBULANCE,4.5,0.49,10,40.6,18.7,5.9,12.8,CRITICAL,1,SYNTHETIC EMERGENCY V2X
EMG-EVT-002349,POL-08,POLICE,2.6,0.5,5,37.0,10.2,3.3,6.9,HIGH,1,SYNTHETIC EMERGENCY V2X
EMG-EVT-002350,AMB-09,AMBULANCE,14.0,0.67,27,27.9,62.5,18.0,44.5,CRITICAL,1,SYNTHETIC EMERGENCY V2X
EMG-EVT-002351,AMB-12,AMBULANCE,7.4,0.87,14,16.8,43.2,9.5,33.7,CRITICAL,1,SYNTHETIC EMERGENCY V2X
EMG-EVT-002352,AMB-07,AMBULANCE,4.2,0.79,7,20.7,20.6,5.3,15.3,CRITICAL,1,SYNTHETIC EMERGENCY V2X
EMG-EVT-002353,FIRE-07,FIRE_TRUCK,9.5,0.69,18,29.2,41.1,12.2,28.9,CRITICAL,1,SYNTHETIC EMERGENCY V2X
EMG-EVT-002354,FIRE-08,FIRE_TRUCK,14.9,0.72,26,24.5,67.7,18.9,48.8,CRITICAL,1,SYNTHETIC EMERGENCY V2X
EMG-EVT-002355,AMB-17,AMBULANCE,2.9,0.89,7,13.8,21.0,3.9,17.1,CRITICAL,1,SYNTHETIC EMERGENCY V2X
EMG-EVT-002356,POL-03,POLICE,14.1,0.71,28,28.7,63.1,18.2,44.9,CRITICAL,1,SYNTHETIC EMERGENCY V2X
EMG-EVT-002357,AMB-12,AMBULANCE,1.6,0.69,5,30.5,9.1,2.2,6.9,CRITICAL,1,SYNTHETIC EMERGENCY V2X
EMG-EVT-002358,POL-07,POLICE,15.1,0.7,29,31.7,63.4,19.4,44.0,CRITICAL,1,SYNTHETIC EMERGENCY V2X
EMG-EVT-002359,POL-06,POLICE,3.8,0.32,8,55.1,13.7,4.9,8.8,CRITICAL,1,SYNTHETIC EMERGENCY V2X
EMG-EVT-002360,FIRE-08,FIRE_TRUCK,9.6,0.85,19,16.4,57.9,12.4,45.5,CRITICAL,1,SYNTHETIC EMERGENCY V2X
EMG-EVT-002361,FIRE-03,FIRE_TRUCK,2.9,0.57,8,36.4,14.4,4.0,10.4,CRITICAL,1,SYNTHETIC EMERGENCY V2X
EMG-EVT-002362,AMB-10,AMBULANCE,9.0,0.97,17,13.6,60.1,11.5,48.6,CRITICAL,1,SYNTHETIC EMERGENCY V2X
EMG-EVT-002363,AMB-12,AMBULANCE,13.5,0.25,26,61.4,44.4,17.3,27.1,CRITICAL,1,SYNTHETIC EMERGENCY V2X
EMG-EVT-002364,FIRE-03,FIRE_TRUCK,10.3,0.29,19,51.8,34.7,13.1,21.6,CRITICAL,1,SYNTHETIC EMERGENCY V2X
EMG-EVT-002365,AMB-17,AMBULANCE,15.0,0.82,30,19.7,81.7,19.4,62.3,CRITICAL,1,SYNTHETIC EMERGENCY V2X
EMG-EVT-002366,FIRE-06,FIRE_TRUCK,8.5,0.44,18,50.3,31.7,11.1,20.6,CRITICAL,1,SYNTHETIC EMERGENCY V2X
EMG-EVT-002367,AMB-19,AMBULANCE,14.3,0.24,27,56.1,47.7,18.3,29.4,CRITICAL,1,SYNTHETIC EMERGENCY V2X
EMG-EVT-002368,AMB-02,AMBULANCE,14.1,0.21,26,57.5,45.9,18.0,27.9,CRITICAL,1,SYNTHETIC EMERGENCY V2X
EMG-EVT-002369,AMB-06,AMBULANCE,11.7,0.75,24,30.2,52.0,15.2,36.8,CRITICAL,1,SYNTHETIC EMERGENCY V2X
EMG-EVT-002370,AMB-01,AMBULANCE,3.5,0.43,7,45.5,13.0,4.5,8.5,CRITICAL,1,SYNTHETIC EMERGENCY V2X
EMG-EVT-002371,AMB-13,AMBULANCE,9.0,0.21,16,59.1,28.3,11.4,16.9,CRITICAL,1,SYNTHETIC EMERGENCY V2X
EMG-EVT-002372,AMB-19,AMBULANCE,11.1,0.61,22,35.6,45.1,14.3,30.8,CRITICAL,1,SYNTHETIC EMERGENCY V2X
EMG-EVT-002373,AMB-18,AMBULANCE,14.8,0.54,26,36.1,55.8,18.7,37.1,CRITICAL,1,SYNTHETIC EMERGENCY V2X
EMG-EVT-002374,AMB-04,AMBULANCE,6.4,0.49,11,45.7,21.6,8.1,13.5,CRITICAL,1,SYNTHETIC EMERGENCY V2X
EMG-EVT-002375,FIRE-06,FIRE_TRUCK,4.3,0.23,10,63.0,16.1,5.7,10.4,CRITICAL,1,SYNTHETIC EMERGENCY V2X
EMG-EVT-002376,FIRE-06,FIRE_TRUCK,8.7,0.62,16,32.8,35.1,11.1,24.0,CRITICAL,1,SYNTHETIC EMERGENCY V2X
EMG-EVT-002377,POL-10,POLICE,10.8,0.91,20,15.7,65.3,13.8,51.5,CRITICAL,1,SYNTHETIC EMERGENCY V2X
EMG-EVT-002378,AMB-12,AMBULANCE,2.4,0.27,6,53.1,9.9,3.2,6.7,CRITICAL,1,SYNTHETIC EMERGENCY V2X
EMG-EVT-002379,AMB-06,AMBULANCE,12.4,0.7,24,26.1,57.3,15.9,41.4,CRITICAL,1,SYNTHETIC EMERGENCY V2X
EMG-EVT-002380,AMB-18,AMBULANCE,6.6,0.66,13,28.2,29.6,8.5,21.1,CRITICAL,1,SYNTHETIC EMERGENCY V2X
EMG-EVT-002381,AMB-18,AMBULANCE,12.1,0.25,23,56.8,40.4,15.5,24.9,CRITICAL,1,SYNTHETIC EMERGENCY V2X
EMG-EVT-002382,AMB-01,AMBULANCE,13.6,0.34,24,49.2,45.4,17.2,28.2,CRITICAL,1,SYNTHETIC EMERGENCY V2X
EMG-EVT-002383,AMB-19,AMBULANCE,5.8,0.58,13,34.5,25.7,7.6,18.1,CRITICAL,1,SYNTHETIC EMERGENCY V2X
EMG-EVT-002384,AMB-08,AMBULANCE,5.0,0.28,10,56.0,17.4,6.5,10.9,CRITICAL,1,SYNTHETIC EMERGENCY V2X
EMG-EVT-002385,AMB-14,AMBULANCE,12.8,0.58,23,37.4,48.1,16.3,31.8,CRITICAL,1,SYNTHETIC EMERGENCY V2X
EMG-EVT-002386,AMB-02,AMBULANCE,9.1,0.26,19,53.0,33.1,11.8,21.3,CRITICAL,1,SYNTHETIC EMERGENCY V2X
EMG-EVT-002387,AMB-11,AMBULANCE,15.8,0.65,31,35.7,63.8,20.3,43.5,CRITICAL,1,SYNTHETIC EMERGENCY V2X
EMG-EVT-002388,FIRE-07,FIRE_TRUCK,9.7,0.95,19,13.2,66.9,12.5,54.4,CRITICAL,1,SYNTHETIC EMERGENCY V2X
EMG-EVT-002389,AMB-10,AMBULANCE,12.8,0.46,24,40.3,47.9,16.4,31.5,CRITICAL,1,SYNTHETIC EMERGENCY V2X
EMG-EVT-002390,AMB-07,AMBULANCE,2.9,0.36,6,48.2,10.8,3.8,7.0,CRITICAL,1,SYNTHETIC EMERGENCY V2X
EMG-EVT-002391,FIRE-02,FIRE_TRUCK,4.3,0.97,7,10.0,34.2,5.4,28.8,CRITICAL,1,SYNTHETIC EMERGENCY V2X
EMG-EVT-002392,POL-02,POLICE,9.9,0.43,20,44.5,37.3,12.8,24.5,CRITICAL,1,SYNTHETIC EMERGENCY V2X
EMG-EVT-002393,AMB-14,AMBULANCE,10.6,0.72,21,30.6,46.0,13.7,32.3,CRITICAL,1,SYNTHETIC EMERGENCY V2X
EMG-EVT-002394,FIRE-08,FIRE_TRUCK,2.5,0.41,7,42.7,11.9,3.4,8.5,HIGH,1,SYNTHETIC EMERGENCY V2X
EMG-EVT-002395,AMB-10,AMBULANCE,13.3,0.73,23,25.5,58.9,16.8,42.1,CRITICAL,1,SYNTHETIC EMERGENCY V2X
EMG-EVT-002396,FIRE-08,FIRE_TRUCK,5.5,0.4,10,45.5,19.3,7.0,12.3,CRITICAL,1,SYNTHETIC EMERGENCY V2X
EMG-EVT-002397,FIRE-05,FIRE_TRUCK,4.3,0.85,7,19.9,21.4,5.4,16.0,CRITICAL,1,SYNTHETIC EMERGENCY V2X
EMG-EVT-002398,AMB-17,AMBULANCE,8.8,0.79,16,24.7,40.6,11.2,29.4,CRITICAL,1,SYNTHETIC EMERGENCY V2X
EMG-EVT-002399,FIRE-01,FIRE_TRUCK,12.7,0.25,24,53.5,43.0,16.3,26.7,CRITICAL,1,SYNTHETIC EMERGENCY V2X
EMG-EVT-002400,FIRE-08,FIRE_TRUCK,13.9,0.93,27,17.2,80.9,17.9,63.0,CRITICAL,1,SYNTHETIC EMERGENCY V2X
EMG-EVT-002401,FIRE-08,FIRE_TRUCK,11.5,0.59,21,41.2,41.9,14.6,27.3,CRITICAL,1,SYNTHETIC EMERGENCY V2X
EMG-EVT-002402,AMB-16,AMBULANCE,1.7,0.34,6,49.2,9.3,2.5,6.8,CRITICAL,1,SYNTHETIC EMERGENCY V2X
EMG-EVT-002403,AMB-14,AMBULANCE,9.0,0.37,19,52.3,33.1,11.7,21.4,CRITICAL,1,SYNTHETIC EMERGENCY V2X
EMG-EVT-002404,AMB-07,AMBULANCE,8.0,0.3,17,51.5,29.7,10.4,19.3,CRITICAL,1,SYNTHETIC EMERGENCY V2X
EMG-EVT-002405,AMB-07,AMBULANCE,1.8,0.42,5,44.4,8.4,2.5,5.9,CRITICAL,1,SYNTHETIC EMERGENCY V2X
EMG-EVT-002406,AMB-09,AMBULANCE,11.0,0.72,20,27.2,48.3,14.0,34.3,CRITICAL,1,SYNTHETIC EMERGENCY V2X
EMG-EVT-002407,AMB-02,AMBULANCE,13.3,0.55,23,35.6,50.0,16.8,33.2,CRITICAL,1,SYNTHETIC EMERGENCY V2X
EMG-EVT-002408,AMB-18,AMBULANCE,2.1,0.72,6,31.9,11.1,2.9,8.2,CRITICAL,1,SYNTHETIC EMERGENCY V2X
EMG-EVT-002409,AMB-18,AMBULANCE,7.6,0.88,16,17.3,45.6,9.9,35.7,CRITICAL,1,SYNTHETIC EMERGENCY V2X
EMG-EVT-002410,AMB-15,AMBULANCE,4.5,0.81,8,19.4,23.5,5.7,17.8,CRITICAL,1,SYNTHETIC EMERGENCY V2X
EMG-EVT-002411,AMB-11,AMBULANCE,13.2,0.37,24,47.0,45.7,16.8,28.9,CRITICAL,1,SYNTHETIC EMERGENCY V2X
EMG-EVT-002412,FIRE-08,FIRE_TRUCK,3.2,0.47,6,45.1,11.5,4.1,7.4,HIGH,1,SYNTHETIC EMERGENCY V2X
EMG-EVT-002413,POL-04,POLICE,10.5,0.4,19,51.4,35.1,13.4,21.7,CRITICAL,1,SYNTHETIC EMERGENCY V2X
EMG-EVT-002414,FIRE-04,FIRE_TRUCK,7.1,0.86,12,22.0,33.8,8.9,24.9,CRITICAL,1,SYNTHETIC EMERGENCY V2X
EMG-EVT-002415,POL-10,POLICE,12.2,0.66,22,32.2,49.1,15.5,33.6,CRITICAL,1,SYNTHETIC EMERGENCY V2X
EMG-EVT-002416,POL-02,POLICE,8.4,0.27,18,51.4,31.4,11.0,20.4,CRITICAL,1,SYNTHETIC EMERGENCY V2X
EMG-EVT-002417,POL-07,POLICE,14.7,0.73,28,26.3,67.1,18.8,48.3,CRITICAL,1,SYNTHETIC EMERGENCY V2X
EMG-EVT-002418,AMB-17,AMBULANCE,2.4,0.65,4,31.2,9.4,3.0,6.4,CRITICAL,1,SYNTHETIC EMERGENCY V2X
EMG-EVT-002419,FIRE-09,FIRE_TRUCK,11.5,0.41,21,47.4,39.8,14.6,25.2,CRITICAL,1,SYNTHETIC EMERGENCY V2X
EMG-EVT-002420,FIRE-02,FIRE_TRUCK,4.0,0.75,8,26.7,18.6,5.2,13.4,CRITICAL,1,SYNTHETIC EMERGENCY V2X
EMG-EVT-002421,AMB-06,AMBULANCE,3.1,0.43,5,47.3,9.9,3.9,6.0,CRITICAL,1,SYNTHETIC EMERGENCY V2X
EMG-EVT-002422,AMB-15,AMBULANCE,6.5,0.89,11,17.0,36.1,8.2,27.9,CRITICAL,1,SYNTHETIC EMERGENCY V2X
EMG-EVT-002423,AMB-03,AMBULANCE,9.2,0.44,17,42.0,33.5,11.7,21.8,CRITICAL,1,SYNTHETIC EMERGENCY V2X
EMG-EVT-002424,POL-01,POLICE,13.5,0.78,26,21.3,69.2,17.3,51.9,CRITICAL,1,SYNTHETIC EMERGENCY V2X
EMG-EVT-002425,AMB-08,AMBULANCE,13.2,0.22,24,61.7,41.6,16.8,24.8,CRITICAL,1,SYNTHETIC EMERGENCY V2X
EMG-EVT-002426,AMB-14,AMBULANCE,6.4,0.43,11,42.4,22.3,8.1,14.2,CRITICAL,1,SYNTHETIC EMERGENCY V2X
EMG-EVT-002427,AMB-01,AMBULANCE,15.3,0.53,27,40.7,55.0,19.4,35.6,CRITICAL,1,SYNTHETIC EMERGENCY V2X
EMG-EVT-002428,AMB-12,AMBULANCE,6.1,0.46,13,39.5,24.9,8.0,16.9,CRITICAL,1,SYNTHETIC EMERGENCY V2X
EMG-EVT-002429,FIRE-06,FIRE_TRUCK,11.6,0.68,22,31.4,48.6,14.9,33.7,CRITICAL,1,SYNTHETIC EMERGENCY V2X
EMG-EVT-002430,AMB-03,AMBULANCE,14.9,0.47,29,45.4,54.5,19.2,35.3,CRITICAL,1,SYNTHETIC EMERGENCY V2X
EMG-EVT-002431,AMB-11,AMBULANCE,10.1,0.91,20,16.8,60.1,13.0,47.1,CRITICAL,1,SYNTHETIC EMERGENCY V2X
EMG-EVT-002432,AMB-15,AMBULANCE,9.5,0.73,18,32.4,39.2,12.2,27.0,CRITICAL,1,SYNTHETIC EMERGENCY V2X
EMG-EVT-002433,AMB-19,AMBULANCE,8.2,0.51,17,41.5,32.3,10.6,21.7,CRITICAL,1,SYNTHETIC EMERGENCY V2X
EMG-EVT-002434,AMB-18,AMBULANCE,9.4,0.64,17,35.0,36.5,12.0,24.5,CRITICAL,1,SYNTHETIC EMERGENCY V2X
EMG-EVT-002435,AMB-16,AMBULANCE,7.1,0.37,15,52.8,26.1,9.2,16.9,CRITICAL,1,SYNTHETIC EMERGENCY V2X
EMG-EVT-002436,AMB-02,AMBULANCE,5.2,0.78,11,26.2,25.1,6.8,18.3,CRITICAL,1,SYNTHETIC EMERGENCY V2X
EMG-EVT-002437,FIRE-10,FIRE_TRUCK,12.1,0.25,21,60.2,37.3,15.3,22.0,CRITICAL,1,SYNTHETIC EMERGENCY V2X
EMG-EVT-002438,FIRE-05,FIRE_TRUCK,2.9,0.92,8,20.6,18.0,4.0,14.0,CRITICAL,1,SYNTHETIC EMERGENCY V2X
EMG-EVT-002439,AMB-02,AMBULANCE,11.6,0.76,21,25.4,52.6,14.8,37.8,CRITICAL,1,SYNTHETIC EMERGENCY V2X
EMG-EVT-002440,FIRE-02,FIRE_TRUCK,13.1,0.24,23,59.4,40.8,16.6,24.2,CRITICAL,1,SYNTHETIC EMERGENCY V2X
EMG-EVT-002441,AMB-12,AMBULANCE,7.7,0.39,16,48.9,28.6,10.0,18.6,CRITICAL,1,SYNTHETIC EMERGENCY V2X
EMG-EVT-002442,AMB-20,AMBULANCE,8.7,0.52,18,41.5,34.2,11.3,22.9,CRITICAL,1,SYNTHETIC EMERGENCY V2X
EMG-EVT-002443,AMB-03,AMBULANCE,2.6,0.25,4,58.1,7.5,3.2,4.3,CRITICAL,1,SYNTHETIC EMERGENCY V2X
EMG-EVT-002444,FIRE-08,FIRE_TRUCK,4.3,0.37,8,54.6,14.3,5.5,8.8,CRITICAL,1,SYNTHETIC EMERGENCY V2X
EMG-EVT-002445,AMB-11,AMBULANCE,5.6,0.62,13,35.5,25.1,7.4,17.7,CRITICAL,1,SYNTHETIC EMERGENCY V2X
EMG-EVT-002446,AMB-07,AMBULANCE,7.6,0.93,14,20.5,39.0,9.7,29.3,CRITICAL,1,SYNTHETIC EMERGENCY V2X
EMG-EVT-002447,FIRE-02,FIRE_TRUCK,12.2,0.74,23,31.8,50.6,15.6,35.0,CRITICAL,1,SYNTHETIC EMERGENCY V2X
EMG-EVT-002448,AMB-01,AMBULANCE,2.3,0.97,7,17.6,16.2,3.2,13.0,CRITICAL,1,SYNTHETIC EMERGENCY V2X
EMG-EVT-002449,FIRE-10,FIRE_TRUCK,6.8,0.54,15,43.2,27.4,8.9,18.5,CRITICAL,1,SYNTHETIC EMERGENCY V2X
EMG-EVT-002450,AMB-12,AMBULANCE,9.9,0.31,17,53.2,31.6,12.5,19.1,CRITICAL,1,SYNTHETIC EMERGENCY V2X
EMG-EVT-002451,FIRE-09,FIRE_TRUCK,13.0,0.72,24,26.6,58.1,16.6,41.5,CRITICAL,1,SYNTHETIC EMERGENCY V2X
EMG-EVT-002452,AMB-01,AMBULANCE,9.7,0.92,17,20.7,48.5,12.3,36.2,CRITICAL,1,SYNTHETIC EMERGENCY V2X
EMG-EVT-002453,AMB-11,AMBULANCE,6.6,0.65,11,36.2,24.1,8.3,15.8,CRITICAL,1,SYNTHETIC EMERGENCY V2X
EMG-EVT-002454,AMB-12,AMBULANCE,2.7,0.85,6,20.3,15.2,3.5,11.7,CRITICAL,1,SYNTHETIC EMERGENCY V2X
EMG-EVT-002455,AMB-15,AMBULANCE,4.2,0.54,7,37.2,15.2,5.3,9.9,CRITICAL,1,SYNTHETIC EMERGENCY V2X
EMG-EVT-002456,AMB-15,AMBULANCE,2.2,0.88,6,21.1,13.5,3.0,10.5,CRITICAL,1,SYNTHETIC EMERGENCY V2X
EMG-EVT-002457,AMB-12,AMBULANCE,4.1,0.45,8,41.0,15.6,5.3,10.3,CRITICAL,1,SYNTHETIC EMERGENCY V2X
EMG-EVT-002458,AMB-09,AMBULANCE,12.9,0.43,25,44.3,47.5,16.6,30.9,CRITICAL,1,SYNTHETIC EMERGENCY V2X
EMG-EVT-002459,AMB-18,AMBULANCE,10.7,0.63,20,35.1,42.3,13.7,28.6,CRITICAL,1,SYNTHETIC EMERGENCY V2X
EMG-EVT-002460,FIRE-06,FIRE_TRUCK,3.3,0.89,8,17.7,20.8,4.4,16.4,CRITICAL,1,SYNTHETIC EMERGENCY V2X
EMG-EVT-002461,AMB-14,AMBULANCE,3.5,0.78,7,23.4,17.4,4.5,12.9,CRITICAL,1,SYNTHETIC EMERGENCY V2X
EMG-EVT-002462,AMB-04,AMBULANCE,4.9,0.42,11,45.8,19.6,6.4,13.2,CRITICAL,1,SYNTHETIC EMERGENCY V2X
EMG-EVT-002463,AMB-10,AMBULANCE,10.0,0.74,21,23.5,50.7,13.0,37.7,CRITICAL,1,SYNTHETIC EMERGENCY V2X
EMG-EVT-002464,FIRE-08,FIRE_TRUCK,6.8,0.24,12,53.7,22.0,8.6,13.4,CRITICAL,1,SYNTHETIC EMERGENCY V2X
EMG-EVT-002465,AMB-04,AMBULANCE,1.6,0.85,2,19.6,7.3,2.0,5.3,CRITICAL,1,SYNTHETIC EMERGENCY V2X
EMG-EVT-002466,POL-05,POLICE,14.3,0.46,27,41.2,53.2,18.3,34.9,CRITICAL,1,SYNTHETIC EMERGENCY V2X
EMG-EVT-002467,AMB-02,AMBULANCE,9.7,0.29,20,56.8,34.2,12.6,21.6,CRITICAL,1,SYNTHETIC EMERGENCY V2X
EMG-EVT-002468,AMB-08,AMBULANCE,7.5,0.79,15,22.4,38.1,9.7,28.4,CRITICAL,1,SYNTHETIC EMERGENCY V2X
EMG-EVT-002469,AMB-17,AMBULANCE,14.3,0.72,26,28.0,61.8,18.2,43.6,CRITICAL,1,SYNTHETIC EMERGENCY V2X
EMG-EVT-002470,FIRE-05,FIRE_TRUCK,9.8,0.75,19,23.8,47.5,12.6,34.9,CRITICAL,1,SYNTHETIC EMERGENCY V2X
EMG-EVT-002471,AMB-02,AMBULANCE,7.5,0.59,13,32.3,29.5,9.5,20.0,CRITICAL,1,SYNTHETIC EMERGENCY V2X
EMG-EVT-002472,AMB-03,AMBULANCE,12.9,0.97,26,16.8,77.3,16.7,60.6,CRITICAL,1,SYNTHETIC EMERGENCY V2X
EMG-EVT-002473,POL-01,POLICE,6.5,0.65,11,36.0,24.0,8.2,15.8,CRITICAL,1,SYNTHETIC EMERGENCY V2X
EMG-EVT-002474,AMB-12,AMBULANCE,6.4,0.49,11,46.5,21.5,8.1,13.4,CRITICAL,1,SYNTHETIC EMERGENCY V2X
EMG-EVT-002475,POL-01,POLICE,12.1,0.65,21,35.4,45.7,15.3,30.4,CRITICAL,1,SYNTHETIC EMERGENCY V2X
EMG-EVT-002476,FIRE-07,FIRE_TRUCK,6.1,0.71,13,30.0,27.8,8.0,19.8,CRITICAL,1,SYNTHETIC EMERGENCY V2X
EMG-EVT-002477,AMB-14,AMBULANCE,2.2,0.82,4,22.4,10.7,2.8,7.9,CRITICAL,1,SYNTHETIC EMERGENCY V2X
EMG-EVT-002478,AMB-10,AMBULANCE,7.5,0.46,13,42.6,26.2,9.5,16.7,CRITICAL,1,SYNTHETIC EMERGENCY V2X
EMG-EVT-002479,AMB-05,AMBULANCE,4.4,0.68,9,30.9,19.3,5.7,13.6,CRITICAL,1,SYNTHETIC EMERGENCY V2X
EMG-EVT-002480,FIRE-10,FIRE_TRUCK,1.9,0.87,3,22.5,8.7,2.4,6.3,HIGH,1,SYNTHETIC EMERGENCY V2X
EMG-EVT-002481,AMB-09,AMBULANCE,3.1,0.5,5,45.6,10.1,3.9,6.2,CRITICAL,1,SYNTHETIC EMERGENCY V2X
EMG-EVT-002482,AMB-05,AMBULANCE,15.6,0.94,31,15.3,98.4,20.1,78.3,CRITICAL,1,SYNTHETIC EMERGENCY V2X
EMG-EVT-002483,FIRE-07,FIRE_TRUCK,12.7,0.62,22,32.3,50.0,16.1,33.9,CRITICAL,1,SYNTHETIC EMERGENCY V2X
EMG-EVT-002484,AMB-10,AMBULANCE,8.9,0.3,16,57.9,28.4,11.3,17.1,CRITICAL,1,SYNTHETIC EMERGENCY V2X
EMG-EVT-002485,FIRE-10,FIRE_TRUCK,14.2,0.58,28,38.7,55.6,18.3,37.3,CRITICAL,1,SYNTHETIC EMERGENCY V2X
EMG-EVT-002486,AMB-16,AMBULANCE,3.9,0.47,7,42.3,13.9,5.0,8.9,CRITICAL,1,SYNTHETIC EMERGENCY V2X
EMG-EVT-002487,FIRE-03,FIRE_TRUCK,14.4,0.5,26,39.5,53.1,18.3,34.8,CRITICAL,1,SYNTHETIC EMERGENCY V2X
EMG-EVT-002488,AMB-16,AMBULANCE,1.9,0.22,4,60.4,6.7,2.5,4.2,CRITICAL,1,SYNTHETIC EMERGENCY V2X
EMG-EVT-002489,AMB-06,AMBULANCE,3.9,0.53,9,42.4,16.3,5.2,11.1,CRITICAL,1,SYNTHETIC EMERGENCY V2X
EMG-EVT-002490,AMB-13,AMBULANCE,2.2,0.83,5,26.7,10.9,2.9,8.0,CRITICAL,1,SYNTHETIC EMERGENCY V2X
EMG-EVT-002491,AMB-20,AMBULANCE,9.5,0.65,20,37.7,39.1,12.4,26.7,CRITICAL,1,SYNTHETIC EMERGENCY V2X
EMG-EVT-002492,AMB-14,AMBULANCE,11.5,0.22,23,62.2,38.7,14.8,23.9,CRITICAL,1,SYNTHETIC EMERGENCY V2X
EMG-EVT-002493,AMB-11,AMBULANCE,2.8,0.87,6,24.8,14.0,3.7,10.3,CRITICAL,1,SYNTHETIC EMERGENCY V2X
EMG-EVT-002494,AMB-16,AMBULANCE,8.5,0.35,15,46.8,28.9,10.8,18.1,CRITICAL,1,SYNTHETIC EMERGENCY V2X
EMG-EVT-002495,AMB-04,AMBULANCE,2.8,0.96,7,14.1,20.3,3.8,16.5,CRITICAL,1,SYNTHETIC EMERGENCY V2X
EMG-EVT-002496,POL-07,POLICE,3.5,0.91,9,20.0,21.3,4.7,16.6,CRITICAL,1,SYNTHETIC EMERGENCY V2X
EMG-EVT-002497,FIRE-08,FIRE_TRUCK,15.1,0.64,30,37.4,60.2,19.5,40.7,CRITICAL,1,SYNTHETIC EMERGENCY V2X
EMG-EVT-002498,AMB-17,AMBULANCE,15.0,0.82,27,18.4,81.3,19.1,62.2,CRITICAL,1,SYNTHETIC EMERGENCY V2X
EMG-EVT-002499,AMB-13,AMBULANCE,9.6,0.52,17,37.6,35.7,12.2,23.5,CRITICAL,1,SYNTHETIC EMERGENCY V2X
EMG-EVT-002500,AMB-20,AMBULANCE,8.3,0.71,17,28.6,37.8,10.8,27.0,CRITICAL,1,SYNTHETIC EMERGENCY V2X
EMG-EVT-002501,AMB-17,AMBULANCE,8.6,0.31,15,57.3,27.0,10.9,16.1,CRITICAL,1,SYNTHETIC EMERGENCY V2X
EMG-EVT-002502,FIRE-10,FIRE_TRUCK,12.6,0.36,25,53.9,44.0,16.2,27.8,CRITICAL,1,SYNTHETIC EMERGENCY V2X
EMG-EVT-002503,AMB-06,AMBULANCE,8.6,0.57,17,38.4,33.8,11.1,22.7,CRITICAL,1,SYNTHETIC EMERGENCY V2X
EMG-EVT-002504,AMB-17,AMBULANCE,13.5,0.23,24,61.4,42.0,17.1,24.9,CRITICAL,1,SYNTHETIC EMERGENCY V2X
EMG-EVT-002505,POL-10,POLICE,5.8,0.93,13,16.9,36.2,7.6,28.6,CRITICAL,1,SYNTHETIC EMERGENCY V2X
EMG-EVT-002506,AMB-15,AMBULANCE,1.9,0.65,5,30.0,9.8,2.6,7.2,CRITICAL,1,SYNTHETIC EMERGENCY V2X
EMG-EVT-002507,POL-10,POLICE,11.6,0.59,22,35.9,45.8,14.9,30.9,CRITICAL,1,SYNTHETIC EMERGENCY V2X
EMG-EVT-002508,AMB-11,AMBULANCE,16.0,0.38,29,50.8,53.7,20.4,33.3,CRITICAL,1,SYNTHETIC EMERGENCY V2X
EMG-EVT-002509,FIRE-03,FIRE_TRUCK,3.6,0.37,6,48.2,11.7,4.5,7.2,HIGH,1,SYNTHETIC EMERGENCY V2X
EMG-EVT-002510,AMB-17,AMBULANCE,3.3,0.75,6,22.1,16.2,4.2,12.0,CRITICAL,1,SYNTHETIC EMERGENCY V2X
EMG-EVT-002511,AMB-14,AMBULANCE,15.9,0.44,30,41.9,58.8,20.3,38.5,CRITICAL,1,SYNTHETIC EMERGENCY V2X
EMG-EVT-002512,AMB-04,AMBULANCE,15.7,0.42,28,50.9,52.1,19.9,32.2,CRITICAL,1,SYNTHETIC EMERGENCY V2X
EMG-EVT-002513,FIRE-03,FIRE_TRUCK,15.9,0.95,28,10.6,123.6,20.1,103.5,CRITICAL,1,SYNTHETIC EMERGENCY V2X
EMG-EVT-002514,AMB-18,AMBULANCE,2.0,0.77,3,29.0,7.7,2.5,5.2,CRITICAL,1,SYNTHETIC EMERGENCY V2X
EMG-EVT-002515,AMB-16,AMBULANCE,10.4,0.39,19,52.4,34.7,13.2,21.5,CRITICAL,1,SYNTHETIC EMERGENCY V2X
EMG-EVT-002516,FIRE-08,FIRE_TRUCK,2.2,0.71,4,34.2,8.7,2.8,5.9,HIGH,1,SYNTHETIC EMERGENCY V2X
EMG-EVT-002517,AMB-05,AMBULANCE,11.6,0.54,22,36.9,45.3,14.9,30.4,CRITICAL,1,SYNTHETIC EMERGENCY V2X
EMG-EVT-002518,AMB-11,AMBULANCE,11.2,0.28,22,57.1,38.2,14.4,23.8,CRITICAL,1,SYNTHETIC EMERGENCY V2X
EMG-EVT-002519,AMB-03,AMBULANCE,10.6,0.92,21,14.3,69.7,13.7,56.0,CRITICAL,1,SYNTHETIC EMERGENCY V2X
EMG-EVT-002520,AMB-11,AMBULANCE,3.7,0.27,6,51.2,11.5,4.6,6.9,CRITICAL,1,SYNTHETIC EMERGENCY V2X
EMG-EVT-002521,AMB-08,AMBULANCE,6.8,0.47,15,42.8,27.5,8.9,18.6,CRITICAL,1,SYNTHETIC EMERGENCY V2X
EMG-EVT-002522,AMB-08,AMBULANCE,6.3,0.48,12,47.4,22.4,8.1,14.3,CRITICAL,1,SYNTHETIC EMERGENCY V2X
EMG-EVT-002523,AMB-04,AMBULANCE,2.5,0.62,7,31.0,13.2,3.4,9.8,CRITICAL,1,SYNTHETIC EMERGENCY V2X
EMG-EVT-002524,POL-06,POLICE,2.4,0.24,4,57.1,7.3,3.0,4.3,HIGH,1,SYNTHETIC EMERGENCY V2X
EMG-EVT-002525,FIRE-07,FIRE_TRUCK,4.7,0.32,8,51.3,15.1,5.9,9.2,CRITICAL,1,SYNTHETIC EMERGENCY V2X
EMG-EVT-002526,AMB-01,AMBULANCE,1.7,0.76,3,28.8,7.1,2.2,4.9,CRITICAL,1,SYNTHETIC EMERGENCY V2X
EMG-EVT-002527,AMB-04,AMBULANCE,8.3,0.5,16,42.8,30.8,10.7,20.1,CRITICAL,1,SYNTHETIC EMERGENCY V2X
EMG-EVT-002528,FIRE-10,FIRE_TRUCK,6.6,0.76,12,23.9,31.0,8.4,22.6,CRITICAL,1,SYNTHETIC EMERGENCY V2X
EMG-EVT-002529,AMB-07,AMBULANCE,13.8,0.33,26,53.6,46.6,17.7,28.9,CRITICAL,1,SYNTHETIC EMERGENCY V2X
EMG-EVT-002530,AMB-19,AMBULANCE,13.5,0.44,25,48.9,46.6,17.2,29.4,CRITICAL,1,SYNTHETIC EMERGENCY V2X
EMG-EVT-002531,AMB-14,AMBULANCE,5.6,0.6,11,34.8,22.9,7.2,15.7,CRITICAL,1,SYNTHETIC EMERGENCY V2X
EMG-EVT-002532,POL-05,POLICE,2.5,0.6,6,33.9,11.6,3.3,8.3,HIGH,1,SYNTHETIC EMERGENCY V2X
EMG-EVT-002533,AMB-05,AMBULANCE,4.2,0.49,7,45.5,13.9,5.3,8.6,CRITICAL,1,SYNTHETIC EMERGENCY V2X
EMG-EVT-002534,FIRE-07,FIRE_TRUCK,11.6,0.43,21,45.3,40.6,14.8,25.8,CRITICAL,1,SYNTHETIC EMERGENCY V2X
EMG-EVT-002535,AMB-01,AMBULANCE,6.7,0.53,13,35.7,26.9,8.6,18.3,CRITICAL,1,SYNTHETIC EMERGENCY V2X
EMG-EVT-002536,AMB-09,AMBULANCE,14.5,0.73,29,32.0,62.0,18.7,43.3,CRITICAL,1,SYNTHETIC EMERGENCY V2X
EMG-EVT-002537,FIRE-03,FIRE_TRUCK,3.9,0.49,9,41.5,16.4,5.2,11.2,CRITICAL,1,SYNTHETIC EMERGENCY V2X
EMG-EVT-002538,AMB-11,AMBULANCE,13.1,0.95,26,13.1,91.2,16.9,74.3,CRITICAL,1,SYNTHETIC EMERGENCY V2X
EMG-EVT-002539,AMB-19,AMBULANCE,15.1,0.81,30,20.5,80.2,19.5,60.7,CRITICAL,1,SYNTHETIC EMERGENCY V2X
EMG-EVT-002540,AMB-15,AMBULANCE,14.2,0.33,28,55.8,48.9,18.3,30.6,CRITICAL,1,SYNTHETIC EMERGENCY V2X
EMG-EVT-002541,AMB-09,AMBULANCE,12.4,0.73,23,31.9,50.9,15.8,35.1,CRITICAL,1,SYNTHETIC EMERGENCY V2X
EMG-EVT-002542,FIRE-01,FIRE_TRUCK,10.5,0.42,18,43.8,36.0,13.3,22.7,CRITICAL,1,SYNTHETIC EMERGENCY V2X
EMG-EVT-002543,AMB-16,AMBULANCE,6.6,0.78,12,21.5,32.8,8.4,24.4,CRITICAL,1,SYNTHETIC EMERGENCY V2X
EMG-EVT-002544,FIRE-03,FIRE_TRUCK,2.6,0.25,6,57.1,9.9,3.4,6.5,HIGH,1,SYNTHETIC EMERGENCY V2X
EMG-EVT-002545,AMB-01,AMBULANCE,3.4,0.94,8,18.8,20.5,4.5,16.0,CRITICAL,1,SYNTHETIC EMERGENCY V2X
EMG-EVT-002546,AMB-16,AMBULANCE,3.9,0.6,10,37.2,18.3,5.3,13.0,CRITICAL,1,SYNTHETIC EMERGENCY V2X
EMG-EVT-002547,AMB-13,AMBULANCE,12.6,0.54,23,41.9,45.6,16.0,29.6,CRITICAL,1,SYNTHETIC EMERGENCY V2X
EMG-EVT-002548,AMB-12,AMBULANCE,4.4,0.91,9,15.1,28.3,5.7,22.6,CRITICAL,1,SYNTHETIC EMERGENCY V2X
EMG-EVT-002549,AMB-07,AMBULANCE,4.6,0.26,10,55.8,16.9,6.0,10.9,CRITICAL,1,SYNTHETIC EMERGENCY V2X
EMG-EVT-002550,AMB-01,AMBULANCE,15.2,0.37,30,54.2,52.8,19.6,33.2,CRITICAL,1,SYNTHETIC EMERGENCY V2X
EMG-EVT-002551,AMB-18,AMBULANCE,15.9,0.64,28,28.6,67.0,20.1,46.9,CRITICAL,1,SYNTHETIC EMERGENCY V2X
EMG-EVT-002552,AMB-18,AMBULANCE,11.6,0.78,22,23.4,56.1,14.9,41.2,CRITICAL,1,SYNTHETIC EMERGENCY V2X
EMG-EVT-002553,POL-10,POLICE,12.6,0.72,24,26.8,57.0,16.1,40.9,CRITICAL,1,SYNTHETIC EMERGENCY V2X
EMG-EVT-002554,FIRE-07,FIRE_TRUCK,2.8,0.86,6,20.1,15.6,3.7,11.9,CRITICAL,1,SYNTHETIC EMERGENCY V2X
EMG-EVT-002555,FIRE-09,FIRE_TRUCK,13.6,0.87,24,17.5,75.4,17.2,58.2,CRITICAL,1,SYNTHETIC EMERGENCY V2X
EMG-EVT-002556,AMB-08,AMBULANCE,3.0,0.46,8,42.3,13.9,4.1,9.8,CRITICAL,1,SYNTHETIC EMERGENCY V2X
EMG-EVT-002557,AMB-04,AMBULANCE,4.8,0.86,11,19.7,27.8,6.3,21.5,CRITICAL,1,SYNTHETIC EMERGENCY V2X
EMG-EVT-002558,POL-04,POLICE,3.1,0.49,5,43.5,10.3,3.9,6.4,HIGH,1,SYNTHETIC EMERGENCY V2X
EMG-EVT-002559,AMB-15,AMBULANCE,7.8,0.82,16,20.7,41.8,10.1,31.7,CRITICAL,1,SYNTHETIC EMERGENCY V2X
EMG-EVT-002560,AMB-12,AMBULANCE,2.7,0.41,4,48.0,8.2,3.3,4.9,CRITICAL,1,SYNTHETIC EMERGENCY V2X
EMG-EVT-002561,AMB-03,AMBULANCE,8.0,0.94,14,17.0,45.0,10.1,34.9,CRITICAL,1,SYNTHETIC EMERGENCY V2X
EMG-EVT-002562,AMB-09,AMBULANCE,11.4,0.36,22,54.5,39.0,14.6,24.4,CRITICAL,1,SYNTHETIC EMERGENCY V2X
EMG-EVT-002563,AMB-19,AMBULANCE,4.4,0.8,10,24.2,22.9,5.8,17.1,CRITICAL,1,SYNTHETIC EMERGENCY V2X
EMG-EVT-002564,AMB-05,AMBULANCE,8.0,0.64,17,30.7,36.0,10.4,25.6,CRITICAL,1,SYNTHETIC EMERGENCY V2X
EMG-EVT-002565,POL-10,POLICE,7.4,0.78,14,27.2,33.1,9.5,23.6,CRITICAL,1,SYNTHETIC EMERGENCY V2X
EMG-EVT-002566,FIRE-09,FIRE_TRUCK,2.3,0.9,5,18.6,13.4,3.0,10.4,CRITICAL,1,SYNTHETIC EMERGENCY V2X
EMG-EVT-002567,AMB-12,AMBULANCE,14.1,0.87,27,22.7,69.7,18.1,51.6,CRITICAL,1,SYNTHETIC EMERGENCY V2X
EMG-EVT-002568,AMB-06,AMBULANCE,4.4,0.38,10,52.5,17.0,5.8,11.2,CRITICAL,1,SYNTHETIC EMERGENCY V2X
EMG-EVT-002569,AMB-10,AMBULANCE,4.8,0.61,11,35.5,21.3,6.3,15.0,CRITICAL,1,SYNTHETIC EMERGENCY V2X
EMG-EVT-002570,AMB-08,AMBULANCE,3.5,0.45,9,48.2,15.2,4.7,10.5,CRITICAL,1,SYNTHETIC EMERGENCY V2X
EMG-EVT-002571,FIRE-04,FIRE_TRUCK,6.0,0.58,13,34.9,25.9,7.8,18.1,CRITICAL,1,SYNTHETIC EMERGENCY V2X
EMG-EVT-002572,AMB-01,AMBULANCE,15.2,0.71,30,29.4,67.0,19.6,47.4,CRITICAL,1,SYNTHETIC EMERGENCY V2X
EMG-EVT-002573,AMB-11,AMBULANCE,10.2,0.35,19,47.4,35.7,13.0,22.7,CRITICAL,1,SYNTHETIC EMERGENCY V2X
EMG-EVT-002574,POL-02,POLICE,13.9,0.77,27,24.6,66.3,17.9,48.4,CRITICAL,1,SYNTHETIC EMERGENCY V2X
EMG-EVT-002575,AMB-15,AMBULANCE,4.2,0.26,9,61.3,14.9,5.5,9.4,CRITICAL,1,SYNTHETIC EMERGENCY V2X
EMG-EVT-002576,FIRE-10,FIRE_TRUCK,7.6,0.98,15,11.1,59.1,9.8,49.3,CRITICAL,1,SYNTHETIC EMERGENCY V2X
EMG-EVT-002577,AMB-06,AMBULANCE,8.8,0.61,17,39.9,33.6,11.3,22.3,CRITICAL,1,SYNTHETIC EMERGENCY V2X
EMG-EVT-002578,FIRE-05,FIRE_TRUCK,5.9,0.22,10,63.4,17.6,7.4,10.2,CRITICAL,1,SYNTHETIC EMERGENCY V2X
EMG-EVT-002579,AMB-10,AMBULANCE,13.5,0.68,24,32.4,53.8,17.1,36.7,CRITICAL,1,SYNTHETIC EMERGENCY V2X
EMG-EVT-002580,FIRE-05,FIRE_TRUCK,11.6,0.3,22,57.2,38.6,14.9,23.7,CRITICAL,1,SYNTHETIC EMERGENCY V2X
EMG-EVT-002581,POL-01,POLICE,14.6,0.95,27,12.8,100.8,18.6,82.2,CRITICAL,1,SYNTHETIC EMERGENCY V2X
EMG-EVT-002582,FIRE-05,FIRE_TRUCK,2.1,0.92,6,20.5,13.3,2.9,10.4,CRITICAL,1,SYNTHETIC EMERGENCY V2X
EMG-EVT-002583,AMB-08,AMBULANCE,8.7,0.66,18,29.6,39.2,11.3,27.9,CRITICAL,1,SYNTHETIC EMERGENCY V2X
EMG-EVT-002584,AMB-01,AMBULANCE,13.8,0.98,27,15.1,87.2,17.8,69.4,CRITICAL,1,SYNTHETIC EMERGENCY V2X
EMG-EVT-002585,POL-06,POLICE,3.4,0.56,8,36.3,15.2,4.5,10.7,CRITICAL,1,SYNTHETIC EMERGENCY V2X
EMG-EVT-002586,AMB-09,AMBULANCE,11.7,0.26,22,59.7,38.2,15.0,23.2,CRITICAL,1,SYNTHETIC EMERGENCY V2X
EMG-EVT-002587,FIRE-05,FIRE_TRUCK,12.2,0.69,21,25.9,53.5,15.4,38.1,CRITICAL,1,SYNTHETIC EMERGENCY V2X
EMG-EVT-002588,AMB-10,AMBULANCE,7.2,0.74,15,23.8,36.2,9.4,26.8,CRITICAL,1,SYNTHETIC EMERGENCY V2X
EMG-EVT-002589,AMB-06,AMBULANCE,3.6,0.83,9,23.3,20.1,4.8,15.3,CRITICAL,1,SYNTHETIC EMERGENCY V2X
EMG-EVT-002590,AMB-02,AMBULANCE,3.6,0.31,6,56.6,11.0,4.5,6.5,CRITICAL,1,SYNTHETIC EMERGENCY V2X
EMG-EVT-002591,POL-01,POLICE,3.0,0.62,8,32.2,15.2,4.1,11.1,CRITICAL,1,SYNTHETIC EMERGENCY V2X
EMG-EVT-002592,FIRE-10,FIRE_TRUCK,8.7,0.41,18,45.7,33.0,11.3,21.7,CRITICAL,1,SYNTHETIC EMERGENCY V2X
EMG-EVT-002593,AMB-01,AMBULANCE,15.3,0.87,28,21.4,76.5,19.5,57.0,CRITICAL,1,SYNTHETIC EMERGENCY V2X
EMG-EVT-002594,AMB-05,AMBULANCE,11.8,0.79,23,25.4,55.5,15.2,40.3,CRITICAL,1,SYNTHETIC EMERGENCY V2X
EMG-EVT-002595,FIRE-03,FIRE_TRUCK,6.5,0.67,12,30.1,27.4,8.3,19.1,CRITICAL,1,SYNTHETIC EMERGENCY V2X
EMG-EVT-002596,AMB-08,AMBULANCE,12.0,0.3,22,53.2,39.9,15.3,24.6,CRITICAL,1,SYNTHETIC EMERGENCY V2X
EMG-EVT-002597,AMB-01,AMBULANCE,4.9,0.56,8,33.6,18.4,6.1,12.3,CRITICAL,1,SYNTHETIC EMERGENCY V2X
EMG-EVT-002598,POL-10,POLICE,4.5,0.33,10,48.4,17.6,5.9,11.7,CRITICAL,1,SYNTHETIC EMERGENCY V2X
EMG-EVT-002599,AMB-13,AMBULANCE,9.5,0.56,20,41.7,37.7,12.4,25.3,CRITICAL,1,SYNTHETIC EMERGENCY V2X
EMG-EVT-002600,AMB-09,AMBULANCE,2.1,0.48,6,38.7,10.5,2.9,7.6,CRITICAL,1,SYNTHETIC EMERGENCY V2X
EMG-EVT-002601,FIRE-09,FIRE_TRUCK,12.9,0.24,25,57.9,43.4,16.6,26.8,CRITICAL,1,SYNTHETIC EMERGENCY V2X
EMG-EVT-002602,AMB-20,AMBULANCE,4.4,0.91,9,18.6,25.0,5.7,19.3,CRITICAL,1,SYNTHETIC EMERGENCY V2X
EMG-EVT-002603,POL-09,POLICE,15.3,0.23,29,55.5,51.3,19.6,31.7,CRITICAL,1,SYNTHETIC EMERGENCY V2X
EMG-EVT-002604,AMB-20,AMBULANCE,8.0,0.95,16,19.3,44.1,10.3,33.8,CRITICAL,1,SYNTHETIC EMERGENCY V2X
EMG-EVT-002605,AMB-04,AMBULANCE,2.5,0.55,4,39.7,8.6,3.1,5.5,CRITICAL,1,SYNTHETIC EMERGENCY V2X
EMG-EVT-002606,AMB-08,AMBULANCE,12.0,0.81,21,27.9,51.0,15.2,35.8,CRITICAL,1,SYNTHETIC EMERGENCY V2X
EMG-EVT-002607,AMB-03,AMBULANCE,6.6,0.47,14,42.4,26.1,8.6,17.5,CRITICAL,1,SYNTHETIC EMERGENCY V2X
EMG-EVT-002608,AMB-20,AMBULANCE,8.5,0.27,18,55.7,30.8,11.1,19.7,CRITICAL,1,SYNTHETIC EMERGENCY V2X
EMG-EVT-002609,AMB-01,AMBULANCE,11.5,0.36,23,53.5,40.5,14.8,25.7,CRITICAL,1,SYNTHETIC EMERGENCY V2X
EMG-EVT-002610,AMB-13,AMBULANCE,16.0,0.47,28,41.2,56.9,20.3,36.6,CRITICAL,1,SYNTHETIC EMERGENCY V2X
EMG-EVT-002611,AMB-08,AMBULANCE,4.3,0.7,10,32.3,20.0,5.7,14.3,CRITICAL,1,SYNTHETIC EMERGENCY V2X
EMG-EVT-002612,AMB-20,AMBULANCE,12.8,0.55,23,37.9,47.9,16.3,31.6,CRITICAL,1,SYNTHETIC EMERGENCY V2X
EMG-EVT-002613,AMB-18,AMBULANCE,15.5,0.47,29,43.7,56.1,19.8,36.3,CRITICAL,1,SYNTHETIC EMERGENCY V2X
EMG-EVT-002614,AMB-02,AMBULANCE,12.6,0.94,23,12.9,86.2,16.0,70.2,CRITICAL,1,SYNTHETIC EMERGENCY V2X
EMG-EVT-002615,AMB-20,AMBULANCE,14.9,0.73,27,27.0,65.5,19.0,46.5,CRITICAL,1,SYNTHETIC EMERGENCY V2X
EMG-EVT-002616,FIRE-03,FIRE_TRUCK,12.9,0.36,25,52.4,44.8,16.6,28.2,CRITICAL,1,SYNTHETIC EMERGENCY V2X
EMG-EVT-002617,AMB-16,AMBULANCE,4.6,0.82,10,18.6,26.8,6.0,20.8,CRITICAL,1,SYNTHETIC EMERGENCY V2X
EMG-EVT-002618,AMB-03,AMBULANCE,2.3,0.49,5,39.6,9.5,3.0,6.5,CRITICAL,1,SYNTHETIC EMERGENCY V2X
EMG-EVT-002619,AMB-01,AMBULANCE,13.4,0.7,25,29.8,57.0,17.1,39.9,CRITICAL,1,SYNTHETIC EMERGENCY V2X
EMG-EVT-002620,POL-10,POLICE,10.0,0.3,20,50.8,35.8,12.9,22.9,CRITICAL,1,SYNTHETIC EMERGENCY V2X
EMG-EVT-002621,AMB-09,AMBULANCE,14.4,0.38,25,53.6,46.1,18.2,27.9,CRITICAL,1,SYNTHETIC EMERGENCY V2X
EMG-EVT-002622,FIRE-06,FIRE_TRUCK,8.0,0.69,14,31.0,32.3,10.1,22.2,CRITICAL,1,SYNTHETIC EMERGENCY V2X
EMG-EVT-002623,AMB-19,AMBULANCE,5.1,0.85,12,23.4,27.5,6.8,20.7,CRITICAL,1,SYNTHETIC EMERGENCY V2X
EMG-EVT-002624,AMB-08,AMBULANCE,6.8,0.57,14,41.5,26.6,8.8,17.8,CRITICAL,1,SYNTHETIC EMERGENCY V2X
EMG-EVT-002625,AMB-14,AMBULANCE,8.4,0.61,18,33.7,36.6,11.0,25.6,CRITICAL,1,SYNTHETIC EMERGENCY V2X
EMG-EVT-002626,FIRE-05,FIRE_TRUCK,10.0,0.72,19,29.7,43.0,12.8,30.2,CRITICAL,1,SYNTHETIC EMERGENCY V2X
EMG-EVT-002627,AMB-08,AMBULANCE,14.0,0.54,26,43.3,50.6,17.9,32.7,CRITICAL,1,SYNTHETIC EMERGENCY V2X
EMG-EVT-002628,AMB-10,AMBULANCE,15.2,0.31,29,50.0,53.0,19.5,33.5,CRITICAL,1,SYNTHETIC EMERGENCY V2X
EMG-EVT-002629,AMB-06,AMBULANCE,1.5,0.84,5,22.9,9.9,2.1,7.8,CRITICAL,1,SYNTHETIC EMERGENCY V2X
EMG-EVT-002630,AMB-09,AMBULANCE,8.3,0.5,14,41.9,28.7,10.5,18.2,CRITICAL,1,SYNTHETIC EMERGENCY V2X
EMG-EVT-002631,AMB-06,AMBULANCE,9.4,0.75,18,27.1,42.4,12.1,30.3,CRITICAL,1,SYNTHETIC EMERGENCY V2X
EMG-EVT-002632,AMB-07,AMBULANCE,8.3,0.67,17,34.5,34.8,10.8,24.0,CRITICAL,1,SYNTHETIC EMERGENCY V2X
EMG-EVT-002633,AMB-04,AMBULANCE,14.3,0.48,27,42.6,52.5,18.3,34.2,CRITICAL,1,SYNTHETIC EMERGENCY V2X
EMG-EVT-002634,POL-05,POLICE,5.9,0.82,11,20.6,30.4,7.5,22.9,CRITICAL,1,SYNTHETIC EMERGENCY V2X
EMG-EVT-002635,AMB-18,AMBULANCE,4.5,0.73,9,27.2,20.7,5.8,14.9,CRITICAL,1,SYNTHETIC EMERGENCY V2X
EMG-EVT-002636,FIRE-01,FIRE_TRUCK,13.0,0.61,23,39.5,47.3,16.5,30.8,CRITICAL,1,SYNTHETIC EMERGENCY V2X
EMG-EVT-002637,FIRE-08,FIRE_TRUCK,14.7,0.21,27,58.4,47.5,18.7,28.8,CRITICAL,1,SYNTHETIC EMERGENCY V2X
EMG-EVT-002638,AMB-01,AMBULANCE,8.1,0.87,17,22.9,41.6,10.5,31.1,CRITICAL,1,SYNTHETIC EMERGENCY V2X
EMG-EVT-002639,FIRE-06,FIRE_TRUCK,13.1,0.92,25,12.4,93.4,16.8,76.6,CRITICAL,1,SYNTHETIC EMERGENCY V2X
EMG-EVT-002640,FIRE-06,FIRE_TRUCK,14.6,0.84,27,17.0,83.9,18.6,65.3,CRITICAL,1,SYNTHETIC EMERGENCY V2X
EMG-EVT-002641,AMB-02,AMBULANCE,7.4,0.44,15,48.3,27.2,9.6,17.6,CRITICAL,1,SYNTHETIC EMERGENCY V2X
EMG-EVT-002642,AMB-07,AMBULANCE,14.3,0.59,26,36.3,54.8,18.2,36.6,CRITICAL,1,SYNTHETIC EMERGENCY V2X
EMG-EVT-002643,AMB-08,AMBULANCE,7.7,0.43,13,45.9,25.7,9.7,16.0,CRITICAL,1,SYNTHETIC EMERGENCY V2X
EMG-EVT-002644,AMB-20,AMBULANCE,6.3,0.96,11,18.4,33.7,8.0,25.7,CRITICAL,1,SYNTHETIC EMERGENCY V2X
EMG-EVT-002645,FIRE-04,FIRE_TRUCK,5.1,0.43,12,45.1,21.2,6.8,14.4,CRITICAL,1,SYNTHETIC EMERGENCY V2X
EMG-EVT-002646,AMB-16,AMBULANCE,13.4,0.49,26,37.8,52.5,17.2,35.3,CRITICAL,1,SYNTHETIC EMERGENCY V2X
EMG-EVT-002647,AMB-16,AMBULANCE,10.0,0.33,20,54.7,35.0,12.9,22.1,CRITICAL,1,SYNTHETIC EMERGENCY V2X
EMG-EVT-002648,AMB-15,AMBULANCE,8.3,0.82,15,25.4,37.6,10.6,27.0,CRITICAL,1,SYNTHETIC EMERGENCY V2X
EMG-EVT-002649,FIRE-09,FIRE_TRUCK,2.7,0.56,6,38.8,11.4,3.5,7.9,HIGH,1,SYNTHETIC EMERGENCY V2X
EMG-EVT-002650,AMB-17,AMBULANCE,7.7,0.88,14,22.4,37.4,9.8,27.6,CRITICAL,1,SYNTHETIC EMERGENCY V2X
EMG-EVT-002651,AMB-04,AMBULANCE,12.2,0.88,22,18.3,66.4,15.5,50.9,CRITICAL,1,SYNTHETIC EMERGENCY V2X
EMG-EVT-002652,AMB-19,AMBULANCE,1.7,0.85,4,20.8,9.7,2.3,7.4,CRITICAL,1,SYNTHETIC EMERGENCY V2X
EMG-EVT-002653,AMB-18,AMBULANCE,12.8,0.93,24,17.7,72.2,16.4,55.8,CRITICAL,1,SYNTHETIC EMERGENCY V2X
EMG-EVT-002654,AMB-20,AMBULANCE,14.6,0.96,29,15.3,92.1,18.8,73.3,CRITICAL,1,SYNTHETIC EMERGENCY V2X
EMG-EVT-002655,AMB-12,AMBULANCE,9.0,0.8,16,23.9,41.8,11.4,30.4,CRITICAL,1,SYNTHETIC EMERGENCY V2X
EMG-EVT-002656,AMB-05,AMBULANCE,6.4,0.28,14,54.5,23.8,8.4,15.4,CRITICAL,1,SYNTHETIC EMERGENCY V2X
EMG-EVT-002657,AMB-18,AMBULANCE,7.3,0.59,14,41.0,27.5,9.4,18.1,CRITICAL,1,SYNTHETIC EMERGENCY V2X
EMG-EVT-002658,AMB-11,AMBULANCE,9.8,0.43,18,47.6,34.0,12.5,21.5,CRITICAL,1,SYNTHETIC EMERGENCY V2X
EMG-EVT-002659,AMB-12,AMBULANCE,15.4,0.7,27,29.7,63.5,19.5,44.0,CRITICAL,1,SYNTHETIC EMERGENCY V2X
EMG-EVT-002660,AMB-07,AMBULANCE,11.9,0.73,24,29.9,52.7,15.4,37.3,CRITICAL,1,SYNTHETIC EMERGENCY V2X
EMG-EVT-002661,AMB-17,AMBULANCE,9.8,0.41,17,45.6,33.3,12.4,20.9,CRITICAL,1,SYNTHETIC EMERGENCY V2X
EMG-EVT-002662,AMB-09,AMBULANCE,7.5,0.86,15,19.4,41.2,9.7,31.5,CRITICAL,1,SYNTHETIC EMERGENCY V2X
EMG-EVT-002663,AMB-07,AMBULANCE,7.9,0.51,16,36.4,32.2,10.2,22.0,CRITICAL,1,SYNTHETIC EMERGENCY V2X
EMG-EVT-002664,AMB-01,AMBULANCE,7.7,0.85,13,18.7,40.3,9.7,30.6,CRITICAL,1,SYNTHETIC EMERGENCY V2X
EMG-EVT-002665,AMB-18,AMBULANCE,8.0,0.34,14,48.1,26.8,10.1,16.7,CRITICAL,1,SYNTHETIC EMERGENCY V2X
EMG-EVT-002666,AMB-05,AMBULANCE,8.7,0.42,18,51.5,31.7,11.3,20.4,CRITICAL,1,SYNTHETIC EMERGENCY V2X
EMG-EVT-002667,AMB-01,AMBULANCE,2.2,0.25,3,53.1,6.1,2.7,3.4,CRITICAL,1,SYNTHETIC EMERGENCY V2X
EMG-EVT-002668,AMB-12,AMBULANCE,6.5,0.33,12,49.0,22.4,8.3,14.1,CRITICAL,1,SYNTHETIC EMERGENCY V2X
EMG-EVT-002669,AMB-15,AMBULANCE,14.1,0.94,25,18.4,76.0,17.9,58.1,CRITICAL,1,SYNTHETIC EMERGENCY V2X
EMG-EVT-002670,AMB-02,AMBULANCE,14.0,0.29,28,50.0,50.4,18.1,32.3,CRITICAL,1,SYNTHETIC EMERGENCY V2X
EMG-EVT-002671,AMB-02,AMBULANCE,3.5,0.75,9,31.5,17.5,4.7,12.8,CRITICAL,1,SYNTHETIC EMERGENCY V2X
EMG-EVT-002672,AMB-06,AMBULANCE,10.4,0.64,21,37.9,41.7,13.4,28.3,CRITICAL,1,SYNTHETIC EMERGENCY V2X
EMG-EVT-002673,AMB-17,AMBULANCE,10.1,0.81,18,25.9,45.0,12.8,32.2,CRITICAL,1,SYNTHETIC EMERGENCY V2X
EMG-EVT-002674,AMB-14,AMBULANCE,13.1,0.34,23,50.3,43.2,16.6,26.6,CRITICAL,1,SYNTHETIC EMERGENCY V2X
EMG-EVT-002675,AMB-13,AMBULANCE,5.9,0.8,12,20.7,31.5,7.6,23.9,CRITICAL,1,SYNTHETIC EMERGENCY V2X
EMG-EVT-002676,FIRE-04,FIRE_TRUCK,2.1,0.6,4,40.9,7.9,2.7,5.2,HIGH,1,SYNTHETIC EMERGENCY V2X
EMG-EVT-002677,AMB-11,AMBULANCE,14.4,0.76,26,26.3,64.1,18.3,45.8,CRITICAL,1,SYNTHETIC EMERGENCY V2X
EMG-EVT-002678,AMB-19,AMBULANCE,2.2,0.32,3,48.2,6.3,2.7,3.6,CRITICAL,1,SYNTHETIC EMERGENCY V2X
EMG-EVT-002679,AMB-14,AMBULANCE,7.2,0.95,14,19.9,38.5,9.3,29.2,CRITICAL,1,SYNTHETIC EMERGENCY V2X
EMG-EVT-002680,POL-02,POLICE,6.8,0.61,15,32.9,30.4,8.9,21.5,CRITICAL,1,SYNTHETIC EMERGENCY V2X
EMG-EVT-002681,AMB-16,AMBULANCE,4.4,0.4,8,50.7,14.8,5.6,9.2,CRITICAL,1,SYNTHETIC EMERGENCY V2X
EMG-EVT-002682,AMB-09,AMBULANCE,12.4,0.25,22,53.3,40.4,15.7,24.7,CRITICAL,1,SYNTHETIC EMERGENCY V2X
EMG-EVT-002683,FIRE-04,FIRE_TRUCK,9.3,0.65,18,31.3,39.4,11.9,27.5,CRITICAL,1,SYNTHETIC EMERGENCY V2X
EMG-EVT-002684,AMB-02,AMBULANCE,5.6,0.51,13,44.0,23.2,7.4,15.8,CRITICAL,1,SYNTHETIC EMERGENCY V2X
EMG-EVT-002685,POL-01,POLICE,4.7,0.47,9,47.5,16.7,6.0,10.7,CRITICAL,1,SYNTHETIC EMERGENCY V2X
EMG-EVT-002686,AMB-10,AMBULANCE,11.3,0.53,22,36.5,45.0,14.5,30.5,CRITICAL,1,SYNTHETIC EMERGENCY V2X
EMG-EVT-002687,FIRE-07,FIRE_TRUCK,9.0,0.5,17,45.0,32.4,11.5,20.9,CRITICAL,1,SYNTHETIC EMERGENCY V2X
EMG-EVT-002688,AMB-16,AMBULANCE,10.0,0.28,20,50.7,35.8,12.9,22.9,CRITICAL,1,SYNTHETIC EMERGENCY V2X
EMG-EVT-002689,AMB-05,AMBULANCE,15.2,0.58,27,36.3,57.5,19.3,38.2,CRITICAL,1,SYNTHETIC EMERGENCY V2X
EMG-EVT-002690,POL-07,POLICE,3.2,0.91,7,15.1,21.1,4.2,16.9,CRITICAL,1,SYNTHETIC EMERGENCY V2X
EMG-EVT-002691,AMB-08,AMBULANCE,4.2,0.65,8,32.9,17.3,5.4,11.9,CRITICAL,1,SYNTHETIC EMERGENCY V2X
EMG-EVT-002692,AMB-15,AMBULANCE,14.9,0.22,26,56.9,46.9,18.9,28.0,CRITICAL,1,SYNTHETIC EMERGENCY V2X
EMG-EVT-002693,FIRE-08,FIRE_TRUCK,9.9,0.25,17,53.0,31.6,12.5,19.1,CRITICAL,1,SYNTHETIC EMERGENCY V2X
EMG-EVT-002694,AMB-10,AMBULANCE,8.7,0.93,15,13.2,57.5,11.0,46.5,CRITICAL,1,SYNTHETIC EMERGENCY V2X
EMG-EVT-002695,AMB-09,AMBULANCE,10.0,0.26,18,55.5,32.4,12.7,19.7,CRITICAL,1,SYNTHETIC EMERGENCY V2X
EMG-EVT-002696,FIRE-09,FIRE_TRUCK,1.7,0.59,6,32.0,10.4,2.5,7.9,HIGH,1,SYNTHETIC EMERGENCY V2X
EMG-EVT-002697,AMB-16,AMBULANCE,10.0,0.66,18,29.3,42.1,12.7,29.4,CRITICAL,1,SYNTHETIC EMERGENCY V2X
EMG-EVT-002698,AMB-16,AMBULANCE,14.7,0.51,27,43.8,52.5,18.7,33.8,CRITICAL,1,SYNTHETIC EMERGENCY V2X
EMG-EVT-002699,AMB-08,AMBULANCE,6.1,0.66,10,34.1,22.7,7.7,15.0,CRITICAL,1,SYNTHETIC EMERGENCY V2X
EMG-EVT-002700,AMB-01,AMBULANCE,5.9,0.75,11,25.5,27.1,7.5,19.6,CRITICAL,1,SYNTHETIC EMERGENCY V2X
EMG-EVT-002701,FIRE-03,FIRE_TRUCK,12.2,0.88,24,14.4,79.6,15.7,63.9,CRITICAL,1,SYNTHETIC EMERGENCY V2X
EMG-EVT-002702,FIRE-04,FIRE_TRUCK,14.5,0.35,27,54.2,48.5,18.5,30.0,CRITICAL,1,SYNTHETIC EMERGENCY V2X
EMG-EVT-002703,AMB-17,AMBULANCE,13.9,0.53,25,40.7,50.5,17.7,32.8,CRITICAL,1,SYNTHETIC EMERGENCY V2X
EMG-EVT-002704,AMB-08,AMBULANCE,1.8,0.84,4,21.2,9.9,2.4,7.5,CRITICAL,1,SYNTHETIC EMERGENCY V2X
EMG-EVT-002705,AMB-19,AMBULANCE,3.9,0.67,8,32.3,16.8,5.1,11.7,CRITICAL,1,SYNTHETIC EMERGENCY V2X
EMG-EVT-002706,AMB-11,AMBULANCE,6.3,0.28,11,59.5,19.6,8.0,11.6,CRITICAL,1,SYNTHETIC EMERGENCY V2X
EMG-EVT-002707,AMB-02,AMBULANCE,6.2,0.71,14,33.0,28.1,8.2,19.9,CRITICAL,1,SYNTHETIC EMERGENCY V2X
EMG-EVT-002708,FIRE-02,FIRE_TRUCK,9.3,0.78,16,29.8,37.9,11.7,26.2,CRITICAL,1,SYNTHETIC EMERGENCY V2X
EMG-EVT-002709,AMB-20,AMBULANCE,12.1,0.33,21,49.0,40.0,15.3,24.7,CRITICAL,1,SYNTHETIC EMERGENCY V2X
EMG-EVT-002710,AMB-02,AMBULANCE,9.5,0.7,17,28.1,40.7,12.1,28.6,CRITICAL,1,SYNTHETIC EMERGENCY V2X
EMG-EVT-002711,AMB-01,AMBULANCE,15.5,0.3,27,57.0,48.7,19.6,29.1,CRITICAL,1,SYNTHETIC EMERGENCY V2X
EMG-EVT-002712,AMB-02,AMBULANCE,8.8,0.76,16,24.8,40.5,11.2,29.3,CRITICAL,1,SYNTHETIC EMERGENCY V2X
EMG-EVT-002713,POL-09,POLICE,15.7,0.45,30,45.2,56.8,20.1,36.7,CRITICAL,1,SYNTHETIC EMERGENCY V2X
EMG-EVT-002714,AMB-08,AMBULANCE,11.6,0.91,21,19.4,61.1,14.8,46.3,CRITICAL,1,SYNTHETIC EMERGENCY V2X
EMG-EVT-002715,FIRE-07,FIRE_TRUCK,10.1,0.61,21,32.9,43.6,13.1,30.5,CRITICAL,1,SYNTHETIC EMERGENCY V2X
EMG-EVT-002716,AMB-01,AMBULANCE,15.4,0.97,30,15.5,95.6,19.8,75.8,CRITICAL,1,SYNTHETIC EMERGENCY V2X
EMG-EVT-002717,AMB-11,AMBULANCE,3.1,0.76,8,30.3,15.7,4.2,11.5,CRITICAL,1,SYNTHETIC EMERGENCY V2X
EMG-EVT-002718,AMB-13,AMBULANCE,6.6,0.22,11,55.3,20.4,8.3,12.1,CRITICAL,1,SYNTHETIC EMERGENCY V2X
EMG-EVT-002719,AMB-13,AMBULANCE,10.5,0.57,19,36.9,39.9,13.4,26.5,CRITICAL,1,SYNTHETIC EMERGENCY V2X
EMG-EVT-002720,AMB-01,AMBULANCE,11.0,0.74,22,32.2,46.9,14.2,32.7,CRITICAL,1,SYNTHETIC EMERGENCY V2X
EMG-EVT-002721,FIRE-09,FIRE_TRUCK,6.1,0.38,10,45.6,20.0,7.7,12.3,CRITICAL,1,SYNTHETIC EMERGENCY V2X
EMG-EVT-002722,AMB-11,AMBULANCE,1.6,0.38,3,50.1,5.5,2.0,3.5,CRITICAL,1,SYNTHETIC EMERGENCY V2X
EMG-EVT-002723,POL-02,POLICE,12.6,0.58,22,35.0,48.0,15.9,32.1,CRITICAL,1,SYNTHETIC EMERGENCY V2X
EMG-EVT-002724,AMB-17,AMBULANCE,3.0,0.78,8,22.2,17.7,4.1,13.6,CRITICAL,1,SYNTHETIC EMERGENCY V2X
EMG-EVT-002725,AMB-14,AMBULANCE,5.9,0.35,11,53.0,19.9,7.5,12.4,CRITICAL,1,SYNTHETIC EMERGENCY V2X
EMG-EVT-002726,AMB-13,AMBULANCE,2.9,0.36,7,49.8,11.9,3.9,8.0,CRITICAL,1,SYNTHETIC EMERGENCY V2X
EMG-EVT-002727,FIRE-04,FIRE_TRUCK,6.3,0.72,14,28.1,30.3,8.3,22.0,CRITICAL,1,SYNTHETIC EMERGENCY V2X
EMG-EVT-002728,AMB-05,AMBULANCE,8.0,0.79,14,27.1,34.5,10.1,24.4,CRITICAL,1,SYNTHETIC EMERGENCY V2X
EMG-EVT-002729,AMB-01,AMBULANCE,10.8,0.98,22,15.6,67.9,14.0,53.9,CRITICAL,1,SYNTHETIC EMERGENCY V2X
EMG-EVT-002730,AMB-15,AMBULANCE,12.6,0.79,25,22.0,64.4,16.2,48.2,CRITICAL,1,SYNTHETIC EMERGENCY V2X
EMG-EVT-002731,AMB-11,AMBULANCE,11.8,0.76,21,28.3,50.2,15.0,35.2,CRITICAL,1,SYNTHETIC EMERGENCY V2X
EMG-EVT-002732,AMB-09,AMBULANCE,15.7,0.7,29,31.9,64.3,20.0,44.3,CRITICAL,1,SYNTHETIC EMERGENCY V2X
EMG-EVT-002733,AMB-19,AMBULANCE,10.3,0.52,19,37.8,39.1,13.1,26.0,CRITICAL,1,SYNTHETIC EMERGENCY V2X
EMG-EVT-002734,AMB-16,AMBULANCE,10.9,0.95,19,11.6,79.2,13.8,65.4,CRITICAL,1,SYNTHETIC EMERGENCY V2X
EMG-EVT-002735,AMB-19,AMBULANCE,13.0,0.68,25,29.6,56.4,16.7,39.7,CRITICAL,1,SYNTHETIC EMERGENCY V2X
EMG-EVT-002736,AMB-09,AMBULANCE,6.3,0.94,14,11.5,49.7,8.3,41.4,CRITICAL,1,SYNTHETIC EMERGENCY V2X
EMG-EVT-002737,AMB-04,AMBULANCE,10.7,0.66,21,34.8,43.6,13.8,29.8,CRITICAL,1,SYNTHETIC EMERGENCY V2X
EMG-EVT-002738,AMB-15,AMBULANCE,12.6,0.28,25,53.3,44.2,16.2,28.0,CRITICAL,1,SYNTHETIC EMERGENCY V2X
EMG-EVT-002739,AMB-01,AMBULANCE,11.1,0.36,19,54.7,35.0,14.0,21.0,CRITICAL,1,SYNTHETIC EMERGENCY V2X
EMG-EVT-002740,FIRE-04,FIRE_TRUCK,5.6,0.35,10,47.8,19.0,7.1,11.9,CRITICAL,1,SYNTHETIC EMERGENCY V2X
EMG-EVT-002741,AMB-18,AMBULANCE,5.8,0.68,12,34.1,24.6,7.5,17.1,CRITICAL,1,SYNTHETIC EMERGENCY V2X
EMG-EVT-002742,AMB-08,AMBULANCE,3.2,0.79,8,24.2,17.5,4.3,13.2,CRITICAL,1,SYNTHETIC EMERGENCY V2X
EMG-EVT-002743,AMB-14,AMBULANCE,9.3,0.63,16,35.9,34.7,11.7,23.0,CRITICAL,1,SYNTHETIC EMERGENCY V2X
EMG-EVT-002744,AMB-18,AMBULANCE,4.7,0.47,9,48.8,16.6,6.0,10.6,CRITICAL,1,SYNTHETIC EMERGENCY V2X
EMG-EVT-002745,FIRE-05,FIRE_TRUCK,7.5,0.38,15,50.0,27.0,9.7,17.3,CRITICAL,1,SYNTHETIC EMERGENCY V2X
EMG-EVT-002746,AMB-15,AMBULANCE,1.6,0.71,2,30.2,5.6,2.0,3.6,CRITICAL,1,SYNTHETIC EMERGENCY V2X
EMG-EVT-002747,AMB-16,AMBULANCE,9.4,0.9,18,18.5,52.1,12.1,40.0,CRITICAL,1,SYNTHETIC EMERGENCY V2X
EMG-EVT-002748,FIRE-10,FIRE_TRUCK,12.3,0.77,25,21.6,64.2,15.9,48.3,CRITICAL,1,SYNTHETIC EMERGENCY V2X
EMG-EVT-002749,FIRE-02,FIRE_TRUCK,8.7,0.51,18,41.9,34.1,11.3,22.8,CRITICAL,1,SYNTHETIC EMERGENCY V2X
EMG-EVT-002750,FIRE-10,FIRE_TRUCK,3.0,0.25,5,54.7,9.3,3.8,5.5,HIGH,1,SYNTHETIC EMERGENCY V2X
EMG-EVT-002751,AMB-03,AMBULANCE,13.4,0.65,25,37.2,51.6,17.1,34.5,CRITICAL,1,SYNTHETIC EMERGENCY V2X
EMG-EVT-002752,FIRE-09,FIRE_TRUCK,4.1,0.58,7,36.6,15.1,5.2,9.9,CRITICAL,1,SYNTHETIC EMERGENCY V2X
EMG-EVT-002753,POL-05,POLICE,12.2,0.47,24,41.9,46.3,15.7,30.6,CRITICAL,1,SYNTHETIC EMERGENCY V2X
EMG-EVT-002754,AMB-01,AMBULANCE,15.7,0.68,28,27.8,67.5,19.9,47.6,CRITICAL,1,SYNTHETIC EMERGENCY V2X
EMG-EVT-002755,AMB-08,AMBULANCE,12.2,0.53,24,43.8,45.5,15.7,29.8,CRITICAL,1,SYNTHETIC EMERGENCY V2X
EMG-EVT-002756,AMB-18,AMBULANCE,5.7,0.52,11,40.2,21.7,7.3,14.4,CRITICAL,1,SYNTHETIC EMERGENCY V2X
EMG-EVT-002757,POL-04,POLICE,15.8,0.6,28,35.1,60.6,20.0,40.6,CRITICAL,1,SYNTHETIC EMERGENCY V2X
EMG-EVT-002758,AMB-10,AMBULANCE,8.2,0.7,15,34.9,32.1,10.4,21.7,CRITICAL,1,SYNTHETIC EMERGENCY V2X
EMG-EVT-002759,AMB-03,AMBULANCE,7.3,0.83,15,20.7,39.2,9.5,29.7,CRITICAL,1,SYNTHETIC EMERGENCY V2X
EMG-EVT-002760,AMB-16,AMBULANCE,7.3,0.44,13,48.9,24.6,9.3,15.3,CRITICAL,1,SYNTHETIC EMERGENCY V2X
EMG-EVT-002761,AMB-02,AMBULANCE,11.4,0.22,23,59.2,39.2,14.7,24.5,CRITICAL,1,SYNTHETIC EMERGENCY V2X
EMG-EVT-002762,AMB-15,AMBULANCE,10.1,0.88,18,15.5,60.7,12.8,47.9,CRITICAL,1,SYNTHETIC EMERGENCY V2X
EMG-EVT-002763,AMB-02,AMBULANCE,13.8,0.32,26,54.7,46.3,17.7,28.6,CRITICAL,1,SYNTHETIC EMERGENCY V2X
EMG-EVT-002764,POL-06,POLICE,3.2,0.38,5,50.5,9.8,4.0,5.8,HIGH,1,SYNTHETIC EMERGENCY V2X
EMG-EVT-002765,AMB-18,AMBULANCE,9.8,0.63,17,29.5,40.3,12.4,27.9,CRITICAL,1,SYNTHETIC EMERGENCY V2X
EMG-EVT-002766,AMB-12,AMBULANCE,9.3,0.37,16,47.3,31.0,11.7,19.3,CRITICAL,1,SYNTHETIC EMERGENCY V2X
EMG-EVT-002767,AMB-05,AMBULANCE,5.6,0.49,11,42.5,21.1,7.2,13.9,CRITICAL,1,SYNTHETIC EMERGENCY V2X
EMG-EVT-002768,AMB-15,AMBULANCE,14.3,0.48,26,47.8,49.1,18.2,30.9,CRITICAL,1,SYNTHETIC EMERGENCY V2X
EMG-EVT-002769,AMB-03,AMBULANCE,13.0,0.67,26,32.2,55.4,16.8,38.6,CRITICAL,1,SYNTHETIC EMERGENCY V2X
EMG-EVT-002770,FIRE-08,FIRE_TRUCK,1.6,0.94,5,15.8,12.1,2.2,9.9,CRITICAL,1,SYNTHETIC EMERGENCY V2X
EMG-EVT-002771,POL-08,POLICE,11.1,0.21,22,59.2,37.6,14.3,23.3,CRITICAL,1,SYNTHETIC EMERGENCY V2X
EMG-EVT-002772,AMB-18,AMBULANCE,11.9,0.79,23,28.7,52.5,15.3,37.2,CRITICAL,1,SYNTHETIC EMERGENCY V2X
EMG-EVT-002773,AMB-08,AMBULANCE,1.7,0.26,5,59.5,7.7,2.4,5.3,CRITICAL,1,SYNTHETIC EMERGENCY V2X
EMG-EVT-002774,AMB-10,AMBULANCE,8.6,0.33,15,52.3,27.9,10.9,17.0,CRITICAL,1,SYNTHETIC EMERGENCY V2X
EMG-EVT-002775,FIRE-10,FIRE_TRUCK,4.1,0.83,9,25.1,20.6,5.4,15.2,CRITICAL,1,SYNTHETIC EMERGENCY V2X
EMG-EVT-002776,FIRE-03,FIRE_TRUCK,2.5,0.28,5,56.7,8.6,3.2,5.4,HIGH,1,SYNTHETIC EMERGENCY V2X
EMG-EVT-002777,AMB-03,AMBULANCE,9.0,0.65,19,33.3,39.0,11.7,27.3,CRITICAL,1,SYNTHETIC EMERGENCY V2X
EMG-EVT-002778,AMB-20,AMBULANCE,10.2,0.26,20,56.2,34.9,13.1,21.8,CRITICAL,1,SYNTHETIC EMERGENCY V2X
EMG-EVT-002779,AMB-10,AMBULANCE,9.8,0.41,20,50.4,35.7,12.7,23.0,CRITICAL,1,SYNTHETIC EMERGENCY V2X
EMG-EVT-002780,AMB-10,AMBULANCE,12.5,0.26,24,58.9,41.5,16.0,25.5,CRITICAL,1,SYNTHETIC EMERGENCY V2X
EMG-EVT-002781,AMB-12,AMBULANCE,2.0,0.41,4,43.5,7.6,2.6,5.0,CRITICAL,1,SYNTHETIC EMERGENCY V2X
EMG-EVT-002782,FIRE-03,FIRE_TRUCK,12.1,0.53,23,36.1,47.7,15.5,32.2,CRITICAL,1,SYNTHETIC EMERGENCY V2X
EMG-EVT-002783,AMB-14,AMBULANCE,14.3,0.57,26,41.9,51.7,18.2,33.5,CRITICAL,1,SYNTHETIC EMERGENCY V2X
EMG-EVT-002784,AMB-14,AMBULANCE,3.7,0.46,6,46.8,11.9,4.6,7.3,CRITICAL,1,SYNTHETIC EMERGENCY V2X
EMG-EVT-002785,FIRE-01,FIRE_TRUCK,6.6,0.26,12,52.1,22.0,8.4,13.6,CRITICAL,1,SYNTHETIC EMERGENCY V2X
EMG-EVT-002786,POL-08,POLICE,12.5,0.77,23,22.2,61.4,15.9,45.5,CRITICAL,1,SYNTHETIC EMERGENCY V2X
EMG-EVT-002787,AMB-16,AMBULANCE,11.2,0.54,20,41.9,40.0,14.2,25.8,CRITICAL,1,SYNTHETIC EMERGENCY V2X
EMG-EVT-002788,AMB-15,AMBULANCE,5.2,0.7,11,25.7,25.3,6.8,18.5,CRITICAL,1,SYNTHETIC EMERGENCY V2X
EMG-EVT-002789,FIRE-01,FIRE_TRUCK,14.6,0.57,28,35.3,58.4,18.7,39.7,CRITICAL,1,SYNTHETIC EMERGENCY V2X
EMG-EVT-002790,POL-04,POLICE,3.1,0.67,6,29.3,13.5,4.0,9.5,CRITICAL,1,SYNTHETIC EMERGENCY V2X
EMG-EVT-002791,AMB-03,AMBULANCE,4.9,0.35,10,52.6,17.6,6.3,11.3,CRITICAL,1,SYNTHETIC EMERGENCY V2X
EMG-EVT-002792,AMB-10,AMBULANCE,9.2,0.64,17,34.2,36.5,11.7,24.8,CRITICAL,1,SYNTHETIC EMERGENCY V2X
EMG-EVT-002793,AMB-06,AMBULANCE,14.2,0.52,26,39.8,52.6,18.1,34.5,CRITICAL,1,SYNTHETIC EMERGENCY V2X
EMG-EVT-002794,AMB-02,AMBULANCE,13.1,0.21,25,62.8,42.5,16.8,25.7,CRITICAL,1,SYNTHETIC EMERGENCY V2X
EMG-EVT-002795,AMB-15,AMBULANCE,13.1,0.52,23,41.7,46.4,16.6,29.8,CRITICAL,1,SYNTHETIC EMERGENCY V2X
EMG-EVT-002796,POL-01,POLICE,6.4,0.95,11,17.8,34.8,8.1,26.7,CRITICAL,1,SYNTHETIC EMERGENCY V2X
EMG-EVT-002797,AMB-09,AMBULANCE,11.7,0.53,22,35.9,46.0,15.0,31.0,CRITICAL,1,SYNTHETIC EMERGENCY V2X
EMG-EVT-002798,AMB-04,AMBULANCE,2.3,0.59,6,33.4,11.3,3.1,8.2,CRITICAL,1,SYNTHETIC EMERGENCY V2X
EMG-EVT-002799,AMB-12,AMBULANCE,3.3,0.62,7,34.2,14.2,4.3,9.9,CRITICAL,1,SYNTHETIC EMERGENCY V2X
EMG-EVT-002800,AMB-02,AMBULANCE,8.7,0.73,15,26.8,37.5,11.0,26.5,CRITICAL,1,SYNTHETIC EMERGENCY V2X
EMG-EVT-002801,AMB-03,AMBULANCE,11.3,0.71,21,26.6,50.7,14.4,36.3,CRITICAL,1,SYNTHETIC EMERGENCY V2X
EMG-EVT-002802,AMB-16,AMBULANCE,13.8,0.38,24,47.1,46.4,17.5,28.9,CRITICAL,1,SYNTHETIC EMERGENCY V2X
EMG-EVT-002803,POL-02,POLICE,2.3,0.59,5,36.0,9.8,3.0,6.8,HIGH,1,SYNTHETIC EMERGENCY V2X
EMG-EVT-002804,AMB-17,AMBULANCE,5.7,0.58,12,34.7,24.3,7.4,16.9,CRITICAL,1,SYNTHETIC EMERGENCY V2X
EMG-EVT-002805,AMB-02,AMBULANCE,2.6,0.47,7,40.4,12.3,3.5,8.8,CRITICAL,1,SYNTHETIC EMERGENCY V2X
EMG-EVT-002806,AMB-09,AMBULANCE,2.7,0.4,6,50.3,10.4,3.5,6.9,CRITICAL,1,SYNTHETIC EMERGENCY V2X
EMG-EVT-002807,FIRE-03,FIRE_TRUCK,1.8,0.73,3,29.4,7.3,2.3,5.0,HIGH,1,SYNTHETIC EMERGENCY V2X
EMG-EVT-002808,FIRE-08,FIRE_TRUCK,14.9,0.76,29,23.3,73.2,19.2,54.0,CRITICAL,1,SYNTHETIC EMERGENCY V2X
EMG-EVT-002809,AMB-14,AMBULANCE,4.8,0.4,8,52.0,15.1,6.0,9.1,CRITICAL,1,SYNTHETIC EMERGENCY V2X
EMG-EVT-002810,FIRE-05,FIRE_TRUCK,10.8,0.67,22,33.0,46.0,14.0,32.0,CRITICAL,1,SYNTHETIC EMERGENCY V2X
EMG-EVT-002811,AMB-10,AMBULANCE,3.6,0.43,8,50.4,13.9,4.7,9.2,CRITICAL,1,SYNTHETIC EMERGENCY V2X
EMG-EVT-002812,AMB-01,AMBULANCE,12.7,0.25,23,53.9,41.7,16.2,25.5,CRITICAL,1,SYNTHETIC EMERGENCY V2X
EMG-EVT-002813,AMB-09,AMBULANCE,12.2,0.94,24,14.8,78.3,15.7,62.6,CRITICAL,1,SYNTHETIC EMERGENCY V2X
EMG-EVT-002814,POL-10,POLICE,8.3,0.64,17,33.8,35.1,10.8,24.3,CRITICAL,1,SYNTHETIC EMERGENCY V2X
EMG-EVT-002815,AMB-08,AMBULANCE,10.3,0.63,21,30.2,45.7,13.3,32.4,CRITICAL,1,SYNTHETIC EMERGENCY V2X
EMG-EVT-002816,FIRE-10,FIRE_TRUCK,9.6,0.57,18,35.6,37.8,12.3,25.5,CRITICAL,1,SYNTHETIC EMERGENCY V2X
EMG-EVT-002817,AMB-04,AMBULANCE,4.2,0.54,10,39.0,18.5,5.6,12.9,CRITICAL,1,SYNTHETIC EMERGENCY V2X
EMG-EVT-002818,AMB-15,AMBULANCE,11.0,0.58,21,40.4,41.5,14.1,27.4,CRITICAL,1,SYNTHETIC EMERGENCY V2X
EMG-EVT-002819,AMB-16,AMBULANCE,2.7,0.96,7,10.7,23.5,3.6,19.9,CRITICAL,1,SYNTHETIC EMERGENCY V2X
EMG-EVT-002820,FIRE-04,FIRE_TRUCK,15.0,0.89,30,19.4,82.4,19.4,63.0,CRITICAL,1,SYNTHETIC EMERGENCY V2X
EMG-EVT-002821,AMB-03,AMBULANCE,5.7,0.54,11,40.3,21.7,7.3,14.4,CRITICAL,1,SYNTHETIC EMERGENCY V2X
EMG-EVT-002822,FIRE-01,FIRE_TRUCK,2.4,0.71,4,31.2,9.4,3.0,6.4,HIGH,1,SYNTHETIC EMERGENCY V2X
EMG-EVT-002823,AMB-16,AMBULANCE,10.5,0.91,18,19.0,54.8,13.3,41.5,CRITICAL,1,SYNTHETIC EMERGENCY V2X
EMG-EVT-002824,AMB-19,AMBULANCE,15.5,0.44,28,45.8,53.9,19.7,34.2,CRITICAL,1,SYNTHETIC EMERGENCY V2X
EMG-EVT-002825,FIRE-07,FIRE_TRUCK,7.8,0.56,15,36.1,31.0,10.0,21.0,CRITICAL,1,SYNTHETIC EMERGENCY V2X
EMG-EVT-002826,FIRE-01,FIRE_TRUCK,11.2,0.89,21,19.2,60.2,14.3,45.9,CRITICAL,1,SYNTHETIC EMERGENCY V2X
EMG-EVT-002827,AMB-05,AMBULANCE,13.4,0.57,26,35.1,54.1,17.2,36.9,CRITICAL,1,SYNTHETIC EMERGENCY V2X
EMG-EVT-002828,AMB-18,AMBULANCE,11.5,0.66,21,28.5,49.4,14.6,34.8,CRITICAL,1,SYNTHETIC EMERGENCY V2X
EMG-EVT-002829,POL-10,POLICE,6.3,0.43,12,46.7,22.5,8.1,14.4,CRITICAL,1,SYNTHETIC EMERGENCY V2X
EMG-EVT-002830,AMB-09,AMBULANCE,12.2,0.9,21,17.3,67.5,15.4,52.1,CRITICAL,1,SYNTHETIC EMERGENCY V2X
EMG-EVT-002831,AMB-10,AMBULANCE,3.5,0.67,7,27.3,16.1,4.5,11.6,CRITICAL,1,SYNTHETIC EMERGENCY V2X
EMG-EVT-002832,AMB-01,AMBULANCE,13.7,0.47,27,44.7,50.8,17.6,33.2,CRITICAL,1,SYNTHETIC EMERGENCY V2X
EMG-EVT-002833,POL-09,POLICE,1.9,0.65,5,37.9,9.0,2.6,6.4,HIGH,1,SYNTHETIC EMERGENCY V2X
EMG-EVT-002834,FIRE-10,FIRE_TRUCK,2.1,0.6,3,37.0,7.0,2.6,4.4,HIGH,1,SYNTHETIC EMERGENCY V2X
EMG-EVT-002835,AMB-14,AMBULANCE,9.5,0.67,19,35.2,39.0,12.3,26.7,CRITICAL,1,SYNTHETIC EMERGENCY V2X
EMG-EVT-002836,AMB-07,AMBULANCE,12.5,0.26,24,55.2,42.4,16.0,26.4,CRITICAL,1,SYNTHETIC EMERGENCY V2X
EMG-EVT-002837,FIRE-07,FIRE_TRUCK,10.3,0.97,18,18.3,55.4,13.0,42.4,CRITICAL,1,SYNTHETIC EMERGENCY V2X
EMG-EVT-002838,FIRE-05,FIRE_TRUCK,3.1,0.23,6,58.6,10.4,4.0,6.4,HIGH,1,SYNTHETIC EMERGENCY V2X
EMG-EVT-002839,FIRE-01,FIRE_TRUCK,7.5,0.61,13,34.5,28.6,9.5,19.1,CRITICAL,1,SYNTHETIC EMERGENCY V2X
EMG-EVT-002840,AMB-11,AMBULANCE,13.7,0.83,27,21.3,71.0,17.6,53.4,CRITICAL,1,SYNTHETIC EMERGENCY V2X
EMG-EVT-002841,AMB-02,AMBULANCE,4.2,0.38,10,53.6,16.7,5.6,11.1,CRITICAL,1,SYNTHETIC EMERGENCY V2X
EMG-EVT-002842,AMB-16,AMBULANCE,14.5,0.28,27,50.6,49.6,18.5,31.1,CRITICAL,1,SYNTHETIC EMERGENCY V2X
EMG-EVT-002843,AMB-13,AMBULANCE,14.5,0.33,28,48.5,51.5,18.6,32.9,CRITICAL,1,SYNTHETIC EMERGENCY V2X
EMG-EVT-002844,AMB-05,AMBULANCE,6.4,0.85,11,25.7,28.1,8.1,20.0,CRITICAL,1,SYNTHETIC EMERGENCY V2X
EMG-EVT-002845,AMB-17,AMBULANCE,13.9,0.72,28,30.5,60.9,18.0,42.9,CRITICAL,1,SYNTHETIC EMERGENCY V2X
EMG-EVT-002846,POL-04,POLICE,14.3,0.94,25,11.4,105.3,18.1,87.2,CRITICAL,1,SYNTHETIC EMERGENCY V2X
EMG-EVT-002847,FIRE-03,FIRE_TRUCK,10.4,0.65,21,36.1,42.5,13.4,29.1,CRITICAL,1,SYNTHETIC EMERGENCY V2X
EMG-EVT-002848,FIRE-07,FIRE_TRUCK,1.8,0.6,3,35.8,6.6,2.3,4.3,HIGH,1,SYNTHETIC EMERGENCY V2X
EMG-EVT-002849,AMB-10,AMBULANCE,10.7,0.39,20,47.1,37.6,13.7,23.9,CRITICAL,1,SYNTHETIC EMERGENCY V2X
EMG-EVT-002850,AMB-15,AMBULANCE,10.5,0.47,21,46.5,38.7,13.6,25.1,CRITICAL,1,SYNTHETIC EMERGENCY V2X
EMG-EVT-002851,AMB-11,AMBULANCE,13.2,0.38,24,53.9,43.5,16.8,26.7,CRITICAL,1,SYNTHETIC EMERGENCY V2X
EMG-EVT-002852,AMB-03,AMBULANCE,2.4,0.4,5,43.9,9.3,3.1,6.2,CRITICAL,1,SYNTHETIC EMERGENCY V2X
EMG-EVT-002853,AMB-10,AMBULANCE,8.4,0.59,17,33.6,35.4,10.9,24.5,CRITICAL,1,SYNTHETIC EMERGENCY V2X
EMG-EVT-002854,AMB-06,AMBULANCE,14.3,0.75,27,22.2,71.0,18.3,52.7,CRITICAL,1,SYNTHETIC EMERGENCY V2X
EMG-EVT-002855,AMB-18,AMBULANCE,2.6,0.3,6,52.1,10.2,3.4,6.8,CRITICAL,1,SYNTHETIC EMERGENCY V2X
EMG-EVT-002856,AMB-05,AMBULANCE,12.1,0.65,22,33.9,47.8,15.4,32.4,CRITICAL,1,SYNTHETIC EMERGENCY V2X
EMG-EVT-002857,AMB-03,AMBULANCE,8.0,0.55,17,40.7,32.2,10.4,21.8,CRITICAL,1,SYNTHETIC EMERGENCY V2X
EMG-EVT-002858,AMB-07,AMBULANCE,7.2,0.3,14,55.2,24.6,9.3,15.3,CRITICAL,1,SYNTHETIC EMERGENCY V2X
EMG-EVT-002859,AMB-14,AMBULANCE,12.7,0.43,23,41.9,45.8,16.2,29.6,CRITICAL,1,SYNTHETIC EMERGENCY V2X
EMG-EVT-002860,FIRE-05,FIRE_TRUCK,1.5,0.77,2,27.8,5.6,2.0,3.6,HIGH,1,SYNTHETIC EMERGENCY V2X
EMG-EVT-002861,AMB-04,AMBULANCE,6.4,0.77,12,27.6,28.3,8.2,20.1,CRITICAL,1,SYNTHETIC EMERGENCY V2X
EMG-EVT-002862,AMB-16,AMBULANCE,12.4,0.96,25,14.7,80.6,16.0,64.6,CRITICAL,1,SYNTHETIC EMERGENCY V2X
EMG-EVT-002863,AMB-14,AMBULANCE,6.1,0.42,11,49.5,20.6,7.8,12.8,CRITICAL,1,SYNTHETIC EMERGENCY V2X
EMG-EVT-002864,AMB-07,AMBULANCE,4.7,0.66,11,30.9,22.3,6.2,16.1,CRITICAL,1,SYNTHETIC EMERGENCY V2X
EMG-EVT-002865,POL-01,POLICE,4.5,0.72,10,25.5,22.6,5.9,16.7,CRITICAL,1,SYNTHETIC EMERGENCY V2X
EMG-EVT-002866,AMB-10,AMBULANCE,1.6,0.73,3,23.8,7.6,2.0,5.6,CRITICAL,1,SYNTHETIC EMERGENCY V2X
EMG-EVT-002867,FIRE-02,FIRE_TRUCK,8.5,0.48,17,40.7,32.9,11.0,21.9,CRITICAL,1,SYNTHETIC EMERGENCY V2X
EMG-EVT-002868,FIRE-10,FIRE_TRUCK,14.8,0.87,29,14.9,94.4,19.0,75.4,CRITICAL,1,SYNTHETIC EMERGENCY V2X
EMG-EVT-002869,AMB-11,AMBULANCE,4.1,0.32,10,57.1,16.3,5.5,10.8,CRITICAL,1,SYNTHETIC EMERGENCY V2X
EMG-EVT-002870,AMB-05,AMBULANCE,5.0,0.51,9,37.7,18.8,6.4,12.4,CRITICAL,1,SYNTHETIC EMERGENCY V2X
EMG-EVT-002871,AMB-01,AMBULANCE,8.4,0.71,16,34.2,33.9,10.8,23.1,CRITICAL,1,SYNTHETIC EMERGENCY V2X
EMG-EVT-002872,AMB-19,AMBULANCE,9.0,0.59,17,39.4,34.1,11.5,22.6,CRITICAL,1,SYNTHETIC EMERGENCY V2X
EMG-EVT-002873,AMB-19,AMBULANCE,9.3,0.61,19,30.6,41.0,12.0,29.0,CRITICAL,1,SYNTHETIC EMERGENCY V2X
EMG-EVT-002874,AMB-14,AMBULANCE,4.7,0.44,10,46.8,18.0,6.1,11.9,CRITICAL,1,SYNTHETIC EMERGENCY V2X
EMG-EVT-002875,AMB-10,AMBULANCE,4.2,0.55,8,38.3,16.2,5.4,10.8,CRITICAL,1,SYNTHETIC EMERGENCY V2X
EMG-EVT-002876,AMB-15,AMBULANCE,12.3,0.97,23,12.7,85.7,15.7,70.0,CRITICAL,1,SYNTHETIC EMERGENCY V2X
EMG-EVT-002877,AMB-03,AMBULANCE,4.6,0.57,8,39.7,16.6,5.8,10.8,CRITICAL,1,SYNTHETIC EMERGENCY V2X
EMG-EVT-002878,AMB-20,AMBULANCE,14.4,0.73,28,25.5,67.5,18.5,49.0,CRITICAL,1,SYNTHETIC EMERGENCY V2X
EMG-EVT-002879,AMB-01,AMBULANCE,9.2,0.46,19,41.9,36.0,11.9,24.1,CRITICAL,1,SYNTHETIC EMERGENCY V2X
EMG-EVT-002880,AMB-07,AMBULANCE,16.0,0.89,31,16.3,96.1,20.6,75.5,CRITICAL,1,SYNTHETIC EMERGENCY V2X
EMG-EVT-002881,AMB-04,AMBULANCE,15.8,0.55,28,43.4,55.4,20.0,35.4,CRITICAL,1,SYNTHETIC EMERGENCY V2X
EMG-EVT-002882,FIRE-10,FIRE_TRUCK,8.8,0.42,16,50.6,29.6,11.2,18.4,CRITICAL,1,SYNTHETIC EMERGENCY V2X
EMG-EVT-002883,FIRE-03,FIRE_TRUCK,14.5,0.6,29,37.7,57.9,18.7,39.2,CRITICAL,1,SYNTHETIC EMERGENCY V2X
EMG-EVT-002884,AMB-10,AMBULANCE,15.3,0.49,29,43.1,56.1,19.6,36.5,CRITICAL,1,SYNTHETIC EMERGENCY V2X
EMG-EVT-002885,AMB-09,AMBULANCE,5.2,0.23,11,56.5,18.7,6.8,11.9,CRITICAL,1,SYNTHETIC EMERGENCY V2X
EMG-EVT-002886,AMB-20,AMBULANCE,15.2,0.3,30,54.9,52.6,19.6,33.0,CRITICAL,1,SYNTHETIC EMERGENCY V2X
EMG-EVT-002887,AMB-18,AMBULANCE,3.1,0.79,5,27.6,12.7,3.9,8.8,CRITICAL,1,SYNTHETIC EMERGENCY V2X
EMG-EVT-002888,POL-05,POLICE,8.7,0.63,18,34.6,36.7,11.3,25.4,CRITICAL,1,SYNTHETIC EMERGENCY V2X
EMG-EVT-002889,AMB-03,AMBULANCE,14.8,0.92,28,12.6,104.1,18.9,85.2,CRITICAL,1,SYNTHETIC EMERGENCY V2X
EMG-EVT-002890,AMB-05,AMBULANCE,9.8,0.35,19,49.1,34.8,12.6,22.2,CRITICAL,1,SYNTHETIC EMERGENCY V2X
EMG-EVT-002891,FIRE-06,FIRE_TRUCK,9.4,0.27,19,59.1,32.3,12.2,20.1,CRITICAL,1,SYNTHETIC EMERGENCY V2X
EMG-EVT-002892,AMB-11,AMBULANCE,14.3,0.41,28,52.2,50.0,18.4,31.6,CRITICAL,1,SYNTHETIC EMERGENCY V2X
EMG-EVT-002893,AMB-03,AMBULANCE,11.2,0.43,21,44.8,40.2,14.3,25.9,CRITICAL,1,SYNTHETIC EMERGENCY V2X
EMG-EVT-002894,AMB-12,AMBULANCE,12.9,0.32,25,51.7,45.0,16.6,28.4,CRITICAL,1,SYNTHETIC EMERGENCY V2X
EMG-EVT-002895,FIRE-06,FIRE_TRUCK,8.5,0.27,15,57.6,26.9,10.8,16.1,CRITICAL,1,SYNTHETIC EMERGENCY V2X
EMG-EVT-002896,AMB-17,AMBULANCE,11.6,0.33,21,55.6,37.7,14.8,22.9,CRITICAL,1,SYNTHETIC EMERGENCY V2X
EMG-EVT-002897,AMB-19,AMBULANCE,15.3,0.41,29,45.9,54.8,19.6,35.2,CRITICAL,1,SYNTHETIC EMERGENCY V2X
EMG-EVT-002898,AMB-10,AMBULANCE,14.1,0.55,25,41.9,50.2,17.9,32.3,CRITICAL,1,SYNTHETIC EMERGENCY V2X
EMG-EVT-002899,POL-03,POLICE,8.4,0.6,15,32.3,33.6,10.7,22.9,CRITICAL,1,SYNTHETIC EMERGENCY V2X
EMG-EVT-002900,POL-05,POLICE,10.3,0.97,20,12.2,74.7,13.2,61.5,CRITICAL,1,SYNTHETIC EMERGENCY V2X
EMG-EVT-002901,AMB-05,AMBULANCE,14.4,0.9,28,21.6,73.6,18.5,55.1,CRITICAL,1,SYNTHETIC EMERGENCY V2X
EMG-EVT-002902,AMB-10,AMBULANCE,4.6,0.24,8,62.3,14.0,5.8,8.2,CRITICAL,1,SYNTHETIC EMERGENCY V2X
EMG-EVT-002903,AMB-13,AMBULANCE,12.5,0.73,22,23.8,57.9,15.8,42.1,CRITICAL,1,SYNTHETIC EMERGENCY V2X
EMG-EVT-002904,AMB-16,AMBULANCE,9.7,0.98,18,12.9,66.7,12.4,54.3,CRITICAL,1,SYNTHETIC EMERGENCY V2X
EMG-EVT-002905,AMB-17,AMBULANCE,10.6,0.47,20,48.2,37.2,13.6,23.6,CRITICAL,1,SYNTHETIC EMERGENCY V2X
EMG-EVT-002906,AMB-15,AMBULANCE,12.0,0.48,23,45.9,43.3,15.4,27.9,CRITICAL,1,SYNTHETIC EMERGENCY V2X
EMG-EVT-002907,AMB-17,AMBULANCE,13.0,0.47,23,39.0,47.6,16.5,31.1,CRITICAL,1,SYNTHETIC EMERGENCY V2X
EMG-EVT-002908,AMB-17,AMBULANCE,10.8,0.49,20,45.2,38.3,13.8,24.5,CRITICAL,1,SYNTHETIC EMERGENCY V2X
EMG-EVT-002909,AMB-10,AMBULANCE,6.7,0.79,15,19.8,38.3,8.8,29.5,CRITICAL,1,SYNTHETIC EMERGENCY V2X
EMG-EVT-002910,AMB-13,AMBULANCE,3.4,0.96,6,10.9,25.9,4.3,21.6,CRITICAL,1,SYNTHETIC EMERGENCY V2X
EMG-EVT-002911,AMB-13,AMBULANCE,10.9,0.79,21,23.3,53.3,14.0,39.3,CRITICAL,1,SYNTHETIC EMERGENCY V2X
EMG-EVT-002912,POL-05,POLICE,6.4,0.55,14,42.4,25.9,8.4,17.5,CRITICAL,1,SYNTHETIC EMERGENCY V2X
EMG-EVT-002913,AMB-14,AMBULANCE,15.3,0.63,30,34.3,62.8,19.7,43.1,CRITICAL,1,SYNTHETIC EMERGENCY V2X
EMG-EVT-002914,AMB-19,AMBULANCE,4.9,0.4,8,44.3,16.2,6.1,10.1,CRITICAL,1,SYNTHETIC EMERGENCY V2X
EMG-EVT-002915,POL-07,POLICE,2.5,0.64,7,30.2,13.4,3.4,10.0,CRITICAL,1,SYNTHETIC EMERGENCY V2X
EMG-EVT-002916,FIRE-09,FIRE_TRUCK,2.9,0.93,5,15.1,17.5,3.7,13.8,CRITICAL,1,SYNTHETIC EMERGENCY V2X
EMG-EVT-002917,AMB-17,AMBULANCE,3.6,0.82,6,26.2,15.4,4.5,10.9,CRITICAL,1,SYNTHETIC EMERGENCY V2X
EMG-EVT-002918,AMB-07,AMBULANCE,15.0,0.56,28,40.9,55.6,19.2,36.4,CRITICAL,1,SYNTHETIC EMERGENCY V2X
EMG-EVT-002919,POL-01,POLICE,3.5,0.56,8,39.8,14.9,4.6,10.3,CRITICAL,1,SYNTHETIC EMERGENCY V2X
EMG-EVT-002920,POL-10,POLICE,12.0,0.37,22,54.7,39.6,15.3,24.3,CRITICAL,1,SYNTHETIC EMERGENCY V2X
EMG-EVT-002921,FIRE-01,FIRE_TRUCK,2.6,0.54,6,39.6,11.1,3.4,7.7,HIGH,1,SYNTHETIC EMERGENCY V2X
EMG-EVT-002922,POL-01,POLICE,15.4,0.83,28,21.9,75.8,19.6,56.2,CRITICAL,1,SYNTHETIC EMERGENCY V2X
EMG-EVT-002923,AMB-16,AMBULANCE,5.3,0.84,12,18.3,31.8,7.0,24.8,CRITICAL,1,SYNTHETIC EMERGENCY V2X
EMG-EVT-002924,AMB-13,AMBULANCE,13.5,0.95,27,16.3,82.1,17.4,64.7,CRITICAL,1,SYNTHETIC EMERGENCY V2X
EMG-EVT-002925,FIRE-08,FIRE_TRUCK,13.6,0.73,25,26.2,61.1,17.3,43.8,CRITICAL,1,SYNTHETIC EMERGENCY V2X
EMG-EVT-002926,AMB-19,AMBULANCE,7.2,0.39,12,44.7,24.1,9.1,15.0,CRITICAL,1,SYNTHETIC EMERGENCY V2X
EMG-EVT-002927,AMB-07,AMBULANCE,14.5,0.98,28,16.3,87.0,18.6,68.4,CRITICAL,1,SYNTHETIC EMERGENCY V2X
EMG-EVT-002928,AMB-09,AMBULANCE,13.3,0.33,24,47.8,45.5,16.9,28.6,CRITICAL,1,SYNTHETIC EMERGENCY V2X
EMG-EVT-002929,AMB-18,AMBULANCE,8.6,0.89,17,15.9,52.9,11.1,41.8,CRITICAL,1,SYNTHETIC EMERGENCY V2X
EMG-EVT-002930,FIRE-05,FIRE_TRUCK,4.4,0.82,7,24.8,19.0,5.5,13.5,CRITICAL,1,SYNTHETIC EMERGENCY V2X
EMG-EVT-002931,FIRE-01,FIRE_TRUCK,11.0,0.54,19,36.5,40.9,13.9,27.0,CRITICAL,1,SYNTHETIC EMERGENCY V2X
EMG-EVT-002932,AMB-07,AMBULANCE,3.1,0.3,8,53.9,13.1,4.2,8.9,CRITICAL,1,SYNTHETIC EMERGENCY V2X
EMG-EVT-002933,FIRE-04,FIRE_TRUCK,5.2,0.29,12,54.3,20.1,6.9,13.2,CRITICAL,1,SYNTHETIC EMERGENCY V2X
EMG-EVT-002934,FIRE-08,FIRE_TRUCK,13.4,0.89,27,15.1,85.6,17.3,68.3,CRITICAL,1,SYNTHETIC EMERGENCY V2X
EMG-EVT-002935,POL-07,POLICE,12.5,0.67,25,30.4,54.7,16.1,38.6,CRITICAL,1,SYNTHETIC EMERGENCY V2X
EMG-EVT-002936,AMB-07,AMBULANCE,4.2,0.92,9,16.4,26.2,5.5,20.7,CRITICAL,1,SYNTHETIC EMERGENCY V2X
EMG-EVT-002937,AMB-09,AMBULANCE,8.8,0.45,17,44.6,32.2,11.3,20.9,CRITICAL,1,SYNTHETIC EMERGENCY V2X
EMG-EVT-002938,AMB-08,AMBULANCE,4.8,0.37,9,50.1,16.5,6.1,10.4,CRITICAL,1,SYNTHETIC EMERGENCY V2X
EMG-EVT-002939,AMB-01,AMBULANCE,4.4,0.52,9,40.9,17.3,5.7,11.6,CRITICAL,1,SYNTHETIC EMERGENCY V2X
EMG-EVT-002940,AMB-09,AMBULANCE,2.0,0.23,4,61.8,6.7,2.6,4.1,CRITICAL,1,SYNTHETIC EMERGENCY V2X
EMG-EVT-002941,FIRE-08,FIRE_TRUCK,7.1,0.69,13,35.3,27.7,9.0,18.7,CRITICAL,1,SYNTHETIC EMERGENCY V2X
EMG-EVT-002942,AMB-10,AMBULANCE,2.2,0.85,3,25.7,8.7,2.7,6.0,CRITICAL,1,SYNTHETIC EMERGENCY V2X
EMG-EVT-002943,AMB-06,AMBULANCE,10.0,0.82,20,24.5,48.5,12.9,35.6,CRITICAL,1,SYNTHETIC EMERGENCY V2X
EMG-EVT-002944,AMB-14,AMBULANCE,11.5,0.48,23,43.1,43.6,14.8,28.8,CRITICAL,1,SYNTHETIC EMERGENCY V2X
EMG-EVT-002945,AMB-04,AMBULANCE,14.7,0.35,26,46.5,50.2,18.6,31.6,CRITICAL,1,SYNTHETIC EMERGENCY V2X
EMG-EVT-002946,AMB-19,AMBULANCE,11.0,0.94,20,16.8,63.3,14.0,49.3,CRITICAL,1,SYNTHETIC EMERGENCY V2X
EMG-EVT-002947,AMB-17,AMBULANCE,13.0,0.52,23,36.7,48.9,16.5,32.4,CRITICAL,1,SYNTHETIC EMERGENCY V2X
EMG-EVT-002948,AMB-18,AMBULANCE,12.4,0.26,22,60.2,38.8,15.7,23.1,CRITICAL,1,SYNTHETIC EMERGENCY V2X
EMG-EVT-002949,POL-09,POLICE,9.7,0.24,17,62.3,29.7,12.3,17.4,CRITICAL,1,SYNTHETIC EMERGENCY V2X
EMG-EVT-002950,FIRE-02,FIRE_TRUCK,7.3,0.48,13,41.7,26.1,9.3,16.8,CRITICAL,1,SYNTHETIC EMERGENCY V2X
EMG-EVT-002951,AMB-14,AMBULANCE,11.3,0.8,20,24.9,51.2,14.3,36.9,CRITICAL,1,SYNTHETIC EMERGENCY V2X
EMG-EVT-002952,AMB-10,AMBULANCE,8.2,0.41,17,50.7,30.1,10.6,19.5,CRITICAL,1,SYNTHETIC EMERGENCY V2X
EMG-EVT-002953,AMB-19,AMBULANCE,5.3,0.87,11,14.8,34.7,6.9,27.8,CRITICAL,1,SYNTHETIC EMERGENCY V2X
EMG-EVT-002954,AMB-04,AMBULANCE,6.3,0.78,12,27.1,28.3,8.1,20.2,CRITICAL,1,SYNTHETIC EMERGENCY V2X
EMG-EVT-002955,AMB-07,AMBULANCE,8.3,0.71,15,32.1,33.5,10.6,22.9,CRITICAL,1,SYNTHETIC EMERGENCY V2X
EMG-EVT-002956,AMB-01,AMBULANCE,12.9,0.38,24,50.7,44.1,16.5,27.6,CRITICAL,1,SYNTHETIC EMERGENCY V2X
EMG-EVT-002957,FIRE-01,FIRE_TRUCK,5.3,0.24,11,53.6,19.1,6.9,12.2,CRITICAL,1,SYNTHETIC EMERGENCY V2X
EMG-EVT-002958,FIRE-07,FIRE_TRUCK,12.3,0.6,23,37.6,47.2,15.7,31.5,CRITICAL,1,SYNTHETIC EMERGENCY V2X
EMG-EVT-002959,FIRE-09,FIRE_TRUCK,2.4,0.27,6,56.8,9.7,3.2,6.5,HIGH,1,SYNTHETIC EMERGENCY V2X
EMG-EVT-002960,AMB-20,AMBULANCE,8.0,0.26,16,56.9,27.6,10.3,17.3,CRITICAL,1,SYNTHETIC EMERGENCY V2X
EMG-EVT-002961,AMB-12,AMBULANCE,6.0,0.57,11,33.0,24.1,7.6,16.5,CRITICAL,1,SYNTHETIC EMERGENCY V2X
EMG-EVT-002962,POL-01,POLICE,10.3,0.66,21,29.3,46.3,13.3,33.0,CRITICAL,1,SYNTHETIC EMERGENCY V2X
EMG-EVT-002963,AMB-12,AMBULANCE,5.3,0.6,12,38.3,22.7,7.0,15.7,CRITICAL,1,SYNTHETIC EMERGENCY V2X
EMG-EVT-002964,POL-02,POLICE,14.7,0.84,28,25.5,68.2,18.8,49.4,CRITICAL,1,SYNTHETIC EMERGENCY V2X
EMG-EVT-002965,POL-10,POLICE,7.7,0.69,14,29.1,32.7,9.8,22.9,CRITICAL,1,SYNTHETIC EMERGENCY V2X
EMG-EVT-002966,AMB-08,AMBULANCE,6.7,0.92,15,18.1,40.2,8.8,31.4,CRITICAL,1,SYNTHETIC EMERGENCY V2X
EMG-EVT-002967,AMB-19,AMBULANCE,9.9,0.76,18,30.3,41.2,12.6,28.6,CRITICAL,1,SYNTHETIC EMERGENCY V2X
EMG-EVT-002968,AMB-16,AMBULANCE,12.9,0.88,26,21.2,67.7,16.7,51.0,CRITICAL,1,SYNTHETIC EMERGENCY V2X
EMG-EVT-002969,AMB-16,AMBULANCE,8.3,0.33,15,48.9,28.2,10.6,17.6,CRITICAL,1,SYNTHETIC EMERGENCY V2X
EMG-EVT-002970,AMB-05,AMBULANCE,3.2,0.66,7,33.9,14.1,4.2,9.9,CRITICAL,1,SYNTHETIC EMERGENCY V2X
EMG-EVT-002971,AMB-11,AMBULANCE,12.4,0.48,24,38.2,48.3,15.9,32.4,CRITICAL,1,SYNTHETIC EMERGENCY V2X
EMG-EVT-002972,AMB-02,AMBULANCE,13.5,0.29,26,53.6,46.3,17.3,29.0,CRITICAL,1,SYNTHETIC EMERGENCY V2X
EMG-EVT-002973,AMB-02,AMBULANCE,7.0,0.84,12,20.6,34.8,8.8,26.0,CRITICAL,1,SYNTHETIC EMERGENCY V2X
EMG-EVT-002974,AMB-05,AMBULANCE,11.2,0.58,20,39.8,40.9,14.2,26.7,CRITICAL,1,SYNTHETIC EMERGENCY V2X
EMG-EVT-002975,AMB-09,AMBULANCE,3.4,0.28,6,50.3,11.3,4.3,7.0,CRITICAL,1,SYNTHETIC EMERGENCY V2X
EMG-EVT-002976,AMB-08,AMBULANCE,7.8,0.54,15,42.9,28.9,10.0,18.9,CRITICAL,1,SYNTHETIC EMERGENCY V2X
EMG-EVT-002977,AMB-09,AMBULANCE,4.6,0.67,9,27.8,20.7,5.9,14.8,CRITICAL,1,SYNTHETIC EMERGENCY V2X
EMG-EVT-002978,FIRE-10,FIRE_TRUCK,2.5,0.81,5,26.0,11.8,3.2,8.6,HIGH,1,SYNTHETIC EMERGENCY V2X
EMG-EVT-002979,FIRE-01,FIRE_TRUCK,14.8,0.72,26,24.7,67.2,18.7,48.5,CRITICAL,1,SYNTHETIC EMERGENCY V2X
EMG-EVT-002980,AMB-12,AMBULANCE,9.0,0.81,17,24.2,42.7,11.5,31.2,CRITICAL,1,SYNTHETIC EMERGENCY V2X
EMG-EVT-002981,AMB-04,AMBULANCE,11.4,0.28,23,51.9,40.8,14.7,26.1,CRITICAL,1,SYNTHETIC EMERGENCY V2X
EMG-EVT-002982,AMB-09,AMBULANCE,12.2,0.66,24,35.3,49.5,15.7,33.8,CRITICAL,1,SYNTHETIC EMERGENCY V2X
EMG-EVT-002983,AMB-06,AMBULANCE,6.3,0.37,11,50.0,20.8,8.0,12.8,CRITICAL,1,SYNTHETIC EMERGENCY V2X
EMG-EVT-002984,FIRE-10,FIRE_TRUCK,10.6,0.82,22,24.2,52.7,13.8,38.9,CRITICAL,1,SYNTHETIC EMERGENCY V2X
EMG-EVT-002985,FIRE-01,FIRE_TRUCK,14.4,0.5,27,46.8,50.9,18.4,32.5,CRITICAL,1,SYNTHETIC EMERGENCY V2X
EMG-EVT-002986,AMB-10,AMBULANCE,14.3,0.45,26,49.6,48.5,18.2,30.3,CRITICAL,1,SYNTHETIC EMERGENCY V2X
EMG-EVT-002987,AMB-03,AMBULANCE,2.9,0.43,6,50.7,10.6,3.8,6.8,CRITICAL,1,SYNTHETIC EMERGENCY V2X
EMG-EVT-002988,AMB-19,AMBULANCE,4.2,0.93,9,20.7,23.0,5.5,17.5,CRITICAL,1,SYNTHETIC EMERGENCY V2X
EMG-EVT-002989,AMB-05,AMBULANCE,15.3,0.77,28,28.9,65.4,19.5,45.9,CRITICAL,1,SYNTHETIC EMERGENCY V2X
EMG-EVT-002990,AMB-09,AMBULANCE,14.6,0.88,26,19.5,76.1,18.5,57.6,CRITICAL,1,SYNTHETIC EMERGENCY V2X
EMG-EVT-002991,AMB-18,AMBULANCE,5.2,0.49,12,38.9,22.4,6.9,15.5,CRITICAL,1,SYNTHETIC EMERGENCY V2X
EMG-EVT-002992,AMB-07,AMBULANCE,2.1,0.93,6,16.6,14.8,2.9,11.9,CRITICAL,1,SYNTHETIC EMERGENCY V2X
EMG-EVT-002993,POL-09,POLICE,2.1,0.96,6,15.1,15.5,2.9,12.6,CRITICAL,1,SYNTHETIC EMERGENCY V2X
EMG-EVT-002994,FIRE-06,FIRE_TRUCK,8.1,0.26,16,60.3,27.3,10.4,16.9,CRITICAL,1,SYNTHETIC EMERGENCY V2X
EMG-EVT-002995,AMB-08,AMBULANCE,7.9,0.24,16,58.9,27.2,10.2,17.0,CRITICAL,1,SYNTHETIC EMERGENCY V2X
EMG-EVT-002996,AMB-10,AMBULANCE,10.1,0.71,21,33.0,43.6,13.1,30.5,CRITICAL,1,SYNTHETIC EMERGENCY V2X
EMG-EVT-002997,AMB-08,AMBULANCE,7.4,0.24,15,61.6,25.2,9.6,15.6,CRITICAL,1,SYNTHETIC EMERGENCY V2X
EMG-EVT-002998,AMB-16,AMBULANCE,9.7,0.86,20,23.1,49.2,12.6,36.6,CRITICAL,1,SYNTHETIC EMERGENCY V2X
EMG-EVT-002999,AMB-02,AMBULANCE,15.8,0.47,30,42.2,58.5,20.2,38.3,CRITICAL,1,SYNTHETIC EMERGENCY V2X
EMG-EVT-003000,AMB-05,AMBULANCE,10.8,0.79,20,26.2,48.7,13.8,34.9,CRITICAL,1,SYNTHETIC EMERGENCY V2X
EMG-EVT-003001,FIRE-07,FIRE_TRUCK,12.3,0.69,22,30.0,51.0,15.6,35.4,CRITICAL,1,SYNTHETIC EMERGENCY V2X
EMG-EVT-003002,AMB-12,AMBULANCE,13.5,0.88,26,20.1,71.5,17.3,54.2,CRITICAL,1,SYNTHETIC EMERGENCY V2X
EMG-EVT-003003,FIRE-05,FIRE_TRUCK,11.0,0.39,21,43.8,40.3,14.1,26.2,CRITICAL,1,SYNTHETIC EMERGENCY V2X
EMG-EVT-003004,AMB-09,AMBULANCE,2.9,0.35,6,47.9,10.8,3.8,7.0,CRITICAL,1,SYNTHETIC EMERGENCY V2X
EMG-EVT-003005,AMB-17,AMBULANCE,12.0,0.81,21,19.0,63.1,15.2,47.9,CRITICAL,1,SYNTHETIC EMERGENCY V2X
EMG-EVT-003006,AMB-17,AMBULANCE,7.5,0.32,14,48.6,26.1,9.6,16.5,CRITICAL,1,SYNTHETIC EMERGENCY V2X
EMG-EVT-003007,FIRE-05,FIRE_TRUCK,11.9,0.52,24,44.5,44.8,15.4,29.4,CRITICAL,1,SYNTHETIC EMERGENCY V2X
EMG-EVT-003008,AMB-04,AMBULANCE,12.5,0.59,25,35.9,50.9,16.1,34.8,CRITICAL,1,SYNTHETIC EMERGENCY V2X
EMG-EVT-003009,AMB-01,AMBULANCE,11.2,0.38,20,52.9,36.7,14.2,22.5,CRITICAL,1,SYNTHETIC EMERGENCY V2X
EMG-EVT-003010,AMB-20,AMBULANCE,8.0,0.59,15,34.5,31.9,10.2,21.7,CRITICAL,1,SYNTHETIC EMERGENCY V2X
EMG-EVT-003011,POL-01,POLICE,5.5,0.95,9,10.6,41.9,6.9,35.0,CRITICAL,1,SYNTHETIC EMERGENCY V2X
EMG-EVT-003012,FIRE-09,FIRE_TRUCK,5.3,0.57,11,34.2,22.5,6.9,15.6,CRITICAL,1,SYNTHETIC EMERGENCY V2X
EMG-EVT-003013,AMB-12,AMBULANCE,15.9,0.37,30,53.5,53.8,20.3,33.5,CRITICAL,1,SYNTHETIC EMERGENCY V2X
EMG-EVT-003014,FIRE-07,FIRE_TRUCK,14.2,0.41,25,51.3,46.6,18.0,28.6,CRITICAL,1,SYNTHETIC EMERGENCY V2X
EMG-EVT-003015,AMB-05,AMBULANCE,5.9,0.42,10,48.0,19.4,7.4,12.0,CRITICAL,1,SYNTHETIC EMERGENCY V2X
EMG-EVT-003016,FIRE-04,FIRE_TRUCK,12.1,0.87,21,24.2,55.2,15.3,39.9,CRITICAL,1,SYNTHETIC EMERGENCY V2X
EMG-EVT-003017,AMB-16,AMBULANCE,14.5,0.46,28,43.0,53.8,18.6,35.2,CRITICAL,1,SYNTHETIC EMERGENCY V2X
EMG-EVT-003018,AMB-09,AMBULANCE,5.8,0.27,11,55.2,19.5,7.4,12.1,CRITICAL,1,SYNTHETIC EMERGENCY V2X
EMG-EVT-003019,AMB-15,AMBULANCE,5.8,0.23,12,53.3,20.9,7.5,13.4,CRITICAL,1,SYNTHETIC EMERGENCY V2X
EMG-EVT-003020,FIRE-05,FIRE_TRUCK,14.0,0.97,27,10.5,112.4,18.0,94.4,CRITICAL,1,SYNTHETIC EMERGENCY V2X
EMG-EVT-003021,AMB-02,AMBULANCE,13.8,0.57,24,38.1,50.5,17.5,33.0,CRITICAL,1,SYNTHETIC EMERGENCY V2X
EMG-EVT-003022,AMB-19,AMBULANCE,3.0,0.8,8,19.8,18.7,4.1,14.6,CRITICAL,1,SYNTHETIC EMERGENCY V2X
EMG-EVT-003023,POL-07,POLICE,9.8,0.24,18,62.1,31.1,12.5,18.6,CRITICAL,1,SYNTHETIC EMERGENCY V2X
EMG-EVT-003024,AMB-19,AMBULANCE,4.6,0.45,11,40.5,20.0,6.1,13.9,CRITICAL,1,SYNTHETIC EMERGENCY V2X
EMG-EVT-003025,FIRE-08,FIRE_TRUCK,2.6,0.8,7,22.3,15.4,3.5,11.9,CRITICAL,1,SYNTHETIC EMERGENCY V2X
EMG-EVT-003026,AMB-17,AMBULANCE,15.2,0.54,29,44.1,55.5,19.5,36.0,CRITICAL,1,SYNTHETIC EMERGENCY V2X
EMG-EVT-003027,AMB-07,AMBULANCE,10.3,0.72,18,28.5,43.3,13.0,30.3,CRITICAL,1,SYNTHETIC EMERGENCY V2X
EMG-EVT-003028,AMB-12,AMBULANCE,10.3,0.43,21,47.5,38.2,13.3,24.9,CRITICAL,1,SYNTHETIC EMERGENCY V2X
EMG-EVT-003029,AMB-06,AMBULANCE,5.0,0.77,9,23.5,23.6,6.4,17.2,CRITICAL,1,SYNTHETIC EMERGENCY V2X
EMG-EVT-003030,FIRE-03,FIRE_TRUCK,11.6,0.37,22,50.0,40.3,14.9,25.4,CRITICAL,1,SYNTHETIC EMERGENCY V2X
EMG-EVT-003031,FIRE-06,FIRE_TRUCK,10.8,0.8,21,27.1,49.1,13.9,35.2,CRITICAL,1,SYNTHETIC EMERGENCY V2X
EMG-EVT-003032,AMB-05,AMBULANCE,3.6,0.26,9,58.0,14.5,4.8,9.7,CRITICAL,1,SYNTHETIC EMERGENCY V2X
EMG-EVT-003033,FIRE-06,FIRE_TRUCK,8.6,0.81,18,23.5,43.6,11.2,32.4,CRITICAL,1,SYNTHETIC EMERGENCY V2X
EMG-EVT-003034,AMB-04,AMBULANCE,4.7,0.42,11,44.8,19.5,6.2,13.3,CRITICAL,1,SYNTHETIC EMERGENCY V2X
EMG-EVT-003035,POL-06,POLICE,7.6,0.66,13,36.2,28.2,9.6,18.6,CRITICAL,1,SYNTHETIC EMERGENCY V2X
EMG-EVT-003036,POL-07,POLICE,15.5,0.59,27,37.0,57.5,19.6,37.9,CRITICAL,1,SYNTHETIC EMERGENCY V2X
EMG-EVT-003037,AMB-06,AMBULANCE,13.9,0.52,27,42.6,52.0,17.9,34.1,CRITICAL,1,SYNTHETIC EMERGENCY V2X
EMG-EVT-003038,AMB-02,AMBULANCE,10.3,0.47,18,42.1,36.3,13.0,23.3,CRITICAL,1,SYNTHETIC EMERGENCY V2X
EMG-EVT-003039,AMB-06,AMBULANCE,2.6,0.59,5,38.7,10.0,3.3,6.7,CRITICAL,1,SYNTHETIC EMERGENCY V2X
EMG-EVT-003040,FIRE-02,FIRE_TRUCK,4.2,0.48,9,38.8,17.3,5.5,11.8,CRITICAL,1,SYNTHETIC EMERGENCY V2X
EMG-EVT-003041,AMB-01,AMBULANCE,15.0,0.45,28,47.5,52.5,19.2,33.3,CRITICAL,1,SYNTHETIC EMERGENCY V2X
EMG-EVT-003042,AMB-14,AMBULANCE,15.0,0.6,28,32.1,61.6,19.2,42.4,CRITICAL,1,SYNTHETIC EMERGENCY V2X
EMG-EVT-003043,FIRE-05,FIRE_TRUCK,2.5,0.48,7,39.4,12.2,3.4,8.8,CRITICAL,1,SYNTHETIC EMERGENCY V2X
EMG-EVT-003044,AMB-03,AMBULANCE,5.9,0.38,11,49.0,20.4,7.5,12.9,CRITICAL,1,SYNTHETIC EMERGENCY V2X
EMG-EVT-003045,FIRE-01,FIRE_TRUCK,13.2,0.8,25,27.2,59.1,16.9,42.2,CRITICAL,1,SYNTHETIC EMERGENCY V2X
EMG-EVT-003046,AMB-10,AMBULANCE,15.1,0.47,28,45.5,53.5,19.3,34.2,CRITICAL,1,SYNTHETIC EMERGENCY V2X
EMG-EVT-003047,AMB-13,AMBULANCE,13.8,0.21,26,60.1,45.0,17.7,27.3,CRITICAL,1,SYNTHETIC EMERGENCY V2X
EMG-EVT-003048,POL-03,POLICE,11.4,0.52,23,40.9,44.3,14.7,29.6,CRITICAL,1,SYNTHETIC EMERGENCY V2X
EMG-EVT-003049,AMB-14,AMBULANCE,10.0,0.95,18,11.1,75.7,12.7,63.0,CRITICAL,1,SYNTHETIC EMERGENCY V2X
EMG-EVT-003050,AMB-04,AMBULANCE,12.9,0.65,26,34.8,53.4,16.7,36.7,CRITICAL,1,SYNTHETIC EMERGENCY V2X
EMG-EVT-003051,FIRE-04,FIRE_TRUCK,11.7,0.72,23,32.3,49.3,15.1,34.2,CRITICAL,1,SYNTHETIC EMERGENCY V2X
EMG-EVT-003052,AMB-02,AMBULANCE,15.7,0.84,29,23.2,75.4,20.0,55.4,CRITICAL,1,SYNTHETIC EMERGENCY V2X
EMG-EVT-003053,AMB-18,AMBULANCE,15.3,0.29,29,54.6,51.6,19.6,32.0,CRITICAL,1,SYNTHETIC EMERGENCY V2X
EMG-EVT-003054,AMB-11,AMBULANCE,15.2,0.41,28,49.6,52.0,19.4,32.6,CRITICAL,1,SYNTHETIC EMERGENCY V2X
EMG-EVT-003055,AMB-15,AMBULANCE,3.1,0.38,7,51.6,12.0,4.1,7.9,CRITICAL,1,SYNTHETIC EMERGENCY V2X
EMG-EVT-003056,FIRE-04,FIRE_TRUCK,13.3,0.66,26,34.8,54.1,17.1,37.0,CRITICAL,1,SYNTHETIC EMERGENCY V2X
EMG-EVT-003057,AMB-12,AMBULANCE,5.1,0.9,12,18.9,30.6,6.8,23.8,CRITICAL,1,SYNTHETIC EMERGENCY V2X
EMG-EVT-003058,AMB-16,AMBULANCE,10.3,0.36,18,46.3,34.9,13.0,21.9,CRITICAL,1,SYNTHETIC EMERGENCY V2X
EMG-EVT-003059,AMB-13,AMBULANCE,15.8,0.29,28,58.4,49.8,20.0,29.8,CRITICAL,1,SYNTHETIC EMERGENCY V2X
EMG-EVT-003060,AMB-12,AMBULANCE,14.2,0.71,26,26.4,63.5,18.1,45.4,CRITICAL,1,SYNTHETIC EMERGENCY V2X
EMG-EVT-003061,FIRE-03,FIRE_TRUCK,6.0,0.44,11,44.8,21.2,7.6,13.6,CRITICAL,1,SYNTHETIC EMERGENCY V2X
EMG-EVT-003062,FIRE-01,FIRE_TRUCK,16.0,0.29,29,54.5,52.4,20.4,32.0,CRITICAL,1,SYNTHETIC EMERGENCY V2X
EMG-EVT-003063,AMB-08,AMBULANCE,14.2,0.46,26,42.7,51.2,18.1,33.1,CRITICAL,1,SYNTHETIC EMERGENCY V2X
EMG-EVT-003064,POL-02,POLICE,7.8,0.96,15,18.6,43.2,10.0,33.2,CRITICAL,1,SYNTHETIC EMERGENCY V2X
EMG-EVT-003065,AMB-10,AMBULANCE,15.8,0.66,29,36.9,60.5,20.1,40.4,CRITICAL,1,SYNTHETIC EMERGENCY V2X
EMG-EVT-003066,AMB-10,AMBULANCE,10.1,0.26,18,58.5,32.0,12.8,19.2,CRITICAL,1,SYNTHETIC EMERGENCY V2X
EMG-EVT-003067,AMB-19,AMBULANCE,10.4,0.44,20,42.9,38.5,13.3,25.2,CRITICAL,1,SYNTHETIC EMERGENCY V2X
EMG-EVT-003068,AMB-15,AMBULANCE,4.3,0.81,10,18.7,25.8,5.7,20.1,CRITICAL,1,SYNTHETIC EMERGENCY V2X
EMG-EVT-003069,AMB-12,AMBULANCE,14.4,0.47,26,44.6,50.6,18.3,32.3,CRITICAL,1,SYNTHETIC EMERGENCY V2X
EMG-EVT-003070,AMB-06,AMBULANCE,3.7,0.25,9,60.3,14.5,4.9,9.6,CRITICAL,1,SYNTHETIC EMERGENCY V2X
EMG-EVT-003071,AMB-09,AMBULANCE,10.2,0.9,21,22.6,52.3,13.2,39.1,CRITICAL,1,SYNTHETIC EMERGENCY V2X
EMG-EVT-003072,AMB-20,AMBULANCE,7.9,0.46,16,42.9,30.2,10.2,20.0,CRITICAL,1,SYNTHETIC EMERGENCY V2X
EMG-EVT-003073,POL-04,POLICE,14.8,0.26,28,56.2,49.4,18.9,30.5,CRITICAL,1,SYNTHETIC EMERGENCY V2X
EMG-EVT-003074,AMB-17,AMBULANCE,14.0,0.77,25,25.4,63.1,17.8,45.3,CRITICAL,1,SYNTHETIC EMERGENCY V2X
EMG-EVT-003075,AMB-13,AMBULANCE,10.9,0.43,19,44.7,37.4,13.8,23.6,CRITICAL,1,SYNTHETIC EMERGENCY V2X
EMG-EVT-003076,FIRE-05,FIRE_TRUCK,15.6,0.23,29,54.6,51.9,19.9,32.0,CRITICAL,1,SYNTHETIC EMERGENCY V2X
EMG-EVT-003077,AMB-03,AMBULANCE,15.6,0.86,31,19.6,85.0,20.1,64.9,CRITICAL,1,SYNTHETIC EMERGENCY V2X
EMG-EVT-003078,POL-05,POLICE,5.6,0.42,12,43.6,22.1,7.3,14.8,CRITICAL,1,SYNTHETIC EMERGENCY V2X
EMG-EVT-003079,AMB-04,AMBULANCE,9.6,0.29,20,49.9,35.5,12.5,23.0,CRITICAL,1,SYNTHETIC EMERGENCY V2X
EMG-EVT-003080,AMB-07,AMBULANCE,7.8,0.7,16,34.5,32.8,10.1,22.7,CRITICAL,1,SYNTHETIC EMERGENCY V2X
EMG-EVT-003081,AMB-17,AMBULANCE,6.9,0.53,12,35.7,26.0,8.7,17.3,CRITICAL,1,SYNTHETIC EMERGENCY V2X
EMG-EVT-003082,POL-07,POLICE,6.6,0.66,14,30.7,29.7,8.6,21.1,CRITICAL,1,SYNTHETIC EMERGENCY V2X
EMG-EVT-003083,AMB-09,AMBULANCE,3.5,0.38,9,52.9,14.8,4.7,10.1,CRITICAL,1,SYNTHETIC EMERGENCY V2X
EMG-EVT-003084,POL-05,POLICE,6.6,0.91,14,14.9,43.4,8.6,34.8,CRITICAL,1,SYNTHETIC EMERGENCY V2X
EMG-EVT-003085,AMB-19,AMBULANCE,5.8,0.89,10,14.0,36.9,7.3,29.6,CRITICAL,1,SYNTHETIC EMERGENCY V2X
EMG-EVT-003086,AMB-18,AMBULANCE,7.9,0.35,16,47.1,29.3,10.2,19.1,CRITICAL,1,SYNTHETIC EMERGENCY V2X
EMG-EVT-003087,AMB-18,AMBULANCE,3.8,0.95,7,16.0,22.6,4.8,17.8,CRITICAL,1,SYNTHETIC EMERGENCY V2X
EMG-EVT-003088,FIRE-10,FIRE_TRUCK,5.9,0.67,11,28.1,25.8,7.5,18.3,CRITICAL,1,SYNTHETIC EMERGENCY V2X
EMG-EVT-003089,AMB-20,AMBULANCE,8.7,0.21,17,59.6,29.2,11.2,18.0,CRITICAL,1,SYNTHETIC EMERGENCY V2X
EMG-EVT-003090,FIRE-02,FIRE_TRUCK,8.2,0.51,17,43.7,31.7,10.6,21.1,CRITICAL,1,SYNTHETIC EMERGENCY V2X
EMG-EVT-003091,AMB-06,AMBULANCE,3.9,0.36,8,52.9,14.0,5.1,8.9,CRITICAL,1,SYNTHETIC EMERGENCY V2X
EMG-EVT-003092,AMB-08,AMBULANCE,9.5,0.26,18,53.2,32.3,12.2,20.1,CRITICAL,1,SYNTHETIC EMERGENCY V2X
EMG-EVT-003093,AMB-14,AMBULANCE,7.6,0.73,15,24.1,36.9,9.8,27.1,CRITICAL,1,SYNTHETIC EMERGENCY V2X
EMG-EVT-003094,AMB-20,AMBULANCE,4.1,0.84,10,25.5,21.6,5.5,16.1,CRITICAL,1,SYNTHETIC EMERGENCY V2X
EMG-EVT-003095,POL-05,POLICE,8.9,0.36,18,48.4,32.6,11.5,21.1,CRITICAL,1,SYNTHETIC EMERGENCY V2X
EMG-EVT-003096,AMB-18,AMBULANCE,5.8,0.79,12,26.3,27.6,7.5,20.1,CRITICAL,1,SYNTHETIC EMERGENCY V2X
EMG-EVT-003097,POL-10,POLICE,14.5,0.55,27,36.7,56.1,18.5,37.6,CRITICAL,1,SYNTHETIC EMERGENCY V2X
EMG-EVT-003098,AMB-18,AMBULANCE,15.7,0.83,31,24.2,76.1,20.2,55.9,CRITICAL,1,SYNTHETIC EMERGENCY V2X
EMG-EVT-003099,AMB-05,AMBULANCE,15.0,0.23,27,59.7,47.5,19.1,28.4,CRITICAL,1,SYNTHETIC EMERGENCY V2X
EMG-EVT-003100,AMB-12,AMBULANCE,15.6,0.52,31,44.7,58.1,20.1,38.0,CRITICAL,1,SYNTHETIC EMERGENCY V2X
EMG-EVT-003101,AMB-13,AMBULANCE,10.2,0.56,18,43.0,35.8,12.9,22.9,CRITICAL,1,SYNTHETIC EMERGENCY V2X
EMG-EVT-003102,FIRE-06,FIRE_TRUCK,11.7,0.72,22,29.4,50.3,15.0,35.3,CRITICAL,1,SYNTHETIC EMERGENCY V2X
EMG-EVT-003103,POL-02,POLICE,8.6,0.7,16,33.3,34.7,11.0,23.7,CRITICAL,1,SYNTHETIC EMERGENCY V2X
EMG-EVT-003104,AMB-16,AMBULANCE,6.6,0.89,12,19.0,35.2,8.4,26.8,CRITICAL,1,SYNTHETIC EMERGENCY V2X
EMG-EVT-003105,AMB-13,AMBULANCE,2.7,0.83,4,18.9,13.4,3.3,10.1,CRITICAL,1,SYNTHETIC EMERGENCY V2X
EMG-EVT-003106,AMB-10,AMBULANCE,9.5,0.95,18,11.1,73.0,12.2,60.8,CRITICAL,1,SYNTHETIC EMERGENCY V2X
EMG-EVT-003107,AMB-16,AMBULANCE,2.3,0.3,4,54.1,7.4,2.9,4.5,CRITICAL,1,SYNTHETIC EMERGENCY V2X
EMG-EVT-003108,FIRE-06,FIRE_TRUCK,10.8,0.45,21,46.2,39.2,13.9,25.3,CRITICAL,1,SYNTHETIC EMERGENCY V2X
EMG-EVT-003109,AMB-13,AMBULANCE,5.6,0.32,10,48.1,19.0,7.1,11.9,CRITICAL,1,SYNTHETIC EMERGENCY V2X
EMG-EVT-003110,FIRE-03,FIRE_TRUCK,2.3,0.33,7,54.8,10.9,3.2,7.7,HIGH,1,SYNTHETIC EMERGENCY V2X
EMG-EVT-003111,AMB-02,AMBULANCE,11.1,0.6,20,32.5,44.5,14.1,30.4,CRITICAL,1,SYNTHETIC EMERGENCY V2X
EMG-EVT-003112,FIRE-09,FIRE_TRUCK,2.6,0.83,4,21.4,12.1,3.2,8.9,CRITICAL,1,SYNTHETIC EMERGENCY V2X
EMG-EVT-003113,AMB-06,AMBULANCE,10.3,0.81,20,23.2,50.6,13.2,37.4,CRITICAL,1,SYNTHETIC EMERGENCY V2X
EMG-EVT-003114,AMB-15,AMBULANCE,12.7,0.68,24,29.0,55.1,16.3,38.8,CRITICAL,1,SYNTHETIC EMERGENCY V2X
EMG-EVT-003115,AMB-04,AMBULANCE,3.3,0.68,6,30.6,13.7,4.2,9.5,CRITICAL,1,SYNTHETIC EMERGENCY V2X
EMG-EVT-003116,FIRE-07,FIRE_TRUCK,11.9,0.58,21,40.3,42.9,15.1,27.8,CRITICAL,1,SYNTHETIC EMERGENCY V2X
EMG-EVT-003117,AMB-12,AMBULANCE,14.1,0.35,26,55.9,46.3,18.0,28.3,CRITICAL,1,SYNTHETIC EMERGENCY V2X
EMG-EVT-003118,AMB-07,AMBULANCE,10.5,0.42,19,49.9,35.4,13.4,22.0,CRITICAL,1,SYNTHETIC EMERGENCY V2X
EMG-EVT-003119,AMB-04,AMBULANCE,13.2,0.61,26,31.9,56.0,17.0,39.0,CRITICAL,1,SYNTHETIC EMERGENCY V2X
EMG-EVT-003120,AMB-10,AMBULANCE,6.7,0.25,13,58.7,22.4,8.6,13.8,CRITICAL,1,SYNTHETIC EMERGENCY V2X
EMG-EVT-003121,POL-08,POLICE,7.5,0.54,14,43.0,27.3,9.6,17.7,CRITICAL,1,SYNTHETIC EMERGENCY V2X
EMG-EVT-003122,AMB-06,AMBULANCE,12.1,0.63,23,32.5,49.9,15.5,34.4,CRITICAL,1,SYNTHETIC EMERGENCY V2X
EMG-EVT-003123,AMB-01,AMBULANCE,9.6,0.92,19,14.7,62.0,12.4,49.6,CRITICAL,1,SYNTHETIC EMERGENCY V2X
EMG-EVT-003124,AMB-14,AMBULANCE,2.7,0.8,5,25.2,12.4,3.4,9.0,CRITICAL,1,SYNTHETIC EMERGENCY V2X
EMG-EVT-003125,AMB-05,AMBULANCE,11.1,0.47,20,48.7,37.7,14.1,23.6,CRITICAL,1,SYNTHETIC EMERGENCY V2X
EMG-EVT-003126,AMB-11,AMBULANCE,9.7,0.54,17,43.2,33.9,12.3,21.6,CRITICAL,1,SYNTHETIC EMERGENCY V2X
EMG-EVT-003127,FIRE-10,FIRE_TRUCK,14.3,0.89,28,15.4,89.3,18.4,70.9,CRITICAL,1,SYNTHETIC EMERGENCY V2X
EMG-EVT-003128,AMB-06,AMBULANCE,2.8,0.81,8,20.7,17.7,3.9,13.8,CRITICAL,1,SYNTHETIC EMERGENCY V2X
EMG-EVT-003129,AMB-02,AMBULANCE,3.2,0.77,7,25.6,15.9,4.2,11.7,CRITICAL,1,SYNTHETIC EMERGENCY V2X
EMG-EVT-003130,AMB-03,AMBULANCE,8.0,0.79,16,26.3,37.5,10.3,27.2,CRITICAL,1,SYNTHETIC EMERGENCY V2X
EMG-EVT-003131,AMB-06,AMBULANCE,13.6,0.44,26,49.7,47.6,17.4,30.2,CRITICAL,1,SYNTHETIC EMERGENCY V2X
EMG-EVT-003132,FIRE-06,FIRE_TRUCK,14.4,0.91,25,16.8,81.4,18.2,63.2,CRITICAL,1,SYNTHETIC EMERGENCY V2X
EMG-EVT-003133,AMB-08,AMBULANCE,2.2,0.26,5,57.7,8.3,2.9,5.4,CRITICAL,1,SYNTHETIC EMERGENCY V2X
EMG-EVT-003134,FIRE-04,FIRE_TRUCK,12.4,0.6,24,34.8,50.2,15.9,34.3,CRITICAL,1,SYNTHETIC EMERGENCY V2X
EMG-EVT-003135,AMB-06,AMBULANCE,4.1,0.97,10,10.0,36.6,5.5,31.1,CRITICAL,1,SYNTHETIC EMERGENCY V2X
EMG-EVT-003136,AMB-04,AMBULANCE,9.4,0.32,19,52.0,33.6,12.2,21.4,CRITICAL,1,SYNTHETIC EMERGENCY V2X
EMG-EVT-003137,POL-07,POLICE,14.0,0.59,27,39.4,53.7,18.0,35.7,CRITICAL,1,SYNTHETIC EMERGENCY V2X
EMG-EVT-003138,FIRE-02,FIRE_TRUCK,5.2,0.69,12,33.7,23.7,6.9,16.8,CRITICAL,1,SYNTHETIC EMERGENCY V2X
EMG-EVT-003139,FIRE-01,FIRE_TRUCK,6.7,0.33,13,54.9,22.9,8.6,14.3,CRITICAL,1,SYNTHETIC EMERGENCY V2X
EMG-EVT-003140,AMB-15,AMBULANCE,1.6,0.71,5,34.1,8.8,2.2,6.6,CRITICAL,1,SYNTHETIC EMERGENCY V2X
EMG-EVT-003141,POL-06,POLICE,6.7,0.26,13,52.0,23.3,8.6,14.7,CRITICAL,1,SYNTHETIC EMERGENCY V2X
EMG-EVT-003142,AMB-17,AMBULANCE,16.0,0.94,29,15.2,98.0,20.4,77.6,CRITICAL,1,SYNTHETIC EMERGENCY V2X
EMG-EVT-003143,AMB-17,AMBULANCE,5.9,0.69,13,30.3,27.3,7.7,19.6,CRITICAL,1,SYNTHETIC EMERGENCY V2X
EMG-EVT-003144,AMB-02,AMBULANCE,6.9,0.52,13,37.6,26.6,8.8,17.8,CRITICAL,1,SYNTHETIC EMERGENCY V2X
EMG-EVT-003145,AMB-11,AMBULANCE,7.9,0.46,14,41.3,28.3,10.0,18.3,CRITICAL,1,SYNTHETIC EMERGENCY V2X
EMG-EVT-003146,AMB-04,AMBULANCE,5.5,0.78,10,24.3,25.6,7.0,18.6,CRITICAL,1,SYNTHETIC EMERGENCY V2X
EMG-EVT-003147,AMB-02,AMBULANCE,15.8,0.36,31,54.9,54.5,20.3,34.2,CRITICAL,1,SYNTHETIC EMERGENCY V2X
EMG-EVT-003148,FIRE-08,FIRE_TRUCK,5.9,0.57,11,34.7,23.4,7.5,15.9,CRITICAL,1,SYNTHETIC EMERGENCY V2X
EMG-EVT-003149,AMB-08,AMBULANCE,14.2,0.86,25,24.0,65.5,18.0,47.5,CRITICAL,1,SYNTHETIC EMERGENCY V2X
EMG-EVT-003150,FIRE-07,FIRE_TRUCK,8.3,0.64,14,31.2,32.8,10.5,22.3,CRITICAL,1,SYNTHETIC EMERGENCY V2X
EMG-EVT-003151,POL-08,POLICE,14.9,0.55,26,34.2,57.3,18.9,38.4,CRITICAL,1,SYNTHETIC EMERGENCY V2X
EMG-EVT-003152,AMB-16,AMBULANCE,6.7,0.86,14,19.2,37.7,8.7,29.0,CRITICAL,1,SYNTHETIC EMERGENCY V2X
EMG-EVT-003153,AMB-05,AMBULANCE,4.8,0.75,10,26.0,23.1,6.2,16.9,CRITICAL,1,SYNTHETIC EMERGENCY V2X
EMG-EVT-003154,AMB-09,AMBULANCE,13.3,0.88,26,18.4,74.6,17.1,57.5,CRITICAL,1,SYNTHETIC EMERGENCY V2X
EMG-EVT-003155,FIRE-06,FIRE_TRUCK,3.8,0.4,9,48.3,15.5,5.0,10.5,CRITICAL,1,SYNTHETIC EMERGENCY V2X
EMG-EVT-003156,FIRE-08,FIRE_TRUCK,13.0,0.87,25,22.0,65.5,16.7,48.8,CRITICAL,1,SYNTHETIC EMERGENCY V2X
EMG-EVT-003157,POL-06,POLICE,3.4,0.29,8,58.7,13.1,4.5,8.6,CRITICAL,1,SYNTHETIC EMERGENCY V2X
EMG-EVT-003158,AMB-11,AMBULANCE,3.9,0.59,7,41.0,14.1,5.0,9.1,CRITICAL,1,SYNTHETIC EMERGENCY V2X
EMG-EVT-003159,AMB-18,AMBULANCE,14.0,0.21,26,62.5,44.6,17.9,26.7,CRITICAL,1,SYNTHETIC EMERGENCY V2X
EMG-EVT-003160,AMB-10,AMBULANCE,12.9,0.82,25,22.7,64.1,16.6,47.5,CRITICAL,1,SYNTHETIC EMERGENCY V2X
EMG-EVT-003161,AMB-02,AMBULANCE,15.9,0.49,30,46.3,56.6,20.3,36.3,CRITICAL,1,SYNTHETIC EMERGENCY V2X
EMG-EVT-003162,POL-04,POLICE,13.7,0.45,26,40.7,51.4,17.5,33.9,CRITICAL,1,SYNTHETIC EMERGENCY V2X
EMG-EVT-003163,AMB-18,AMBULANCE,5.7,0.47,10,42.3,20.1,7.2,12.9,CRITICAL,1,SYNTHETIC EMERGENCY V2X
EMG-EVT-003164,AMB-17,AMBULANCE,10.1,0.4,21,51.7,36.9,13.1,23.8,CRITICAL,1,SYNTHETIC EMERGENCY V2X
EMG-EVT-003165,FIRE-01,FIRE_TRUCK,10.2,0.53,18,38.4,37.5,12.9,24.6,CRITICAL,1,SYNTHETIC EMERGENCY V2X
EMG-EVT-003166,AMB-18,AMBULANCE,14.5,0.68,29,31.5,62.4,18.7,43.7,CRITICAL,1,SYNTHETIC EMERGENCY V2X
EMG-EVT-003167,AMB-08,AMBULANCE,5.7,0.55,11,38.4,22.1,7.3,14.8,CRITICAL,1,SYNTHETIC EMERGENCY V2X
EMG-EVT-003168,AMB-16,AMBULANCE,11.1,0.39,22,44.3,41.4,14.3,27.1,CRITICAL,1,SYNTHETIC EMERGENCY V2X
EMG-EVT-003169,FIRE-06,FIRE_TRUCK,4.2,0.58,10,40.2,18.3,5.6,12.7,CRITICAL,1,SYNTHETIC EMERGENCY V2X
EMG-EVT-003170,AMB-14,AMBULANCE,9.5,0.26,18,54.0,32.2,12.2,20.0,CRITICAL,1,SYNTHETIC EMERGENCY V2X
EMG-EVT-003171,FIRE-10,FIRE_TRUCK,7.3,0.84,15,18.9,41.2,9.5,31.7,CRITICAL,1,SYNTHETIC EMERGENCY V2X
EMG-EVT-003172,AMB-17,AMBULANCE,14.8,0.3,28,55.5,49.6,18.9,30.7,CRITICAL,1,SYNTHETIC EMERGENCY V2X
EMG-EVT-003173,AMB-02,AMBULANCE,9.3,0.28,16,51.6,30.0,11.7,18.3,CRITICAL,1,SYNTHETIC EMERGENCY V2X
EMG-EVT-003174,AMB-02,AMBULANCE,5.3,0.96,9,18.8,27.7,6.7,21.0,CRITICAL,1,SYNTHETIC EMERGENCY V2X
EMG-EVT-003175,AMB-18,AMBULANCE,5.1,0.28,11,59.3,18.4,6.7,11.7,CRITICAL,1,SYNTHETIC EMERGENCY V2X
EMG-EVT-003176,AMB-18,AMBULANCE,11.6,0.7,22,32.1,48.1,14.9,33.2,CRITICAL,1,SYNTHETIC EMERGENCY V2X
EMG-EVT-003177,FIRE-04,FIRE_TRUCK,4.2,0.59,9,32.0,18.7,5.5,13.2,CRITICAL,1,SYNTHETIC EMERGENCY V2X
EMG-EVT-003178,AMB-08,AMBULANCE,2.0,0.9,5,18.7,12.4,2.7,9.7,CRITICAL,1,SYNTHETIC EMERGENCY V2X
EMG-EVT-003179,POL-05,POLICE,4.9,0.32,11,52.1,18.8,6.4,12.4,CRITICAL,1,SYNTHETIC EMERGENCY V2X
EMG-EVT-003180,AMB-08,AMBULANCE,6.7,0.95,13,11.5,50.6,8.6,42.0,CRITICAL,1,SYNTHETIC EMERGENCY V2X
EMG-EVT-003181,AMB-18,AMBULANCE,14.7,0.88,28,15.3,91.2,18.8,72.4,CRITICAL,1,SYNTHETIC EMERGENCY V2X
EMG-EVT-003182,AMB-01,AMBULANCE,11.9,0.96,23,11.5,89.7,15.3,74.4,CRITICAL,1,SYNTHETIC EMERGENCY V2X
EMG-EVT-003183,AMB-01,AMBULANCE,12.8,0.67,23,31.3,52.1,16.3,35.8,CRITICAL,1,SYNTHETIC EMERGENCY V2X
EMG-EVT-003184,AMB-12,AMBULANCE,11.5,0.65,20,31.4,46.0,14.5,31.5,CRITICAL,1,SYNTHETIC EMERGENCY V2X
EMG-EVT-003185,FIRE-09,FIRE_TRUCK,4.6,0.33,10,50.1,17.5,6.0,11.5,CRITICAL,1,SYNTHETIC EMERGENCY V2X
EMG-EVT-003186,FIRE-08,FIRE_TRUCK,14.7,0.92,27,16.5,85.9,18.7,67.2,CRITICAL,1,SYNTHETIC EMERGENCY V2X
EMG-EVT-003187,AMB-10,AMBULANCE,2.4,0.52,5,38.4,9.8,3.1,6.7,CRITICAL,1,SYNTHETIC EMERGENCY V2X
EMG-EVT-003188,POL-03,POLICE,4.2,0.29,9,53.4,15.5,5.5,10.0,CRITICAL,1,SYNTHETIC EMERGENCY V2X
EMG-EVT-003189,FIRE-06,FIRE_TRUCK,3.9,0.36,7,50.3,13.1,5.0,8.1,CRITICAL,1,SYNTHETIC EMERGENCY V2X
EMG-EVT-003190,FIRE-10,FIRE_TRUCK,9.1,0.67,17,33.3,36.8,11.6,25.2,CRITICAL,1,SYNTHETIC EMERGENCY V2X
EMG-EVT-003191,AMB-09,AMBULANCE,8.3,0.83,14,23.8,37.7,10.5,27.2,CRITICAL,1,SYNTHETIC EMERGENCY V2X
EMG-EVT-003192,AMB-07,AMBULANCE,13.6,0.97,25,10.1,110.8,17.3,93.5,CRITICAL,1,SYNTHETIC EMERGENCY V2X
EMG-EVT-003193,FIRE-07,FIRE_TRUCK,15.7,0.39,29,46.9,54.9,20.0,34.9,CRITICAL,1,SYNTHETIC EMERGENCY V2X
EMG-EVT-003194,FIRE-09,FIRE_TRUCK,8.9,0.39,17,51.3,30.8,11.4,19.4,CRITICAL,1,SYNTHETIC EMERGENCY V2X
EMG-EVT-003195,AMB-09,AMBULANCE,6.3,0.67,13,36.0,26.1,8.2,17.9,CRITICAL,1,SYNTHETIC EMERGENCY V2X
EMG-EVT-003196,AMB-01,AMBULANCE,4.9,0.56,9,36.8,18.8,6.2,12.6,CRITICAL,1,SYNTHETIC EMERGENCY V2X
EMG-EVT-003197,AMB-01,AMBULANCE,14.1,0.78,26,24.6,65.6,18.0,47.6,CRITICAL,1,SYNTHETIC EMERGENCY V2X
EMG-EVT-003198,POL-09,POLICE,15.7,0.63,28,33.2,62.0,19.9,42.1,CRITICAL,1,SYNTHETIC EMERGENCY V2X
EMG-EVT-003199,AMB-09,AMBULANCE,1.8,0.62,3,32.3,6.9,2.3,4.6,CRITICAL,1,SYNTHETIC EMERGENCY V2X
EMG-EVT-003200,AMB-14,AMBULANCE,6.1,0.38,11,46.4,21.1,7.8,13.3,CRITICAL,1,SYNTHETIC EMERGENCY V2X
EMG-EVT-003201,AMB-17,AMBULANCE,7.3,0.6,16,38.5,30.6,9.6,21.0,CRITICAL,1,SYNTHETIC EMERGENCY V2X
EMG-EVT-003202,AMB-07,AMBULANCE,12.3,0.31,23,50.3,42.3,15.7,26.6,CRITICAL,1,SYNTHETIC EMERGENCY V2X
EMG-EVT-003203,AMB-03,AMBULANCE,9.1,0.9,18,18.2,51.6,11.7,39.9,CRITICAL,1,SYNTHETIC EMERGENCY V2X
EMG-EVT-003204,POL-10,POLICE,4.4,0.48,10,42.8,18.2,5.8,12.4,CRITICAL,1,SYNTHETIC EMERGENCY V2X
EMG-EVT-003205,AMB-03,AMBULANCE,3.0,0.2,7,55.9,11.6,4.0,7.6,CRITICAL,1,SYNTHETIC EMERGENCY V2X
EMG-EVT-003206,AMB-16,AMBULANCE,9.3,0.78,17,21.6,46.2,11.8,34.4,CRITICAL,1,SYNTHETIC EMERGENCY V2X
EMG-EVT-003207,POL-06,POLICE,8.7,0.73,15,31.5,34.6,11.0,23.6,CRITICAL,1,SYNTHETIC EMERGENCY V2X
EMG-EVT-003208,FIRE-09,FIRE_TRUCK,12.8,0.54,26,43.5,48.9,16.6,32.3,CRITICAL,1,SYNTHETIC EMERGENCY V2X
EMG-EVT-003209,AMB-10,AMBULANCE,14.6,0.69,29,26.2,68.2,18.8,49.4,CRITICAL,1,SYNTHETIC EMERGENCY V2X
EMG-EVT-003210,AMB-20,AMBULANCE,13.7,0.63,26,34.2,55.2,17.5,37.7,CRITICAL,1,SYNTHETIC EMERGENCY V2X
EMG-EVT-003211,FIRE-03,FIRE_TRUCK,12.1,0.36,23,54.3,41.0,15.5,25.5,CRITICAL,1,SYNTHETIC EMERGENCY V2X
EMG-EVT-003212,AMB-06,AMBULANCE,1.6,0.56,2,37.9,4.9,2.0,2.9,CRITICAL,1,SYNTHETIC EMERGENCY V2X
EMG-EVT-003213,AMB-20,AMBULANCE,1.7,0.84,4,24.3,9.0,2.3,6.7,CRITICAL,1,SYNTHETIC EMERGENCY V2X
EMG-EVT-003214,AMB-14,AMBULANCE,13.9,0.76,26,28.1,60.9,17.8,43.1,CRITICAL,1,SYNTHETIC EMERGENCY V2X
EMG-EVT-003215,FIRE-06,FIRE_TRUCK,12.8,0.7,25,29.4,56.1,16.5,39.6,CRITICAL,1,SYNTHETIC EMERGENCY V2X
EMG-EVT-003216,AMB-01,AMBULANCE,12.2,0.28,21,56.1,38.2,15.4,22.8,CRITICAL,1,SYNTHETIC EMERGENCY V2X
EMG-EVT-003217,AMB-06,AMBULANCE,10.0,0.72,19,25.2,46.6,12.8,33.8,CRITICAL,1,SYNTHETIC EMERGENCY V2X
EMG-EVT-003218,FIRE-03,FIRE_TRUCK,9.9,0.29,20,57.6,34.3,12.8,21.5,CRITICAL,1,SYNTHETIC EMERGENCY V2X
EMG-EVT-003219,AMB-18,AMBULANCE,2.5,0.38,7,51.6,11.3,3.4,7.9,CRITICAL,1,SYNTHETIC EMERGENCY V2X
EMG-EVT-003220,FIRE-06,FIRE_TRUCK,1.6,0.26,4,54.8,6.6,2.1,4.5,HIGH,1,SYNTHETIC EMERGENCY V2X
EMG-EVT-003221,AMB-08,AMBULANCE,8.4,0.61,16,40.3,31.7,10.8,20.9,CRITICAL,1,SYNTHETIC EMERGENCY V2X
EMG-EVT-003222,AMB-10,AMBULANCE,7.7,0.76,14,26.1,34.5,9.8,24.7,CRITICAL,1,SYNTHETIC EMERGENCY V2X
EMG-EVT-003223,AMB-10,AMBULANCE,11.8,0.21,21,56.7,37.7,15.0,22.7,CRITICAL,1,SYNTHETIC EMERGENCY V2X
EMG-EVT-003224,AMB-16,AMBULANCE,12.5,0.36,23,46.9,43.6,15.9,27.7,CRITICAL,1,SYNTHETIC EMERGENCY V2X
EMG-EVT-003225,POL-10,POLICE,4.1,0.64,7,31.3,16.3,5.2,11.1,CRITICAL,1,SYNTHETIC EMERGENCY V2X
EMG-EVT-003226,AMB-05,AMBULANCE,14.7,0.95,29,18.9,81.5,18.9,62.6,CRITICAL,1,SYNTHETIC EMERGENCY V2X
EMG-EVT-003227,AMB-18,AMBULANCE,6.6,0.77,11,29.5,26.6,8.3,18.3,CRITICAL,1,SYNTHETIC EMERGENCY V2X
EMG-EVT-003228,AMB-14,AMBULANCE,2.3,0.26,6,54.5,9.7,3.1,6.6,CRITICAL,1,SYNTHETIC EMERGENCY V2X
EMG-EVT-003229,POL-07,POLICE,8.0,0.33,14,49.0,26.6,10.1,16.5,CRITICAL,1,SYNTHETIC EMERGENCY V2X
EMG-EVT-003230,AMB-19,AMBULANCE,12.6,0.76,22,27.4,54.0,15.9,38.1,CRITICAL,1,SYNTHETIC EMERGENCY V2X
EMG-EVT-003231,AMB-07,AMBULANCE,6.5,0.4,12,52.6,21.8,8.3,13.5,CRITICAL,1,SYNTHETIC EMERGENCY V2X
EMG-EVT-003232,AMB-20,AMBULANCE,12.5,0.54,24,41.7,46.8,16.0,30.8,CRITICAL,1,SYNTHETIC EMERGENCY V2X
EMG-EVT-003233,FIRE-03,FIRE_TRUCK,14.2,0.76,28,24.0,69.1,18.3,50.8,CRITICAL,1,SYNTHETIC EMERGENCY V2X
EMG-EVT-003234,AMB-08,AMBULANCE,7.7,0.41,13,45.7,25.7,9.7,16.0,CRITICAL,1,SYNTHETIC EMERGENCY V2X
EMG-EVT-003235,AMB-10,AMBULANCE,6.6,0.3,11,54.0,20.5,8.3,12.2,CRITICAL,1,SYNTHETIC EMERGENCY V2X
EMG-EVT-003236,FIRE-04,FIRE_TRUCK,10.2,0.31,18,58.2,32.1,12.9,19.2,CRITICAL,1,SYNTHETIC EMERGENCY V2X
EMG-EVT-003237,POL-07,POLICE,13.3,0.73,23,29.7,54.5,16.8,37.7,CRITICAL,1,SYNTHETIC EMERGENCY V2X
EMG-EVT-003238,AMB-19,AMBULANCE,11.2,0.23,23,59.5,38.9,14.5,24.4,CRITICAL,1,SYNTHETIC EMERGENCY V2X
EMG-EVT-003239,AMB-08,AMBULANCE,13.2,0.55,24,36.6,50.4,16.8,33.6,CRITICAL,1,SYNTHETIC EMERGENCY V2X
EMG-EVT-003240,AMB-01,AMBULANCE,4.2,0.52,10,37.9,18.6,5.6,13.0,CRITICAL,1,SYNTHETIC EMERGENCY V2X
EMG-EVT-003241,AMB-05,AMBULANCE,12.0,0.67,23,29.2,52.3,15.4,36.9,CRITICAL,1,SYNTHETIC EMERGENCY V2X
EMG-EVT-003242,AMB-18,AMBULANCE,9.7,0.54,20,34.6,40.8,12.6,28.2,CRITICAL,1,SYNTHETIC EMERGENCY V2X
EMG-EVT-003243,AMB-17,AMBULANCE,13.1,0.37,25,53.1,44.8,16.8,28.0,CRITICAL,1,SYNTHETIC EMERGENCY V2X
EMG-EVT-003244,AMB-07,AMBULANCE,5.8,0.96,13,15.8,37.6,7.6,30.0,CRITICAL,1,SYNTHETIC EMERGENCY V2X
EMG-EVT-003245,AMB-16,AMBULANCE,8.0,0.56,16,41.0,30.9,10.3,20.6,CRITICAL,1,SYNTHETIC EMERGENCY V2X
EMG-EVT-003246,AMB-08,AMBULANCE,13.6,0.67,24,28.0,57.9,17.2,40.7,CRITICAL,1,SYNTHETIC EMERGENCY V2X
EMG-EVT-003247,FIRE-02,FIRE_TRUCK,9.6,0.86,20,16.3,59.3,12.5,46.8,CRITICAL,1,SYNTHETIC EMERGENCY V2X
EMG-EVT-003248,AMB-18,AMBULANCE,6.1,0.4,12,44.4,22.6,7.9,14.7,CRITICAL,1,SYNTHETIC EMERGENCY V2X
EMG-EVT-003249,AMB-02,AMBULANCE,10.2,0.23,20,56.5,34.8,13.1,21.7,CRITICAL,1,SYNTHETIC EMERGENCY V2X
EMG-EVT-003250,FIRE-01,FIRE_TRUCK,9.3,0.55,19,41.3,36.3,12.0,24.3,CRITICAL,1,SYNTHETIC EMERGENCY V2X
EMG-EVT-003251,AMB-09,AMBULANCE,2.2,0.52,5,41.2,9.2,2.9,6.3,CRITICAL,1,SYNTHETIC EMERGENCY V2X
EMG-EVT-003252,AMB-07,AMBULANCE,6.7,0.89,14,17.5,39.8,8.7,31.1,CRITICAL,1,SYNTHETIC EMERGENCY V2X
EMG-EVT-003253,AMB-20,AMBULANCE,2.5,0.27,7,55.9,11.1,3.4,7.7,CRITICAL,1,SYNTHETIC EMERGENCY V2X
EMG-EVT-003254,AMB-05,AMBULANCE,12.0,0.94,24,17.8,69.2,15.5,53.7,CRITICAL,1,SYNTHETIC EMERGENCY V2X
EMG-EVT-003255,AMB-03,AMBULANCE,15.2,0.58,28,32.3,61.8,19.4,42.4,CRITICAL,1,SYNTHETIC EMERGENCY V2X
EMG-EVT-003256,AMB-01,AMBULANCE,2.0,0.8,3,23.8,8.6,2.5,6.1,CRITICAL,1,SYNTHETIC EMERGENCY V2X
EMG-EVT-003257,FIRE-01,FIRE_TRUCK,1.6,0.56,4,38.5,7.3,2.1,5.2,HIGH,1,SYNTHETIC EMERGENCY V2X
EMG-EVT-003258,AMB-12,AMBULANCE,11.1,0.46,21,48.0,39.1,14.2,24.9,CRITICAL,1,SYNTHETIC EMERGENCY V2X
EMG-EVT-003259,FIRE-05,FIRE_TRUCK,14.9,0.48,26,39.9,53.6,18.9,34.7,CRITICAL,1,SYNTHETIC EMERGENCY V2X
EMG-EVT-003260,AMB-11,AMBULANCE,6.1,0.48,10,43.5,20.4,7.7,12.7,CRITICAL,1,SYNTHETIC EMERGENCY V2X
EMG-EVT-003261,AMB-18,AMBULANCE,3.1,0.25,7,54.2,11.8,4.1,7.7,CRITICAL,1,SYNTHETIC EMERGENCY V2X
EMG-EVT-003262,AMB-10,AMBULANCE,12.4,0.78,24,20.7,64.7,15.9,48.8,CRITICAL,1,SYNTHETIC EMERGENCY V2X
EMG-EVT-003263,AMB-01,AMBULANCE,6.2,0.8,12,26.2,28.6,8.0,20.6,CRITICAL,1,SYNTHETIC EMERGENCY V2X
EMG-EVT-003264,AMB-01,AMBULANCE,10.6,0.26,20,54.7,35.6,13.6,22.0,CRITICAL,1,SYNTHETIC EMERGENCY V2X
EMG-EVT-003265,AMB-09,AMBULANCE,6.8,0.39,12,45.5,23.4,8.6,14.8,CRITICAL,1,SYNTHETIC EMERGENCY V2X
EMG-EVT-003266,AMB-14,AMBULANCE,3.0,0.23,7,55.3,11.7,4.0,7.7,CRITICAL,1,SYNTHETIC EMERGENCY V2X
EMG-EVT-003267,FIRE-04,FIRE_TRUCK,3.5,0.69,9,27.6,18.4,4.7,13.7,CRITICAL,1,SYNTHETIC EMERGENCY V2X
EMG-EVT-003268,AMB-04,AMBULANCE,11.5,0.5,20,39.1,41.6,14.5,27.1,CRITICAL,1,SYNTHETIC EMERGENCY V2X
EMG-EVT-003269,AMB-13,AMBULANCE,6.6,0.69,11,26.4,28.2,8.3,19.9,CRITICAL,1,SYNTHETIC EMERGENCY V2X
EMG-EVT-003270,FIRE-05,FIRE_TRUCK,11.1,0.32,20,50.3,37.2,14.1,23.1,CRITICAL,1,SYNTHETIC EMERGENCY V2X
EMG-EVT-003271,AMB-15,AMBULANCE,3.8,0.64,8,29.5,17.3,4.9,12.4,CRITICAL,1,SYNTHETIC EMERGENCY V2X
EMG-EVT-003272,AMB-07,AMBULANCE,10.6,0.26,22,58.9,37.2,13.8,23.4,CRITICAL,1,SYNTHETIC EMERGENCY V2X
EMG-EVT-003273,AMB-18,AMBULANCE,5.3,0.51,11,41.1,20.9,6.9,14.0,CRITICAL,1,SYNTHETIC EMERGENCY V2X
EMG-EVT-003274,AMB-18,AMBULANCE,10.0,0.33,19,54.0,33.9,12.8,21.1,CRITICAL,1,SYNTHETIC EMERGENCY V2X
EMG-EVT-003275,FIRE-04,FIRE_TRUCK,8.4,0.48,15,47.9,28.5,10.7,17.8,CRITICAL,1,SYNTHETIC EMERGENCY V2X
EMG-EVT-003276,AMB-05,AMBULANCE,1.7,0.42,3,49.5,5.7,2.2,3.5,CRITICAL,1,SYNTHETIC EMERGENCY V2X
EMG-EVT-003277,AMB-19,AMBULANCE,7.3,0.28,14,53.2,25.0,9.4,15.6,CRITICAL,1,SYNTHETIC EMERGENCY V2X
EMG-EVT-003278,AMB-06,AMBULANCE,13.7,0.76,24,28.6,57.5,17.3,40.2,CRITICAL,1,SYNTHETIC EMERGENCY V2X
EMG-EVT-003279,AMB-18,AMBULANCE,10.5,0.23,18,57.0,32.7,13.3,19.4,CRITICAL,1,SYNTHETIC EMERGENCY V2X
EMG-EVT-003280,AMB-19,AMBULANCE,10.7,0.83,21,20.5,56.5,13.8,42.7,CRITICAL,1,SYNTHETIC EMERGENCY V2X
EMG-EVT-003281,POL-04,POLICE,13.0,0.27,25,51.2,45.2,16.7,28.5,CRITICAL,1,SYNTHETIC EMERGENCY V2X
EMG-EVT-003282,AMB-20,AMBULANCE,9.8,0.8,19,21.6,50.0,12.6,37.4,CRITICAL,1,SYNTHETIC EMERGENCY V2X
EMG-EVT-003283,AMB-03,AMBULANCE,5.4,0.22,12,53.8,20.4,7.1,13.3,CRITICAL,1,SYNTHETIC EMERGENCY V2X
EMG-EVT-003284,AMB-11,AMBULANCE,4.2,0.74,8,32.1,17.5,5.4,12.1,CRITICAL,1,SYNTHETIC EMERGENCY V2X
EMG-EVT-003285,AMB-09,AMBULANCE,15.6,0.46,28,41.8,56.0,19.8,36.2,CRITICAL,1,SYNTHETIC EMERGENCY V2X
EMG-EVT-003286,AMB-02,AMBULANCE,11.9,0.24,21,59.0,37.3,15.1,22.2,CRITICAL,1,SYNTHETIC EMERGENCY V2X
EMG-EVT-003287,AMB-11,AMBULANCE,3.8,0.3,9,51.5,15.2,5.0,10.2,CRITICAL,1,SYNTHETIC EMERGENCY V2X
EMG-EVT-003288,AMB-09,AMBULANCE,9.1,0.61,18,32.9,38.2,11.7,26.5,CRITICAL,1,SYNTHETIC EMERGENCY V2X
EMG-EVT-003289,AMB-09,AMBULANCE,11.6,0.41,20,47.9,38.5,14.7,23.8,CRITICAL,1,SYNTHETIC EMERGENCY V2X
EMG-EVT-003290,AMB-15,AMBULANCE,8.8,0.52,17,36.5,34.9,11.3,23.6,CRITICAL,1,SYNTHETIC EMERGENCY V2X
EMG-EVT-003291,AMB-18,AMBULANCE,7.6,0.7,16,29.9,34.5,9.9,24.6,CRITICAL,1,SYNTHETIC EMERGENCY V2X
EMG-EVT-003292,AMB-02,AMBULANCE,1.7,0.22,3,62.8,5.2,2.2,3.0,CRITICAL,1,SYNTHETIC EMERGENCY V2X
EMG-EVT-003293,POL-08,POLICE,6.2,0.26,11,53.6,20.1,7.9,12.2,CRITICAL,1,SYNTHETIC EMERGENCY V2X
EMG-EVT-003294,AMB-13,AMBULANCE,12.4,0.29,22,49.7,41.4,15.7,25.7,CRITICAL,1,SYNTHETIC EMERGENCY V2X
EMG-EVT-003295,AMB-15,AMBULANCE,12.7,0.28,24,58.5,41.8,16.3,25.5,CRITICAL,1,SYNTHETIC EMERGENCY V2X
EMG-EVT-003296,FIRE-09,FIRE_TRUCK,7.1,0.85,13,23.0,34.1,9.0,25.1,CRITICAL,1,SYNTHETIC EMERGENCY V2X
EMG-EVT-003297,AMB-12,AMBULANCE,6.7,0.3,14,56.9,23.9,8.7,15.2,CRITICAL,1,SYNTHETIC EMERGENCY V2X
EMG-EVT-003298,AMB-08,AMBULANCE,14.1,0.71,27,30.4,60.2,18.1,42.1,CRITICAL,1,SYNTHETIC EMERGENCY V2X
EMG-EVT-003299,FIRE-03,FIRE_TRUCK,7.8,0.74,14,24.3,36.1,9.9,26.2,CRITICAL,1,SYNTHETIC EMERGENCY V2X
EMG-EVT-003300,POL-01,POLICE,13.6,0.48,27,47.4,49.6,17.5,32.1,CRITICAL,1,SYNTHETIC EMERGENCY V2X
EMG-EVT-003301,AMB-20,AMBULANCE,8.9,0.43,18,44.4,33.6,11.5,22.1,CRITICAL,1,SYNTHETIC EMERGENCY V2X
EMG-EVT-003302,AMB-07,AMBULANCE,13.0,0.87,26,19.9,70.4,16.8,53.6,CRITICAL,1,SYNTHETIC EMERGENCY V2X
EMG-EVT-003303,AMB-18,AMBULANCE,7.0,0.48,14,42.3,26.7,9.0,17.7,CRITICAL,1,SYNTHETIC EMERGENCY V2X
EMG-EVT-003304,AMB-11,AMBULANCE,15.5,0.85,30,23.4,75.7,19.9,55.8,CRITICAL,1,SYNTHETIC EMERGENCY V2X
EMG-EVT-003305,AMB-17,AMBULANCE,12.3,0.71,25,30.0,54.6,15.9,38.7,CRITICAL,1,SYNTHETIC EMERGENCY V2X
EMG-EVT-003306,FIRE-03,FIRE_TRUCK,12.3,0.42,25,46.3,45.9,15.9,30.0,CRITICAL,1,SYNTHETIC EMERGENCY V2X
EMG-EVT-003307,AMB-08,AMBULANCE,3.6,0.52,6,39.8,12.6,4.5,8.1,CRITICAL,1,SYNTHETIC EMERGENCY V2X
EMG-EVT-003308,AMB-20,AMBULANCE,12.9,0.83,23,26.0,57.4,16.4,41.0,CRITICAL,1,SYNTHETIC EMERGENCY V2X
EMG-EVT-003309,FIRE-03,FIRE_TRUCK,2.5,0.49,4,41.6,8.4,3.1,5.3,HIGH,1,SYNTHETIC EMERGENCY V2X
EMG-EVT-003310,AMB-04,AMBULANCE,14.0,0.23,26,56.2,46.1,17.9,28.2,CRITICAL,1,SYNTHETIC EMERGENCY V2X
EMG-EVT-003311,FIRE-10,FIRE_TRUCK,12.1,0.47,22,41.8,43.8,15.4,28.4,CRITICAL,1,SYNTHETIC EMERGENCY V2X
EMG-EVT-003312,POL-03,POLICE,5.3,0.49,10,40.8,19.8,6.8,13.0,CRITICAL,1,SYNTHETIC EMERGENCY V2X
EMG-EVT-003313,FIRE-01,FIRE_TRUCK,7.3,0.97,14,17.8,41.4,9.4,32.0,CRITICAL,1,SYNTHETIC EMERGENCY V2X
EMG-EVT-003314,AMB-03,AMBULANCE,9.5,0.42,19,49.9,34.2,12.3,21.9,CRITICAL,1,SYNTHETIC EMERGENCY V2X
EMG-EVT-003315,AMB-02,AMBULANCE,10.2,0.49,21,44.3,39.0,13.2,25.8,CRITICAL,1,SYNTHETIC EMERGENCY V2X
EMG-EVT-003316,FIRE-07,FIRE_TRUCK,5.9,0.5,13,41.7,24.1,7.7,16.4,CRITICAL,1,SYNTHETIC EMERGENCY V2X
EMG-EVT-003317,FIRE-08,FIRE_TRUCK,7.8,0.52,15,36.8,30.7,10.0,20.7,CRITICAL,1,SYNTHETIC EMERGENCY V2X
EMG-EVT-003318,AMB-20,AMBULANCE,15.2,0.82,27,23.1,71.9,19.3,52.6,CRITICAL,1,SYNTHETIC EMERGENCY V2X
EMG-EVT-003319,AMB-10,AMBULANCE,8.5,0.4,17,47.4,31.2,11.0,20.2,CRITICAL,1,SYNTHETIC EMERGENCY V2X
EMG-EVT-003320,AMB-18,AMBULANCE,13.3,0.77,25,22.6,65.3,17.0,48.3,CRITICAL,1,SYNTHETIC EMERGENCY V2X
EMG-EVT-003321,AMB-07,AMBULANCE,3.4,0.32,6,55.1,10.9,4.3,6.6,CRITICAL,1,SYNTHETIC EMERGENCY V2X
EMG-EVT-003322,POL-04,POLICE,3.5,0.77,9,29.4,17.9,4.7,13.2,CRITICAL,1,SYNTHETIC EMERGENCY V2X
EMG-EVT-003323,AMB-12,AMBULANCE,5.5,0.44,9,46.9,17.8,6.9,10.9,CRITICAL,1,SYNTHETIC EMERGENCY V2X
EMG-EVT-003324,AMB-17,AMBULANCE,4.3,0.96,10,16.7,27.4,5.7,21.7,CRITICAL,1,SYNTHETIC EMERGENCY V2X
EMG-EVT-003325,AMB-10,AMBULANCE,3.1,0.52,6,37.1,12.2,4.0,8.2,CRITICAL,1,SYNTHETIC EMERGENCY V2X
EMG-EVT-003326,AMB-09,AMBULANCE,6.0,0.54,10,42.6,20.5,7.5,13.0,CRITICAL,1,SYNTHETIC EMERGENCY V2X
EMG-EVT-003327,AMB-10,AMBULANCE,6.3,0.41,12,42.9,23.2,8.1,15.1,CRITICAL,1,SYNTHETIC EMERGENCY V2X
EMG-EVT-003328,AMB-11,AMBULANCE,6.5,0.47,11,46.5,21.6,8.2,13.4,CRITICAL,1,SYNTHETIC EMERGENCY V2X
EMG-EVT-003329,AMB-09,AMBULANCE,12.7,0.26,25,52.6,44.5,16.4,28.1,CRITICAL,1,SYNTHETIC EMERGENCY V2X
EMG-EVT-003330,AMB-01,AMBULANCE,2.8,0.71,6,28.0,13.2,3.7,9.5,CRITICAL,1,SYNTHETIC EMERGENCY V2X
EMG-EVT-003331,AMB-13,AMBULANCE,7.3,0.47,16,39.5,30.3,9.6,20.7,CRITICAL,1,SYNTHETIC EMERGENCY V2X
EMG-EVT-003332,FIRE-07,FIRE_TRUCK,2.8,0.77,8,21.7,17.3,3.9,13.4,CRITICAL,1,SYNTHETIC EMERGENCY V2X
EMG-EVT-003333,AMB-12,AMBULANCE,11.3,0.48,23,43.3,43.3,14.6,28.7,CRITICAL,1,SYNTHETIC EMERGENCY V2X
EMG-EVT-003334,AMB-05,AMBULANCE,14.3,0.94,28,14.6,92.4,18.4,74.0,CRITICAL,1,SYNTHETIC EMERGENCY V2X
EMG-EVT-003335,FIRE-06,FIRE_TRUCK,15.8,0.44,29,42.3,57.2,20.1,37.1,CRITICAL,1,SYNTHETIC EMERGENCY V2X
EMG-EVT-003336,AMB-14,AMBULANCE,11.0,0.37,19,50.4,35.9,13.9,22.0,CRITICAL,1,SYNTHETIC EMERGENCY V2X
EMG-EVT-003337,FIRE-01,FIRE_TRUCK,5.9,0.49,10,38.7,21.1,7.4,13.7,CRITICAL,1,SYNTHETIC EMERGENCY V2X
EMG-EVT-003338,AMB-12,AMBULANCE,11.2,0.31,22,51.2,39.5,14.4,25.1,CRITICAL,1,SYNTHETIC EMERGENCY V2X
EMG-EVT-003339,POL-02,POLICE,10.5,0.5,20,44.4,38.2,13.5,24.7,CRITICAL,1,SYNTHETIC EMERGENCY V2X
EMG-EVT-003340,AMB-04,AMBULANCE,13.3,0.74,24,31.8,53.9,16.9,37.0,CRITICAL,1,SYNTHETIC EMERGENCY V2X
EMG-EVT-003341,FIRE-08,FIRE_TRUCK,2.7,0.82,4,23.2,11.8,3.3,8.5,HIGH,1,SYNTHETIC EMERGENCY V2X
EMG-EVT-003342,AMB-20,AMBULANCE,6.8,0.56,13,36.5,26.8,8.7,18.1,CRITICAL,1,SYNTHETIC EMERGENCY V2X
EMG-EVT-003343,AMB-19,AMBULANCE,8.9,0.64,17,30.5,37.9,11.4,26.5,CRITICAL,1,SYNTHETIC EMERGENCY V2X
EMG-EVT-003344,POL-08,POLICE,11.0,0.21,19,55.1,34.8,13.9,20.9,CRITICAL,1,SYNTHETIC EMERGENCY V2X
EMG-EVT-003345,FIRE-03,FIRE_TRUCK,12.6,0.61,22,35.6,47.6,15.9,31.7,CRITICAL,1,SYNTHETIC EMERGENCY V2X
EMG-EVT-003346,AMB-15,AMBULANCE,11.3,0.33,22,50.4,39.9,14.5,25.4,CRITICAL,1,SYNTHETIC EMERGENCY V2X
EMG-EVT-003347,AMB-04,AMBULANCE,8.1,0.47,14,48.7,26.8,10.2,16.6,CRITICAL,1,SYNTHETIC EMERGENCY V2X
EMG-EVT-003348,AMB-13,AMBULANCE,9.3,0.76,16,30.8,37.3,11.7,25.6,CRITICAL,1,SYNTHETIC EMERGENCY V2X
EMG-EVT-003349,AMB-18,AMBULANCE,2.3,0.4,4,47.4,7.7,2.9,4.8,CRITICAL,1,SYNTHETIC EMERGENCY V2X
EMG-EVT-003350,AMB-11,AMBULANCE,15.5,0.22,29,59.6,50.4,19.8,30.6,CRITICAL,1,SYNTHETIC EMERGENCY V2X
EMG-EVT-003351,FIRE-07,FIRE_TRUCK,1.6,0.54,4,39.5,7.2,2.1,5.1,HIGH,1,SYNTHETIC EMERGENCY V2X
EMG-EVT-003352,AMB-06,AMBULANCE,6.1,0.47,10,40.2,21.1,7.7,13.4,CRITICAL,1,SYNTHETIC EMERGENCY V2X
EMG-EVT-003353,FIRE-05,FIRE_TRUCK,8.1,0.59,16,34.0,33.5,10.4,23.1,CRITICAL,1,SYNTHETIC EMERGENCY V2X
EMG-EVT-003354,AMB-10,AMBULANCE,1.9,0.76,6,26.6,11.5,2.7,8.8,CRITICAL,1,SYNTHETIC EMERGENCY V2X
EMG-EVT-003355,AMB-06,AMBULANCE,5.6,0.62,12,31.8,25.0,7.3,17.7,CRITICAL,1,SYNTHETIC EMERGENCY V2X
EMG-EVT-003356,AMB-08,AMBULANCE,5.8,0.85,10,16.1,33.6,7.3,26.3,CRITICAL,1,SYNTHETIC EMERGENCY V2X
EMG-EVT-003357,AMB-06,AMBULANCE,11.5,0.95,22,17.9,64.9,14.7,50.2,CRITICAL,1,SYNTHETIC EMERGENCY V2X
EMG-EVT-003358,POL-04,POLICE,1.6,0.32,4,52.5,6.6,2.1,4.5,HIGH,1,SYNTHETIC EMERGENCY V2X
EMG-EVT-003359,AMB-17,AMBULANCE,8.8,0.93,17,20.4,46.3,11.3,35.0,CRITICAL,1,SYNTHETIC EMERGENCY V2X
EMG-EVT-003360,AMB-20,AMBULANCE,12.9,0.56,25,40.7,49.0,16.6,32.4,CRITICAL,1,SYNTHETIC EMERGENCY V2X
EMG-EVT-003361,POL-01,POLICE,3.7,0.54,6,37.8,13.1,4.6,8.5,CRITICAL,1,SYNTHETIC EMERGENCY V2X
EMG-EVT-003362,POL-02,POLICE,6.1,0.98,10,10.0,48.6,7.7,40.9,CRITICAL,1,SYNTHETIC EMERGENCY V2X
EMG-EVT-003363,AMB-04,AMBULANCE,9.2,0.31,19,57.3,32.4,11.9,20.5,CRITICAL,1,SYNTHETIC EMERGENCY V2X
EMG-EVT-003364,AMB-05,AMBULANCE,3.0,0.36,6,47.3,11.0,3.9,7.1,CRITICAL,1,SYNTHETIC EMERGENCY V2X
EMG-EVT-003365,AMB-13,AMBULANCE,5.8,0.22,12,54.9,20.7,7.5,13.2,CRITICAL,1,SYNTHETIC EMERGENCY V2X
EMG-EVT-003366,AMB-16,AMBULANCE,13.9,0.72,27,27.1,63.2,17.9,45.3,CRITICAL,1,SYNTHETIC EMERGENCY V2X
EMG-EVT-003367,FIRE-04,FIRE_TRUCK,6.5,0.43,12,45.7,22.9,8.3,14.6,CRITICAL,1,SYNTHETIC EMERGENCY V2X
EMG-EVT-003368,FIRE-09,FIRE_TRUCK,6.3,0.57,12,35.1,25.2,8.1,17.1,CRITICAL,1,SYNTHETIC EMERGENCY V2X
EMG-EVT-003369,AMB-05,AMBULANCE,12.5,0.5,25,43.0,47.4,16.1,31.3,CRITICAL,1,SYNTHETIC EMERGENCY V2X
EMG-EVT-003370,AMB-03,AMBULANCE,15.5,0.96,29,16.9,89.8,19.8,70.0,CRITICAL,1,SYNTHETIC EMERGENCY V2X
EMG-EVT-003371,POL-01,POLICE,8.2,0.49,15,41.2,29.9,10.4,19.5,CRITICAL,1,SYNTHETIC EMERGENCY V2X
EMG-EVT-003372,AMB-20,AMBULANCE,3.1,0.56,7,35.3,13.7,4.1,9.6,CRITICAL,1,SYNTHETIC EMERGENCY V2X
EMG-EVT-003373,AMB-11,AMBULANCE,4.2,0.27,10,56.9,16.4,5.6,10.8,CRITICAL,1,SYNTHETIC EMERGENCY V2X
EMG-EVT-003374,AMB-18,AMBULANCE,12.9,0.89,24,22.2,63.7,16.5,47.2,CRITICAL,1,SYNTHETIC EMERGENCY V2X
EMG-EVT-003375,FIRE-06,FIRE_TRUCK,1.8,0.3,5,51.9,8.1,2.5,5.6,HIGH,1,SYNTHETIC EMERGENCY V2X
EMG-EVT-003376,AMB-14,AMBULANCE,12.8,0.75,26,29.0,57.7,16.6,41.1,CRITICAL,1,SYNTHETIC EMERGENCY V2X
EMG-EVT-003377,AMB-07,AMBULANCE,11.4,0.69,20,32.7,44.9,14.4,30.5,CRITICAL,1,SYNTHETIC EMERGENCY V2X
EMG-EVT-003378,AMB-12,AMBULANCE,10.6,0.87,20,22.3,52.5,13.6,38.9,CRITICAL,1,SYNTHETIC EMERGENCY V2X
EMG-EVT-003379,POL-03,POLICE,6.2,0.51,13,38.0,25.4,8.1,17.3,CRITICAL,1,SYNTHETIC EMERGENCY V2X
EMG-EVT-003380,AMB-18,AMBULANCE,14.0,0.89,25,20.0,72.0,17.8,54.2,CRITICAL,1,SYNTHETIC EMERGENCY V2X
EMG-EVT-003381,FIRE-10,FIRE_TRUCK,8.6,0.73,18,24.9,42.3,11.2,31.1,CRITICAL,1,SYNTHETIC EMERGENCY V2X
EMG-EVT-003382,FIRE-10,FIRE_TRUCK,1.8,0.6,3,40.6,6.3,2.3,4.0,HIGH,1,SYNTHETIC EMERGENCY V2X
EMG-EVT-003383,POL-06,POLICE,14.1,0.7,26,25.4,64.5,18.0,46.5,CRITICAL,1,SYNTHETIC EMERGENCY V2X
EMG-EVT-003384,POL-07,POLICE,15.6,0.95,30,19.6,83.8,20.0,63.8,CRITICAL,1,SYNTHETIC EMERGENCY V2X
EMG-EVT-003385,AMB-10,AMBULANCE,9.5,0.44,18,44.7,34.4,12.2,22.2,CRITICAL,1,SYNTHETIC EMERGENCY V2X
EMG-EVT-003386,FIRE-05,FIRE_TRUCK,13.4,0.56,25,41.6,49.3,17.1,32.2,CRITICAL,1,SYNTHETIC EMERGENCY V2X
EMG-EVT-003387,FIRE-06,FIRE_TRUCK,5.4,0.49,10,39.6,20.2,6.9,13.3,CRITICAL,1,SYNTHETIC EMERGENCY V2X
EMG-EVT-003388,FIRE-01,FIRE_TRUCK,10.3,0.69,19,32.6,41.8,13.1,28.7,CRITICAL,1,SYNTHETIC EMERGENCY V2X
EMG-EVT-003389,AMB-07,AMBULANCE,4.7,0.49,9,46.4,16.9,6.0,10.9,CRITICAL,1,SYNTHETIC EMERGENCY V2X
EMG-EVT-003390,AMB-12,AMBULANCE,6.8,0.68,15,26.5,33.4,8.9,24.5,CRITICAL,1,SYNTHETIC EMERGENCY V2X
EMG-EVT-003391,AMB-14,AMBULANCE,3.3,0.21,8,58.2,13.0,4.4,8.6,CRITICAL,1,SYNTHETIC EMERGENCY V2X
EMG-EVT-003392,AMB-14,AMBULANCE,10.9,0.53,20,39.4,40.6,13.9,26.7,CRITICAL,1,SYNTHETIC EMERGENCY V2X
EMG-EVT-003393,AMB-20,AMBULANCE,13.9,0.36,25,54.6,45.3,17.7,27.6,CRITICAL,1,SYNTHETIC EMERGENCY V2X
EMG-EVT-003394,AMB-19,AMBULANCE,3.4,0.79,6,20.3,17.2,4.3,12.9,CRITICAL,1,SYNTHETIC EMERGENCY V2X
EMG-EVT-003395,AMB-14,AMBULANCE,6.5,0.74,11,25.8,28.3,8.2,20.1,CRITICAL,1,SYNTHETIC EMERGENCY V2X
EMG-EVT-003396,AMB-07,AMBULANCE,15.3,0.89,29,16.4,90.8,19.6,71.2,CRITICAL,1,SYNTHETIC EMERGENCY V2X
EMG-EVT-003397,POL-02,POLICE,3.0,0.3,5,55.8,9.2,3.8,5.4,HIGH,1,SYNTHETIC EMERGENCY V2X
EMG-EVT-003398,AMB-06,AMBULANCE,7.5,0.79,13,23.1,35.1,9.5,25.6,CRITICAL,1,SYNTHETIC EMERGENCY V2X
EMG-EVT-003399,AMB-17,AMBULANCE,7.0,0.39,12,49.3,22.9,8.8,14.1,CRITICAL,1,SYNTHETIC EMERGENCY V2X
EMG-EVT-003400,FIRE-05,FIRE_TRUCK,9.5,0.54,17,34.7,36.8,12.1,24.7,CRITICAL,1,SYNTHETIC EMERGENCY V2X
EMG-EVT-003401,FIRE-10,FIRE_TRUCK,12.1,0.31,24,48.7,43.7,15.6,28.1,CRITICAL,1,SYNTHETIC EMERGENCY V2X
EMG-EVT-003402,AMB-19,AMBULANCE,13.0,0.51,24,45.3,46.0,16.6,29.4,CRITICAL,1,SYNTHETIC EMERGENCY V2X
EMG-EVT-003403,FIRE-05,FIRE_TRUCK,6.1,0.6,12,32.1,25.8,7.9,17.9,CRITICAL,1,SYNTHETIC EMERGENCY V2X
EMG-EVT-003404,AMB-06,AMBULANCE,11.4,0.94,21,17.0,65.4,14.5,50.9,CRITICAL,1,SYNTHETIC EMERGENCY V2X
EMG-EVT-003405,AMB-03,AMBULANCE,5.0,0.54,10,38.1,19.9,6.5,13.4,CRITICAL,1,SYNTHETIC EMERGENCY V2X
EMG-EVT-003406,FIRE-09,FIRE_TRUCK,3.5,0.5,8,46.4,14.1,4.6,9.5,CRITICAL,1,SYNTHETIC EMERGENCY V2X
EMG-EVT-003407,AMB-07,AMBULANCE,8.9,0.22,18,57.7,30.9,11.5,19.4,CRITICAL,1,SYNTHETIC EMERGENCY V2X
EMG-EVT-003408,AMB-19,AMBULANCE,12.3,0.2,22,61.8,38.3,15.6,22.7,CRITICAL,1,SYNTHETIC EMERGENCY V2X
EMG-EVT-003409,AMB-19,AMBULANCE,12.0,0.77,22,27.7,52.4,15.3,37.1,CRITICAL,1,SYNTHETIC EMERGENCY V2X
EMG-EVT-003410,FIRE-06,FIRE_TRUCK,13.3,0.3,23,52.1,42.9,16.8,26.1,CRITICAL,1,SYNTHETIC EMERGENCY V2X
EMG-EVT-003411,AMB-19,AMBULANCE,9.0,0.95,17,18.6,49.4,11.5,37.9,CRITICAL,1,SYNTHETIC EMERGENCY V2X
EMG-EVT-003412,AMB-07,AMBULANCE,8.3,0.33,17,52.7,29.8,10.8,19.0,CRITICAL,1,SYNTHETIC EMERGENCY V2X
EMG-EVT-003413,AMB-17,AMBULANCE,3.8,0.71,6,32.6,14.2,4.7,9.5,CRITICAL,1,SYNTHETIC EMERGENCY V2X
EMG-EVT-003414,AMB-17,AMBULANCE,15.0,0.92,27,13.5,99.1,19.1,80.0,CRITICAL,1,SYNTHETIC EMERGENCY V2X
EMG-EVT-003415,AMB-07,AMBULANCE,14.3,0.77,26,21.8,70.6,18.2,52.4,CRITICAL,1,SYNTHETIC EMERGENCY V2X
EMG-EVT-003416,AMB-02,AMBULANCE,5.7,0.83,12,18.7,32.7,7.4,25.3,CRITICAL,1,SYNTHETIC EMERGENCY V2X
EMG-EVT-003417,AMB-05,AMBULANCE,11.9,0.83,22,26.6,53.2,15.2,38.0,CRITICAL,1,SYNTHETIC EMERGENCY V2X
EMG-EVT-003418,FIRE-09,FIRE_TRUCK,14.4,0.61,28,32.7,60.0,18.5,41.5,CRITICAL,1,SYNTHETIC EMERGENCY V2X
EMG-EVT-003419,FIRE-06,FIRE_TRUCK,2.0,0.83,5,22.7,11.3,2.7,8.6,HIGH,1,SYNTHETIC EMERGENCY V2X
EMG-EVT-003420,AMB-05,AMBULANCE,5.9,0.68,10,31.9,23.1,7.4,15.7,CRITICAL,1,SYNTHETIC EMERGENCY V2X
EMG-EVT-003421,FIRE-05,FIRE_TRUCK,7.1,0.48,14,46.7,25.9,9.1,16.8,CRITICAL,1,SYNTHETIC EMERGENCY V2X
EMG-EVT-003422,AMB-14,AMBULANCE,7.8,0.78,17,21.8,41.9,10.2,31.7,CRITICAL,1,SYNTHETIC EMERGENCY V2X
EMG-EVT-003423,AMB-01,AMBULANCE,6.1,0.93,12,13.6,41.3,7.9,33.4,CRITICAL,1,SYNTHETIC EMERGENCY V2X
EMG-EVT-003424,AMB-07,AMBULANCE,7.4,0.61,15,34.2,31.0,9.6,21.4,CRITICAL,1,SYNTHETIC EMERGENCY V2X
EMG-EVT-003425,FIRE-01,FIRE_TRUCK,7.8,0.52,17,37.0,33.0,10.2,22.8,CRITICAL,1,SYNTHETIC EMERGENCY V2X
EMG-EVT-003426,AMB-11,AMBULANCE,15.7,0.58,29,33.4,63.0,20.0,43.0,CRITICAL,1,SYNTHETIC EMERGENCY V2X
EMG-EVT-003427,AMB-09,AMBULANCE,14.7,0.82,28,20.3,77.0,18.8,58.2,CRITICAL,1,SYNTHETIC EMERGENCY V2X
EMG-EVT-003428,AMB-02,AMBULANCE,1.6,0.88,4,14.8,11.3,2.1,9.2,CRITICAL,1,SYNTHETIC EMERGENCY V2X
EMG-EVT-003429,AMB-09,AMBULANCE,4.9,0.46,8,43.5,16.4,6.1,10.3,CRITICAL,1,SYNTHETIC EMERGENCY V2X
EMG-EVT-003430,AMB-09,AMBULANCE,15.3,0.57,29,40.8,57.3,19.6,37.7,CRITICAL,1,SYNTHETIC EMERGENCY V2X
EMG-EVT-003431,AMB-06,AMBULANCE,10.5,0.62,21,30.1,46.1,13.6,32.5,CRITICAL,1,SYNTHETIC EMERGENCY V2X
EMG-EVT-003432,FIRE-01,FIRE_TRUCK,11.2,0.56,20,42.8,39.7,14.2,25.5,CRITICAL,1,SYNTHETIC EMERGENCY V2X
EMG-EVT-003433,FIRE-07,FIRE_TRUCK,2.1,0.4,4,48.7,7.4,2.7,4.7,HIGH,1,SYNTHETIC EMERGENCY V2X
EMG-EVT-003434,POL-07,POLICE,8.3,0.51,17,38.5,33.3,10.8,22.5,CRITICAL,1,SYNTHETIC EMERGENCY V2X
EMG-EVT-003435,POL-03,POLICE,2.2,0.74,6,31.7,11.4,3.0,8.4,HIGH,1,SYNTHETIC EMERGENCY V2X
EMG-EVT-003436,AMB-18,AMBULANCE,9.2,0.39,16,51.5,29.9,11.6,18.3,CRITICAL,1,SYNTHETIC EMERGENCY V2X
EMG-EVT-003437,AMB-04,AMBULANCE,9.0,0.71,16,27.8,38.6,11.4,27.2,CRITICAL,1,SYNTHETIC EMERGENCY V2X
EMG-EVT-003438,FIRE-10,FIRE_TRUCK,15.6,0.42,30,49.5,54.9,20.0,34.9,CRITICAL,1,SYNTHETIC EMERGENCY V2X
EMG-EVT-003439,AMB-20,AMBULANCE,10.4,0.77,21,28.2,47.3,13.4,33.9,CRITICAL,1,SYNTHETIC EMERGENCY V2X
EMG-EVT-003440,AMB-18,AMBULANCE,6.7,0.48,15,47.8,26.4,8.8,17.6,CRITICAL,1,SYNTHETIC EMERGENCY V2X
EMG-EVT-003441,AMB-01,AMBULANCE,2.2,0.88,3,18.1,10.9,2.7,8.2,CRITICAL,1,SYNTHETIC EMERGENCY V2X
EMG-EVT-003442,AMB-03,AMBULANCE,5.5,0.92,11,13.9,36.9,7.1,29.8,CRITICAL,1,SYNTHETIC EMERGENCY V2X
EMG-EVT-003443,AMB-05,AMBULANCE,3.0,0.79,7,27.1,15.0,4.0,11.0,CRITICAL,1,SYNTHETIC EMERGENCY V2X
EMG-EVT-003444,AMB-09,AMBULANCE,13.7,0.35,25,46.1,47.8,17.4,30.4,CRITICAL,1,SYNTHETIC EMERGENCY V2X
EMG-EVT-003445,AMB-20,AMBULANCE,10.7,0.53,22,41.5,41.9,13.9,28.0,CRITICAL,1,SYNTHETIC EMERGENCY V2X
EMG-EVT-003446,AMB-10,AMBULANCE,5.8,0.64,10,30.0,23.6,7.3,16.3,CRITICAL,1,SYNTHETIC EMERGENCY V2X
EMG-EVT-003447,AMB-06,AMBULANCE,12.3,0.71,25,34.3,51.5,15.9,35.6,CRITICAL,1,SYNTHETIC EMERGENCY V2X
EMG-EVT-003448,AMB-01,AMBULANCE,4.3,0.86,10,23.0,23.2,5.7,17.5,CRITICAL,1,SYNTHETIC EMERGENCY V2X
EMG-EVT-003449,POL-08,POLICE,15.7,0.69,31,26.8,72.3,20.2,52.1,CRITICAL,1,SYNTHETIC EMERGENCY V2X
EMG-EVT-003450,AMB-15,AMBULANCE,12.4,0.87,25,22.9,62.5,16.0,46.5,CRITICAL,1,SYNTHETIC EMERGENCY V2X
EMG-EVT-003451,AMB-01,AMBULANCE,1.6,0.95,4,18.9,9.9,2.1,7.8,CRITICAL,1,SYNTHETIC EMERGENCY V2X
EMG-EVT-003452,AMB-18,AMBULANCE,4.1,0.77,8,21.1,21.3,5.3,16.0,CRITICAL,1,SYNTHETIC EMERGENCY V2X
EMG-EVT-003453,POL-04,POLICE,2.1,0.48,6,43.6,10.1,2.9,7.2,HIGH,1,SYNTHETIC EMERGENCY V2X
EMG-EVT-003454,POL-09,POLICE,8.2,0.28,16,53.7,28.4,10.5,17.9,CRITICAL,1,SYNTHETIC EMERGENCY V2X
EMG-EVT-003455,AMB-13,AMBULANCE,9.7,0.92,17,13.9,62.3,12.3,50.0,CRITICAL,1,SYNTHETIC EMERGENCY V2X
EMG-EVT-003456,FIRE-08,FIRE_TRUCK,9.2,0.85,18,26.0,42.8,11.8,31.0,CRITICAL,1,SYNTHETIC EMERGENCY V2X
EMG-EVT-003457,AMB-03,AMBULANCE,5.2,0.87,11,17.9,30.6,6.8,23.8,CRITICAL,1,SYNTHETIC EMERGENCY V2X
EMG-EVT-003458,FIRE-07,FIRE_TRUCK,5.4,0.23,9,53.4,16.9,6.8,10.1,CRITICAL,1,SYNTHETIC EMERGENCY V2X
EMG-EVT-003459,FIRE-07,FIRE_TRUCK,8.5,0.3,18,57.3,30.5,11.1,19.4,CRITICAL,1,SYNTHETIC EMERGENCY V2X
EMG-EVT-003460,AMB-07,AMBULANCE,5.0,0.34,11,50.6,19.1,6.6,12.5,CRITICAL,1,SYNTHETIC EMERGENCY V2X
EMG-EVT-003461,AMB-04,AMBULANCE,5.6,0.59,10,39.9,20.4,7.1,13.3,CRITICAL,1,SYNTHETIC EMERGENCY V2X
EMG-EVT-003462,FIRE-03,FIRE_TRUCK,8.5,0.25,17,60.0,28.9,11.0,17.9,CRITICAL,1,SYNTHETIC EMERGENCY V2X
EMG-EVT-003463,AMB-16,AMBULANCE,9.4,0.33,17,47.6,32.2,12.0,20.2,CRITICAL,1,SYNTHETIC EMERGENCY V2X
EMG-EVT-003464,AMB-01,AMBULANCE,8.2,0.79,16,26.4,37.8,10.5,27.3,CRITICAL,1,SYNTHETIC EMERGENCY V2X
EMG-EVT-003465,AMB-07,AMBULANCE,7.9,0.39,16,46.2,29.5,10.2,19.3,CRITICAL,1,SYNTHETIC EMERGENCY V2X
EMG-EVT-003466,AMB-09,AMBULANCE,9.9,0.78,20,22.2,50.8,12.8,38.0,CRITICAL,1,SYNTHETIC EMERGENCY V2X
EMG-EVT-003467,AMB-20,AMBULANCE,12.5,0.59,25,36.4,50.6,16.1,34.5,CRITICAL,1,SYNTHETIC EMERGENCY V2X
EMG-EVT-003468,AMB-03,AMBULANCE,14.1,0.71,28,29.9,61.9,18.2,43.7,CRITICAL,1,SYNTHETIC EMERGENCY V2X
EMG-EVT-003469,FIRE-04,FIRE_TRUCK,7.3,0.88,15,20.2,39.7,9.5,30.2,CRITICAL,1,SYNTHETIC EMERGENCY V2X
EMG-EVT-003470,AMB-01,AMBULANCE,9.6,0.49,17,41.4,34.3,12.2,22.1,CRITICAL,1,SYNTHETIC EMERGENCY V2X
EMG-EVT-003471,AMB-07,AMBULANCE,2.5,0.82,4,27.7,10.2,3.1,7.1,CRITICAL,1,SYNTHETIC EMERGENCY V2X
EMG-EVT-003472,AMB-02,AMBULANCE,9.5,0.24,20,60.5,33.4,12.4,21.0,CRITICAL,1,SYNTHETIC EMERGENCY V2X
EMG-EVT-003473,POL-05,POLICE,13.2,0.89,26,17.8,75.7,17.0,58.7,CRITICAL,1,SYNTHETIC EMERGENCY V2X
EMG-EVT-003474,AMB-06,AMBULANCE,9.4,0.85,18,17.2,54.4,12.1,42.3,CRITICAL,1,SYNTHETIC EMERGENCY V2X
EMG-EVT-003475,AMB-14,AMBULANCE,7.0,0.89,15,16.5,43.5,9.1,34.4,CRITICAL,1,SYNTHETIC EMERGENCY V2X
EMG-EVT-003476,AMB-16,AMBULANCE,2.8,0.67,8,31.8,14.9,3.9,11.0,CRITICAL,1,SYNTHETIC EMERGENCY V2X
EMG-EVT-003477,AMB-15,AMBULANCE,4.3,0.86,8,22.3,21.2,5.5,15.7,CRITICAL,1,SYNTHETIC EMERGENCY V2X
EMG-EVT-003478,AMB-09,AMBULANCE,1.9,0.5,3,41.7,6.3,2.4,3.9,CRITICAL,1,SYNTHETIC EMERGENCY V2X
EMG-EVT-003479,FIRE-10,FIRE_TRUCK,15.6,0.57,31,35.0,63.9,20.1,43.8,CRITICAL,1,SYNTHETIC EMERGENCY V2X
EMG-EVT-003480,AMB-14,AMBULANCE,1.9,0.31,6,51.4,9.4,2.7,6.7,CRITICAL,1,SYNTHETIC EMERGENCY V2X
EMG-EVT-003481,AMB-17,AMBULANCE,5.0,0.61,11,32.2,22.5,6.6,15.9,CRITICAL,1,SYNTHETIC EMERGENCY V2X
EMG-EVT-003482,POL-08,POLICE,2.5,0.75,4,22.4,11.5,3.1,8.4,HIGH,1,SYNTHETIC EMERGENCY V2X
EMG-EVT-003483,AMB-19,AMBULANCE,9.5,0.47,18,45.1,34.2,12.2,22.0,CRITICAL,1,SYNTHETIC EMERGENCY V2X
EMG-EVT-003484,AMB-16,AMBULANCE,10.6,0.47,20,48.5,37.1,13.6,23.5,CRITICAL,1,SYNTHETIC EMERGENCY V2X
EMG-EVT-003485,AMB-12,AMBULANCE,1.9,0.8,4,24.2,9.5,2.5,7.0,CRITICAL,1,SYNTHETIC EMERGENCY V2X
EMG-EVT-003486,AMB-06,AMBULANCE,1.8,0.39,4,47.3,7.1,2.4,4.7,CRITICAL,1,SYNTHETIC EMERGENCY V2X
EMG-EVT-003487,FIRE-02,FIRE_TRUCK,4.6,0.24,9,60.9,15.3,5.9,9.4,CRITICAL,1,SYNTHETIC EMERGENCY V2X
EMG-EVT-003488,AMB-01,AMBULANCE,13.9,0.89,28,16.3,84.8,18.0,66.8,CRITICAL,1,SYNTHETIC EMERGENCY V2X
EMG-EVT-003489,FIRE-10,FIRE_TRUCK,15.6,0.68,30,32.4,64.9,20.0,44.9,CRITICAL,1,SYNTHETIC EMERGENCY V2X
EMG-EVT-003490,AMB-10,AMBULANCE,6.0,0.21,12,64.3,20.0,7.7,12.3,CRITICAL,1,SYNTHETIC EMERGENCY V2X
EMG-EVT-003491,AMB-07,AMBULANCE,7.1,0.61,14,37.2,28.3,9.1,19.2,CRITICAL,1,SYNTHETIC EMERGENCY V2X
EMG-EVT-003492,AMB-14,AMBULANCE,5.1,0.69,10,30.0,22.2,6.6,15.6,CRITICAL,1,SYNTHETIC EMERGENCY V2X
EMG-EVT-003493,AMB-14,AMBULANCE,7.4,0.44,14,44.0,26.9,9.5,17.4,CRITICAL,1,SYNTHETIC EMERGENCY V2X
EMG-EVT-003494,POL-05,POLICE,12.9,0.56,23,35.4,49.5,16.4,33.1,CRITICAL,1,SYNTHETIC EMERGENCY V2X
EMG-EVT-003495,AMB-12,AMBULANCE,5.4,0.39,11,51.0,19.6,7.0,12.6,CRITICAL,1,SYNTHETIC EMERGENCY V2X
EMG-EVT-003496,POL-05,POLICE,2.5,0.54,7,37.0,12.5,3.4,9.1,CRITICAL,1,SYNTHETIC EMERGENCY V2X
EMG-EVT-003497,AMB-10,AMBULANCE,14.5,0.41,29,44.7,54.3,18.7,35.6,CRITICAL,1,SYNTHETIC EMERGENCY V2X
EMG-EVT-003498,AMB-09,AMBULANCE,11.2,0.23,22,62.4,37.2,14.4,22.8,CRITICAL,1,SYNTHETIC EMERGENCY V2X
EMG-EVT-003499,AMB-13,AMBULANCE,2.7,0.3,5,55.4,8.9,3.4,5.5,CRITICAL,1,SYNTHETIC EMERGENCY V2X
EMG-EVT-003500,AMB-13,AMBULANCE,9.3,0.62,16,38.6,33.7,11.7,22.0,CRITICAL,1,SYNTHETIC EMERGENCY V2X
EMG-EVT-003501,FIRE-02,FIRE_TRUCK,8.3,0.39,14,51.0,26.6,10.5,16.1,CRITICAL,1,SYNTHETIC EMERGENCY V2X
EMG-EVT-003502,FIRE-09,FIRE_TRUCK,7.5,0.88,13,21.9,36.1,9.5,26.6,CRITICAL,1,SYNTHETIC EMERGENCY V2X
EMG-EVT-003503,AMB-11,AMBULANCE,9.8,0.96,17,11.6,71.1,12.4,58.7,CRITICAL,1,SYNTHETIC EMERGENCY V2X
EMG-EVT-003504,FIRE-07,FIRE_TRUCK,8.7,0.41,15,45.4,29.5,11.0,18.5,CRITICAL,1,SYNTHETIC EMERGENCY V2X
EMG-EVT-003505,AMB-03,AMBULANCE,14.2,0.87,25,20.7,71.2,18.0,53.2,CRITICAL,1,SYNTHETIC EMERGENCY V2X
EMG-EVT-003506,FIRE-05,FIRE_TRUCK,9.4,0.57,18,38.4,36.3,12.1,24.2,CRITICAL,1,SYNTHETIC EMERGENCY V2X
EMG-EVT-003507,AMB-15,AMBULANCE,12.8,0.43,26,50.0,46.6,16.6,30.0,CRITICAL,1,SYNTHETIC EMERGENCY V2X
EMG-EVT-003508,FIRE-07,FIRE_TRUCK,10.5,0.3,21,50.4,37.7,13.6,24.1,CRITICAL,1,SYNTHETIC EMERGENCY V2X
EMG-EVT-003509,AMB-05,AMBULANCE,8.9,0.47,18,40.1,34.9,11.5,23.4,CRITICAL,1,SYNTHETIC EMERGENCY V2X
EMG-EVT-003510,AMB-02,AMBULANCE,6.7,0.81,13,25.9,31.1,8.6,22.5,CRITICAL,1,SYNTHETIC EMERGENCY V2X
EMG-EVT-003511,AMB-09,AMBULANCE,5.1,0.49,11,40.1,20.8,6.7,14.1,CRITICAL,1,SYNTHETIC EMERGENCY V2X
EMG-EVT-003512,FIRE-05,FIRE_TRUCK,12.4,0.65,22,32.0,49.6,15.7,33.9,CRITICAL,1,SYNTHETIC EMERGENCY V2X
EMG-EVT-003513,AMB-05,AMBULANCE,10.5,0.63,19,35.1,40.7,13.4,27.3,CRITICAL,1,SYNTHETIC EMERGENCY V2X
EMG-EVT-003514,AMB-09,AMBULANCE,15.6,0.85,28,19.7,81.1,19.8,61.3,CRITICAL,1,SYNTHETIC EMERGENCY V2X
EMG-EVT-003515,AMB-12,AMBULANCE,3.2,0.26,8,53.1,13.2,4.3,8.9,CRITICAL,1,SYNTHETIC EMERGENCY V2X
EMG-EVT-003516,FIRE-03,FIRE_TRUCK,13.4,0.79,25,27.7,59.0,17.1,41.9,CRITICAL,1,SYNTHETIC EMERGENCY V2X
EMG-EVT-003517,AMB-02,AMBULANCE,5.7,0.68,13,34.6,25.5,7.5,18.0,CRITICAL,1,SYNTHETIC EMERGENCY V2X
EMG-EVT-003518,AMB-04,AMBULANCE,14.7,0.96,27,12.1,105.3,18.7,86.6,CRITICAL,1,SYNTHETIC EMERGENCY V2X
EMG-EVT-003519,AMB-03,AMBULANCE,10.2,0.55,21,43.2,39.4,13.2,26.2,CRITICAL,1,SYNTHETIC EMERGENCY V2X
EMG-EVT-003520,AMB-09,AMBULANCE,14.3,0.8,26,24.2,66.7,18.2,48.5,CRITICAL,1,SYNTHETIC EMERGENCY V2X
EMG-EVT-003521,AMB-15,AMBULANCE,12.9,0.46,26,47.7,47.4,16.7,30.7,CRITICAL,1,SYNTHETIC EMERGENCY V2X
EMG-EVT-003522,FIRE-02,FIRE_TRUCK,10.8,0.26,20,54.0,36.0,13.8,22.2,CRITICAL,1,SYNTHETIC EMERGENCY V2X
EMG-EVT-003523,AMB-12,AMBULANCE,2.4,0.53,7,36.2,12.4,3.3,9.1,CRITICAL,1,SYNTHETIC EMERGENCY V2X
EMG-EVT-003524,AMB-01,AMBULANCE,10.5,0.43,20,44.8,38.1,13.5,24.6,CRITICAL,1,SYNTHETIC EMERGENCY V2X
EMG-EVT-003525,AMB-15,AMBULANCE,15.2,0.8,30,28.1,68.5,19.6,48.9,CRITICAL,1,SYNTHETIC EMERGENCY V2X
EMG-EVT-003526,AMB-15,AMBULANCE,10.5,0.48,21,48.1,38.3,13.6,24.7,CRITICAL,1,SYNTHETIC EMERGENCY V2X
EMG-EVT-003527,AMB-06,AMBULANCE,15.0,0.78,28,25.7,68.6,19.2,49.4,CRITICAL,1,SYNTHETIC EMERGENCY V2X
EMG-EVT-003528,AMB-10,AMBULANCE,12.1,0.79,23,26.9,54.6,15.5,39.1,CRITICAL,1,SYNTHETIC EMERGENCY V2X
EMG-EVT-003529,AMB-11,AMBULANCE,13.6,0.81,25,26.0,61.4,17.3,44.1,CRITICAL,1,SYNTHETIC EMERGENCY V2X
EMG-EVT-003530,AMB-15,AMBULANCE,15.6,0.96,29,10.0,128.4,19.9,108.5,CRITICAL,1,SYNTHETIC EMERGENCY V2X
EMG-EVT-003531,AMB-17,AMBULANCE,1.7,0.76,6,21.9,11.9,2.5,9.4,CRITICAL,1,SYNTHETIC EMERGENCY V2X
EMG-EVT-003532,POL-04,POLICE,15.2,0.67,30,34.3,62.6,19.6,43.0,CRITICAL,1,SYNTHETIC EMERGENCY V2X
EMG-EVT-003533,AMB-05,AMBULANCE,8.6,0.74,15,31.2,34.5,10.9,23.6,CRITICAL,1,SYNTHETIC EMERGENCY V2X
EMG-EVT-003534,FIRE-04,FIRE_TRUCK,14.7,0.41,29,42.8,55.4,18.9,36.5,CRITICAL,1,SYNTHETIC EMERGENCY V2X
EMG-EVT-003535,AMB-12,AMBULANCE,13.9,0.4,27,51.6,48.6,17.9,30.7,CRITICAL,1,SYNTHETIC EMERGENCY V2X
EMG-EVT-003536,AMB-10,AMBULANCE,10.2,0.86,20,22.9,50.7,13.1,37.6,CRITICAL,1,SYNTHETIC EMERGENCY V2X
EMG-EVT-003537,POL-08,POLICE,9.8,0.43,20,50.6,35.6,12.7,22.9,CRITICAL,1,SYNTHETIC EMERGENCY V2X
EMG-EVT-003538,AMB-15,AMBULANCE,11.8,0.25,22,55.9,39.1,15.1,24.0,CRITICAL,1,SYNTHETIC EMERGENCY V2X
EMG-EVT-003539,FIRE-05,FIRE_TRUCK,15.7,0.46,31,46.4,57.5,20.2,37.3,CRITICAL,1,SYNTHETIC EMERGENCY V2X
EMG-EVT-003540,AMB-03,AMBULANCE,14.2,0.39,25,44.5,49.1,18.0,31.1,CRITICAL,1,SYNTHETIC EMERGENCY V2X
EMG-EVT-003541,AMB-14,AMBULANCE,4.0,0.6,8,37.7,16.0,5.2,10.8,CRITICAL,1,SYNTHETIC EMERGENCY V2X
EMG-EVT-003542,AMB-02,AMBULANCE,8.7,0.29,16,55.0,28.7,11.1,17.6,CRITICAL,1,SYNTHETIC EMERGENCY V2X
EMG-EVT-003543,AMB-06,AMBULANCE,7.5,0.57,15,33.0,31.6,9.7,21.9,CRITICAL,1,SYNTHETIC EMERGENCY V2X
EMG-EVT-003544,AMB-15,AMBULANCE,7.8,0.5,14,42.8,27.7,9.9,17.8,CRITICAL,1,SYNTHETIC EMERGENCY V2X
EMG-EVT-003545,AMB-15,AMBULANCE,6.6,0.87,13,16.3,39.9,8.5,31.4,CRITICAL,1,SYNTHETIC EMERGENCY V2X
EMG-EVT-003546,AMB-10,AMBULANCE,13.9,0.74,25,25.6,62.6,17.7,44.9,CRITICAL,1,SYNTHETIC EMERGENCY V2X
EMG-EVT-003547,FIRE-03,FIRE_TRUCK,6.5,0.33,12,53.1,21.7,8.3,13.4,CRITICAL,1,SYNTHETIC EMERGENCY V2X
EMG-EVT-003548,AMB-16,AMBULANCE,6.7,0.93,15,14.6,45.5,8.8,36.7,CRITICAL,1,SYNTHETIC EMERGENCY V2X
EMG-EVT-003549,FIRE-10,FIRE_TRUCK,14.2,0.31,28,53.3,49.6,18.3,31.3,CRITICAL,1,SYNTHETIC EMERGENCY V2X
EMG-EVT-003550,AMB-09,AMBULANCE,10.1,0.79,21,29.6,45.7,13.1,32.6,CRITICAL,1,SYNTHETIC EMERGENCY V2X
EMG-EVT-003551,AMB-06,AMBULANCE,2.4,0.51,7,41.4,11.9,3.3,8.6,CRITICAL,1,SYNTHETIC EMERGENCY V2X
EMG-EVT-003552,AMB-17,AMBULANCE,13.9,0.77,27,22.4,69.6,17.9,51.7,CRITICAL,1,SYNTHETIC EMERGENCY V2X
EMG-EVT-003553,AMB-18,AMBULANCE,12.2,0.46,21,49.3,40.0,15.4,24.6,CRITICAL,1,SYNTHETIC EMERGENCY V2X
EMG-EVT-003554,FIRE-07,FIRE_TRUCK,3.1,0.76,8,25.8,16.8,4.2,12.6,CRITICAL,1,SYNTHETIC EMERGENCY V2X
EMG-EVT-003555,FIRE-03,FIRE_TRUCK,5.0,0.53,11,44.1,20.0,6.6,13.4,CRITICAL,1,SYNTHETIC EMERGENCY V2X
EMG-EVT-003556,POL-03,POLICE,5.7,0.39,11,47.9,20.3,7.3,13.0,CRITICAL,1,SYNTHETIC EMERGENCY V2X
EMG-EVT-003557,AMB-15,AMBULANCE,7.2,0.32,13,51.8,23.9,9.2,14.7,CRITICAL,1,SYNTHETIC EMERGENCY V2X
EMG-EVT-003558,AMB-07,AMBULANCE,8.8,0.26,15,53.4,27.9,11.1,16.8,CRITICAL,1,SYNTHETIC EMERGENCY V2X
EMG-EVT-003559,AMB-04,AMBULANCE,10.4,0.28,21,56.8,36.2,13.4,22.8,CRITICAL,1,SYNTHETIC EMERGENCY V2X
EMG-EVT-003560,AMB-17,AMBULANCE,15.0,0.93,29,13.5,101.5,19.3,82.2,CRITICAL,1,SYNTHETIC EMERGENCY V2X
EMG-EVT-003561,AMB-14,AMBULANCE,1.6,0.73,2,25.2,6.2,2.0,4.2,CRITICAL,1,SYNTHETIC EMERGENCY V2X
EMG-EVT-003562,FIRE-06,FIRE_TRUCK,13.3,0.59,23,32.9,51.9,16.8,35.1,CRITICAL,1,SYNTHETIC EMERGENCY V2X
EMG-EVT-003563,FIRE-10,FIRE_TRUCK,10.5,0.52,19,39.2,38.9,13.4,25.5,CRITICAL,1,SYNTHETIC EMERGENCY V2X
EMG-EVT-003564,AMB-10,AMBULANCE,10.0,0.56,19,40.9,37.5,12.8,24.7,CRITICAL,1,SYNTHETIC EMERGENCY V2X
EMG-EVT-003565,AMB-04,AMBULANCE,13.5,0.98,24,10.3,107.4,17.1,90.3,CRITICAL,1,SYNTHETIC EMERGENCY V2X
EMG-EVT-003566,FIRE-06,FIRE_TRUCK,12.2,0.46,21,46.1,41.1,15.4,25.7,CRITICAL,1,SYNTHETIC EMERGENCY V2X
EMG-EVT-003567,AMB-17,AMBULANCE,4.1,0.24,8,55.7,14.0,5.3,8.7,CRITICAL,1,SYNTHETIC EMERGENCY V2X
EMG-EVT-003568,AMB-14,AMBULANCE,11.4,0.22,22,55.4,38.7,14.6,24.1,CRITICAL,1,SYNTHETIC EMERGENCY V2X
EMG-EVT-003569,AMB-17,AMBULANCE,3.7,0.9,8,17.1,22.6,4.8,17.8,CRITICAL,1,SYNTHETIC EMERGENCY V2X
EMG-EVT-003570,FIRE-09,FIRE_TRUCK,2.8,0.63,5,38.4,10.4,3.6,6.8,HIGH,1,SYNTHETIC EMERGENCY V2X
EMG-EVT-003571,AMB-16,AMBULANCE,5.3,0.75,11,23.4,26.8,6.9,19.9,CRITICAL,1,SYNTHETIC EMERGENCY V2X
EMG-EVT-003572,POL-05,POLICE,1.8,0.97,4,10.0,15.6,2.4,13.2,CRITICAL,1,SYNTHETIC EMERGENCY V2X
EMG-EVT-003573,AMB-08,AMBULANCE,15.4,0.45,27,40.4,55.3,19.5,35.8,CRITICAL,1,SYNTHETIC EMERGENCY V2X
EMG-EVT-003574,AMB-20,AMBULANCE,15.4,0.72,30,27.9,69.1,19.8,49.3,CRITICAL,1,SYNTHETIC EMERGENCY V2X
EMG-EVT-003575,AMB-17,AMBULANCE,13.6,0.6,24,32.0,54.3,17.2,37.1,CRITICAL,1,SYNTHETIC EMERGENCY V2X
EMG-EVT-003576,FIRE-01,FIRE_TRUCK,2.9,0.65,5,29.5,11.9,3.7,8.2,HIGH,1,SYNTHETIC EMERGENCY V2X
EMG-EVT-003577,AMB-07,AMBULANCE,15.7,0.85,29,23.2,75.4,20.0,55.4,CRITICAL,1,SYNTHETIC EMERGENCY V2X
EMG-EVT-003578,AMB-20,AMBULANCE,4.4,0.89,9,20.5,23.7,5.7,18.0,CRITICAL,1,SYNTHETIC EMERGENCY V2X
EMG-EVT-003579,AMB-09,AMBULANCE,1.9,0.56,5,33.9,9.4,2.6,6.8,CRITICAL,1,SYNTHETIC EMERGENCY V2X
EMG-EVT-003580,FIRE-04,FIRE_TRUCK,7.1,0.31,12,53.8,22.3,8.9,13.4,CRITICAL,1,SYNTHETIC EMERGENCY V2X
EMG-EVT-003581,AMB-13,AMBULANCE,11.0,0.34,22,52.0,39.1,14.2,24.9,CRITICAL,1,SYNTHETIC EMERGENCY V2X
EMG-EVT-003582,POL-06,POLICE,6.7,0.35,14,53.9,24.3,8.7,15.6,CRITICAL,1,SYNTHETIC EMERGENCY V2X
EMG-EVT-003583,AMB-03,AMBULANCE,7.6,0.42,14,47.0,26.5,9.7,16.8,CRITICAL,1,SYNTHETIC EMERGENCY V2X
EMG-EVT-003584,FIRE-03,FIRE_TRUCK,11.6,0.64,23,29.6,51.1,15.0,36.1,CRITICAL,1,SYNTHETIC EMERGENCY V2X
EMG-EVT-003585,AMB-15,AMBULANCE,2.5,0.41,7,49.1,11.5,3.4,8.1,CRITICAL,1,SYNTHETIC EMERGENCY V2X
EMG-EVT-003586,AMB-20,AMBULANCE,9.9,0.96,17,12.5,67.9,12.5,55.4,CRITICAL,1,SYNTHETIC EMERGENCY V2X
EMG-EVT-003587,FIRE-03,FIRE_TRUCK,4.4,0.57,7,33.1,16.4,5.5,10.9,CRITICAL,1,SYNTHETIC EMERGENCY V2X
EMG-EVT-003588,AMB-16,AMBULANCE,10.7,0.24,21,56.9,36.5,13.8,22.7,CRITICAL,1,SYNTHETIC EMERGENCY V2X
EMG-EVT-003589,AMB-09,AMBULANCE,4.0,0.39,10,51.0,16.7,5.4,11.3,CRITICAL,1,SYNTHETIC EMERGENCY V2X
EMG-EVT-003590,POL-02,POLICE,1.9,0.54,3,38.8,6.5,2.4,4.1,HIGH,1,SYNTHETIC EMERGENCY V2X
EMG-EVT-003591,POL-07,POLICE,13.5,0.6,25,32.7,54.8,17.2,37.6,CRITICAL,1,SYNTHETIC EMERGENCY V2X
EMG-EVT-003592,POL-06,POLICE,14.2,0.83,27,22.4,70.4,18.2,52.2,CRITICAL,1,SYNTHETIC EMERGENCY V2X
EMG-EVT-003593,AMB-17,AMBULANCE,1.5,0.58,4,40.7,7.0,2.0,5.0,CRITICAL,1,SYNTHETIC EMERGENCY V2X
EMG-EVT-003594,AMB-05,AMBULANCE,11.7,0.73,23,32.6,49.1,15.1,34.0,CRITICAL,1,SYNTHETIC EMERGENCY V2X
EMG-EVT-003595,AMB-10,AMBULANCE,9.5,0.6,18,31.4,39.8,12.2,27.6,CRITICAL,1,SYNTHETIC EMERGENCY V2X
EMG-EVT-003596,FIRE-08,FIRE_TRUCK,5.3,0.57,10,37.2,20.5,6.8,13.7,CRITICAL,1,SYNTHETIC EMERGENCY V2X
EMG-EVT-003597,FIRE-03,FIRE_TRUCK,3.9,0.58,10,33.6,19.0,5.3,13.7,CRITICAL,1,SYNTHETIC EMERGENCY V2X
EMG-EVT-003598,AMB-17,AMBULANCE,12.5,0.6,25,40.6,48.5,16.1,32.4,CRITICAL,1,SYNTHETIC EMERGENCY V2X
EMG-EVT-003599,FIRE-08,FIRE_TRUCK,5.8,0.89,10,15.0,35.2,7.3,27.9,CRITICAL,1,SYNTHETIC EMERGENCY V2X
EMG-EVT-003600,AMB-20,AMBULANCE,15.1,0.7,28,30.5,63.3,19.3,44.0,CRITICAL,1,SYNTHETIC EMERGENCY V2X
EMG-EVT-003601,AMB-10,AMBULANCE,8.0,0.85,14,20.0,40.8,10.1,30.7,CRITICAL,1,SYNTHETIC EMERGENCY V2X
EMG-EVT-003602,AMB-03,AMBULANCE,5.9,0.85,13,21.1,32.4,7.7,24.7,CRITICAL,1,SYNTHETIC EMERGENCY V2X
EMG-EVT-003603,AMB-17,AMBULANCE,7.2,0.84,13,18.3,39.2,9.2,30.0,CRITICAL,1,SYNTHETIC EMERGENCY V2X
EMG-EVT-003604,FIRE-10,FIRE_TRUCK,12.2,0.2,24,64.4,40.2,15.7,24.5,CRITICAL,1,SYNTHETIC EMERGENCY V2X
EMG-EVT-003605,AMB-16,AMBULANCE,2.7,0.3,7,55.6,11.3,3.6,7.7,CRITICAL,1,SYNTHETIC EMERGENCY V2X
EMG-EVT-003606,AMB-20,AMBULANCE,3.9,0.53,10,43.4,17.4,5.3,12.1,CRITICAL,1,SYNTHETIC EMERGENCY V2X
EMG-EVT-003607,AMB-20,AMBULANCE,5.2,0.25,10,54.1,17.8,6.7,11.1,CRITICAL,1,SYNTHETIC EMERGENCY V2X
EMG-EVT-003608,FIRE-03,FIRE_TRUCK,15.7,0.7,29,27.8,68.7,20.0,48.7,CRITICAL,1,SYNTHETIC EMERGENCY V2X
EMG-EVT-003609,AMB-15,AMBULANCE,4.0,0.47,10,46.8,17.1,5.4,11.7,CRITICAL,1,SYNTHETIC EMERGENCY V2X
EMG-EVT-003610,FIRE-01,FIRE_TRUCK,14.4,0.41,26,43.3,51.2,18.3,32.9,CRITICAL,1,SYNTHETIC EMERGENCY V2X
EMG-EVT-003611,AMB-18,AMBULANCE,11.7,0.79,24,23.6,58.5,15.2,43.3,CRITICAL,1,SYNTHETIC EMERGENCY V2X
EMG-EVT-003612,AMB-20,AMBULANCE,6.0,0.34,12,49.3,21.7,7.7,14.0,CRITICAL,1,SYNTHETIC EMERGENCY V2X
EMG-EVT-003613,AMB-09,AMBULANCE,12.8,0.43,23,44.7,44.8,16.3,28.5,CRITICAL,1,SYNTHETIC EMERGENCY V2X
EMG-EVT-003614,AMB-08,AMBULANCE,15.1,0.97,30,16.3,91.6,19.5,72.1,CRITICAL,1,SYNTHETIC EMERGENCY V2X
EMG-EVT-003615,AMB-06,AMBULANCE,13.9,0.92,28,18.6,78.4,18.0,60.4,CRITICAL,1,SYNTHETIC EMERGENCY V2X
EMG-EVT-003616,AMB-06,AMBULANCE,7.5,0.83,13,24.6,33.9,9.5,24.4,CRITICAL,1,SYNTHETIC EMERGENCY V2X
EMG-EVT-003617,AMB-20,AMBULANCE,11.8,0.32,22,54.1,39.5,15.1,24.4,CRITICAL,1,SYNTHETIC EMERGENCY V2X
EMG-EVT-003618,AMB-17,AMBULANCE,12.4,0.35,25,49.3,45.1,16.0,29.1,CRITICAL,1,SYNTHETIC EMERGENCY V2X
EMG-EVT-003619,AMB-01,AMBULANCE,5.3,0.36,12,48.3,21.0,7.0,14.0,CRITICAL,1,SYNTHETIC EMERGENCY V2X
EMG-EVT-003620,FIRE-07,FIRE_TRUCK,11.7,0.28,23,58.8,39.5,15.1,24.4,CRITICAL,1,SYNTHETIC EMERGENCY V2X
EMG-EVT-003621,AMB-15,AMBULANCE,6.3,0.63,11,38.8,22.9,8.0,14.9,CRITICAL,1,SYNTHETIC EMERGENCY V2X
EMG-EVT-003622,AMB-18,AMBULANCE,10.2,0.81,18,21.3,50.3,12.9,37.4,CRITICAL,1,SYNTHETIC EMERGENCY V2X
EMG-EVT-003623,AMB-17,AMBULANCE,8.7,0.94,17,16.8,51.5,11.2,40.3,CRITICAL,1,SYNTHETIC EMERGENCY V2X
EMG-EVT-003624,FIRE-10,FIRE_TRUCK,8.9,0.97,19,10.0,76.2,11.6,64.6,CRITICAL,1,SYNTHETIC EMERGENCY V2X
EMG-EVT-003625,AMB-07,AMBULANCE,6.0,0.95,13,14.6,40.3,7.8,32.5,CRITICAL,1,SYNTHETIC EMERGENCY V2X
EMG-EVT-003626,AMB-02,AMBULANCE,10.7,0.54,20,38.5,40.7,13.7,27.0,CRITICAL,1,SYNTHETIC EMERGENCY V2X
EMG-EVT-003627,AMB-20,AMBULANCE,8.2,0.85,14,24.4,37.0,10.3,26.7,CRITICAL,1,SYNTHETIC EMERGENCY V2X
EMG-EVT-003628,AMB-18,AMBULANCE,2.5,0.94,5,14.2,16.6,3.2,13.4,CRITICAL,1,SYNTHETIC EMERGENCY V2X
EMG-EVT-003629,AMB-06,AMBULANCE,15.0,0.35,27,46.5,51.8,19.1,32.7,CRITICAL,1,SYNTHETIC EMERGENCY V2X
EMG-EVT-003630,FIRE-07,FIRE_TRUCK,2.2,0.87,4,23.6,10.4,2.8,7.6,HIGH,1,SYNTHETIC EMERGENCY V2X
EMG-EVT-003631,AMB-10,AMBULANCE,13.1,0.84,25,16.6,77.3,16.8,60.5,CRITICAL,1,SYNTHETIC EMERGENCY V2X
EMG-EVT-003632,AMB-20,AMBULANCE,13.5,0.41,25,52.0,45.6,17.2,28.4,CRITICAL,1,SYNTHETIC EMERGENCY V2X
EMG-EVT-003633,AMB-12,AMBULANCE,5.3,0.53,10,38.9,20.2,6.8,13.4,CRITICAL,1,SYNTHETIC EMERGENCY V2X
EMG-EVT-003634,FIRE-03,FIRE_TRUCK,5.1,0.56,11,43.3,20.3,6.7,13.6,CRITICAL,1,SYNTHETIC EMERGENCY V2X
EMG-EVT-003635,FIRE-07,FIRE_TRUCK,5.1,0.85,12,19.3,30.3,6.8,23.5,CRITICAL,1,SYNTHETIC EMERGENCY V2X
EMG-EVT-003636,AMB-12,AMBULANCE,3.5,0.36,9,52.4,14.8,4.7,10.1,CRITICAL,1,SYNTHETIC EMERGENCY V2X
EMG-EVT-003637,AMB-11,AMBULANCE,10.0,0.41,18,47.6,34.2,12.7,21.5,CRITICAL,1,SYNTHETIC EMERGENCY V2X
EMG-EVT-003638,FIRE-05,FIRE_TRUCK,4.3,0.33,8,57.1,14.1,5.5,8.6,CRITICAL,1,SYNTHETIC EMERGENCY V2X
EMG-EVT-003639,POL-09,POLICE,6.8,0.28,12,52.9,22.1,8.6,13.5,CRITICAL,1,SYNTHETIC EMERGENCY V2X
EMG-EVT-003640,FIRE-01,FIRE_TRUCK,5.6,0.42,10,44.9,19.5,7.1,12.4,CRITICAL,1,SYNTHETIC EMERGENCY V2X
EMG-EVT-003641,AMB-15,AMBULANCE,5.4,0.7,9,30.6,21.4,6.8,14.6,CRITICAL,1,SYNTHETIC EMERGENCY V2X
EMG-EVT-003642,AMB-06,AMBULANCE,5.8,0.77,13,23.8,30.2,7.6,22.6,CRITICAL,1,SYNTHETIC EMERGENCY V2X
EMG-EVT-003643,FIRE-08,FIRE_TRUCK,1.6,0.3,3,59.0,5.2,2.0,3.2,HIGH,1,SYNTHETIC EMERGENCY V2X
EMG-EVT-003644,AMB-10,AMBULANCE,12.8,0.33,26,50.7,46.3,16.6,29.7,CRITICAL,1,SYNTHETIC EMERGENCY V2X
EMG-EVT-003645,AMB-11,AMBULANCE,5.5,0.89,9,22.2,25.7,6.9,18.8,CRITICAL,1,SYNTHETIC EMERGENCY V2X
EMG-EVT-003646,AMB-20,AMBULANCE,3.5,0.51,7,42.4,13.4,4.5,8.9,CRITICAL,1,SYNTHETIC EMERGENCY V2X
EMG-EVT-003647,FIRE-01,FIRE_TRUCK,14.1,0.35,25,50.6,46.7,17.9,28.8,CRITICAL,1,SYNTHETIC EMERGENCY V2X
EMG-EVT-003648,AMB-09,AMBULANCE,3.0,0.88,8,21.9,17.8,4.1,13.7,CRITICAL,1,SYNTHETIC EMERGENCY V2X
EMG-EVT-003649,AMB-14,AMBULANCE,6.2,0.51,13,44.6,23.9,8.1,15.8,CRITICAL,1,SYNTHETIC EMERGENCY V2X
EMG-EVT-003650,POL-06,POLICE,6.9,0.26,12,58.7,21.5,8.7,12.8,CRITICAL,1,SYNTHETIC EMERGENCY V2X
EMG-EVT-003651,FIRE-07,FIRE_TRUCK,4.5,0.35,11,51.5,18.4,6.0,12.4,CRITICAL,1,SYNTHETIC EMERGENCY V2X
EMG-EVT-003652,AMB-05,AMBULANCE,12.2,0.63,24,30.9,52.5,15.7,36.8,CRITICAL,1,SYNTHETIC EMERGENCY V2X
EMG-EVT-003653,FIRE-07,FIRE_TRUCK,6.3,0.49,11,39.5,22.8,8.0,14.8,CRITICAL,1,SYNTHETIC EMERGENCY V2X
EMG-EVT-003654,FIRE-09,FIRE_TRUCK,13.8,0.41,27,47.3,49.9,17.8,32.1,CRITICAL,1,SYNTHETIC EMERGENCY V2X
EMG-EVT-003655,POL-09,POLICE,10.8,0.9,22,22.4,55.3,14.0,41.3,CRITICAL,1,SYNTHETIC EMERGENCY V2X
EMG-EVT-003656,AMB-16,AMBULANCE,5.7,0.45,11,42.0,21.3,7.3,14.0,CRITICAL,1,SYNTHETIC EMERGENCY V2X
EMG-EVT-003657,FIRE-08,FIRE_TRUCK,3.5,0.66,6,32.5,13.7,4.4,9.3,CRITICAL,1,SYNTHETIC EMERGENCY V2X
EMG-EVT-003658,AMB-08,AMBULANCE,6.6,0.87,12,18.4,35.9,8.4,27.5,CRITICAL,1,SYNTHETIC EMERGENCY V2X
EMG-EVT-003659,AMB-19,AMBULANCE,13.1,0.62,26,37.3,52.3,16.9,35.4,CRITICAL,1,SYNTHETIC EMERGENCY V2X
EMG-EVT-003660,FIRE-02,FIRE_TRUCK,13.7,0.56,26,40.3,51.6,17.5,34.1,CRITICAL,1,SYNTHETIC EMERGENCY V2X
EMG-EVT-003661,AMB-19,AMBULANCE,7.6,0.24,14,59.3,24.5,9.7,14.8,CRITICAL,1,SYNTHETIC EMERGENCY V2X
EMG-EVT-003662,FIRE-09,FIRE_TRUCK,10.6,0.82,19,27.8,45.7,13.5,32.2,CRITICAL,1,SYNTHETIC EMERGENCY V2X
EMG-EVT-003663,AMB-09,AMBULANCE,13.9,0.45,27,40.3,53.1,17.9,35.2,CRITICAL,1,SYNTHETIC EMERGENCY V2X
EMG-EVT-003664,AMB-07,AMBULANCE,9.0,0.81,16,18.6,48.2,11.4,36.8,CRITICAL,1,SYNTHETIC EMERGENCY V2X
EMG-EVT-003665,POL-09,POLICE,9.6,0.89,17,21.8,46.8,12.2,34.6,CRITICAL,1,SYNTHETIC EMERGENCY V2X
EMG-EVT-003666,AMB-17,AMBULANCE,14.6,0.32,29,55.8,50.5,18.8,31.7,CRITICAL,1,SYNTHETIC EMERGENCY V2X
EMG-EVT-003667,AMB-16,AMBULANCE,11.4,0.88,23,15.2,72.6,14.7,57.9,CRITICAL,1,SYNTHETIC EMERGENCY V2X
EMG-EVT-003668,AMB-04,AMBULANCE,3.6,0.29,8,55.8,13.5,4.7,8.8,CRITICAL,1,SYNTHETIC EMERGENCY V2X
EMG-EVT-003669,AMB-16,AMBULANCE,4.3,0.88,10,17.8,26.5,5.7,20.8,CRITICAL,1,SYNTHETIC EMERGENCY V2X
EMG-EVT-003670,FIRE-05,FIRE_TRUCK,5.5,0.39,9,45.3,18.1,6.9,11.2,CRITICAL,1,SYNTHETIC EMERGENCY V2X
EMG-EVT-003671,FIRE-05,FIRE_TRUCK,13.8,0.32,25,54.3,45.2,17.6,27.6,CRITICAL,1,SYNTHETIC EMERGENCY V2X
EMG-EVT-003672,AMB-02,AMBULANCE,14.9,0.29,27,59.6,47.4,19.0,28.4,CRITICAL,1,SYNTHETIC EMERGENCY V2X
EMG-EVT-003673,AMB-10,AMBULANCE,12.7,0.58,23,36.4,48.5,16.2,32.3,CRITICAL,1,SYNTHETIC EMERGENCY V2X
EMG-EVT-003674,AMB-17,AMBULANCE,8.2,0.95,16,17.3,47.6,10.5,37.1,CRITICAL,1,SYNTHETIC EMERGENCY V2X
EMG-EVT-003675,POL-01,POLICE,3.8,0.4,6,47.8,12.0,4.7,7.3,HIGH,1,SYNTHETIC EMERGENCY V2X
EMG-EVT-003676,AMB-13,AMBULANCE,3.8,0.66,7,34.0,15.1,4.8,10.3,CRITICAL,1,SYNTHETIC EMERGENCY V2X
EMG-EVT-003677,AMB-06,AMBULANCE,13.1,0.82,23,22.7,62.2,16.6,45.6,CRITICAL,1,SYNTHETIC EMERGENCY V2X
EMG-EVT-003678,AMB-15,AMBULANCE,15.2,0.44,28,42.9,54.9,19.4,35.5,CRITICAL,1,SYNTHETIC EMERGENCY V2X
EMG-EVT-003679,AMB-10,AMBULANCE,14.4,0.7,27,31.0,60.3,18.4,41.9,CRITICAL,1,SYNTHETIC EMERGENCY V2X
EMG-EVT-003680,AMB-08,AMBULANCE,7.1,0.72,13,27.2,31.3,9.0,22.3,CRITICAL,1,SYNTHETIC EMERGENCY V2X
EMG-EVT-003681,FIRE-07,FIRE_TRUCK,6.8,0.64,12,34.8,26.1,8.6,17.5,CRITICAL,1,SYNTHETIC EMERGENCY V2X
EMG-EVT-003682,AMB-11,AMBULANCE,9.1,0.42,19,46.0,34.7,11.8,22.9,CRITICAL,1,SYNTHETIC EMERGENCY V2X
EMG-EVT-003683,AMB-17,AMBULANCE,8.1,0.51,16,39.0,31.7,10.4,21.3,CRITICAL,1,SYNTHETIC EMERGENCY V2X
EMG-EVT-003684,AMB-12,AMBULANCE,12.6,0.97,22,10.7,97.1,15.9,81.2,CRITICAL,1,SYNTHETIC EMERGENCY V2X
EMG-EVT-003685,AMB-13,AMBULANCE,7.1,0.29,12,57.0,21.9,8.9,13.0,CRITICAL,1,SYNTHETIC EMERGENCY V2X
EMG-EVT-003686,FIRE-01,FIRE_TRUCK,10.0,0.47,18,41.1,36.2,12.7,23.5,CRITICAL,1,SYNTHETIC EMERGENCY V2X
EMG-EVT-003687,AMB-20,AMBULANCE,10.8,0.97,19,17.8,59.2,13.7,45.5,CRITICAL,1,SYNTHETIC EMERGENCY V2X
EMG-EVT-003688,AMB-06,AMBULANCE,14.6,0.72,29,31.7,62.4,18.8,43.6,CRITICAL,1,SYNTHETIC EMERGENCY V2X
EMG-EVT-003689,AMB-12,AMBULANCE,10.3,0.32,18,50.9,33.7,13.0,20.7,CRITICAL,1,SYNTHETIC EMERGENCY V2X
EMG-EVT-003690,AMB-16,AMBULANCE,14.4,0.37,27,48.5,50.2,18.4,31.8,CRITICAL,1,SYNTHETIC EMERGENCY V2X
EMG-EVT-003691,AMB-13,AMBULANCE,5.6,0.66,10,32.0,22.5,7.1,15.4,CRITICAL,1,SYNTHETIC EMERGENCY V2X
EMG-EVT-003692,FIRE-05,FIRE_TRUCK,13.6,0.93,27,15.2,86.1,17.5,68.6,CRITICAL,1,SYNTHETIC EMERGENCY V2X
EMG-EVT-003693,AMB-04,AMBULANCE,3.0,0.46,8,42.2,13.9,4.1,9.8,CRITICAL,1,SYNTHETIC EMERGENCY V2X
EMG-EVT-003694,POL-05,POLICE,9.8,0.87,17,21.0,48.4,12.4,36.0,CRITICAL,1,SYNTHETIC EMERGENCY V2X
EMG-EVT-003695,AMB-19,AMBULANCE,9.3,0.44,19,47.9,34.4,12.0,22.4,CRITICAL,1,SYNTHETIC EMERGENCY V2X
EMG-EVT-003696,AMB-03,AMBULANCE,10.6,0.58,20,32.6,43.5,13.6,29.9,CRITICAL,1,SYNTHETIC EMERGENCY V2X
EMG-EVT-003697,FIRE-06,FIRE_TRUCK,11.0,0.27,20,56.9,35.6,14.0,21.6,CRITICAL,1,SYNTHETIC EMERGENCY V2X
EMG-EVT-003698,FIRE-08,FIRE_TRUCK,10.4,0.7,20,27.2,46.9,13.3,33.6,CRITICAL,1,SYNTHETIC EMERGENCY V2X
EMG-EVT-003699,AMB-14,AMBULANCE,11.4,0.54,22,43.9,42.0,14.6,27.4,CRITICAL,1,SYNTHETIC EMERGENCY V2X
EMG-EVT-003700,AMB-11,AMBULANCE,6.7,0.2,14,55.4,24.1,8.7,15.4,CRITICAL,1,SYNTHETIC EMERGENCY V2X
EMG-EVT-003701,FIRE-03,FIRE_TRUCK,15.2,0.92,28,14.6,96.1,19.4,76.7,CRITICAL,1,SYNTHETIC EMERGENCY V2X
EMG-EVT-003702,AMB-19,AMBULANCE,15.9,0.57,28,38.4,58.4,20.1,38.3,CRITICAL,1,SYNTHETIC EMERGENCY V2X
EMG-EVT-003703,AMB-15,AMBULANCE,10.6,0.36,19,55.1,34.3,13.5,20.8,CRITICAL,1,SYNTHETIC EMERGENCY V2X
EMG-EVT-003704,AMB-15,AMBULANCE,9.5,0.9,18,16.4,56.4,12.2,44.2,CRITICAL,1,SYNTHETIC EMERGENCY V2X
EMG-EVT-003705,AMB-08,AMBULANCE,3.2,0.91,7,14.5,21.6,4.2,17.4,CRITICAL,1,SYNTHETIC EMERGENCY V2X
EMG-EVT-003706,AMB-12,AMBULANCE,14.6,0.87,27,23.5,69.7,18.6,51.1,CRITICAL,1,SYNTHETIC EMERGENCY V2X
EMG-EVT-003707,AMB-05,AMBULANCE,6.2,0.81,13,20.4,33.8,8.1,25.7,CRITICAL,1,SYNTHETIC EMERGENCY V2X
EMG-EVT-003708,AMB-19,AMBULANCE,14.2,0.98,28,17.3,82.8,18.3,64.5,CRITICAL,1,SYNTHETIC EMERGENCY V2X
EMG-EVT-003709,FIRE-01,FIRE_TRUCK,8.0,0.27,14,60.3,24.8,10.1,14.7,CRITICAL,1,SYNTHETIC EMERGENCY V2X
EMG-EVT-003710,AMB-09,AMBULANCE,13.1,0.56,23,36.9,48.9,16.6,32.3,CRITICAL,1,SYNTHETIC EMERGENCY V2X
EMG-EVT-003711,AMB-10,AMBULANCE,5.2,0.77,9,29.8,21.3,6.6,14.7,CRITICAL,1,SYNTHETIC EMERGENCY V2X
EMG-EVT-003712,AMB-11,AMBULANCE,3.3,0.93,8,14.9,22.9,4.4,18.5,CRITICAL,1,SYNTHETIC EMERGENCY V2X
EMG-EVT-003713,AMB-10,AMBULANCE,6.6,0.38,12,48.0,22.6,8.4,14.2,CRITICAL,1,SYNTHETIC EMERGENCY V2X
EMG-EVT-003714,AMB-13,AMBULANCE,11.9,0.94,22,15.6,72.2,15.2,57.0,CRITICAL,1,SYNTHETIC EMERGENCY V2X
EMG-EVT-003715,AMB-20,AMBULANCE,10.4,0.87,18,21.8,50.2,13.1,37.1,CRITICAL,1,SYNTHETIC EMERGENCY V2X
EMG-EVT-003716,AMB-11,AMBULANCE,4.4,0.7,10,34.2,19.7,5.8,13.9,CRITICAL,1,SYNTHETIC EMERGENCY V2X
EMG-EVT-003717,AMB-10,AMBULANCE,3.1,0.22,7,57.5,11.6,4.1,7.5,CRITICAL,1,SYNTHETIC EMERGENCY V2X
EMG-EVT-003718,POL-08,POLICE,7.6,0.29,16,50.6,28.2,9.9,18.3,CRITICAL,1,SYNTHETIC EMERGENCY V2X
EMG-EVT-003719,AMB-05,AMBULANCE,3.1,0.49,7,43.9,12.6,4.1,8.5,CRITICAL,1,SYNTHETIC EMERGENCY V2X
EMG-EVT-003720,AMB-18,AMBULANCE,7.3,0.96,15,14.9,47.4,9.5,37.9,CRITICAL,1,SYNTHETIC EMERGENCY V2X
EMG-EVT-003721,AMB-10,AMBULANCE,3.0,0.8,8,21.3,18.1,4.1,14.0,CRITICAL,1,SYNTHETIC EMERGENCY V2X
EMG-EVT-003722,AMB-04,AMBULANCE,13.3,0.54,26,37.7,52.4,17.1,35.3,CRITICAL,1,SYNTHETIC EMERGENCY V2X
EMG-EVT-003723,FIRE-02,FIRE_TRUCK,13.7,0.59,27,34.6,56.2,17.6,38.6,CRITICAL,1,SYNTHETIC EMERGENCY V2X
EMG-EVT-003724,POL-07,POLICE,4.1,0.58,9,41.1,16.8,5.4,11.4,CRITICAL,1,SYNTHETIC EMERGENCY V2X
EMG-EVT-003725,AMB-07,AMBULANCE,11.6,0.86,23,21.6,59.8,15.0,44.8,CRITICAL,1,SYNTHETIC EMERGENCY V2X
EMG-EVT-003726,POL-04,POLICE,14.2,0.53,28,45.2,52.4,18.3,34.1,CRITICAL,1,SYNTHETIC EMERGENCY V2X
EMG-EVT-003727,AMB-09,AMBULANCE,6.6,0.85,14,20.4,36.2,8.6,27.6,CRITICAL,1,SYNTHETIC EMERGENCY V2X
EMG-EVT-003728,POL-05,POLICE,5.6,0.46,12,43.1,22.2,7.3,14.9,CRITICAL,1,SYNTHETIC EMERGENCY V2X
EMG-EVT-003729,AMB-05,AMBULANCE,10.4,0.64,20,36.1,41.3,13.3,28.0,CRITICAL,1,SYNTHETIC EMERGENCY V2X
EMG-EVT-003730,FIRE-10,FIRE_TRUCK,11.3,0.67,22,31.6,47.9,14.5,33.4,CRITICAL,1,SYNTHETIC EMERGENCY V2X
EMG-EVT-003731,POL-04,POLICE,9.3,0.29,17,51.4,31.3,11.8,19.5,CRITICAL,1,SYNTHETIC EMERGENCY V2X
EMG-EVT-003732,AMB-09,AMBULANCE,8.5,0.68,15,29.6,35.2,10.8,24.4,CRITICAL,1,SYNTHETIC EMERGENCY V2X
EMG-EVT-003733,FIRE-04,FIRE_TRUCK,4.6,0.38,10,47.5,17.8,6.0,11.8,CRITICAL,1,SYNTHETIC EMERGENCY V2X
EMG-EVT-003734,FIRE-07,FIRE_TRUCK,12.1,0.33,21,49.8,39.8,15.3,24.5,CRITICAL,1,SYNTHETIC EMERGENCY V2X
EMG-EVT-003735,AMB-20,AMBULANCE,9.4,0.57,18,39.9,35.7,12.1,23.6,CRITICAL,1,SYNTHETIC EMERGENCY V2X
EMG-EVT-003736,AMB-18,AMBULANCE,7.9,0.84,17,23.2,40.8,10.3,30.5,CRITICAL,1,SYNTHETIC EMERGENCY V2X
EMG-EVT-003737,AMB-15,AMBULANCE,5.3,0.68,12,32.9,24.1,7.0,17.1,CRITICAL,1,SYNTHETIC EMERGENCY V2X
EMG-EVT-003738,FIRE-08,FIRE_TRUCK,15.2,0.51,28,46.3,53.3,19.4,33.9,CRITICAL,1,SYNTHETIC EMERGENCY V2X
EMG-EVT-003739,AMB-07,AMBULANCE,2.1,0.52,6,41.0,10.3,2.9,7.4,CRITICAL,1,SYNTHETIC EMERGENCY V2X
EMG-EVT-003740,FIRE-05,FIRE_TRUCK,13.1,0.7,26,32.9,55.1,16.9,38.2,CRITICAL,1,SYNTHETIC EMERGENCY V2X
EMG-EVT-003741,AMB-04,AMBULANCE,1.6,0.62,5,37.6,8.6,2.2,6.4,CRITICAL,1,SYNTHETIC EMERGENCY V2X
EMG-EVT-003742,AMB-13,AMBULANCE,4.5,0.53,10,43.0,18.3,5.9,12.4,CRITICAL,1,SYNTHETIC EMERGENCY V2X
EMG-EVT-003743,FIRE-06,FIRE_TRUCK,15.4,0.75,28,30.2,64.2,19.6,44.6,CRITICAL,1,SYNTHETIC EMERGENCY V2X
EMG-EVT-003744,FIRE-04,FIRE_TRUCK,10.1,0.79,18,23.7,47.2,12.8,34.4,CRITICAL,1,SYNTHETIC EMERGENCY V2X
EMG-EVT-003745,POL-05,POLICE,5.7,0.63,13,34.3,25.6,7.5,18.1,CRITICAL,1,SYNTHETIC EMERGENCY V2X
EMG-EVT-003746,AMB-12,AMBULANCE,11.0,0.66,19,36.1,41.1,13.9,27.2,CRITICAL,1,SYNTHETIC EMERGENCY V2X
EMG-EVT-003747,AMB-09,AMBULANCE,10.7,0.6,21,40.5,41.1,13.8,27.3,CRITICAL,1,SYNTHETIC EMERGENCY V2X
EMG-EVT-003748,AMB-01,AMBULANCE,15.9,0.79,30,21.6,80.2,20.3,59.9,CRITICAL,1,SYNTHETIC EMERGENCY V2X
EMG-EVT-003749,AMB-14,AMBULANCE,4.2,0.7,9,29.8,19.3,5.5,13.8,CRITICAL,1,SYNTHETIC EMERGENCY V2X
EMG-EVT-003750,AMB-08,AMBULANCE,9.9,0.27,17,51.1,32.0,12.5,19.5,CRITICAL,1,SYNTHETIC EMERGENCY V2X
EMG-EVT-003751,POL-09,POLICE,2.3,0.6,6,34.7,11.2,3.1,8.1,HIGH,1,SYNTHETIC EMERGENCY V2X
EMG-EVT-003752,POL-01,POLICE,6.4,0.54,12,41.5,23.7,8.2,15.5,CRITICAL,1,SYNTHETIC EMERGENCY V2X
EMG-EVT-003753,POL-08,POLICE,14.7,0.34,29,46.8,53.6,18.9,34.7,CRITICAL,1,SYNTHETIC EMERGENCY V2X
EMG-EVT-003754,AMB-19,AMBULANCE,13.8,0.88,25,20.0,71.4,17.6,53.8,CRITICAL,1,SYNTHETIC EMERGENCY V2X
EMG-EVT-003755,AMB-08,AMBULANCE,2.4,0.84,6,21.9,13.8,3.2,10.6,CRITICAL,1,SYNTHETIC EMERGENCY V2X
EMG-EVT-003756,FIRE-09,FIRE_TRUCK,2.0,0.83,3,20.8,9.4,2.5,6.9,HIGH,1,SYNTHETIC EMERGENCY V2X
EMG-EVT-003757,AMB-14,AMBULANCE,13.0,0.56,25,37.2,51.0,16.7,34.3,CRITICAL,1,SYNTHETIC EMERGENCY V2X
EMG-EVT-003758,AMB-11,AMBULANCE,12.2,0.88,21,20.2,61.4,15.4,46.0,CRITICAL,1,SYNTHETIC EMERGENCY V2X
EMG-EVT-003759,AMB-04,AMBULANCE,12.6,0.76,24,27.5,56.3,16.1,40.2,CRITICAL,1,SYNTHETIC EMERGENCY V2X
EMG-EVT-003760,AMB-06,AMBULANCE,5.8,0.81,10,19.1,30.2,7.3,22.9,CRITICAL,1,SYNTHETIC EMERGENCY V2X
EMG-EVT-003761,AMB-04,AMBULANCE,10.7,0.92,20,13.0,73.4,13.7,59.7,CRITICAL,1,SYNTHETIC EMERGENCY V2X
EMG-EVT-003762,AMB-12,AMBULANCE,6.2,0.53,14,45.2,25.0,8.2,16.8,CRITICAL,1,SYNTHETIC EMERGENCY V2X
EMG-EVT-003763,FIRE-09,FIRE_TRUCK,5.4,0.63,12,34.6,23.8,7.1,16.7,CRITICAL,1,SYNTHETIC EMERGENCY V2X
EMG-EVT-003764,AMB-06,AMBULANCE,5.1,0.69,11,26.0,25.0,6.7,18.3,CRITICAL,1,SYNTHETIC EMERGENCY V2X
EMG-EVT-003765,FIRE-07,FIRE_TRUCK,14.4,0.71,25,31.0,57.9,18.2,39.7,CRITICAL,1,SYNTHETIC EMERGENCY V2X
EMG-EVT-003766,AMB-11,AMBULANCE,6.9,0.35,15,54.8,25.6,9.0,16.6,CRITICAL,1,SYNTHETIC EMERGENCY V2X
EMG-EVT-003767,AMB-04,AMBULANCE,12.4,0.52,22,42.2,44.0,15.7,28.3,CRITICAL,1,SYNTHETIC EMERGENCY V2X
EMG-EVT-003768,FIRE-01,FIRE_TRUCK,14.3,0.54,28,39.3,55.4,18.4,37.0,CRITICAL,1,SYNTHETIC EMERGENCY V2X
EMG-EVT-003769,AMB-19,AMBULANCE,9.9,0.4,17,46.6,33.1,12.5,20.6,CRITICAL,1,SYNTHETIC EMERGENCY V2X
EMG-EVT-003770,AMB-19,AMBULANCE,5.3,0.66,9,34.9,19.9,6.7,13.2,CRITICAL,1,SYNTHETIC EMERGENCY V2X
EMG-EVT-003771,FIRE-01,FIRE_TRUCK,12.8,0.23,24,54.6,42.9,16.4,26.5,CRITICAL,1,SYNTHETIC EMERGENCY V2X
EMG-EVT-003772,AMB-04,AMBULANCE,3.1,0.56,8,38.1,14.5,4.2,10.3,CRITICAL,1,SYNTHETIC EMERGENCY V2X
EMG-EVT-003773,AMB-12,AMBULANCE,9.3,0.3,17,50.0,31.6,11.8,19.8,CRITICAL,1,SYNTHETIC EMERGENCY V2X
EMG-EVT-003774,AMB-01,AMBULANCE,3.3,0.25,7,57.5,11.8,4.3,7.5,CRITICAL,1,SYNTHETIC EMERGENCY V2X
EMG-EVT-003775,FIRE-06,FIRE_TRUCK,14.7,0.79,26,21.9,71.5,18.6,52.9,CRITICAL,1,SYNTHETIC EMERGENCY V2X
EMG-EVT-003776,AMB-19,AMBULANCE,14.9,0.45,28,47.3,52.5,19.1,33.4,CRITICAL,1,SYNTHETIC EMERGENCY V2X
EMG-EVT-003777,FIRE-06,FIRE_TRUCK,2.1,0.25,4,58.7,6.9,2.7,4.2,HIGH,1,SYNTHETIC EMERGENCY V2X
EMG-EVT-003778,AMB-16,AMBULANCE,13.5,0.95,26,12.2,97.6,17.3,80.3,CRITICAL,1,SYNTHETIC EMERGENCY V2X
EMG-EVT-003779,AMB-12,AMBULANCE,14.7,0.36,29,53.5,51.3,18.9,32.4,CRITICAL,1,SYNTHETIC EMERGENCY V2X
EMG-EVT-003780,FIRE-08,FIRE_TRUCK,3.2,0.51,7,37.3,13.5,4.2,9.3,CRITICAL,1,SYNTHETIC EMERGENCY V2X
EMG-EVT-003781,AMB-01,AMBULANCE,14.7,0.81,28,24.6,69.5,18.8,50.7,CRITICAL,1,SYNTHETIC EMERGENCY V2X
EMG-EVT-003782,AMB-18,AMBULANCE,8.3,0.62,14,32.8,32.0,10.5,21.5,CRITICAL,1,SYNTHETIC EMERGENCY V2X
EMG-EVT-003783,POL-08,POLICE,15.8,0.45,29,45.8,55.5,20.1,35.4,CRITICAL,1,SYNTHETIC EMERGENCY V2X
EMG-EVT-003784,FIRE-05,FIRE_TRUCK,4.1,0.32,8,48.6,14.7,5.3,9.4,CRITICAL,1,SYNTHETIC EMERGENCY V2X
EMG-EVT-003785,AMB-18,AMBULANCE,12.1,0.54,21,42.9,42.1,15.3,26.8,CRITICAL,1,SYNTHETIC EMERGENCY V2X
EMG-EVT-003786,POL-03,POLICE,10.0,0.26,19,53.2,34.1,12.8,21.3,CRITICAL,1,SYNTHETIC EMERGENCY V2X
EMG-EVT-003787,AMB-03,AMBULANCE,12.9,0.71,25,27.9,57.7,16.6,41.1,CRITICAL,1,SYNTHETIC EMERGENCY V2X
EMG-EVT-003788,AMB-12,AMBULANCE,1.8,0.54,6,39.0,10.0,2.6,7.4,CRITICAL,1,SYNTHETIC EMERGENCY V2X
EMG-EVT-003789,AMB-16,AMBULANCE,2.7,0.31,5,49.1,9.3,3.4,5.9,CRITICAL,1,SYNTHETIC EMERGENCY V2X
EMG-EVT-003790,AMB-11,AMBULANCE,13.2,0.84,25,19.6,70.4,16.9,53.5,CRITICAL,1,SYNTHETIC EMERGENCY V2X
EMG-EVT-003791,AMB-16,AMBULANCE,14.1,0.89,25,18.9,74.8,17.9,56.9,CRITICAL,1,SYNTHETIC EMERGENCY V2X
EMG-EVT-003792,AMB-08,AMBULANCE,10.3,0.54,20,34.6,41.9,13.2,28.7,CRITICAL,1,SYNTHETIC EMERGENCY V2X
EMG-EVT-003793,FIRE-05,FIRE_TRUCK,15.4,0.95,27,17.0,86.8,19.5,67.3,CRITICAL,1,SYNTHETIC EMERGENCY V2X
EMG-EVT-003794,AMB-12,AMBULANCE,7.1,0.79,14,22.7,35.6,9.1,26.5,CRITICAL,1,SYNTHETIC EMERGENCY V2X
EMG-EVT-003795,POL-07,POLICE,3.0,0.37,6,51.8,10.7,3.9,6.8,HIGH,1,SYNTHETIC EMERGENCY V2X
EMG-EVT-003796,POL-10,POLICE,11.2,0.42,23,48.8,41.4,14.5,26.9,CRITICAL,1,SYNTHETIC EMERGENCY V2X
EMG-EVT-003797,AMB-02,AMBULANCE,5.6,0.76,10,22.5,26.9,7.1,19.8,CRITICAL,1,SYNTHETIC EMERGENCY V2X
EMG-EVT-003798,AMB-20,AMBULANCE,10.0,0.98,20,18.1,57.1,12.9,44.2,CRITICAL,1,SYNTHETIC EMERGENCY V2X
EMG-EVT-003799,AMB-08,AMBULANCE,8.5,0.25,18,56.2,30.7,11.1,19.6,CRITICAL,1,SYNTHETIC EMERGENCY V2X
EMG-EVT-003800,AMB-18,AMBULANCE,7.2,0.77,12,22.3,33.8,9.1,24.7,CRITICAL,1,SYNTHETIC EMERGENCY V2X
EMG-EVT-003801,AMB-02,AMBULANCE,6.0,0.23,11,59.3,19.3,7.6,11.7,CRITICAL,1,SYNTHETIC EMERGENCY V2X
EMG-EVT-003802,AMB-07,AMBULANCE,10.9,0.36,21,52.4,37.7,14.0,23.7,CRITICAL,1,SYNTHETIC EMERGENCY V2X
EMG-EVT-003803,AMB-19,AMBULANCE,14.8,0.84,27,22.2,72.4,18.8,53.6,CRITICAL,1,SYNTHETIC EMERGENCY V2X
EMG-EVT-003804,FIRE-04,FIRE_TRUCK,3.1,0.73,8,25.4,16.9,4.2,12.7,CRITICAL,1,SYNTHETIC EMERGENCY V2X
EMG-EVT-003805,AMB-10,AMBULANCE,2.3,0.43,7,43.7,11.6,3.2,8.4,CRITICAL,1,SYNTHETIC EMERGENCY V2X
EMG-EVT-003806,AMB-11,AMBULANCE,10.3,0.71,21,30.2,45.7,13.3,32.4,CRITICAL,1,SYNTHETIC EMERGENCY V2X
EMG-EVT-003807,AMB-08,AMBULANCE,7.9,0.27,16,52.1,28.3,10.2,18.1,CRITICAL,1,SYNTHETIC EMERGENCY V2X
EMG-EVT-003808,FIRE-04,FIRE_TRUCK,3.0,0.56,7,38.5,13.1,4.0,9.1,CRITICAL,1,SYNTHETIC EMERGENCY V2X
EMG-EVT-003809,POL-02,POLICE,2.3,0.41,4,47.5,7.7,2.9,4.8,HIGH,1,SYNTHETIC EMERGENCY V2X
EMG-EVT-003810,AMB-03,AMBULANCE,11.6,0.9,21,18.7,62.4,14.8,47.6,CRITICAL,1,SYNTHETIC EMERGENCY V2X
EMG-EVT-003811,AMB-12,AMBULANCE,3.0,0.49,7,40.2,12.9,4.0,8.9,CRITICAL,1,SYNTHETIC EMERGENCY V2X
EMG-EVT-003812,AMB-04,AMBULANCE,3.9,0.41,9,43.5,16.2,5.2,11.0,CRITICAL,1,SYNTHETIC EMERGENCY V2X
EMG-EVT-003813,FIRE-02,FIRE_TRUCK,8.3,0.37,14,50.1,26.7,10.5,16.2,CRITICAL,1,SYNTHETIC EMERGENCY V2X
EMG-EVT-003814,AMB-11,AMBULANCE,13.4,0.29,27,50.6,48.3,17.3,31.0,CRITICAL,1,SYNTHETIC EMERGENCY V2X
EMG-EVT-003815,AMB-08,AMBULANCE,11.6,0.75,20,23.4,53.7,14.7,39.0,CRITICAL,1,SYNTHETIC EMERGENCY V2X
EMG-EVT-003816,AMB-12,AMBULANCE,7.4,0.32,13,53.4,23.9,9.4,14.5,CRITICAL,1,SYNTHETIC EMERGENCY V2X
EMG-EVT-003817,AMB-11,AMBULANCE,2.3,0.37,6,53.0,9.8,3.1,6.7,CRITICAL,1,SYNTHETIC EMERGENCY V2X
EMG-EVT-003818,AMB-06,AMBULANCE,15.2,0.67,30,28.8,67.7,19.6,48.1,CRITICAL,1,SYNTHETIC EMERGENCY V2X
EMG-EVT-003819,POL-03,POLICE,12.5,0.44,25,40.9,48.3,16.1,32.2,CRITICAL,1,SYNTHETIC EMERGENCY V2X
EMG-EVT-003820,AMB-19,AMBULANCE,13.8,0.35,24,46.3,46.7,17.5,29.2,CRITICAL,1,SYNTHETIC EMERGENCY V2X
EMG-EVT-003821,AMB-09,AMBULANCE,9.5,0.84,17,17.6,52.8,12.1,40.7,CRITICAL,1,SYNTHETIC EMERGENCY V2X
EMG-EVT-003822,AMB-19,AMBULANCE,8.0,0.86,17,16.2,50.0,10.4,39.6,CRITICAL,1,SYNTHETIC EMERGENCY V2X
EMG-EVT-003823,AMB-07,AMBULANCE,12.8,0.34,25,50.3,45.3,16.5,28.8,CRITICAL,1,SYNTHETIC EMERGENCY V2X
EMG-EVT-003824,AMB-13,AMBULANCE,9.7,0.93,20,16.0,60.4,12.6,47.8,CRITICAL,1,SYNTHETIC EMERGENCY V2X
EMG-EVT-003825,AMB-18,AMBULANCE,2.2,0.86,6,21.7,13.3,3.0,10.3,CRITICAL,1,SYNTHETIC EMERGENCY V2X
EMG-EVT-003826,AMB-12,AMBULANCE,10.7,0.71,19,29.9,44.3,13.6,30.7,CRITICAL,1,SYNTHETIC EMERGENCY V2X
EMG-EVT-003827,FIRE-07,FIRE_TRUCK,8.3,0.34,14,55.0,25.9,10.5,15.4,CRITICAL,1,SYNTHETIC EMERGENCY V2X
EMG-EVT-003828,FIRE-04,FIRE_TRUCK,9.3,0.33,16,53.1,29.7,11.7,18.0,CRITICAL,1,SYNTHETIC EMERGENCY V2X
EMG-EVT-003829,POL-05,POLICE,8.7,0.7,17,29.5,38.1,11.2,26.9,CRITICAL,1,SYNTHETIC EMERGENCY V2X
EMG-EVT-003830,AMB-04,AMBULANCE,15.4,0.62,27,34.6,59.1,19.5,39.6,CRITICAL,1,SYNTHETIC EMERGENCY V2X
EMG-EVT-003831,AMB-07,AMBULANCE,2.4,0.71,5,26.2,11.5,3.1,8.4,CRITICAL,1,SYNTHETIC EMERGENCY V2X
EMG-EVT-003832,AMB-04,AMBULANCE,11.6,0.38,22,53.5,39.4,14.9,24.5,CRITICAL,1,SYNTHETIC EMERGENCY V2X
EMG-EVT-003833,FIRE-02,FIRE_TRUCK,14.1,0.64,26,36.0,54.7,18.0,36.7,CRITICAL,1,SYNTHETIC EMERGENCY V2X
EMG-EVT-003834,AMB-18,AMBULANCE,12.8,0.79,25,26.7,58.8,16.5,42.3,CRITICAL,1,SYNTHETIC EMERGENCY V2X
EMG-EVT-003835,AMB-09,AMBULANCE,2.5,0.65,6,30.2,12.2,3.3,8.9,CRITICAL,1,SYNTHETIC EMERGENCY V2X
EMG-EVT-003836,AMB-14,AMBULANCE,14.2,0.7,25,28.0,60.4,18.0,42.4,CRITICAL,1,SYNTHETIC EMERGENCY V2X
EMG-EVT-003837,AMB-19,AMBULANCE,5.0,0.42,11,42.9,20.2,6.6,13.6,CRITICAL,1,SYNTHETIC EMERGENCY V2X
EMG-EVT-003838,AMB-16,AMBULANCE,3.3,0.54,6,35.6,12.8,4.2,8.6,CRITICAL,1,SYNTHETIC EMERGENCY V2X
EMG-EVT-003839,FIRE-02,FIRE_TRUCK,5.6,0.48,11,38.5,21.9,7.2,14.7,CRITICAL,1,SYNTHETIC EMERGENCY V2X
EMG-EVT-003840,AMB-01,AMBULANCE,11.6,0.93,21,20.7,58.8,14.8,44.0,CRITICAL,1,SYNTHETIC EMERGENCY V2X
EMG-EVT-003841,AMB-01,AMBULANCE,2.1,0.37,3,45.9,6.3,2.6,3.7,CRITICAL,1,SYNTHETIC EMERGENCY V2X
EMG-EVT-003842,AMB-03,AMBULANCE,11.9,0.58,23,40.5,45.2,15.3,29.9,CRITICAL,1,SYNTHETIC EMERGENCY V2X
EMG-EVT-003843,POL-09,POLICE,9.2,0.82,17,25.2,42.3,11.7,30.6,CRITICAL,1,SYNTHETIC EMERGENCY V2X
EMG-EVT-003844,AMB-17,AMBULANCE,8.6,0.51,15,46.3,29.1,10.9,18.2,CRITICAL,1,SYNTHETIC EMERGENCY V2X
EMG-EVT-003845,AMB-12,AMBULANCE,3.0,0.28,7,58.4,11.5,4.0,7.5,CRITICAL,1,SYNTHETIC EMERGENCY V2X
EMG-EVT-003846,POL-05,POLICE,15.4,0.41,28,51.2,51.6,19.6,32.0,CRITICAL,1,SYNTHETIC EMERGENCY V2X
EMG-EVT-003847,AMB-15,AMBULANCE,13.1,0.51,24,39.1,48.9,16.7,32.2,CRITICAL,1,SYNTHETIC EMERGENCY V2X
EMG-EVT-003848,FIRE-10,FIRE_TRUCK,7.2,0.76,15,23.3,36.5,9.4,27.1,CRITICAL,1,SYNTHETIC EMERGENCY V2X
EMG-EVT-003849,AMB-04,AMBULANCE,14.8,0.43,29,49.9,52.6,19.0,33.6,CRITICAL,1,SYNTHETIC EMERGENCY V2X
EMG-EVT-003850,POL-04,POLICE,15.5,0.22,27,55.1,49.3,19.6,29.7,CRITICAL,1,SYNTHETIC EMERGENCY V2X
EMG-EVT-003851,AMB-03,AMBULANCE,2.7,0.61,4,35.2,9.4,3.3,6.1,CRITICAL,1,SYNTHETIC EMERGENCY V2X
EMG-EVT-003852,AMB-08,AMBULANCE,11.2,0.53,22,37.4,44.4,14.4,30.0,CRITICAL,1,SYNTHETIC EMERGENCY V2X
EMG-EVT-003853,AMB-17,AMBULANCE,5.8,0.88,12,17.8,34.0,7.5,26.5,CRITICAL,1,SYNTHETIC EMERGENCY V2X
EMG-EVT-003854,AMB-19,AMBULANCE,2.0,0.86,4,18.1,11.4,2.6,8.8,CRITICAL,1,SYNTHETIC EMERGENCY V2X
EMG-EVT-003855,AMB-08,AMBULANCE,11.1,0.84,22,25.6,52.4,14.3,38.1,CRITICAL,1,SYNTHETIC EMERGENCY V2X
EMG-EVT-003856,FIRE-08,FIRE_TRUCK,2.2,0.46,6,43.3,10.2,3.0,7.2,HIGH,1,SYNTHETIC EMERGENCY V2X
EMG-EVT-003857,AMB-04,AMBULANCE,11.1,0.63,22,31.2,47.7,14.3,33.4,CRITICAL,1,SYNTHETIC EMERGENCY V2X
EMG-EVT-003858,AMB-18,AMBULANCE,8.7,0.48,18,38.4,35.2,11.3,23.9,CRITICAL,1,SYNTHETIC EMERGENCY V2X
EMG-EVT-003859,AMB-14,AMBULANCE,10.6,0.86,20,24.8,49.6,13.6,36.0,CRITICAL,1,SYNTHETIC EMERGENCY V2X
EMG-EVT-003860,POL-09,POLICE,7.2,0.81,14,24.2,34.7,9.3,25.4,CRITICAL,1,SYNTHETIC EMERGENCY V2X
EMG-EVT-003861,AMB-13,AMBULANCE,12.0,0.41,22,50.2,40.7,15.3,25.4,CRITICAL,1,SYNTHETIC EMERGENCY V2X
EMG-EVT-003862,AMB-16,AMBULANCE,2.6,0.37,4,48.9,8.0,3.2,4.8,CRITICAL,1,SYNTHETIC EMERGENCY V2X
EMG-EVT-003863,AMB-16,AMBULANCE,13.7,0.26,27,55.7,47.2,17.6,29.6,CRITICAL,1,SYNTHETIC EMERGENCY V2X
EMG-EVT-003864,AMB-01,AMBULANCE,10.2,0.25,20,52.4,35.7,13.1,22.6,CRITICAL,1,SYNTHETIC EMERGENCY V2X
EMG-EVT-003865,AMB-06,AMBULANCE,7.0,0.58,15,41.2,28.2,9.1,19.1,CRITICAL,1,SYNTHETIC EMERGENCY V2X
EMG-EVT-003866,FIRE-04,FIRE_TRUCK,6.9,0.31,15,49.4,26.4,9.0,17.4,CRITICAL,1,SYNTHETIC EMERGENCY V2X
EMG-EVT-003867,AMB-01,AMBULANCE,6.2,0.66,13,33.2,26.8,8.1,18.7,CRITICAL,1,SYNTHETIC EMERGENCY V2X
EMG-EVT-003868,AMB-20,AMBULANCE,6.1,0.97,13,10.0,52.2,8.0,44.2,CRITICAL,1,SYNTHETIC EMERGENCY V2X
EMG-EVT-003869,AMB-20,AMBULANCE,8.8,0.78,17,21.2,45.3,11.3,34.0,CRITICAL,1,SYNTHETIC EMERGENCY V2X
EMG-EVT-003870,FIRE-08,FIRE_TRUCK,7.4,0.82,15,26.7,34.6,9.6,25.0,CRITICAL,1,SYNTHETIC EMERGENCY V2X
EMG-EVT-003871,FIRE-08,FIRE_TRUCK,12.7,0.56,25,42.9,47.8,16.4,31.4,CRITICAL,1,SYNTHETIC EMERGENCY V2X
EMG-EVT-003872,AMB-01,AMBULANCE,1.9,0.42,5,42.7,8.7,2.6,6.1,CRITICAL,1,SYNTHETIC EMERGENCY V2X
EMG-EVT-003873,AMB-11,AMBULANCE,5.1,0.3,11,56.8,18.6,6.7,11.9,CRITICAL,1,SYNTHETIC EMERGENCY V2X
EMG-EVT-003874,AMB-14,AMBULANCE,4.7,0.53,9,41.5,17.6,6.0,11.6,CRITICAL,1,SYNTHETIC EMERGENCY V2X
EMG-EVT-003875,AMB-13,AMBULANCE,8.9,0.62,16,34.8,34.5,11.3,23.2,CRITICAL,1,SYNTHETIC EMERGENCY V2X
EMG-EVT-003876,FIRE-04,FIRE_TRUCK,6.3,0.32,13,53.1,22.7,8.2,14.5,CRITICAL,1,SYNTHETIC EMERGENCY V2X
EMG-EVT-003877,AMB-06,AMBULANCE,14.3,0.57,25,36.4,53.6,18.1,35.5,CRITICAL,1,SYNTHETIC EMERGENCY V2X
EMG-EVT-003878,FIRE-05,FIRE_TRUCK,8.1,0.25,15,58.3,26.3,10.3,16.0,CRITICAL,1,SYNTHETIC EMERGENCY V2X
EMG-EVT-003879,AMB-13,AMBULANCE,7.8,0.85,16,18.6,44.4,10.1,34.3,CRITICAL,1,SYNTHETIC EMERGENCY V2X
EMG-EVT-003880,AMB-16,AMBULANCE,7.6,0.58,14,36.4,29.3,9.7,19.6,CRITICAL,1,SYNTHETIC EMERGENCY V2X
EMG-EVT-003881,FIRE-07,FIRE_TRUCK,6.6,0.92,13,16.6,39.5,8.5,31.0,CRITICAL,1,SYNTHETIC EMERGENCY V2X
EMG-EVT-003882,AMB-03,AMBULANCE,7.3,0.54,14,38.6,28.1,9.4,18.7,CRITICAL,1,SYNTHETIC EMERGENCY V2X
EMG-EVT-003883,FIRE-10,FIRE_TRUCK,13.8,0.85,25,19.9,71.6,17.6,54.0,CRITICAL,1,SYNTHETIC EMERGENCY V2X
EMG-EVT-003884,POL-03,POLICE,3.2,0.87,5,24.6,13.8,4.0,9.8,CRITICAL,1,SYNTHETIC EMERGENCY V2X
EMG-EVT-003885,AMB-05,AMBULANCE,5.0,0.72,9,24.6,23.0,6.4,16.6,CRITICAL,1,SYNTHETIC EMERGENCY V2X
EMG-EVT-003886,AMB-06,AMBULANCE,6.6,0.3,13,58.0,22.4,8.5,13.9,CRITICAL,1,SYNTHETIC EMERGENCY V2X
EMG-EVT-003887,AMB-02,AMBULANCE,12.1,0.24,24,56.1,41.7,15.6,26.1,CRITICAL,1,SYNTHETIC EMERGENCY V2X
EMG-EVT-003888,AMB-06,AMBULANCE,5.1,0.36,9,53.8,16.5,6.5,10.0,CRITICAL,1,SYNTHETIC EMERGENCY V2X
EMG-EVT-003889,AMB-14,AMBULANCE,2.9,0.77,6,28.7,13.3,3.8,9.5,CRITICAL,1,SYNTHETIC EMERGENCY V2X
EMG-EVT-003890,AMB-18,AMBULANCE,11.1,0.39,20,47.0,38.2,14.1,24.1,CRITICAL,1,SYNTHETIC EMERGENCY V2X
EMG-EVT-003891,AMB-15,AMBULANCE,9.6,0.89,19,15.6,59.7,12.4,47.3,CRITICAL,1,SYNTHETIC EMERGENCY V2X
EMG-EVT-003892,FIRE-07,FIRE_TRUCK,15.7,0.46,29,48.4,54.3,20.0,34.3,CRITICAL,1,SYNTHETIC EMERGENCY V2X
EMG-EVT-003893,POL-09,POLICE,4.0,0.76,7,23.4,18.7,5.1,13.6,CRITICAL,1,SYNTHETIC EMERGENCY V2X
EMG-EVT-003894,FIRE-06,FIRE_TRUCK,5.0,0.89,9,14.4,31.6,6.4,25.2,CRITICAL,1,SYNTHETIC EMERGENCY V2X
EMG-EVT-003895,AMB-14,AMBULANCE,10.0,0.47,20,43.5,37.8,12.9,24.9,CRITICAL,1,SYNTHETIC EMERGENCY V2X
EMG-EVT-003896,POL-03,POLICE,4.6,0.8,11,26.3,23.7,6.1,17.6,CRITICAL,1,SYNTHETIC EMERGENCY V2X
EMG-EVT-003897,FIRE-07,FIRE_TRUCK,11.9,0.98,22,14.6,75.3,15.2,60.1,CRITICAL,1,SYNTHETIC EMERGENCY V2X
EMG-EVT-003898,AMB-03,AMBULANCE,4.1,0.65,7,31.5,16.2,5.2,11.0,CRITICAL,1,SYNTHETIC EMERGENCY V2X
EMG-EVT-003899,AMB-08,AMBULANCE,12.8,0.31,25,54.7,44.0,16.5,27.5,CRITICAL,1,SYNTHETIC EMERGENCY V2X
EMG-EVT-003900,AMB-10,AMBULANCE,1.8,0.31,3,50.2,5.8,2.3,3.5,CRITICAL,1,SYNTHETIC EMERGENCY V2X
EMG-EVT-003901,FIRE-01,FIRE_TRUCK,6.5,0.89,12,17.4,36.8,8.3,28.5,CRITICAL,1,SYNTHETIC EMERGENCY V2X
EMG-EVT-003902,AMB-08,AMBULANCE,1.6,0.28,5,59.4,7.6,2.2,5.4,CRITICAL,1,SYNTHETIC EMERGENCY V2X
EMG-EVT-003903,POL-01,POLICE,14.9,0.96,29,14.2,97.8,19.2,78.6,CRITICAL,1,SYNTHETIC EMERGENCY V2X
EMG-EVT-003904,AMB-04,AMBULANCE,15.2,0.87,29,18.9,83.1,19.5,63.6,CRITICAL,1,SYNTHETIC EMERGENCY V2X
EMG-EVT-003905,POL-01,POLICE,15.9,0.46,29,46.8,55.2,20.2,35.0,CRITICAL,1,SYNTHETIC EMERGENCY V2X
EMG-EVT-003906,FIRE-10,FIRE_TRUCK,5.0,0.82,9,22.1,24.4,6.4,18.0,CRITICAL,1,SYNTHETIC EMERGENCY V2X
EMG-EVT-003907,AMB-05,AMBULANCE,15.1,0.85,27,19.9,77.9,19.2,58.7,CRITICAL,1,SYNTHETIC EMERGENCY V2X
EMG-EVT-003908,POL-02,POLICE,3.0,0.25,6,59.0,10.3,3.9,6.4,HIGH,1,SYNTHETIC EMERGENCY V2X
EMG-EVT-003909,AMB-03,AMBULANCE,10.5,0.73,18,28.1,44.0,13.3,30.7,CRITICAL,1,SYNTHETIC EMERGENCY V2X
EMG-EVT-003910,AMB-14,AMBULANCE,9.0,0.96,18,17.4,52.6,11.6,41.0,CRITICAL,1,SYNTHETIC EMERGENCY V2X
EMG-EVT-003911,POL-07,POLICE,4.5,0.37,11,49.8,18.6,6.0,12.6,CRITICAL,1,SYNTHETIC EMERGENCY V2X
EMG-EVT-003912,AMB-15,AMBULANCE,15.4,0.58,28,37.3,58.4,19.6,38.8,CRITICAL,1,SYNTHETIC EMERGENCY V2X
EMG-EVT-003913,FIRE-08,FIRE_TRUCK,9.3,0.43,16,49.4,30.5,11.7,18.8,CRITICAL,1,SYNTHETIC EMERGENCY V2X
EMG-EVT-003914,FIRE-04,FIRE_TRUCK,14.0,0.56,26,36.7,54.1,17.9,36.2,CRITICAL,1,SYNTHETIC EMERGENCY V2X
EMG-EVT-003915,AMB-19,AMBULANCE,7.6,0.84,14,22.7,36.9,9.7,27.2,CRITICAL,1,SYNTHETIC EMERGENCY V2X
EMG-EVT-003916,AMB-12,AMBULANCE,3.6,0.3,8,58.6,13.3,4.7,8.6,CRITICAL,1,SYNTHETIC EMERGENCY V2X
EMG-EVT-003917,AMB-02,AMBULANCE,7.2,0.4,14,43.1,26.8,9.3,17.5,CRITICAL,1,SYNTHETIC EMERGENCY V2X
EMG-EVT-003918,AMB-01,AMBULANCE,10.7,0.28,19,55.7,34.3,13.6,20.7,CRITICAL,1,SYNTHETIC EMERGENCY V2X
EMG-EVT-003919,FIRE-08,FIRE_TRUCK,2.3,0.27,4,52.6,7.4,2.9,4.5,HIGH,1,SYNTHETIC EMERGENCY V2X
EMG-EVT-003920,AMB-18,AMBULANCE,15.7,0.23,28,60.5,49.2,19.9,29.3,CRITICAL,1,SYNTHETIC EMERGENCY V2X
EMG-EVT-003921,AMB-10,AMBULANCE,5.3,0.94,10,11.8,38.9,6.8,32.1,CRITICAL,1,SYNTHETIC EMERGENCY V2X
EMG-EVT-003922,FIRE-07,FIRE_TRUCK,2.4,0.77,5,26.8,11.4,3.1,8.3,HIGH,1,SYNTHETIC EMERGENCY V2X
EMG-EVT-003923,AMB-16,AMBULANCE,9.6,0.51,20,45.5,36.7,12.5,24.2,CRITICAL,1,SYNTHETIC EMERGENCY V2X
EMG-EVT-003924,POL-09,POLICE,2.9,0.91,8,15.2,21.0,4.0,17.0,CRITICAL,1,SYNTHETIC EMERGENCY V2X
EMG-EVT-003925,AMB-10,AMBULANCE,11.7,0.63,22,31.8,48.5,15.0,33.5,CRITICAL,1,SYNTHETIC EMERGENCY V2X
EMG-EVT-003926,AMB-17,AMBULANCE,13.9,0.4,26,47.4,48.8,17.8,31.0,CRITICAL,1,SYNTHETIC EMERGENCY V2X
EMG-EVT-003927,AMB-19,AMBULANCE,15.4,0.98,29,12.8,107.0,19.7,87.3,CRITICAL,1,SYNTHETIC EMERGENCY V2X
EMG-EVT-003928,POL-02,POLICE,3.6,0.6,7,32.2,15.1,4.6,10.5,CRITICAL,1,SYNTHETIC EMERGENCY V2X
EMG-EVT-003929,FIRE-01,FIRE_TRUCK,6.0,0.57,10,34.5,22.4,7.5,14.9,CRITICAL,1,SYNTHETIC EMERGENCY V2X
EMG-EVT-003930,AMB-06,AMBULANCE,1.6,0.34,4,47.4,6.8,2.1,4.7,CRITICAL,1,SYNTHETIC EMERGENCY V2X
EMG-EVT-003931,AMB-05,AMBULANCE,11.0,0.94,20,11.5,81.4,14.0,67.4,CRITICAL,1,SYNTHETIC EMERGENCY V2X
EMG-EVT-003932,FIRE-02,FIRE_TRUCK,13.9,0.91,25,21.4,69.0,17.7,51.3,CRITICAL,1,SYNTHETIC EMERGENCY V2X
EMG-EVT-003933,POL-05,POLICE,6.9,0.97,14,18.5,39.2,8.9,30.3,CRITICAL,1,SYNTHETIC EMERGENCY V2X
EMG-EVT-003934,AMB-10,AMBULANCE,8.8,0.46,15,43.1,30.3,11.1,19.2,CRITICAL,1,SYNTHETIC EMERGENCY V2X
EMG-EVT-003935,FIRE-04,FIRE_TRUCK,4.5,0.25,9,56.4,15.6,5.8,9.8,CRITICAL,1,SYNTHETIC EMERGENCY V2X
EMG-EVT-003936,AMB-18,AMBULANCE,4.8,0.44,10,44.2,18.5,6.2,12.3,CRITICAL,1,SYNTHETIC EMERGENCY V2X
EMG-EVT-003937,AMB-02,AMBULANCE,2.7,0.82,7,22.3,15.7,3.6,12.1,CRITICAL,1,SYNTHETIC EMERGENCY V2X
EMG-EVT-003938,AMB-19,AMBULANCE,10.0,0.91,18,15.9,59.3,12.7,46.6,CRITICAL,1,SYNTHETIC EMERGENCY V2X
EMG-EVT-003939,POL-02,POLICE,15.4,0.55,30,43.9,57.0,19.8,37.2,CRITICAL,1,SYNTHETIC EMERGENCY V2X
EMG-EVT-003940,AMB-09,AMBULANCE,6.2,0.69,11,35.3,23.7,7.9,15.8,CRITICAL,1,SYNTHETIC EMERGENCY V2X
EMG-EVT-003941,AMB-11,AMBULANCE,3.5,0.87,8,17.2,21.8,4.6,17.2,CRITICAL,1,SYNTHETIC EMERGENCY V2X
EMG-EVT-003942,FIRE-08,FIRE_TRUCK,15.8,0.31,31,53.7,54.9,20.3,34.6,CRITICAL,1,SYNTHETIC EMERGENCY V2X
EMG-EVT-003943,FIRE-04,FIRE_TRUCK,6.5,0.57,12,37.5,24.8,8.3,16.5,CRITICAL,1,SYNTHETIC EMERGENCY V2X
EMG-EVT-003944,AMB-19,AMBULANCE,9.8,0.55,20,36.7,40.0,12.7,27.3,CRITICAL,1,SYNTHETIC EMERGENCY V2X
EMG-EVT-003945,AMB-07,AMBULANCE,5.1,0.75,10,25.5,24.0,6.6,17.4,CRITICAL,1,SYNTHETIC EMERGENCY V2X
EMG-EVT-003946,AMB-17,AMBULANCE,15.6,0.3,28,49.3,52.6,19.8,32.8,CRITICAL,1,SYNTHETIC EMERGENCY V2X
EMG-EVT-003947,POL-02,POLICE,9.4,0.37,17,52.0,31.2,12.0,19.2,CRITICAL,1,SYNTHETIC EMERGENCY V2X
EMG-EVT-003948,AMB-12,AMBULANCE,2.3,0.76,6,30.5,11.7,3.1,8.6,CRITICAL,1,SYNTHETIC EMERGENCY V2X
EMG-EVT-003949,FIRE-04,FIRE_TRUCK,3.1,0.21,7,59.8,11.5,4.1,7.4,HIGH,1,SYNTHETIC EMERGENCY V2X
EMG-EVT-003950,FIRE-05,FIRE_TRUCK,2.7,0.69,5,31.2,11.2,3.4,7.8,HIGH,1,SYNTHETIC EMERGENCY V2X
EMG-EVT-003951,FIRE-04,FIRE_TRUCK,10.8,0.8,21,22.1,54.5,13.9,40.6,CRITICAL,1,SYNTHETIC EMERGENCY V2X
EMG-EVT-003952,FIRE-06,FIRE_TRUCK,4.2,0.52,7,44.9,14.0,5.3,8.7,CRITICAL,1,SYNTHETIC EMERGENCY V2X
EMG-EVT-003953,AMB-08,AMBULANCE,10.5,0.33,21,53.0,37.1,13.6,23.5,CRITICAL,1,SYNTHETIC EMERGENCY V2X
EMG-EVT-003954,AMB-03,AMBULANCE,7.5,0.88,13,18.5,39.9,9.5,30.4,CRITICAL,1,SYNTHETIC EMERGENCY V2X
EMG-EVT-003955,AMB-11,AMBULANCE,5.0,0.57,12,42.0,21.5,6.7,14.8,CRITICAL,1,SYNTHETIC EMERGENCY V2X
EMG-EVT-003956,AMB-19,AMBULANCE,3.6,0.38,7,49.5,12.8,4.6,8.2,CRITICAL,1,SYNTHETIC EMERGENCY V2X
EMG-EVT-003957,AMB-06,AMBULANCE,11.0,0.59,19,35.7,41.3,13.9,27.4,CRITICAL,1,SYNTHETIC EMERGENCY V2X
EMG-EVT-003958,FIRE-09,FIRE_TRUCK,2.2,0.36,3,51.2,6.2,2.7,3.5,HIGH,1,SYNTHETIC EMERGENCY V2X
EMG-EVT-003959,AMB-12,AMBULANCE,6.9,0.36,14,48.3,25.4,8.9,16.5,CRITICAL,1,SYNTHETIC EMERGENCY V2X
EMG-EVT-003960,AMB-18,AMBULANCE,5.1,0.79,9,27.4,22.0,6.5,15.5,CRITICAL,1,SYNTHETIC EMERGENCY V2X
EMG-EVT-003961,POL-03,POLICE,5.0,0.6,11,32.2,22.5,6.6,15.9,CRITICAL,1,SYNTHETIC EMERGENCY V2X
EMG-EVT-003962,AMB-08,AMBULANCE,8.9,0.98,19,15.1,58.2,11.6,46.6,CRITICAL,1,SYNTHETIC EMERGENCY V2X
EMG-EVT-003963,AMB-18,AMBULANCE,9.4,0.22,18,58.9,31.2,12.1,19.1,CRITICAL,1,SYNTHETIC EMERGENCY V2X
EMG-EVT-003964,AMB-17,AMBULANCE,13.2,0.82,25,25.5,61.1,16.9,44.2,CRITICAL,1,SYNTHETIC EMERGENCY V2X
EMG-EVT-003965,AMB-17,AMBULANCE,11.8,0.37,22,51.1,40.3,15.1,25.2,CRITICAL,1,SYNTHETIC EMERGENCY V2X
EMG-EVT-003966,FIRE-10,FIRE_TRUCK,4.1,0.21,9,63.2,14.7,5.4,9.3,CRITICAL,1,SYNTHETIC EMERGENCY V2X
EMG-EVT-003967,FIRE-07,FIRE_TRUCK,6.4,0.49,13,47.3,23.7,8.3,15.4,CRITICAL,1,SYNTHETIC EMERGENCY V2X
EMG-EVT-003968,FIRE-08,FIRE_TRUCK,9.1,0.56,19,37.5,37.4,11.8,25.6,CRITICAL,1,SYNTHETIC EMERGENCY V2X
EMG-EVT-003969,POL-10,POLICE,9.6,0.39,17,48.2,32.4,12.2,20.2,CRITICAL,1,SYNTHETIC EMERGENCY V2X
EMG-EVT-003970,AMB-03,AMBULANCE,11.8,0.87,21,21.6,58.0,15.0,43.0,CRITICAL,1,SYNTHETIC EMERGENCY V2X
EMG-EVT-003971,FIRE-01,FIRE_TRUCK,8.2,0.34,15,49.6,27.9,10.4,17.5,CRITICAL,1,SYNTHETIC EMERGENCY V2X
EMG-EVT-003972,AMB-08,AMBULANCE,2.0,0.3,6,54.2,9.4,2.8,6.6,CRITICAL,1,SYNTHETIC EMERGENCY V2X
EMG-EVT-003973,AMB-02,AMBULANCE,8.6,0.25,17,53.2,30.1,11.1,19.0,CRITICAL,1,SYNTHETIC EMERGENCY V2X
EMG-EVT-003974,AMB-04,AMBULANCE,14.6,0.87,28,19.4,78.8,18.7,60.1,CRITICAL,1,SYNTHETIC EMERGENCY V2X
EMG-EVT-003975,AMB-06,AMBULANCE,5.6,0.8,12,23.3,28.8,7.3,21.5,CRITICAL,1,SYNTHETIC EMERGENCY V2X
EMG-EVT-003976,AMB-06,AMBULANCE,8.1,0.31,17,49.5,30.2,10.5,19.7,CRITICAL,1,SYNTHETIC EMERGENCY V2X
EMG-EVT-003977,POL-02,POLICE,9.2,0.59,18,36.4,36.8,11.8,25.0,CRITICAL,1,SYNTHETIC EMERGENCY V2X
EMG-EVT-003978,AMB-13,AMBULANCE,4.4,0.4,10,47.4,17.6,5.8,11.8,CRITICAL,1,SYNTHETIC EMERGENCY V2X
EMG-EVT-003979,AMB-04,AMBULANCE,12.5,0.95,24,15.1,78.5,16.0,62.5,CRITICAL,1,SYNTHETIC EMERGENCY V2X
EMG-EVT-003980,AMB-04,AMBULANCE,3.2,0.68,6,33.7,12.9,4.1,8.8,CRITICAL,1,SYNTHETIC EMERGENCY V2X
EMG-EVT-003981,FIRE-09,FIRE_TRUCK,13.5,0.44,26,48.1,48.0,17.3,30.7,CRITICAL,1,SYNTHETIC EMERGENCY V2X
EMG-EVT-003982,FIRE-09,FIRE_TRUCK,11.0,0.76,21,29.7,47.4,14.1,33.3,CRITICAL,1,SYNTHETIC EMERGENCY V2X
EMG-EVT-003983,AMB-13,AMBULANCE,9.7,0.74,19,32.5,40.7,12.5,28.2,CRITICAL,1,SYNTHETIC EMERGENCY V2X
EMG-EVT-003984,AMB-07,AMBULANCE,4.3,0.72,9,27.4,20.2,5.6,14.6,CRITICAL,1,SYNTHETIC EMERGENCY V2X
EMG-EVT-003985,AMB-14,AMBULANCE,9.3,0.87,18,22.2,46.7,11.9,34.8,CRITICAL,1,SYNTHETIC EMERGENCY V2X
EMG-EVT-003986,FIRE-03,FIRE_TRUCK,3.8,0.92,8,12.8,27.4,4.9,22.5,CRITICAL,1,SYNTHETIC EMERGENCY V2X
EMG-EVT-003987,FIRE-08,FIRE_TRUCK,11.6,0.34,23,55.9,40.1,15.0,25.1,CRITICAL,1,SYNTHETIC EMERGENCY V2X
EMG-EVT-003988,AMB-20,AMBULANCE,15.6,0.64,29,38.3,59.2,19.9,39.3,CRITICAL,1,SYNTHETIC EMERGENCY V2X
EMG-EVT-003989,AMB-17,AMBULANCE,4.9,0.42,11,47.1,19.4,6.4,13.0,CRITICAL,1,SYNTHETIC EMERGENCY V2X
EMG-EVT-003990,AMB-07,AMBULANCE,7.9,0.29,15,55.4,26.6,10.1,16.5,CRITICAL,1,SYNTHETIC EMERGENCY V2X
EMG-EVT-003991,AMB-20,AMBULANCE,7.5,0.91,15,13.6,51.1,9.7,41.4,CRITICAL,1,SYNTHETIC EMERGENCY V2X
EMG-EVT-003992,AMB-14,AMBULANCE,9.6,0.66,19,34.1,39.7,12.4,27.3,CRITICAL,1,SYNTHETIC EMERGENCY V2X
EMG-EVT-003993,AMB-07,AMBULANCE,8.2,0.35,15,53.4,27.2,10.4,16.8,CRITICAL,1,SYNTHETIC EMERGENCY V2X
EMG-EVT-003994,FIRE-01,FIRE_TRUCK,6.3,0.95,11,14.7,38.9,8.0,30.9,CRITICAL,1,SYNTHETIC EMERGENCY V2X
EMG-EVT-003995,AMB-19,AMBULANCE,3.9,0.39,7,52.2,12.9,5.0,7.9,CRITICAL,1,SYNTHETIC EMERGENCY V2X
EMG-EVT-003996,AMB-10,AMBULANCE,9.9,0.69,19,32.5,41.1,12.7,28.4,CRITICAL,1,SYNTHETIC EMERGENCY V2X
EMG-EVT-003997,AMB-06,AMBULANCE,7.6,0.32,16,57.5,27.1,9.9,17.2,CRITICAL,1,SYNTHETIC EMERGENCY V2X
EMG-EVT-003998,FIRE-01,FIRE_TRUCK,8.2,0.37,15,47.8,28.3,10.4,17.9,CRITICAL,1,SYNTHETIC EMERGENCY V2X
EMG-EVT-003999,AMB-06,AMBULANCE,1.7,0.64,6,31.2,10.5,2.5,8.0,CRITICAL,1,SYNTHETIC EMERGENCY V2X
EMG-EVT-004000,AMB-08,AMBULANCE,5.5,0.34,9,46.7,17.9,6.9,11.0,CRITICAL,1,SYNTHETIC EMERGENCY V2X
EMG-EVT-004001,FIRE-05,FIRE_TRUCK,12.4,0.4,25,47.5,45.7,16.0,29.7,CRITICAL,1,SYNTHETIC EMERGENCY V2X
EMG-EVT-004002,AMB-05,AMBULANCE,6.9,0.43,14,47.9,25.4,8.9,16.5,CRITICAL,1,SYNTHETIC EMERGENCY V2X
EMG-EVT-004003,FIRE-03,FIRE_TRUCK,6.9,0.37,13,46.1,24.6,8.8,15.8,CRITICAL,1,SYNTHETIC EMERGENCY V2X
EMG-EVT-004004,AMB-02,AMBULANCE,6.3,0.74,14,29.8,29.5,8.3,21.2,CRITICAL,1,SYNTHETIC EMERGENCY V2X
EMG-EVT-004005,AMB-16,AMBULANCE,12.1,0.68,24,29.3,53.6,15.6,38.0,CRITICAL,1,SYNTHETIC EMERGENCY V2X
EMG-EVT-004006,POL-09,POLICE,7.7,0.91,16,20.2,42.1,10.0,32.1,CRITICAL,1,SYNTHETIC EMERGENCY V2X
EMG-EVT-004007,AMB-04,AMBULANCE,8.5,0.26,16,53.3,28.8,10.9,17.9,CRITICAL,1,SYNTHETIC EMERGENCY V2X
EMG-EVT-004008,AMB-14,AMBULANCE,5.6,0.61,11,36.1,22.5,7.2,15.3,CRITICAL,1,SYNTHETIC EMERGENCY V2X
EMG-EVT-004009,AMB-20,AMBULANCE,10.6,0.45,22,45.6,40.3,13.8,26.5,CRITICAL,1,SYNTHETIC EMERGENCY V2X
EMG-EVT-004010,AMB-01,AMBULANCE,11.0,0.58,21,42.0,40.9,14.1,26.8,CRITICAL,1,SYNTHETIC EMERGENCY V2X
EMG-EVT-004011,FIRE-01,FIRE_TRUCK,8.2,0.35,17,54.0,29.5,10.6,18.9,CRITICAL,1,SYNTHETIC EMERGENCY V2X
EMG-EVT-004012,AMB-05,AMBULANCE,8.5,0.31,15,52.0,27.8,10.8,17.0,CRITICAL,1,SYNTHETIC EMERGENCY V2X
EMG-EVT-004013,AMB-19,AMBULANCE,7.0,0.41,14,51.1,25.0,9.0,16.0,CRITICAL,1,SYNTHETIC EMERGENCY V2X
EMG-EVT-004014,FIRE-08,FIRE_TRUCK,2.8,0.33,7,48.8,11.8,3.8,8.0,HIGH,1,SYNTHETIC EMERGENCY V2X
EMG-EVT-004015,FIRE-04,FIRE_TRUCK,7.6,0.44,14,44.6,27.0,9.7,17.3,CRITICAL,1,SYNTHETIC EMERGENCY V2X
EMG-EVT-004016,FIRE-02,FIRE_TRUCK,9.4,0.83,18,26.2,43.1,12.1,31.0,CRITICAL,1,SYNTHETIC EMERGENCY V2X
EMG-EVT-004017,AMB-20,AMBULANCE,1.6,0.25,3,54.0,5.4,2.0,3.4,CRITICAL,1,SYNTHETIC EMERGENCY V2X
EMG-EVT-004018,AMB-16,AMBULANCE,4.3,0.4,9,45.9,16.4,5.6,10.8,CRITICAL,1,SYNTHETIC EMERGENCY V2X
EMG-EVT-004019,AMB-01,AMBULANCE,4.7,0.84,9,16.8,27.6,6.0,21.6,CRITICAL,1,SYNTHETIC EMERGENCY V2X
EMG-EVT-004020,AMB-20,AMBULANCE,3.5,0.69,6,32.0,13.8,4.4,9.4,CRITICAL,1,SYNTHETIC EMERGENCY V2X
EMG-EVT-004021,AMB-12,AMBULANCE,4.2,0.26,10,57.1,16.4,5.6,10.8,CRITICAL,1,SYNTHETIC EMERGENCY V2X
EMG-EVT-004022,AMB-19,AMBULANCE,13.0,0.39,23,52.1,42.6,16.5,26.1,CRITICAL,1,SYNTHETIC EMERGENCY V2X
EMG-EVT-004023,AMB-02,AMBULANCE,12.4,0.35,23,54.0,41.4,15.8,25.6,CRITICAL,1,SYNTHETIC EMERGENCY V2X
EMG-EVT-004024,POL-01,POLICE,2.5,0.5,7,40.9,12.1,3.4,8.7,CRITICAL,1,SYNTHETIC EMERGENCY V2X
EMG-EVT-004025,FIRE-03,FIRE_TRUCK,13.7,0.26,27,53.1,47.9,17.6,30.3,CRITICAL,1,SYNTHETIC EMERGENCY V2X
EMG-EVT-004026,AMB-10,AMBULANCE,12.1,0.43,23,42.5,44.7,15.5,29.2,CRITICAL,1,SYNTHETIC EMERGENCY V2X
EMG-EVT-004027,AMB-04,AMBULANCE,10.8,0.62,21,39.5,41.6,13.9,27.7,CRITICAL,1,SYNTHETIC EMERGENCY V2X
EMG-EVT-004028,FIRE-04,FIRE_TRUCK,9.5,0.54,18,44.5,34.4,12.2,22.2,CRITICAL,1,SYNTHETIC EMERGENCY V2X
EMG-EVT-004029,AMB-13,AMBULANCE,1.6,0.78,2,28.9,5.7,2.0,3.7,CRITICAL,1,SYNTHETIC EMERGENCY V2X
EMG-EVT-004030,AMB-15,AMBULANCE,10.6,0.31,20,48.7,37.1,13.6,23.5,CRITICAL,1,SYNTHETIC EMERGENCY V2X
EMG-EVT-004031,AMB-20,AMBULANCE,8.5,0.8,18,25.6,41.5,11.1,30.4,CRITICAL,1,SYNTHETIC EMERGENCY V2X
EMG-EVT-004032,FIRE-02,FIRE_TRUCK,14.6,0.68,29,32.4,61.8,18.8,43.0,CRITICAL,1,SYNTHETIC EMERGENCY V2X
EMG-EVT-004033,AMB-09,AMBULANCE,15.4,0.59,30,34.8,62.6,19.8,42.8,CRITICAL,1,SYNTHETIC EMERGENCY V2X
EMG-EVT-004034,AMB-11,AMBULANCE,4.1,0.42,8,47.8,14.7,5.3,9.4,CRITICAL,1,SYNTHETIC EMERGENCY V2X
EMG-EVT-004035,AMB-06,AMBULANCE,15.3,0.46,28,46.4,53.4,19.5,33.9,CRITICAL,1,SYNTHETIC EMERGENCY V2X
EMG-EVT-004036,AMB-11,AMBULANCE,6.5,0.94,11,12.0,45.7,8.2,37.5,CRITICAL,1,SYNTHETIC EMERGENCY V2X
EMG-EVT-004037,AMB-04,AMBULANCE,8.0,0.72,17,27.0,38.2,10.4,27.8,CRITICAL,1,SYNTHETIC EMERGENCY V2X
EMG-EVT-004038,AMB-12,AMBULANCE,15.9,0.89,29,22.4,77.4,20.2,57.2,CRITICAL,1,SYNTHETIC EMERGENCY V2X
EMG-EVT-004039,AMB-06,AMBULANCE,2.9,0.3,5,54.1,9.2,3.7,5.5,CRITICAL,1,SYNTHETIC EMERGENCY V2X
EMG-EVT-004040,AMB-10,AMBULANCE,4.5,0.36,8,48.7,15.1,5.7,9.4,CRITICAL,1,SYNTHETIC EMERGENCY V2X
EMG-EVT-004041,AMB-13,AMBULANCE,9.1,0.87,17,18.6,49.8,11.6,38.2,CRITICAL,1,SYNTHETIC EMERGENCY V2X
EMG-EVT-004042,FIRE-03,FIRE_TRUCK,8.7,0.97,16,18.8,47.0,11.1,35.9,CRITICAL,1,SYNTHETIC EMERGENCY V2X
EMG-EVT-004043,AMB-15,AMBULANCE,12.9,0.29,26,52.8,45.9,16.7,29.2,CRITICAL,1,SYNTHETIC EMERGENCY V2X
EMG-EVT-004044,AMB-04,AMBULANCE,10.4,0.77,20,28.9,45.6,13.3,32.3,CRITICAL,1,SYNTHETIC EMERGENCY V2X
EMG-EVT-004045,AMB-08,AMBULANCE,11.5,0.56,22,34.4,46.5,14.7,31.8,CRITICAL,1,SYNTHETIC EMERGENCY V2X
EMG-EVT-004046,POL-07,POLICE,11.8,0.73,23,25.8,55.0,15.2,39.8,CRITICAL,1,SYNTHETIC EMERGENCY V2X
EMG-EVT-004047,AMB-19,AMBULANCE,9.7,0.65,18,37.9,37.0,12.4,24.6,CRITICAL,1,SYNTHETIC EMERGENCY V2X
EMG-EVT-004048,FIRE-05,FIRE_TRUCK,8.6,0.54,18,41.0,34.2,11.2,23.0,CRITICAL,1,SYNTHETIC EMERGENCY V2X
EMG-EVT-004049,AMB-02,AMBULANCE,5.6,0.78,11,21.8,28.6,7.2,21.4,CRITICAL,1,SYNTHETIC EMERGENCY V2X
EMG-EVT-004050,FIRE-10,FIRE_TRUCK,11.9,0.72,23,28.3,52.8,15.3,37.5,CRITICAL,1,SYNTHETIC EMERGENCY V2X
EMG-EVT-004051,AMB-19,AMBULANCE,3.3,0.31,8,56.1,13.1,4.4,8.7,CRITICAL,1,SYNTHETIC EMERGENCY V2X
EMG-EVT-004052,FIRE-08,FIRE_TRUCK,13.6,0.31,25,52.6,45.5,17.3,28.2,CRITICAL,1,SYNTHETIC EMERGENCY V2X
EMG-EVT-004053,FIRE-05,FIRE_TRUCK,2.8,0.45,5,45.5,9.7,3.6,6.1,HIGH,1,SYNTHETIC EMERGENCY V2X
EMG-EVT-004054,POL-10,POLICE,10.8,0.93,22,13.6,74.0,14.0,60.0,CRITICAL,1,SYNTHETIC EMERGENCY V2X
EMG-EVT-004055,AMB-05,AMBULANCE,8.7,0.43,16,43.2,31.3,11.1,20.2,CRITICAL,1,SYNTHETIC EMERGENCY V2X
EMG-EVT-004056,AMB-13,AMBULANCE,12.4,0.73,22,29.5,51.6,15.7,35.9,CRITICAL,1,SYNTHETIC EMERGENCY V2X
EMG-EVT-004057,AMB-04,AMBULANCE,15.8,0.46,30,41.5,58.8,20.2,38.6,CRITICAL,1,SYNTHETIC EMERGENCY V2X
EMG-EVT-004058,AMB-01,AMBULANCE,13.0,0.73,24,30.5,54.4,16.6,37.8,CRITICAL,1,SYNTHETIC EMERGENCY V2X
EMG-EVT-004059,FIRE-04,FIRE_TRUCK,13.1,0.33,23,55.5,41.8,16.6,25.2,CRITICAL,1,SYNTHETIC EMERGENCY V2X
EMG-EVT-004060,AMB-07,AMBULANCE,2.4,0.69,7,28.2,13.5,3.3,10.2,CRITICAL,1,SYNTHETIC EMERGENCY V2X
EMG-EVT-004061,AMB-09,AMBULANCE,5.2,0.35,11,46.4,19.9,6.8,13.1,CRITICAL,1,SYNTHETIC EMERGENCY V2X
EMG-EVT-004062,AMB-10,AMBULANCE,2.6,0.44,7,43.3,12.0,3.5,8.5,CRITICAL,1,SYNTHETIC EMERGENCY V2X
EMG-EVT-004063,AMB-04,AMBULANCE,6.7,0.42,12,42.0,24.0,8.5,15.5,CRITICAL,1,SYNTHETIC EMERGENCY V2X
EMG-EVT-004064,AMB-11,AMBULANCE,13.3,0.8,25,22.6,65.3,17.0,48.3,CRITICAL,1,SYNTHETIC EMERGENCY V2X
EMG-EVT-004065,FIRE-10,FIRE_TRUCK,15.7,0.51,30,38.1,60.7,20.1,40.6,CRITICAL,1,SYNTHETIC EMERGENCY V2X
EMG-EVT-004066,FIRE-01,FIRE_TRUCK,12.5,0.59,22,34.4,48.2,15.8,32.4,CRITICAL,1,SYNTHETIC EMERGENCY V2X
EMG-EVT-004067,POL-04,POLICE,5.3,0.91,10,19.2,28.6,6.8,21.8,CRITICAL,1,SYNTHETIC EMERGENCY V2X
EMG-EVT-004068,AMB-01,AMBULANCE,3.6,0.75,7,30.8,15.4,4.6,10.8,CRITICAL,1,SYNTHETIC EMERGENCY V2X
EMG-EVT-004069,AMB-20,AMBULANCE,8.7,0.54,18,44.1,33.4,11.3,22.1,CRITICAL,1,SYNTHETIC EMERGENCY V2X
EMG-EVT-004070,AMB-02,AMBULANCE,13.1,0.48,25,41.3,49.0,16.8,32.2,CRITICAL,1,SYNTHETIC EMERGENCY V2X
EMG-EVT-004071,POL-04,POLICE,12.7,0.81,24,22.8,62.2,16.3,45.9,CRITICAL,1,SYNTHETIC EMERGENCY V2X
EMG-EVT-004072,AMB-02,AMBULANCE,9.2,0.88,18,18.1,52.1,11.8,40.3,CRITICAL,1,SYNTHETIC EMERGENCY V2X
EMG-EVT-004073,AMB-15,AMBULANCE,1.5,0.7,3,34.7,6.2,2.0,4.2,CRITICAL,1,SYNTHETIC EMERGENCY V2X
EMG-EVT-004074,AMB-16,AMBULANCE,5.8,0.74,12,23.4,29.3,7.5,21.8,CRITICAL,1,SYNTHETIC EMERGENCY V2X
EMG-EVT-004075,AMB-06,AMBULANCE,8.4,0.95,16,11.7,62.3,10.8,51.5,CRITICAL,1,SYNTHETIC EMERGENCY V2X
EMG-EVT-004076,AMB-08,AMBULANCE,14.8,0.73,28,32.1,61.3,18.9,42.4,CRITICAL,1,SYNTHETIC EMERGENCY V2X
EMG-EVT-004077,AMB-13,AMBULANCE,6.4,0.41,13,49.3,23.4,8.3,15.1,CRITICAL,1,SYNTHETIC EMERGENCY V2X
EMG-EVT-004078,FIRE-03,FIRE_TRUCK,7.2,0.54,14,41.7,27.2,9.3,17.9,CRITICAL,1,SYNTHETIC EMERGENCY V2X
EMG-EVT-004079,FIRE-01,FIRE_TRUCK,10.1,0.6,19,33.2,41.1,12.9,28.2,CRITICAL,1,SYNTHETIC EMERGENCY V2X
EMG-EVT-004080,AMB-07,AMBULANCE,5.4,0.7,10,29.3,23.1,6.9,16.2,CRITICAL,1,SYNTHETIC EMERGENCY V2X
EMG-EVT-004081,AMB-05,AMBULANCE,12.9,0.42,26,48.6,47.1,16.7,30.4,CRITICAL,1,SYNTHETIC EMERGENCY V2X
EMG-EVT-004082,AMB-08,AMBULANCE,6.0,0.66,10,31.1,23.6,7.5,16.1,CRITICAL,1,SYNTHETIC EMERGENCY V2X
EMG-EVT-004083,FIRE-06,FIRE_TRUCK,15.7,0.33,29,50.0,53.6,20.0,33.6,CRITICAL,1,SYNTHETIC EMERGENCY V2X
EMG-EVT-004084,AMB-01,AMBULANCE,7.2,0.76,13,22.7,34.6,9.2,25.4,CRITICAL,1,SYNTHETIC EMERGENCY V2X
EMG-EVT-004085,FIRE-03,FIRE_TRUCK,14.5,0.32,26,47.9,49.4,18.4,31.0,CRITICAL,1,SYNTHETIC EMERGENCY V2X
EMG-EVT-004086,AMB-04,AMBULANCE,14.2,0.67,28,34.4,58.4,18.3,40.1,CRITICAL,1,SYNTHETIC EMERGENCY V2X
EMG-EVT-004087,AMB-15,AMBULANCE,4.4,0.74,9,30.7,19.4,5.7,13.7,CRITICAL,1,SYNTHETIC EMERGENCY V2X
EMG-EVT-004088,FIRE-02,FIRE_TRUCK,12.8,0.67,23,36.3,48.8,16.3,32.5,CRITICAL,1,SYNTHETIC EMERGENCY V2X
EMG-EVT-004089,AMB-13,AMBULANCE,3.4,0.47,9,40.7,15.8,4.6,11.2,CRITICAL,1,SYNTHETIC EMERGENCY V2X
EMG-EVT-004090,AMB-01,AMBULANCE,14.7,0.46,27,47.2,51.1,18.7,32.4,CRITICAL,1,SYNTHETIC EMERGENCY V2X
EMG-EVT-004091,AMB-18,AMBULANCE,10.5,0.83,18,21.3,51.2,13.3,37.9,CRITICAL,1,SYNTHETIC EMERGENCY V2X
EMG-EVT-004092,AMB-09,AMBULANCE,10.8,0.57,20,33.0,43.6,13.8,29.8,CRITICAL,1,SYNTHETIC EMERGENCY V2X
EMG-EVT-004093,AMB-06,AMBULANCE,10.9,0.31,21,51.9,37.8,14.0,23.8,CRITICAL,1,SYNTHETIC EMERGENCY V2X
EMG-EVT-004094,AMB-07,AMBULANCE,10.4,0.56,18,37.5,38.2,13.1,25.1,CRITICAL,1,SYNTHETIC EMERGENCY V2X
EMG-EVT-004095,AMB-16,AMBULANCE,6.4,0.95,12,14.7,40.5,8.2,32.3,CRITICAL,1,SYNTHETIC EMERGENCY V2X
EMG-EVT-004096,AMB-01,AMBULANCE,3.0,0.44,7,41.4,12.7,4.0,8.7,CRITICAL,1,SYNTHETIC EMERGENCY V2X
EMG-EVT-004097,AMB-07,AMBULANCE,15.3,0.43,30,43.6,57.1,19.7,37.4,CRITICAL,1,SYNTHETIC EMERGENCY V2X
EMG-EVT-004098,FIRE-02,FIRE_TRUCK,13.3,0.46,25,44.9,47.8,17.0,30.8,CRITICAL,1,SYNTHETIC EMERGENCY V2X
EMG-EVT-004099,AMB-15,AMBULANCE,4.4,0.84,7,19.5,21.9,5.5,16.4,CRITICAL,1,SYNTHETIC EMERGENCY V2X
EMG-EVT-004100,AMB-10,AMBULANCE,4.8,0.2,11,64.4,17.7,6.3,11.4,CRITICAL,1,SYNTHETIC EMERGENCY V2X
EMG-EVT-004101,AMB-09,AMBULANCE,13.9,0.97,28,12.9,98.3,18.0,80.3,CRITICAL,1,SYNTHETIC EMERGENCY V2X
EMG-EVT-004102,AMB-06,AMBULANCE,11.3,0.48,23,38.7,45.1,14.6,30.5,CRITICAL,1,SYNTHETIC EMERGENCY V2X
EMG-EVT-004103,FIRE-08,FIRE_TRUCK,10.8,0.88,19,15.0,66.0,13.7,52.3,CRITICAL,1,SYNTHETIC EMERGENCY V2X
EMG-EVT-004104,AMB-03,AMBULANCE,6.9,0.41,14,50.1,25.1,8.9,16.2,CRITICAL,1,SYNTHETIC EMERGENCY V2X
EMG-EVT-004105,AMB-15,AMBULANCE,11.3,0.74,21,29.9,47.9,14.4,33.5,CRITICAL,1,SYNTHETIC EMERGENCY V2X
EMG-EVT-004106,AMB-07,AMBULANCE,10.7,0.52,20,41.6,39.4,13.7,25.7,CRITICAL,1,SYNTHETIC EMERGENCY V2X
EMG-EVT-004107,FIRE-07,FIRE_TRUCK,3.6,0.43,6,44.4,12.1,4.5,7.6,CRITICAL,1,SYNTHETIC EMERGENCY V2X
EMG-EVT-004108,FIRE-08,FIRE_TRUCK,7.6,0.69,16,29.7,34.6,9.9,24.7,CRITICAL,1,SYNTHETIC EMERGENCY V2X
EMG-EVT-004109,FIRE-07,FIRE_TRUCK,6.8,0.46,14,44.6,25.9,8.8,17.1,CRITICAL,1,SYNTHETIC EMERGENCY V2X
EMG-EVT-004110,AMB-15,AMBULANCE,8.4,0.38,18,52.6,31.2,11.0,20.2,CRITICAL,1,SYNTHETIC EMERGENCY V2X
EMG-EVT-004111,FIRE-08,FIRE_TRUCK,11.8,0.61,23,38.5,46.0,15.2,30.8,CRITICAL,1,SYNTHETIC EMERGENCY V2X
EMG-EVT-004112,FIRE-04,FIRE_TRUCK,12.2,0.88,22,17.8,67.5,15.5,52.0,CRITICAL,1,SYNTHETIC EMERGENCY V2X
EMG-EVT-004113,AMB-19,AMBULANCE,6.2,0.23,13,54.0,22.5,8.1,14.4,CRITICAL,1,SYNTHETIC EMERGENCY V2X
EMG-EVT-004114,AMB-06,AMBULANCE,8.0,0.44,17,49.6,30.1,10.4,19.7,CRITICAL,1,SYNTHETIC EMERGENCY V2X
EMG-EVT-004115,AMB-19,AMBULANCE,12.2,0.46,22,44.1,43.0,15.5,27.5,CRITICAL,1,SYNTHETIC EMERGENCY V2X
EMG-EVT-004116,AMB-13,AMBULANCE,6.9,0.82,14,25.3,33.2,8.9,24.3,CRITICAL,1,SYNTHETIC EMERGENCY V2X
EMG-EVT-004117,FIRE-05,FIRE_TRUCK,11.0,0.65,19,37.7,40.3,13.9,26.4,CRITICAL,1,SYNTHETIC EMERGENCY V2X
EMG-EVT-004118,AMB-04,AMBULANCE,4.7,0.8,10,21.1,25.4,6.1,19.3,CRITICAL,1,SYNTHETIC EMERGENCY V2X
EMG-EVT-004119,FIRE-01,FIRE_TRUCK,4.8,0.7,11,34.2,21.6,6.3,15.3,CRITICAL,1,SYNTHETIC EMERGENCY V2X
EMG-EVT-004120,AMB-06,AMBULANCE,13.5,0.92,27,16.4,81.8,17.4,64.4,CRITICAL,1,SYNTHETIC EMERGENCY V2X
EMG-EVT-004121,AMB-20,AMBULANCE,4.0,0.78,9,28.6,19.2,5.3,13.9,CRITICAL,1,SYNTHETIC EMERGENCY V2X
EMG-EVT-004122,FIRE-07,FIRE_TRUCK,10.4,0.24,20,62.1,34.0,13.3,20.7,CRITICAL,1,SYNTHETIC EMERGENCY V2X
EMG-EVT-004123,AMB-09,AMBULANCE,7.1,0.83,13,18.7,38.4,9.0,29.4,CRITICAL,1,SYNTHETIC EMERGENCY V2X
EMG-EVT-004124,AMB-04,AMBULANCE,9.7,0.54,18,43.6,34.9,12.4,22.5,CRITICAL,1,SYNTHETIC EMERGENCY V2X
EMG-EVT-004125,AMB-12,AMBULANCE,15.0,0.87,28,19.6,79.5,19.2,60.3,CRITICAL,1,SYNTHETIC EMERGENCY V2X
EMG-EVT-004126,AMB-14,AMBULANCE,4.6,0.78,9,21.4,23.7,5.9,17.8,CRITICAL,1,SYNTHETIC EMERGENCY V2X
EMG-EVT-004127,AMB-06,AMBULANCE,5.9,0.24,10,59.7,17.9,7.4,10.5,CRITICAL,1,SYNTHETIC EMERGENCY V2X
EMG-EVT-004128,POL-10,POLICE,10.7,0.8,19,25.6,47.9,13.6,34.3,CRITICAL,1,SYNTHETIC EMERGENCY V2X
EMG-EVT-004129,AMB-01,AMBULANCE,8.9,0.34,19,49.0,33.7,11.6,22.1,CRITICAL,1,SYNTHETIC EMERGENCY V2X
EMG-EVT-004130,AMB-07,AMBULANCE,14.6,0.42,26,50.3,48.6,18.5,30.1,CRITICAL,1,SYNTHETIC EMERGENCY V2X
EMG-EVT-004131,FIRE-01,FIRE_TRUCK,13.9,0.34,25,48.3,47.3,17.7,29.6,CRITICAL,1,SYNTHETIC EMERGENCY V2X
EMG-EVT-004132,AMB-19,AMBULANCE,2.9,0.36,6,55.0,10.4,3.8,6.6,CRITICAL,1,SYNTHETIC EMERGENCY V2X
EMG-EVT-004133,FIRE-06,FIRE_TRUCK,8.7,0.82,16,21.1,43.9,11.1,32.8,CRITICAL,1,SYNTHETIC EMERGENCY V2X
EMG-EVT-004134,FIRE-02,FIRE_TRUCK,11.1,0.78,20,28.9,47.0,14.1,32.9,CRITICAL,1,SYNTHETIC EMERGENCY V2X
EMG-EVT-004135,AMB-17,AMBULANCE,13.8,0.57,24,39.4,49.8,17.5,32.3,CRITICAL,1,SYNTHETIC EMERGENCY V2X
EMG-EVT-004136,AMB-16,AMBULANCE,8.5,0.67,17,32.7,36.0,11.0,25.0,CRITICAL,1,SYNTHETIC EMERGENCY V2X
EMG-EVT-004137,AMB-17,AMBULANCE,12.3,0.84,22,17.6,68.3,15.6,52.7,CRITICAL,1,SYNTHETIC EMERGENCY V2X
EMG-EVT-004138,AMB-12,AMBULANCE,10.6,0.86,22,16.8,64.3,13.8,50.5,CRITICAL,1,SYNTHETIC EMERGENCY V2X
EMG-EVT-004139,POL-02,POLICE,3.9,0.29,9,53.9,15.1,5.2,9.9,CRITICAL,1,SYNTHETIC EMERGENCY V2X
EMG-EVT-004140,AMB-16,AMBULANCE,5.3,0.87,12,22.9,28.3,7.0,21.3,CRITICAL,1,SYNTHETIC EMERGENCY V2X
EMG-EVT-004141,AMB-03,AMBULANCE,5.3,0.69,10,33.8,21.4,6.8,14.6,CRITICAL,1,SYNTHETIC EMERGENCY V2X
EMG-EVT-004142,AMB-07,AMBULANCE,7.9,0.68,16,35.0,32.7,10.2,22.5,CRITICAL,1,SYNTHETIC EMERGENCY V2X
EMG-EVT-004143,AMB-05,AMBULANCE,11.9,0.56,24,43.0,45.4,15.4,30.0,CRITICAL,1,SYNTHETIC EMERGENCY V2X
EMG-EVT-004144,AMB-17,AMBULANCE,4.3,0.4,10,50.0,17.2,5.7,11.5,CRITICAL,1,SYNTHETIC EMERGENCY V2X
EMG-EVT-004145,AMB-10,AMBULANCE,12.9,0.71,24,24.8,60.0,16.5,43.5,CRITICAL,1,SYNTHETIC EMERGENCY V2X
EMG-EVT-004146,AMB-10,AMBULANCE,15.8,0.93,29,16.0,94.0,20.1,73.9,CRITICAL,1,SYNTHETIC EMERGENCY V2X
EMG-EVT-004147,AMB-01,AMBULANCE,7.9,0.57,14,35.1,30.3,10.0,20.3,CRITICAL,1,SYNTHETIC EMERGENCY V2X
EMG-EVT-004148,AMB-18,AMBULANCE,8.7,0.52,18,38.4,35.2,11.3,23.9,CRITICAL,1,SYNTHETIC EMERGENCY V2X
EMG-EVT-004149,POL-01,POLICE,3.8,0.54,8,36.1,15.9,4.9,11.0,CRITICAL,1,SYNTHETIC EMERGENCY V2X
EMG-EVT-004150,AMB-12,AMBULANCE,12.9,0.63,26,37.4,51.9,16.7,35.2,CRITICAL,1,SYNTHETIC EMERGENCY V2X
EMG-EVT-004151,FIRE-09,FIRE_TRUCK,15.1,0.52,27,44.3,52.9,19.2,33.7,CRITICAL,1,SYNTHETIC EMERGENCY V2X
EMG-EVT-004152,AMB-02,AMBULANCE,14.3,0.31,25,54.6,45.7,18.1,27.6,CRITICAL,1,SYNTHETIC EMERGENCY V2X
EMG-EVT-004153,AMB-13,AMBULANCE,8.8,0.76,15,23.8,40.2,11.1,29.1,CRITICAL,1,SYNTHETIC EMERGENCY V2X
EMG-EVT-004154,AMB-06,AMBULANCE,3.9,0.51,8,39.8,15.5,5.1,10.4,CRITICAL,1,SYNTHETIC EMERGENCY V2X
EMG-EVT-004155,AMB-16,AMBULANCE,11.5,0.89,20,22.6,54.5,14.5,40.0,CRITICAL,1,SYNTHETIC EMERGENCY V2X
EMG-EVT-004156,AMB-03,AMBULANCE,4.9,0.95,9,14.1,31.7,6.2,25.5,CRITICAL,1,SYNTHETIC EMERGENCY V2X
EMG-EVT-004157,FIRE-03,FIRE_TRUCK,2.7,0.68,7,29.9,13.8,3.6,10.2,CRITICAL,1,SYNTHETIC EMERGENCY V2X
EMG-EVT-004158,AMB-04,AMBULANCE,8.4,0.55,18,41.1,33.9,11.0,22.9,CRITICAL,1,SYNTHETIC EMERGENCY V2X
EMG-EVT-004159,AMB-20,AMBULANCE,11.9,0.61,21,39.3,43.4,15.1,28.3,CRITICAL,1,SYNTHETIC EMERGENCY V2X
EMG-EVT-004160,AMB-18,AMBULANCE,12.0,0.93,21,13.6,78.1,15.2,62.9,CRITICAL,1,SYNTHETIC EMERGENCY V2X
EMG-EVT-004161,FIRE-06,FIRE_TRUCK,15.1,0.93,30,19.3,82.9,19.5,63.4,CRITICAL,1,SYNTHETIC EMERGENCY V2X
EMG-EVT-004162,POL-02,POLICE,11.0,0.31,20,54.4,36.1,14.0,22.1,CRITICAL,1,SYNTHETIC EMERGENCY V2X
EMG-EVT-004163,AMB-14,AMBULANCE,3.3,0.3,7,52.4,12.2,4.3,7.9,CRITICAL,1,SYNTHETIC EMERGENCY V2X
EMG-EVT-004164,POL-09,POLICE,15.0,0.52,30,43.3,56.8,19.4,37.4,CRITICAL,1,SYNTHETIC EMERGENCY V2X
EMG-EVT-004165,AMB-04,AMBULANCE,13.4,0.68,25,32.9,54.4,17.1,37.3,CRITICAL,1,SYNTHETIC EMERGENCY V2X
EMG-EVT-004166,FIRE-02,FIRE_TRUCK,15.1,0.92,27,16.9,86.0,19.2,66.8,CRITICAL,1,SYNTHETIC EMERGENCY V2X
EMG-EVT-004167,AMB-14,AMBULANCE,13.3,0.38,26,52.8,46.3,17.1,29.2,CRITICAL,1,SYNTHETIC EMERGENCY V2X
EMG-EVT-004168,AMB-18,AMBULANCE,9.4,0.54,16,41.1,32.9,11.9,21.0,CRITICAL,1,SYNTHETIC EMERGENCY V2X
EMG-EVT-004169,AMB-17,AMBULANCE,15.1,0.33,29,51.5,52.4,19.4,33.0,CRITICAL,1,SYNTHETIC EMERGENCY V2X
EMG-EVT-004170,FIRE-03,FIRE_TRUCK,4.0,0.21,7,59.8,12.4,5.1,7.3,CRITICAL,1,SYNTHETIC EMERGENCY V2X
EMG-EVT-004171,AMB-05,AMBULANCE,15.9,0.56,28,41.5,56.6,20.1,36.5,CRITICAL,1,SYNTHETIC EMERGENCY V2X
EMG-EVT-004172,POL-08,POLICE,15.9,0.86,30,25.1,74.0,20.3,53.7,CRITICAL,1,SYNTHETIC EMERGENCY V2X
EMG-EVT-004173,AMB-03,AMBULANCE,3.1,0.39,5,46.8,10.0,3.9,6.1,CRITICAL,1,SYNTHETIC EMERGENCY V2X
EMG-EVT-004174,AMB-01,AMBULANCE,8.6,0.34,16,48.1,29.9,11.0,18.9,CRITICAL,1,SYNTHETIC EMERGENCY V2X
EMG-EVT-004175,AMB-11,AMBULANCE,5.2,0.76,12,24.7,27.0,6.9,20.1,CRITICAL,1,SYNTHETIC EMERGENCY V2X
EMG-EVT-004176,AMB-04,AMBULANCE,9.0,0.54,16,41.5,32.2,11.4,20.8,CRITICAL,1,SYNTHETIC EMERGENCY V2X
EMG-EVT-004177,AMB-08,AMBULANCE,2.1,0.91,3,22.1,9.3,2.6,6.7,CRITICAL,1,SYNTHETIC EMERGENCY V2X
EMG-EVT-004178,AMB-10,AMBULANCE,13.0,0.62,23,32.8,51.4,16.5,34.9,CRITICAL,1,SYNTHETIC EMERGENCY V2X
EMG-EVT-004179,FIRE-10,FIRE_TRUCK,6.4,0.71,11,30.0,26.0,8.1,17.9,CRITICAL,1,SYNTHETIC EMERGENCY V2X
EMG-EVT-004180,POL-05,POLICE,14.3,0.56,26,38.9,53.3,18.2,35.1,CRITICAL,1,SYNTHETIC EMERGENCY V2X
EMG-EVT-004181,AMB-16,AMBULANCE,10.0,0.72,19,25.4,46.4,12.8,33.6,CRITICAL,1,SYNTHETIC EMERGENCY V2X
EMG-EVT-004182,FIRE-10,FIRE_TRUCK,4.2,0.48,8,45.0,15.2,5.4,9.8,CRITICAL,1,SYNTHETIC EMERGENCY V2X
EMG-EVT-004183,FIRE-09,FIRE_TRUCK,7.4,0.86,14,22.0,37.0,9.5,27.5,CRITICAL,1,SYNTHETIC EMERGENCY V2X
EMG-EVT-004184,AMB-04,AMBULANCE,13.2,0.46,24,48.9,45.0,16.8,28.2,CRITICAL,1,SYNTHETIC EMERGENCY V2X
EMG-EVT-004185,AMB-11,AMBULANCE,4.6,0.48,9,39.3,17.8,5.9,11.9,CRITICAL,1,SYNTHETIC EMERGENCY V2X
EMG-EVT-004186,POL-03,POLICE,11.6,0.67,21,33.7,45.9,14.8,31.1,CRITICAL,1,SYNTHETIC EMERGENCY V2X
EMG-EVT-004187,AMB-09,AMBULANCE,11.0,0.85,20,22.2,53.7,14.0,39.7,CRITICAL,1,SYNTHETIC EMERGENCY V2X
EMG-EVT-004188,FIRE-09,FIRE_TRUCK,14.0,0.22,26,59.4,45.3,17.9,27.4,CRITICAL,1,SYNTHETIC EMERGENCY V2X
EMG-EVT-004189,AMB-03,AMBULANCE,11.5,0.61,20,32.4,45.3,14.5,30.8,CRITICAL,1,SYNTHETIC EMERGENCY V2X
EMG-EVT-004190,AMB-20,AMBULANCE,7.4,0.46,14,43.6,27.0,9.5,17.5,CRITICAL,1,SYNTHETIC EMERGENCY V2X
EMG-EVT-004191,AMB-11,AMBULANCE,5.2,0.55,12,38.7,22.5,6.9,15.6,CRITICAL,1,SYNTHETIC EMERGENCY V2X
EMG-EVT-004192,AMB-17,AMBULANCE,1.6,0.69,3,34.9,6.4,2.0,4.4,CRITICAL,1,SYNTHETIC EMERGENCY V2X
EMG-EVT-004193,FIRE-06,FIRE_TRUCK,3.0,0.49,7,47.3,12.2,4.0,8.2,CRITICAL,1,SYNTHETIC EMERGENCY V2X
EMG-EVT-004194,FIRE-08,FIRE_TRUCK,8.6,0.56,18,37.3,35.4,11.2,24.2,CRITICAL,1,SYNTHETIC EMERGENCY V2X
EMG-EVT-004195,AMB-02,AMBULANCE,3.9,0.34,7,48.5,13.2,5.0,8.2,CRITICAL,1,SYNTHETIC EMERGENCY V2X
EMG-EVT-004196,AMB-07,AMBULANCE,4.3,0.54,10,42.9,18.0,5.7,12.3,CRITICAL,1,SYNTHETIC EMERGENCY V2X
EMG-EVT-004197,POL-05,POLICE,16.0,0.83,30,21.9,79.8,20.5,59.3,CRITICAL,1,SYNTHETIC EMERGENCY V2X
EMG-EVT-004198,AMB-08,AMBULANCE,5.9,0.87,11,18.2,32.7,7.5,25.2,CRITICAL,1,SYNTHETIC EMERGENCY V2X
EMG-EVT-004199,FIRE-09,FIRE_TRUCK,1.6,0.28,2,51.4,4.3,2.0,2.3,HIGH,0,SYNTHETIC EMERGENCY V2X
EMG-EVT-004200,FIRE-04,FIRE_TRUCK,13.2,0.6,26,37.5,52.3,17.0,35.3,CRITICAL,1,SYNTHETIC EMERGENCY V2X
EMG-EVT-004201,AMB-07,AMBULANCE,3.4,0.56,9,42.5,15.6,4.6,11.0,CRITICAL,1,SYNTHETIC EMERGENCY V2X
EMG-EVT-004202,AMB-01,AMBULANCE,11.1,0.78,19,20.2,55.8,14.0,41.8,CRITICAL,1,SYNTHETIC EMERGENCY V2X
EMG-EVT-004203,AMB-11,AMBULANCE,11.1,0.56,19,38.7,40.0,14.0,26.0,CRITICAL,1,SYNTHETIC EMERGENCY V2X
EMG-EVT-004204,AMB-08,AMBULANCE,12.8,0.94,25,17.8,73.1,16.5,56.6,CRITICAL,1,SYNTHETIC EMERGENCY V2X
EMG-EVT-004205,FIRE-07,FIRE_TRUCK,12.7,0.77,23,28.9,54.0,16.2,37.8,CRITICAL,1,SYNTHETIC EMERGENCY V2X
EMG-EVT-004206,AMB-15,AMBULANCE,10.9,0.9,22,13.7,74.1,14.1,60.0,CRITICAL,1,SYNTHETIC EMERGENCY V2X
EMG-EVT-004207,POL-03,POLICE,10.2,0.64,20,33.9,42.1,13.1,29.0,CRITICAL,1,SYNTHETIC EMERGENCY V2X
EMG-EVT-004208,AMB-19,AMBULANCE,10.3,0.83,20,22.5,51.5,13.2,38.3,CRITICAL,1,SYNTHETIC EMERGENCY V2X
EMG-EVT-004209,AMB-02,AMBULANCE,7.7,0.26,15,54.9,26.4,9.9,16.5,CRITICAL,1,SYNTHETIC EMERGENCY V2X
EMG-EVT-004210,POL-09,POLICE,2.6,0.96,6,15.3,17.4,3.4,14.0,CRITICAL,1,SYNTHETIC EMERGENCY V2X
EMG-EVT-004211,AMB-04,AMBULANCE,6.8,0.76,15,25.4,34.1,8.9,25.2,CRITICAL,1,SYNTHETIC EMERGENCY V2X
EMG-EVT-004212,POL-02,POLICE,5.9,0.44,10,47.9,19.4,7.4,12.0,CRITICAL,1,SYNTHETIC EMERGENCY V2X
EMG-EVT-004213,AMB-06,AMBULANCE,10.3,0.58,21,34.2,43.3,13.3,30.0,CRITICAL,1,SYNTHETIC EMERGENCY V2X
EMG-EVT-004214,AMB-06,AMBULANCE,5.3,0.86,12,21.2,29.4,7.0,22.4,CRITICAL,1,SYNTHETIC EMERGENCY V2X
EMG-EVT-004215,FIRE-04,FIRE_TRUCK,3.5,0.62,8,31.7,16.2,4.6,11.6,CRITICAL,1,SYNTHETIC EMERGENCY V2X
EMG-EVT-004216,AMB-18,AMBULANCE,14.0,0.51,27,46.2,50.6,18.0,32.6,CRITICAL,1,SYNTHETIC EMERGENCY V2X
EMG-EVT-004217,AMB-09,AMBULANCE,8.6,0.56,16,42.8,31.3,11.0,20.3,CRITICAL,1,SYNTHETIC EMERGENCY V2X
EMG-EVT-004218,FIRE-09,FIRE_TRUCK,13.4,0.3,27,52.7,47.7,17.3,30.4,CRITICAL,1,SYNTHETIC EMERGENCY V2X
EMG-EVT-004219,AMB-18,AMBULANCE,2.1,0.49,4,42.0,7.8,2.7,5.1,CRITICAL,1,SYNTHETIC EMERGENCY V2X
EMG-EVT-004220,AMB-16,AMBULANCE,8.8,0.38,15,52.1,28.1,11.1,17.0,CRITICAL,1,SYNTHETIC EMERGENCY V2X
EMG-EVT-004221,POL-08,POLICE,2.8,0.44,7,47.9,11.9,3.8,8.1,HIGH,1,SYNTHETIC EMERGENCY V2X
EMG-EVT-004222,FIRE-04,FIRE_TRUCK,3.7,0.88,7,24.1,17.6,4.7,12.9,CRITICAL,1,SYNTHETIC EMERGENCY V2X
EMG-EVT-004223,AMB-16,AMBULANCE,7.2,0.6,14,35.9,28.8,9.3,19.5,CRITICAL,1,SYNTHETIC EMERGENCY V2X
EMG-EVT-004224,FIRE-05,FIRE_TRUCK,14.4,0.63,28,30.8,61.7,18.5,43.2,CRITICAL,1,SYNTHETIC EMERGENCY V2X
EMG-EVT-004225,AMB-07,AMBULANCE,5.2,0.5,10,38.9,20.0,6.7,13.3,CRITICAL,1,SYNTHETIC EMERGENCY V2X
EMG-EVT-004226,FIRE-10,FIRE_TRUCK,5.5,0.56,9,42.0,18.7,6.9,11.8,CRITICAL,1,SYNTHETIC EMERGENCY V2X
EMG-EVT-004227,AMB-13,AMBULANCE,2.4,0.85,5,24.3,11.9,3.1,8.8,CRITICAL,1,SYNTHETIC EMERGENCY V2X
EMG-EVT-004228,AMB-04,AMBULANCE,7.8,0.4,14,49.3,26.3,9.9,16.4,CRITICAL,1,SYNTHETIC EMERGENCY V2X
EMG-EVT-004229,AMB-01,AMBULANCE,11.7,0.37,21,50.6,39.1,14.9,24.2,CRITICAL,1,SYNTHETIC EMERGENCY V2X
EMG-EVT-004230,FIRE-01,FIRE_TRUCK,11.1,0.74,19,23.8,50.8,14.0,36.8,CRITICAL,1,SYNTHETIC EMERGENCY V2X
EMG-EVT-004231,FIRE-02,FIRE_TRUCK,9.9,0.76,17,24.0,45.1,12.5,32.6,CRITICAL,1,SYNTHETIC EMERGENCY V2X
EMG-EVT-004232,FIRE-05,FIRE_TRUCK,6.6,0.26,11,58.1,20.0,8.3,11.7,CRITICAL,1,SYNTHETIC EMERGENCY V2X
EMG-EVT-004233,AMB-13,AMBULANCE,3.2,0.54,7,35.7,13.8,4.2,9.6,CRITICAL,1,SYNTHETIC EMERGENCY V2X
EMG-EVT-004234,FIRE-10,FIRE_TRUCK,6.6,0.73,11,27.9,27.4,8.3,19.1,CRITICAL,1,SYNTHETIC EMERGENCY V2X
EMG-EVT-004235,AMB-13,AMBULANCE,5.2,0.38,10,45.3,18.9,6.7,12.2,CRITICAL,1,SYNTHETIC EMERGENCY V2X
EMG-EVT-004236,AMB-11,AMBULANCE,6.1,0.27,12,57.5,20.8,7.9,12.9,CRITICAL,1,SYNTHETIC EMERGENCY V2X
EMG-EVT-004237,AMB-18,AMBULANCE,2.4,0.85,5,23.2,12.2,3.1,9.1,CRITICAL,1,SYNTHETIC EMERGENCY V2X
EMG-EVT-004238,AMB-06,AMBULANCE,4.4,0.7,7,29.1,17.5,5.5,12.0,CRITICAL,1,SYNTHETIC EMERGENCY V2X
EMG-EVT-004239,FIRE-10,FIRE_TRUCK,10.1,0.95,21,19.4,56.4,13.1,43.3,CRITICAL,1,SYNTHETIC EMERGENCY V2X
EMG-EVT-004240,FIRE-06,FIRE_TRUCK,9.4,0.24,16,55.2,29.4,11.9,17.5,CRITICAL,1,SYNTHETIC EMERGENCY V2X
EMG-EVT-004241,AMB-20,AMBULANCE,2.6,0.64,6,34.5,11.7,3.4,8.3,CRITICAL,1,SYNTHETIC EMERGENCY V2X
EMG-EVT-004242,AMB-05,AMBULANCE,11.6,0.89,22,19.0,63.0,14.9,48.1,CRITICAL,1,SYNTHETIC EMERGENCY V2X
EMG-EVT-004243,FIRE-07,FIRE_TRUCK,9.6,0.27,19,56.1,33.1,12.4,20.7,CRITICAL,1,SYNTHETIC EMERGENCY V2X
EMG-EVT-004244,AMB-08,AMBULANCE,9.9,0.41,17,43.7,34.0,12.5,21.5,CRITICAL,1,SYNTHETIC EMERGENCY V2X
EMG-EVT-004245,AMB-03,AMBULANCE,3.4,0.51,9,42.3,15.6,4.6,11.0,CRITICAL,1,SYNTHETIC EMERGENCY V2X
EMG-EVT-004246,AMB-12,AMBULANCE,14.2,0.46,27,40.6,53.4,18.2,35.2,CRITICAL,1,SYNTHETIC EMERGENCY V2X
EMG-EVT-004247,AMB-08,AMBULANCE,14.1,0.83,27,23.0,69.2,18.1,51.1,CRITICAL,1,SYNTHETIC EMERGENCY V2X
EMG-EVT-004248,POL-02,POLICE,7.0,0.93,12,20.5,34.9,8.8,26.1,CRITICAL,1,SYNTHETIC EMERGENCY V2X
EMG-EVT-004249,AMB-02,AMBULANCE,12.0,0.28,23,53.4,41.1,15.4,25.7,CRITICAL,1,SYNTHETIC EMERGENCY V2X
EMG-EVT-004250,FIRE-05,FIRE_TRUCK,9.1,0.5,17,46.0,32.3,11.6,20.7,CRITICAL,1,SYNTHETIC EMERGENCY V2X
EMG-EVT-004251,AMB-10,AMBULANCE,12.4,0.48,23,43.7,44.6,15.8,28.8,CRITICAL,1,SYNTHETIC EMERGENCY V2X
EMG-EVT-004252,AMB-04,AMBULANCE,10.0,0.44,18,46.1,34.6,12.7,21.9,CRITICAL,1,SYNTHETIC EMERGENCY V2X
EMG-EVT-004253,AMB-18,AMBULANCE,5.0,0.87,12,20.0,29.4,6.7,22.7,CRITICAL,1,SYNTHETIC EMERGENCY V2X
EMG-EVT-004254,FIRE-06,FIRE_TRUCK,3.2,0.53,5,37.0,11.2,4.0,7.2,HIGH,1,SYNTHETIC EMERGENCY V2X
EMG-EVT-004255,AMB-20,AMBULANCE,12.4,0.93,24,18.0,70.1,15.9,54.2,CRITICAL,1,SYNTHETIC EMERGENCY V2X
EMG-EVT-004256,FIRE-06,FIRE_TRUCK,4.9,0.93,9,21.0,24.8,6.2,18.6,CRITICAL,1,SYNTHETIC EMERGENCY V2X
EMG-EVT-004257,AMB-06,AMBULANCE,9.1,0.6,18,31.4,39.0,11.7,27.3,CRITICAL,1,SYNTHETIC EMERGENCY V2X
EMG-EVT-004258,AMB-15,AMBULANCE,4.5,0.39,8,53.6,14.6,5.7,8.9,CRITICAL,1,SYNTHETIC EMERGENCY V2X
EMG-EVT-004259,FIRE-09,FIRE_TRUCK,7.9,0.26,14,57.7,25.0,10.0,15.0,CRITICAL,1,SYNTHETIC EMERGENCY V2X
EMG-EVT-004260,AMB-12,AMBULANCE,8.9,0.78,18,25.9,42.2,11.5,30.7,CRITICAL,1,SYNTHETIC EMERGENCY V2X
EMG-EVT-004261,POL-08,POLICE,15.5,0.89,29,20.2,80.8,19.8,61.0,CRITICAL,1,SYNTHETIC EMERGENCY V2X
EMG-EVT-004262,AMB-09,AMBULANCE,4.8,0.39,9,43.6,17.4,6.1,11.3,CRITICAL,1,SYNTHETIC EMERGENCY V2X
EMG-EVT-004263,AMB-13,AMBULANCE,4.9,0.62,9,34.7,19.3,6.2,13.1,CRITICAL,1,SYNTHETIC EMERGENCY V2X
EMG-EVT-004264,AMB-12,AMBULANCE,8.6,0.79,18,22.2,44.8,11.2,33.6,CRITICAL,1,SYNTHETIC EMERGENCY V2X
EMG-EVT-004265,FIRE-09,FIRE_TRUCK,12.5,0.23,23,53.3,41.7,15.9,25.8,CRITICAL,1,SYNTHETIC EMERGENCY V2X
EMG-EVT-004266,AMB-17,AMBULANCE,11.1,0.56,21,36.6,43.4,14.2,29.2,CRITICAL,1,SYNTHETIC EMERGENCY V2X
EMG-EVT-004267,POL-01,POLICE,1.7,0.27,6,58.7,8.9,2.5,6.4,HIGH,1,SYNTHETIC EMERGENCY V2X
EMG-EVT-004268,AMB-20,AMBULANCE,8.8,0.68,15,30.9,35.1,11.1,24.0,CRITICAL,1,SYNTHETIC EMERGENCY V2X
EMG-EVT-004269,FIRE-03,FIRE_TRUCK,15.9,0.92,28,17.6,87.8,20.1,67.7,CRITICAL,1,SYNTHETIC EMERGENCY V2X
EMG-EVT-004270,AMB-13,AMBULANCE,6.1,0.67,13,34.0,26.4,8.0,18.4,CRITICAL,1,SYNTHETIC EMERGENCY V2X
EMG-EVT-004271,POL-03,POLICE,4.5,0.66,11,29.2,22.4,6.0,16.4,CRITICAL,1,SYNTHETIC EMERGENCY V2X
EMG-EVT-004272,POL-08,POLICE,7.1,0.45,12,46.9,23.5,8.9,14.6,CRITICAL,1,SYNTHETIC EMERGENCY V2X
EMG-EVT-004273,AMB-04,AMBULANCE,5.0,0.51,11,37.7,21.2,6.6,14.6,CRITICAL,1,SYNTHETIC EMERGENCY V2X
EMG-EVT-004274,AMB-05,AMBULANCE,12.1,0.41,23,49.1,42.4,15.5,26.9,CRITICAL,1,SYNTHETIC EMERGENCY V2X
EMG-EVT-004275,FIRE-07,FIRE_TRUCK,2.0,0.3,6,54.0,9.4,2.8,6.6,HIGH,1,SYNTHETIC EMERGENCY V2X
EMG-EVT-004276,AMB-16,AMBULANCE,9.4,0.94,18,18.8,51.6,12.1,39.5,CRITICAL,1,SYNTHETIC EMERGENCY V2X
EMG-EVT-004277,AMB-09,AMBULANCE,10.9,0.55,21,41.5,41.0,14.0,27.0,CRITICAL,1,SYNTHETIC EMERGENCY V2X
EMG-EVT-004278,POL-05,POLICE,9.0,0.5,16,37.7,33.5,11.4,22.1,CRITICAL,1,SYNTHETIC EMERGENCY V2X
EMG-EVT-004279,AMB-13,AMBULANCE,2.4,0.45,7,44.2,11.7,3.3,8.4,CRITICAL,1,SYNTHETIC EMERGENCY V2X
EMG-EVT-004280,AMB-17,AMBULANCE,11.6,0.25,22,57.2,38.6,14.9,23.7,CRITICAL,1,SYNTHETIC EMERGENCY V2X
EMG-EVT-004281,AMB-12,AMBULANCE,16.0,0.44,28,43.3,55.8,20.3,35.5,CRITICAL,1,SYNTHETIC EMERGENCY V2X
EMG-EVT-004282,AMB-11,AMBULANCE,6.7,0.24,15,55.2,25.3,8.8,16.5,CRITICAL,1,SYNTHETIC EMERGENCY V2X
EMG-EVT-004283,AMB-05,AMBULANCE,15.5,0.73,28,26.6,68.6,19.7,48.9,CRITICAL,1,SYNTHETIC EMERGENCY V2X
EMG-EVT-004284,FIRE-03,FIRE_TRUCK,7.8,0.7,14,27.1,34.1,9.9,24.2,CRITICAL,1,SYNTHETIC EMERGENCY V2X
EMG-EVT-004285,AMB-08,AMBULANCE,6.1,0.24,10,56.9,18.4,7.7,10.7,CRITICAL,1,SYNTHETIC EMERGENCY V2X
EMG-EVT-004286,AMB-13,AMBULANCE,12.8,0.4,23,46.0,44.3,16.3,28.0,CRITICAL,1,SYNTHETIC EMERGENCY V2X
EMG-EVT-004287,AMB-06,AMBULANCE,7.6,0.37,15,53.4,26.5,9.8,16.7,CRITICAL,1,SYNTHETIC EMERGENCY V2X
EMG-EVT-004288,AMB-03,AMBULANCE,9.9,0.48,19,47.2,35.4,12.7,22.7,CRITICAL,1,SYNTHETIC EMERGENCY V2X
EMG-EVT-004289,FIRE-02,FIRE_TRUCK,4.1,0.95,10,17.5,26.1,5.5,20.6,CRITICAL,1,SYNTHETIC EMERGENCY V2X
EMG-EVT-004290,FIRE-03,FIRE_TRUCK,2.7,0.88,7,21.8,15.8,3.6,12.2,CRITICAL,1,SYNTHETIC EMERGENCY V2X
EMG-EVT-004291,AMB-10,AMBULANCE,2.7,0.86,7,16.9,18.0,3.6,14.4,CRITICAL,1,SYNTHETIC EMERGENCY V2X
EMG-EVT-004292,AMB-11,AMBULANCE,3.0,0.61,7,34.3,13.6,4.0,9.6,CRITICAL,1,SYNTHETIC EMERGENCY V2X
EMG-EVT-004293,AMB-17,AMBULANCE,1.8,0.89,5,18.2,11.9,2.5,9.4,CRITICAL,1,SYNTHETIC EMERGENCY V2X
EMG-EVT-004294,FIRE-08,FIRE_TRUCK,7.1,0.85,12,19.6,36.1,8.9,27.2,CRITICAL,1,SYNTHETIC EMERGENCY V2X
EMG-EVT-004295,AMB-04,AMBULANCE,12.1,0.9,21,17.6,66.5,15.3,51.2,CRITICAL,1,SYNTHETIC EMERGENCY V2X
EMG-EVT-004296,AMB-09,AMBULANCE,3.3,0.74,5,29.6,12.7,4.1,8.6,CRITICAL,1,SYNTHETIC EMERGENCY V2X
EMG-EVT-004297,AMB-01,AMBULANCE,14.9,0.58,26,35.4,56.5,18.9,37.6,CRITICAL,1,SYNTHETIC EMERGENCY V2X
EMG-EVT-004298,AMB-05,AMBULANCE,12.7,0.57,25,42.5,47.9,16.4,31.5,CRITICAL,1,SYNTHETIC EMERGENCY V2X
EMG-EVT-004299,POL-06,POLICE,13.0,0.2,24,57.9,42.3,16.6,25.7,CRITICAL,1,SYNTHETIC EMERGENCY V2X
EMG-EVT-004300,AMB-09,AMBULANCE,4.6,0.37,8,49.1,15.2,5.8,9.4,CRITICAL,1,SYNTHETIC EMERGENCY V2X
EMG-EVT-004301,AMB-10,AMBULANCE,8.5,0.32,15,55.6,27.2,10.8,16.4,CRITICAL,1,SYNTHETIC EMERGENCY V2X
EMG-EVT-004302,AMB-16,AMBULANCE,13.9,0.43,28,44.3,52.4,18.0,34.4,CRITICAL,1,SYNTHETIC EMERGENCY V2X
EMG-EVT-004303,FIRE-07,FIRE_TRUCK,11.0,0.86,19,23.2,51.2,13.9,37.3,CRITICAL,1,SYNTHETIC EMERGENCY V2X
EMG-EVT-004304,FIRE-04,FIRE_TRUCK,15.0,0.94,28,15.2,92.8,19.2,73.6,CRITICAL,1,SYNTHETIC EMERGENCY V2X
EMG-EVT-004305,AMB-16,AMBULANCE,12.4,0.72,22,29.1,52.0,15.7,36.3,CRITICAL,1,SYNTHETIC EMERGENCY V2X
EMG-EVT-004306,AMB-13,AMBULANCE,6.1,0.64,13,33.8,26.4,8.0,18.4,CRITICAL,1,SYNTHETIC EMERGENCY V2X
EMG-EVT-004307,POL-04,POLICE,10.0,0.85,20,21.3,52.2,12.9,39.3,CRITICAL,1,SYNTHETIC EMERGENCY V2X
EMG-EVT-004308,AMB-13,AMBULANCE,1.9,0.35,4,46.2,7.3,2.5,4.8,CRITICAL,1,SYNTHETIC EMERGENCY V2X
EMG-EVT-004309,FIRE-07,FIRE_TRUCK,8.6,0.87,16,18.9,46.5,11.0,35.5,CRITICAL,1,SYNTHETIC EMERGENCY V2X
EMG-EVT-004310,AMB-11,AMBULANCE,6.2,0.5,13,38.6,25.2,8.1,17.1,CRITICAL,1,SYNTHETIC EMERGENCY V2X
EMG-EVT-004311,FIRE-02,FIRE_TRUCK,4.0,0.51,10,43.4,17.5,5.4,12.1,CRITICAL,1,SYNTHETIC EMERGENCY V2X
EMG-EVT-004312,AMB-18,AMBULANCE,13.0,0.84,24,21.5,65.1,16.6,48.5,CRITICAL,1,SYNTHETIC EMERGENCY V2X
EMG-EVT-004313,FIRE-10,FIRE_TRUCK,6.9,0.37,13,48.1,24.2,8.8,15.4,CRITICAL,1,SYNTHETIC EMERGENCY V2X
EMG-EVT-004314,AMB-19,AMBULANCE,9.2,0.91,17,13.6,61.0,11.7,49.3,CRITICAL,1,SYNTHETIC EMERGENCY V2X
EMG-EVT-004315,AMB-11,AMBULANCE,9.0,0.3,19,58.7,32.0,11.7,20.3,CRITICAL,1,SYNTHETIC EMERGENCY V2X
EMG-EVT-004316,AMB-04,AMBULANCE,3.4,0.85,6,24.5,15.5,4.3,11.2,CRITICAL,1,SYNTHETIC EMERGENCY V2X
EMG-EVT-004317,AMB-20,AMBULANCE,8.7,0.38,15,48.3,28.8,11.0,17.8,CRITICAL,1,SYNTHETIC EMERGENCY V2X
EMG-EVT-004318,FIRE-10,FIRE_TRUCK,2.5,0.72,7,27.7,13.8,3.4,10.4,CRITICAL,1,SYNTHETIC EMERGENCY V2X
EMG-EVT-004319,AMB-18,AMBULANCE,6.1,0.9,12,17.5,35.3,7.9,27.4,CRITICAL,1,SYNTHETIC EMERGENCY V2X
EMG-EVT-004320,FIRE-08,FIRE_TRUCK,14.8,0.36,26,50.7,48.7,18.7,30.0,CRITICAL,1,SYNTHETIC EMERGENCY V2X
EMG-EVT-004321,POL-08,POLICE,7.9,0.28,15,56.2,26.4,10.1,16.3,CRITICAL,1,SYNTHETIC EMERGENCY V2X
EMG-EVT-004322,FIRE-04,FIRE_TRUCK,7.2,0.53,12,39.8,25.3,9.1,16.2,CRITICAL,1,SYNTHETIC EMERGENCY V2X
EMG-EVT-004323,POL-09,POLICE,4.1,0.67,7,28.4,17.1,5.2,11.9,CRITICAL,1,SYNTHETIC EMERGENCY V2X
EMG-EVT-004324,AMB-07,AMBULANCE,4.0,0.32,7,48.3,13.4,5.1,8.3,CRITICAL,1,SYNTHETIC EMERGENCY V2X
EMG-EVT-004325,AMB-19,AMBULANCE,3.1,0.24,7,56.3,11.7,4.1,7.6,CRITICAL,1,SYNTHETIC EMERGENCY V2X
EMG-EVT-004326,AMB-20,AMBULANCE,14.2,0.86,25,21.1,70.4,18.0,52.4,CRITICAL,1,SYNTHETIC EMERGENCY V2X
EMG-EVT-004327,AMB-07,AMBULANCE,8.2,0.75,16,30.2,35.5,10.5,25.0,CRITICAL,1,SYNTHETIC EMERGENCY V2X
EMG-EVT-004328,AMB-13,AMBULANCE,6.5,0.84,14,22.4,34.2,8.5,25.7,CRITICAL,1,SYNTHETIC EMERGENCY V2X
EMG-EVT-004329,AMB-11,AMBULANCE,15.3,0.79,30,24.1,74.1,19.7,54.4,CRITICAL,1,SYNTHETIC EMERGENCY V2X
EMG-EVT-004330,AMB-14,AMBULANCE,14.3,0.75,26,24.8,65.8,18.2,47.6,CRITICAL,1,SYNTHETIC EMERGENCY V2X
EMG-EVT-004331,AMB-05,AMBULANCE,9.2,0.93,19,17.9,53.6,11.9,41.7,CRITICAL,1,SYNTHETIC EMERGENCY V2X
EMG-EVT-004332,AMB-05,AMBULANCE,5.7,0.58,12,38.6,23.3,7.4,15.9,CRITICAL,1,SYNTHETIC EMERGENCY V2X
EMG-EVT-004333,FIRE-04,FIRE_TRUCK,2.2,0.39,5,45.5,8.9,2.9,6.0,HIGH,1,SYNTHETIC EMERGENCY V2X
EMG-EVT-004334,AMB-10,AMBULANCE,8.7,0.56,17,37.0,34.5,11.2,23.3,CRITICAL,1,SYNTHETIC EMERGENCY V2X
EMG-EVT-004335,FIRE-08,FIRE_TRUCK,2.2,0.76,6,23.7,12.8,3.0,9.8,CRITICAL,1,SYNTHETIC EMERGENCY V2X
EMG-EVT-004336,FIRE-04,FIRE_TRUCK,3.7,0.94,9,18.8,22.6,4.9,17.7,CRITICAL,1,SYNTHETIC EMERGENCY V2X
EMG-EVT-004337,FIRE-08,FIRE_TRUCK,4.8,0.72,8,29.8,19.3,6.0,13.3,CRITICAL,1,SYNTHETIC EMERGENCY V2X
EMG-EVT-004338,FIRE-09,FIRE_TRUCK,12.1,0.28,23,55.3,40.7,15.5,25.2,CRITICAL,1,SYNTHETIC EMERGENCY V2X
EMG-EVT-004339,AMB-04,AMBULANCE,8.5,0.98,18,17.2,51.3,11.1,40.2,CRITICAL,1,SYNTHETIC EMERGENCY V2X
EMG-EVT-004340,AMB-16,AMBULANCE,7.2,0.2,12,57.7,21.9,9.1,12.8,CRITICAL,1,SYNTHETIC EMERGENCY V2X
EMG-EVT-004341,AMB-17,AMBULANCE,7.1,0.58,12,41.7,24.6,8.9,15.7,CRITICAL,1,SYNTHETIC EMERGENCY V2X
EMG-EVT-004342,AMB-04,AMBULANCE,9.3,0.83,18,25.4,43.6,11.9,31.7,CRITICAL,1,SYNTHETIC EMERGENCY V2X
EMG-EVT-004343,AMB-01,AMBULANCE,2.7,0.42,6,42.8,11.0,3.5,7.5,CRITICAL,1,SYNTHETIC EMERGENCY V2X
EMG-EVT-004344,AMB-16,AMBULANCE,7.7,0.47,14,42.4,27.7,9.8,17.9,CRITICAL,1,SYNTHETIC EMERGENCY V2X
EMG-EVT-004345,POL-08,POLICE,7.0,0.88,13,23.5,33.5,8.9,24.6,CRITICAL,1,SYNTHETIC EMERGENCY V2X
EMG-EVT-004346,AMB-20,AMBULANCE,4.7,0.75,10,30.5,21.2,6.1,15.1,CRITICAL,1,SYNTHETIC EMERGENCY V2X
EMG-EVT-004347,AMB-04,AMBULANCE,9.6,0.67,19,34.3,39.6,12.4,27.2,CRITICAL,1,SYNTHETIC EMERGENCY V2X
EMG-EVT-004348,FIRE-07,FIRE_TRUCK,9.6,0.74,19,28.8,42.8,12.4,30.4,CRITICAL,1,SYNTHETIC EMERGENCY V2X
EMG-EVT-004349,AMB-13,AMBULANCE,10.2,0.71,18,25.6,45.5,12.9,32.6,CRITICAL,1,SYNTHETIC EMERGENCY V2X
EMG-EVT-004350,AMB-14,AMBULANCE,14.2,0.87,27,15.6,87.0,18.2,68.8,CRITICAL,1,SYNTHETIC EMERGENCY V2X
EMG-EVT-004351,AMB-07,AMBULANCE,2.1,0.71,3,29.1,7.9,2.6,5.3,CRITICAL,1,SYNTHETIC EMERGENCY V2X
EMG-EVT-004352,POL-02,POLICE,14.7,0.84,29,22.1,74.7,18.9,55.8,CRITICAL,1,SYNTHETIC EMERGENCY V2X
EMG-EVT-004353,AMB-02,AMBULANCE,14.3,0.51,25,42.0,50.4,18.1,32.3,CRITICAL,1,SYNTHETIC EMERGENCY V2X
EMG-EVT-004354,AMB-03,AMBULANCE,3.1,0.7,6,34.6,12.6,4.0,8.6,CRITICAL,1,SYNTHETIC EMERGENCY V2X
EMG-EVT-004355,AMB-06,AMBULANCE,11.4,0.36,21,55.1,37.6,14.5,23.1,CRITICAL,1,SYNTHETIC EMERGENCY V2X
EMG-EVT-004356,FIRE-05,FIRE_TRUCK,13.3,0.23,25,61.4,43.0,17.0,26.0,CRITICAL,1,SYNTHETIC EMERGENCY V2X
EMG-EVT-004357,AMB-20,AMBULANCE,10.6,0.85,22,24.7,52.1,13.8,38.3,CRITICAL,1,SYNTHETIC EMERGENCY V2X
EMG-EVT-004358,AMB-03,AMBULANCE,15.9,0.85,31,17.4,92.0,20.4,71.6,CRITICAL,1,SYNTHETIC EMERGENCY V2X
EMG-EVT-004359,AMB-06,AMBULANCE,8.2,0.63,16,32.5,34.3,10.5,23.8,CRITICAL,1,SYNTHETIC EMERGENCY V2X
EMG-EVT-004360,AMB-17,AMBULANCE,3.7,0.55,7,40.2,13.9,4.7,9.2,CRITICAL,1,SYNTHETIC EMERGENCY V2X
EMG-EVT-004361,AMB-20,AMBULANCE,11.4,0.58,22,41.4,42.9,14.6,28.3,CRITICAL,1,SYNTHETIC EMERGENCY V2X
EMG-EVT-004362,FIRE-08,FIRE_TRUCK,5.7,0.5,11,46.1,20.6,7.3,13.3,CRITICAL,1,SYNTHETIC EMERGENCY V2X
EMG-EVT-004363,FIRE-02,FIRE_TRUCK,12.8,0.3,26,58.2,44.4,16.6,27.8,CRITICAL,1,SYNTHETIC EMERGENCY V2X
EMG-EVT-004364,AMB-11,AMBULANCE,1.8,0.53,3,38.8,6.4,2.3,4.1,CRITICAL,1,SYNTHETIC EMERGENCY V2X
EMG-EVT-004365,AMB-15,AMBULANCE,5.8,0.47,13,42.9,23.7,7.6,16.1,CRITICAL,1,SYNTHETIC EMERGENCY V2X
EMG-EVT-004366,FIRE-02,FIRE_TRUCK,8.7,0.56,15,39.1,31.4,11.0,20.4,CRITICAL,1,SYNTHETIC EMERGENCY V2X
EMG-EVT-004367,AMB-09,AMBULANCE,10.6,0.4,19,49.6,35.6,13.5,22.1,CRITICAL,1,SYNTHETIC EMERGENCY V2X
EMG-EVT-004368,AMB-13,AMBULANCE,11.9,0.94,24,19.7,65.0,15.4,49.6,CRITICAL,1,SYNTHETIC EMERGENCY V2X
EMG-EVT-004369,AMB-03,AMBULANCE,1.7,0.31,5,57.1,7.8,2.4,5.4,CRITICAL,1,SYNTHETIC EMERGENCY V2X
EMG-EVT-004370,AMB-19,AMBULANCE,15.1,0.29,27,50.1,50.5,19.2,31.3,CRITICAL,1,SYNTHETIC EMERGENCY V2X
EMG-EVT-004371,FIRE-09,FIRE_TRUCK,7.0,0.79,12,22.5,33.1,8.8,24.3,CRITICAL,1,SYNTHETIC EMERGENCY V2X
EMG-EVT-004372,AMB-10,AMBULANCE,2.3,0.86,5,25.3,11.5,3.0,8.5,CRITICAL,1,SYNTHETIC EMERGENCY V2X
EMG-EVT-004373,AMB-18,AMBULANCE,13.9,0.35,27,48.2,49.7,17.9,31.8,CRITICAL,1,SYNTHETIC EMERGENCY V2X
EMG-EVT-004374,AMB-11,AMBULANCE,12.4,0.69,24,31.2,52.6,15.9,36.7,CRITICAL,1,SYNTHETIC EMERGENCY V2X
EMG-EVT-004375,AMB-10,AMBULANCE,11.9,0.59,22,35.1,46.7,15.2,31.5,CRITICAL,1,SYNTHETIC EMERGENCY V2X
EMG-EVT-004376,AMB-17,AMBULANCE,5.1,0.96,12,12.8,38.3,6.8,31.5,CRITICAL,1,SYNTHETIC EMERGENCY V2X
EMG-EVT-004377,AMB-15,AMBULANCE,7.3,0.66,13,35.9,27.8,9.3,18.5,CRITICAL,1,SYNTHETIC EMERGENCY V2X
EMG-EVT-004378,AMB-07,AMBULANCE,15.6,0.63,29,36.3,60.6,19.9,40.7,CRITICAL,1,SYNTHETIC EMERGENCY V2X
EMG-EVT-004379,AMB-03,AMBULANCE,8.7,0.27,17,51.4,30.6,11.2,19.4,CRITICAL,1,SYNTHETIC EMERGENCY V2X
EMG-EVT-004380,AMB-20,AMBULANCE,5.1,0.77,11,25.0,25.4,6.7,18.7,CRITICAL,1,SYNTHETIC EMERGENCY V2X
EMG-EVT-004381,POL-09,POLICE,2.9,0.46,8,43.4,13.6,4.0,9.6,CRITICAL,1,SYNTHETIC EMERGENCY V2X
EMG-EVT-004382,AMB-11,AMBULANCE,12.7,0.58,24,37.5,49.1,16.3,32.8,CRITICAL,1,SYNTHETIC EMERGENCY V2X
EMG-EVT-004383,POL-07,POLICE,8.4,0.57,15,38.2,31.2,10.7,20.5,CRITICAL,1,SYNTHETIC EMERGENCY V2X
EMG-EVT-004384,FIRE-03,FIRE_TRUCK,2.2,0.6,5,35.3,9.7,2.9,6.8,HIGH,1,SYNTHETIC EMERGENCY V2X
EMG-EVT-004385,AMB-10,AMBULANCE,2.1,0.67,6,35.7,10.7,2.9,7.8,CRITICAL,1,SYNTHETIC EMERGENCY V2X
EMG-EVT-004386,POL-08,POLICE,8.9,0.75,17,28.4,39.2,11.4,27.8,CRITICAL,1,SYNTHETIC EMERGENCY V2X
EMG-EVT-004387,FIRE-01,FIRE_TRUCK,15.4,0.55,29,41.5,57.1,19.7,37.4,CRITICAL,1,SYNTHETIC EMERGENCY V2X
EMG-EVT-004388,AMB-16,AMBULANCE,9.7,0.89,20,16.2,59.9,12.6,47.3,CRITICAL,1,SYNTHETIC EMERGENCY V2X
EMG-EVT-004389,AMB-05,AMBULANCE,5.9,0.76,11,29.3,25.3,7.5,17.8,CRITICAL,1,SYNTHETIC EMERGENCY V2X
EMG-EVT-004390,AMB-17,AMBULANCE,2.4,0.84,4,24.8,10.6,3.0,7.6,CRITICAL,1,SYNTHETIC EMERGENCY V2X
EMG-EVT-004391,FIRE-01,FIRE_TRUCK,9.0,0.45,18,49.5,32.5,11.6,20.9,CRITICAL,1,SYNTHETIC EMERGENCY V2X
EMG-EVT-004392,AMB-18,AMBULANCE,15.5,0.63,27,35.0,59.0,19.6,39.4,CRITICAL,1,SYNTHETIC EMERGENCY V2X
EMG-EVT-004393,AMB-17,AMBULANCE,6.6,0.41,11,44.8,22.0,8.3,13.7,CRITICAL,1,SYNTHETIC EMERGENCY V2X
EMG-EVT-004394,POL-03,POLICE,13.0,0.6,25,36.6,51.3,16.7,34.6,CRITICAL,1,SYNTHETIC EMERGENCY V2X
EMG-EVT-004395,POL-06,POLICE,8.6,0.42,17,47.8,31.2,11.1,20.1,CRITICAL,1,SYNTHETIC EMERGENCY V2X
EMG-EVT-004396,AMB-03,AMBULANCE,8.2,0.45,17,43.8,31.6,10.6,21.0,CRITICAL,1,SYNTHETIC EMERGENCY V2X
EMG-EVT-004397,AMB-12,AMBULANCE,8.2,0.45,15,43.5,29.3,10.4,18.9,CRITICAL,1,SYNTHETIC EMERGENCY V2X
EMG-EVT-004398,FIRE-10,FIRE_TRUCK,14.0,0.92,27,21.5,71.5,18.0,53.5,CRITICAL,1,SYNTHETIC EMERGENCY V2X
EMG-EVT-004399,AMB-17,AMBULANCE,5.4,0.55,11,36.8,22.0,7.0,15.0,CRITICAL,1,SYNTHETIC EMERGENCY V2X
EMG-EVT-004400,AMB-14,AMBULANCE,9.5,0.28,17,52.2,31.3,12.1,19.2,CRITICAL,1,SYNTHETIC EMERGENCY V2X
EMG-EVT-004401,FIRE-09,FIRE_TRUCK,1.8,0.35,5,52.2,8.1,2.5,5.6,HIGH,1,SYNTHETIC EMERGENCY V2X
EMG-EVT-004402,POL-08,POLICE,4.2,0.42,10,45.8,17.5,5.6,11.9,CRITICAL,1,SYNTHETIC EMERGENCY V2X
EMG-EVT-004403,AMB-12,AMBULANCE,5.5,0.7,9,30.2,21.7,6.9,14.8,CRITICAL,1,SYNTHETIC EMERGENCY V2X
EMG-EVT-004404,POL-04,POLICE,9.4,0.31,16,49.6,30.6,11.9,18.7,CRITICAL,1,SYNTHETIC EMERGENCY V2X
EMG-EVT-004405,FIRE-02,FIRE_TRUCK,15.1,0.53,27,42.4,53.8,19.2,34.6,CRITICAL,1,SYNTHETIC EMERGENCY V2X
EMG-EVT-004406,AMB-12,AMBULANCE,8.3,0.36,14,51.2,26.5,10.5,16.0,CRITICAL,1,SYNTHETIC EMERGENCY V2X
EMG-EVT-004407,AMB-05,AMBULANCE,14.1,0.33,25,48.8,47.3,17.9,29.4,CRITICAL,1,SYNTHETIC EMERGENCY V2X
EMG-EVT-004408,AMB-14,AMBULANCE,5.1,0.64,9,35.8,19.3,6.5,12.8,CRITICAL,1,SYNTHETIC EMERGENCY V2X
EMG-EVT-004409,AMB-06,AMBULANCE,9.6,0.45,20,49.0,35.8,12.5,23.3,CRITICAL,1,SYNTHETIC EMERGENCY V2X
EMG-EVT-004410,AMB-16,AMBULANCE,5.9,0.81,12,25.5,28.3,7.6,20.7,CRITICAL,1,SYNTHETIC EMERGENCY V2X
EMG-EVT-004411,POL-08,POLICE,5.9,0.93,13,16.0,37.7,7.7,30.0,CRITICAL,1,SYNTHETIC EMERGENCY V2X
EMG-EVT-004412,AMB-08,AMBULANCE,1.6,0.21,2,61.1,4.0,2.0,2.0,CRITICAL,0,SYNTHETIC EMERGENCY V2X
EMG-EVT-004413,AMB-20,AMBULANCE,5.8,0.41,11,51.1,20.0,7.4,12.6,CRITICAL,1,SYNTHETIC EMERGENCY V2X
EMG-EVT-004414,AMB-14,AMBULANCE,10.6,0.5,19,40.8,38.4,13.5,24.9,CRITICAL,1,SYNTHETIC EMERGENCY V2X
EMG-EVT-004415,AMB-14,AMBULANCE,7.6,0.78,15,24.2,36.8,9.8,27.0,CRITICAL,1,SYNTHETIC EMERGENCY V2X
EMG-EVT-004416,AMB-08,AMBULANCE,13.2,0.96,24,14.9,82.0,16.8,65.2,CRITICAL,1,SYNTHETIC EMERGENCY V2X
EMG-EVT-004417,FIRE-04,FIRE_TRUCK,2.4,0.84,6,19.3,14.7,3.2,11.5,CRITICAL,1,SYNTHETIC EMERGENCY V2X
EMG-EVT-004418,AMB-14,AMBULANCE,11.8,0.23,24,53.7,42.0,15.3,26.7,CRITICAL,1,SYNTHETIC EMERGENCY V2X
EMG-EVT-004419,POL-07,POLICE,3.2,0.95,8,15.2,22.2,4.3,17.9,CRITICAL,1,SYNTHETIC EMERGENCY V2X
EMG-EVT-004420,AMB-15,AMBULANCE,9.2,0.42,19,49.1,34.0,11.9,22.1,CRITICAL,1,SYNTHETIC EMERGENCY V2X
EMG-EVT-004421,AMB-12,AMBULANCE,5.9,0.61,10,36.5,21.7,7.4,14.3,CRITICAL,1,SYNTHETIC EMERGENCY V2X
EMG-EVT-004422,FIRE-04,FIRE_TRUCK,8.6,0.55,16,36.0,33.5,11.0,22.5,CRITICAL,1,SYNTHETIC EMERGENCY V2X
EMG-EVT-004423,POL-02,POLICE,13.2,0.64,26,29.6,58.0,17.0,41.0,CRITICAL,1,SYNTHETIC EMERGENCY V2X
EMG-EVT-004424,AMB-06,AMBULANCE,2.9,0.61,7,39.6,12.8,3.9,8.9,CRITICAL,1,SYNTHETIC EMERGENCY V2X
EMG-EVT-004425,AMB-19,AMBULANCE,8.4,0.45,17,47.3,31.1,10.9,20.2,CRITICAL,1,SYNTHETIC EMERGENCY V2X
EMG-EVT-004426,AMB-18,AMBULANCE,13.3,0.53,24,36.6,50.6,16.9,33.7,CRITICAL,1,SYNTHETIC EMERGENCY V2X
EMG-EVT-004427,AMB-16,AMBULANCE,3.1,0.42,7,48.4,12.2,4.1,8.1,CRITICAL,1,SYNTHETIC EMERGENCY V2X
EMG-EVT-004428,AMB-09,AMBULANCE,1.6,0.33,5,52.1,7.8,2.2,5.6,CRITICAL,1,SYNTHETIC EMERGENCY V2X
EMG-EVT-004429,POL-04,POLICE,3.5,0.81,6,26.4,15.2,4.4,10.8,CRITICAL,1,SYNTHETIC EMERGENCY V2X
EMG-EVT-004430,AMB-12,AMBULANCE,8.7,0.89,16,15.3,53.3,11.1,42.2,CRITICAL,1,SYNTHETIC EMERGENCY V2X
EMG-EVT-004431,POL-04,POLICE,6.7,0.38,13,45.6,24.4,8.6,15.8,CRITICAL,1,SYNTHETIC EMERGENCY V2X
EMG-EVT-004432,POL-07,POLICE,12.8,0.44,26,49.4,46.7,16.6,30.1,CRITICAL,1,SYNTHETIC EMERGENCY V2X
EMG-EVT-004433,AMB-11,AMBULANCE,12.9,0.21,24,61.8,41.3,16.5,24.8,CRITICAL,1,SYNTHETIC EMERGENCY V2X
EMG-EVT-004434,AMB-12,AMBULANCE,15.8,0.85,28,21.1,78.5,20.0,58.5,CRITICAL,1,SYNTHETIC EMERGENCY V2X
EMG-EVT-004435,AMB-08,AMBULANCE,14.5,0.86,29,19.0,80.6,18.7,61.9,CRITICAL,1,SYNTHETIC EMERGENCY V2X
EMG-EVT-004436,AMB-01,AMBULANCE,12.1,0.75,21,27.7,51.4,15.3,36.1,CRITICAL,1,SYNTHETIC EMERGENCY V2X
EMG-EVT-004437,FIRE-07,FIRE_TRUCK,14.7,0.96,27,15.8,88.2,18.7,69.5,CRITICAL,1,SYNTHETIC EMERGENCY V2X
EMG-EVT-004438,AMB-15,AMBULANCE,4.9,0.82,9,25.5,22.3,6.2,16.1,CRITICAL,1,SYNTHETIC EMERGENCY V2X
EMG-EVT-004439,AMB-01,AMBULANCE,9.9,0.94,20,12.8,70.4,12.8,57.6,CRITICAL,1,SYNTHETIC EMERGENCY V2X
EMG-EVT-004440,FIRE-09,FIRE_TRUCK,8.3,0.86,14,22.8,38.6,10.5,28.1,CRITICAL,1,SYNTHETIC EMERGENCY V2X
EMG-EVT-004441,FIRE-08,FIRE_TRUCK,4.6,0.23,8,54.4,14.7,5.8,8.9,CRITICAL,1,SYNTHETIC EMERGENCY V2X
EMG-EVT-004442,AMB-05,AMBULANCE,15.9,0.98,29,16.3,93.3,20.2,73.1,CRITICAL,1,SYNTHETIC EMERGENCY V2X
EMG-EVT-004443,AMB-09,AMBULANCE,12.5,0.49,22,46.9,42.4,15.8,26.6,CRITICAL,1,SYNTHETIC EMERGENCY V2X
EMG-EVT-004444,FIRE-03,FIRE_TRUCK,15.1,0.27,28,58.3,49.1,19.3,29.8,CRITICAL,1,SYNTHETIC EMERGENCY V2X
EMG-EVT-004445,FIRE-01,FIRE_TRUCK,6.0,0.24,11,58.4,19.4,7.6,11.8,CRITICAL,1,SYNTHETIC EMERGENCY V2X
EMG-EVT-004446,AMB-16,AMBULANCE,9.1,0.68,16,28.6,38.3,11.5,26.8,CRITICAL,1,SYNTHETIC EMERGENCY V2X
EMG-EVT-004447,AMB-06,AMBULANCE,6.6,0.8,14,25.6,32.3,8.6,23.7,CRITICAL,1,SYNTHETIC EMERGENCY V2X
EMG-EVT-004448,POL-09,POLICE,4.4,0.94,10,20.4,24.9,5.8,19.1,CRITICAL,1,SYNTHETIC EMERGENCY V2X
EMG-EVT-004449,AMB-08,AMBULANCE,14.4,0.32,26,54.5,47.1,18.3,28.8,CRITICAL,1,SYNTHETIC EMERGENCY V2X
EMG-EVT-004450,AMB-19,AMBULANCE,14.7,0.78,28,22.6,72.6,18.8,53.8,CRITICAL,1,SYNTHETIC EMERGENCY V2X
EMG-EVT-004451,FIRE-04,FIRE_TRUCK,6.0,0.76,11,24.8,27.7,7.6,20.1,CRITICAL,1,SYNTHETIC EMERGENCY V2X
EMG-EVT-004452,AMB-12,AMBULANCE,15.2,0.65,28,31.9,62.2,19.4,42.8,CRITICAL,1,SYNTHETIC EMERGENCY V2X
EMG-EVT-004453,FIRE-01,FIRE_TRUCK,9.0,0.81,19,22.3,47.0,11.7,35.3,CRITICAL,1,SYNTHETIC EMERGENCY V2X
EMG-EVT-004454,AMB-15,AMBULANCE,12.3,0.87,23,22.8,60.0,15.7,44.3,CRITICAL,1,SYNTHETIC EMERGENCY V2X
EMG-EVT-004455,AMB-19,AMBULANCE,13.2,0.45,23,44.4,45.4,16.7,28.7,CRITICAL,1,SYNTHETIC EMERGENCY V2X
EMG-EVT-004456,AMB-08,AMBULANCE,8.7,0.6,17,38.5,34.0,11.2,22.8,CRITICAL,1,SYNTHETIC EMERGENCY V2X
EMG-EVT-004457,AMB-18,AMBULANCE,14.0,0.56,25,39.3,51.4,17.8,33.6,CRITICAL,1,SYNTHETIC EMERGENCY V2X
EMG-EVT-004458,AMB-06,AMBULANCE,6.9,0.94,15,15.0,45.6,9.0,36.6,CRITICAL,1,SYNTHETIC EMERGENCY V2X
EMG-EVT-004459,AMB-13,AMBULANCE,4.1,0.25,10,59.9,16.1,5.5,10.6,CRITICAL,1,SYNTHETIC EMERGENCY V2X
EMG-EVT-004460,AMB-11,AMBULANCE,10.9,0.69,22,25.6,51.9,14.1,37.8,CRITICAL,1,SYNTHETIC EMERGENCY V2X
EMG-EVT-004461,AMB-19,AMBULANCE,7.3,0.39,16,45.6,28.8,9.6,19.2,CRITICAL,1,SYNTHETIC EMERGENCY V2X
EMG-EVT-004462,AMB-01,AMBULANCE,14.6,0.69,26,29.2,61.2,18.5,42.7,CRITICAL,1,SYNTHETIC EMERGENCY V2X
EMG-EVT-004463,FIRE-01,FIRE_TRUCK,4.4,0.35,8,54.9,14.4,5.6,8.8,CRITICAL,1,SYNTHETIC EMERGENCY V2X
EMG-EVT-004464,AMB-06,AMBULANCE,4.6,0.71,10,26.0,22.6,6.0,16.6,CRITICAL,1,SYNTHETIC EMERGENCY V2X
EMG-EVT-004465,AMB-10,AMBULANCE,15.5,0.35,29,52.8,52.4,19.8,32.6,CRITICAL,1,SYNTHETIC EMERGENCY V2X
EMG-EVT-004466,AMB-08,AMBULANCE,4.6,0.3,10,58.3,16.7,6.0,10.7,CRITICAL,1,SYNTHETIC EMERGENCY V2X
EMG-EVT-004467,FIRE-07,FIRE_TRUCK,15.6,0.31,30,51.3,54.2,20.0,34.2,CRITICAL,1,SYNTHETIC EMERGENCY V2X
EMG-EVT-004468,AMB-14,AMBULANCE,7.3,0.34,13,48.5,24.6,9.3,15.3,CRITICAL,1,SYNTHETIC EMERGENCY V2X
EMG-EVT-004469,FIRE-01,FIRE_TRUCK,13.0,0.79,26,19.9,70.4,16.8,53.6,CRITICAL,1,SYNTHETIC EMERGENCY V2X
EMG-EVT-004470,AMB-19,AMBULANCE,10.9,0.77,22,29.2,48.8,14.1,34.7,CRITICAL,1,SYNTHETIC EMERGENCY V2X
EMG-EVT-004471,FIRE-10,FIRE_TRUCK,4.6,0.51,9,39.8,17.7,5.9,11.8,CRITICAL,1,SYNTHETIC EMERGENCY V2X
EMG-EVT-004472,AMB-06,AMBULANCE,2.2,0.45,3,40.1,6.9,2.7,4.2,CRITICAL,1,SYNTHETIC EMERGENCY V2X
EMG-EVT-004473,AMB-16,AMBULANCE,14.2,0.53,27,37.8,54.9,18.2,36.7,CRITICAL,1,SYNTHETIC EMERGENCY V2X
EMG-EVT-004474,AMB-03,AMBULANCE,9.4,0.23,17,58.9,30.0,12.0,18.0,CRITICAL,1,SYNTHETIC EMERGENCY V2X
EMG-EVT-004475,AMB-12,AMBULANCE,6.4,0.52,13,41.8,24.8,8.3,16.5,CRITICAL,1,SYNTHETIC EMERGENCY V2X
EMG-EVT-004476,AMB-19,AMBULANCE,9.6,0.77,17,26.1,42.5,12.2,30.3,CRITICAL,1,SYNTHETIC EMERGENCY V2X
EMG-EVT-004477,AMB-01,AMBULANCE,9.3,0.73,16,23.7,42.7,11.7,31.0,CRITICAL,1,SYNTHETIC EMERGENCY V2X
EMG-EVT-004478,AMB-14,AMBULANCE,3.6,0.78,6,24.4,16.1,4.5,11.6,CRITICAL,1,SYNTHETIC EMERGENCY V2X
EMG-EVT-004479,AMB-09,AMBULANCE,9.4,0.7,16,26.2,40.7,11.9,28.8,CRITICAL,1,SYNTHETIC EMERGENCY V2X
EMG-EVT-004480,AMB-05,AMBULANCE,12.5,0.77,22,29.9,51.5,15.8,35.7,CRITICAL,1,SYNTHETIC EMERGENCY V2X
EMG-EVT-004481,AMB-04,AMBULANCE,5.4,0.83,12,24.4,27.7,7.1,20.6,CRITICAL,1,SYNTHETIC EMERGENCY V2X
EMG-EVT-004482,AMB-15,AMBULANCE,12.4,0.31,24,52.0,43.1,15.9,27.2,CRITICAL,1,SYNTHETIC EMERGENCY V2X
EMG-EVT-004483,FIRE-07,FIRE_TRUCK,9.0,0.97,19,15.3,58.1,11.7,46.4,CRITICAL,1,SYNTHETIC EMERGENCY V2X
EMG-EVT-004484,AMB-10,AMBULANCE,15.2,0.44,28,48.0,52.6,19.4,33.2,CRITICAL,1,SYNTHETIC EMERGENCY V2X
EMG-EVT-004485,AMB-12,AMBULANCE,10.1,0.3,20,50.9,35.9,13.0,22.9,CRITICAL,1,SYNTHETIC EMERGENCY V2X
EMG-EVT-004486,FIRE-02,FIRE_TRUCK,8.1,0.88,14,21.8,39.1,10.2,28.9,CRITICAL,1,SYNTHETIC EMERGENCY V2X
EMG-EVT-004487,AMB-09,AMBULANCE,14.9,0.25,29,53.0,51.7,19.2,32.5,CRITICAL,1,SYNTHETIC EMERGENCY V2X
EMG-EVT-004488,POL-02,POLICE,11.4,0.96,23,18.1,65.4,14.7,50.7,CRITICAL,1,SYNTHETIC EMERGENCY V2X
EMG-EVT-004489,AMB-07,AMBULANCE,15.0,0.81,27,19.3,79.0,19.1,59.9,CRITICAL,1,SYNTHETIC EMERGENCY V2X
EMG-EVT-004490,AMB-16,AMBULANCE,12.6,0.84,25,23.3,62.4,16.2,46.2,CRITICAL,1,SYNTHETIC EMERGENCY V2X
EMG-EVT-004491,AMB-04,AMBULANCE,13.1,0.98,25,17.0,76.2,16.8,59.4,CRITICAL,1,SYNTHETIC EMERGENCY V2X
EMG-EVT-004492,AMB-04,AMBULANCE,15.6,0.25,30,55.5,52.9,20.0,32.9,CRITICAL,1,SYNTHETIC EMERGENCY V2X
EMG-EVT-004493,AMB-06,AMBULANCE,2.7,0.23,4,57.3,7.6,3.3,4.3,CRITICAL,1,SYNTHETIC EMERGENCY V2X
EMG-EVT-004494,FIRE-07,FIRE_TRUCK,12.6,0.49,23,38.2,47.4,16.0,31.4,CRITICAL,1,SYNTHETIC EMERGENCY V2X
EMG-EVT-004495,AMB-19,AMBULANCE,14.9,0.25,26,53.7,47.8,18.9,28.9,CRITICAL,1,SYNTHETIC EMERGENCY V2X
EMG-EVT-004496,POL-02,POLICE,8.2,0.36,17,54.7,29.4,10.6,18.8,CRITICAL,1,SYNTHETIC EMERGENCY V2X
EMG-EVT-004497,FIRE-04,FIRE_TRUCK,10.6,0.46,21,44.1,39.6,13.7,25.9,CRITICAL,1,SYNTHETIC EMERGENCY V2X
EMG-EVT-004498,FIRE-08,FIRE_TRUCK,7.5,0.4,14,52.1,25.4,9.6,15.8,CRITICAL,1,SYNTHETIC EMERGENCY V2X
EMG-EVT-004499,AMB-10,AMBULANCE,9.5,0.7,19,29.6,42.1,12.3,29.8,CRITICAL,1,SYNTHETIC EMERGENCY V2X
EMG-EVT-004500,AMB-08,AMBULANCE,2.8,0.54,6,42.1,11.2,3.7,7.5,CRITICAL,1,SYNTHETIC EMERGENCY V2X
EMG-EVT-004501,AMB-17,AMBULANCE,12.3,0.41,24,43.0,46.0,15.8,30.2,CRITICAL,1,SYNTHETIC EMERGENCY V2X
EMG-EVT-004502,AMB-15,AMBULANCE,12.7,0.2,22,64.5,38.2,16.1,22.1,CRITICAL,1,SYNTHETIC EMERGENCY V2X
EMG-EVT-004503,POL-04,POLICE,7.6,0.67,16,31.3,33.8,9.9,23.9,CRITICAL,1,SYNTHETIC EMERGENCY V2X
EMG-EVT-004504,FIRE-01,FIRE_TRUCK,7.2,0.93,13,19.8,37.4,9.2,28.2,CRITICAL,1,SYNTHETIC EMERGENCY V2X
EMG-EVT-004505,AMB-12,AMBULANCE,8.8,0.37,16,48.5,30.1,11.2,18.9,CRITICAL,1,SYNTHETIC EMERGENCY V2X
EMG-EVT-004506,FIRE-03,FIRE_TRUCK,7.0,0.68,13,28.2,30.5,8.9,21.6,CRITICAL,1,SYNTHETIC EMERGENCY V2X
EMG-EVT-004507,AMB-03,AMBULANCE,12.4,0.24,23,55.0,41.1,15.8,25.3,CRITICAL,1,SYNTHETIC EMERGENCY V2X
EMG-EVT-004508,FIRE-02,FIRE_TRUCK,11.4,0.62,22,36.2,45.3,14.6,30.7,CRITICAL,1,SYNTHETIC EMERGENCY V2X
EMG-EVT-004509,AMB-15,AMBULANCE,1.8,0.83,4,26.7,8.8,2.4,6.4,CRITICAL,1,SYNTHETIC EMERGENCY V2X
EMG-EVT-004510,AMB-15,AMBULANCE,8.8,0.6,16,34.9,34.3,11.2,23.1,CRITICAL,1,SYNTHETIC EMERGENCY V2X
EMG-EVT-004511,FIRE-05,FIRE_TRUCK,7.5,0.81,16,19.8,41.9,9.8,32.1,CRITICAL,1,SYNTHETIC EMERGENCY V2X
EMG-EVT-004512,FIRE-01,FIRE_TRUCK,14.8,0.9,29,17.7,85.0,19.0,66.0,CRITICAL,1,SYNTHETIC EMERGENCY V2X
EMG-EVT-004513,AMB-06,AMBULANCE,7.1,0.62,15,31.3,31.6,9.2,22.4,CRITICAL,1,SYNTHETIC EMERGENCY V2X
EMG-EVT-004514,AMB-20,AMBULANCE,3.1,0.67,5,35.9,11.2,3.9,7.3,CRITICAL,1,SYNTHETIC EMERGENCY V2X
EMG-EVT-004515,AMB-13,AMBULANCE,11.2,0.65,20,31.2,45.5,14.2,31.3,CRITICAL,1,SYNTHETIC EMERGENCY V2X
EMG-EVT-004516,FIRE-01,FIRE_TRUCK,4.3,0.81,7,20.0,21.3,5.4,15.9,CRITICAL,1,SYNTHETIC EMERGENCY V2X
EMG-EVT-004517,AMB-19,AMBULANCE,11.4,0.55,20,36.6,42.7,14.4,28.3,CRITICAL,1,SYNTHETIC EMERGENCY V2X
EMG-EVT-004518,AMB-13,AMBULANCE,13.8,0.73,27,27.9,62.1,17.8,44.3,CRITICAL,1,SYNTHETIC EMERGENCY V2X
EMG-EVT-004519,AMB-17,AMBULANCE,12.7,0.73,24,27.4,56.6,16.3,40.3,CRITICAL,1,SYNTHETIC EMERGENCY V2X
EMG-EVT-004520,AMB-07,AMBULANCE,4.9,0.63,10,32.7,21.0,6.3,14.7,CRITICAL,1,SYNTHETIC EMERGENCY V2X
EMG-EVT-004521,AMB-09,AMBULANCE,1.6,0.98,5,13.0,13.4,2.2,11.2,CRITICAL,1,SYNTHETIC EMERGENCY V2X
EMG-EVT-004522,AMB-06,AMBULANCE,7.8,0.22,14,63.0,24.2,9.9,14.3,CRITICAL,1,SYNTHETIC EMERGENCY V2X
EMG-EVT-004523,FIRE-06,FIRE_TRUCK,6.7,0.89,12,16.5,38.8,8.5,30.3,CRITICAL,1,SYNTHETIC EMERGENCY V2X
EMG-EVT-004524,AMB-07,AMBULANCE,9.6,0.57,17,36.2,36.3,12.2,24.1,CRITICAL,1,SYNTHETIC EMERGENCY V2X
EMG-EVT-004525,AMB-11,AMBULANCE,12.7,0.41,23,52.0,42.3,16.2,26.1,CRITICAL,1,SYNTHETIC EMERGENCY V2X
EMG-EVT-004526,FIRE-04,FIRE_TRUCK,7.2,0.94,15,14.9,47.0,9.4,37.6,CRITICAL,1,SYNTHETIC EMERGENCY V2X
EMG-EVT-004527,POL-06,POLICE,10.3,0.84,18,21.5,50.3,13.0,37.3,CRITICAL,1,SYNTHETIC EMERGENCY V2X
EMG-EVT-004528,AMB-20,AMBULANCE,7.8,0.67,15,35.2,31.3,10.0,21.3,CRITICAL,1,SYNTHETIC EMERGENCY V2X
EMG-EVT-004529,AMB-19,AMBULANCE,9.7,0.73,17,29.4,40.2,12.3,27.9,CRITICAL,1,SYNTHETIC EMERGENCY V2X
EMG-EVT-004530,AMB-16,AMBULANCE,8.2,0.32,16,52.7,28.5,10.5,18.0,CRITICAL,1,SYNTHETIC EMERGENCY V2X
EMG-EVT-004531,AMB-04,AMBULANCE,15.9,0.26,31,56.1,54.2,20.4,33.8,CRITICAL,1,SYNTHETIC EMERGENCY V2X
EMG-EVT-004532,AMB-04,AMBULANCE,5.5,0.36,9,53.5,17.0,6.9,10.1,CRITICAL,1,SYNTHETIC EMERGENCY V2X
EMG-EVT-004533,AMB-02,AMBULANCE,7.6,0.81,16,26.5,36.4,9.9,26.5,CRITICAL,1,SYNTHETIC EMERGENCY V2X
EMG-EVT-004534,AMB-05,AMBULANCE,1.6,0.21,4,55.6,6.5,2.1,4.4,CRITICAL,1,SYNTHETIC EMERGENCY V2X
EMG-EVT-004535,AMB-17,AMBULANCE,2.1,0.57,3,35.9,7.1,2.6,4.5,CRITICAL,1,SYNTHETIC EMERGENCY V2X
EMG-EVT-004536,AMB-11,AMBULANCE,13.3,0.52,23,36.0,49.8,16.8,33.0,CRITICAL,1,SYNTHETIC EMERGENCY V2X
EMG-EVT-004537,AMB-10,AMBULANCE,13.2,0.88,26,17.8,75.7,17.0,58.7,CRITICAL,1,SYNTHETIC EMERGENCY V2X
EMG-EVT-004538,FIRE-03,FIRE_TRUCK,4.9,0.41,11,52.1,18.8,6.4,12.4,CRITICAL,1,SYNTHETIC EMERGENCY V2X
EMG-EVT-004539,FIRE-03,FIRE_TRUCK,15.5,0.6,27,31.7,61.7,19.6,42.1,CRITICAL,1,SYNTHETIC EMERGENCY V2X
EMG-EVT-004540,FIRE-10,FIRE_TRUCK,12.5,0.54,22,35.4,47.6,15.8,31.8,CRITICAL,1,SYNTHETIC EMERGENCY V2X
EMG-EVT-004541,POL-10,POLICE,2.4,0.44,4,41.2,8.3,3.0,5.3,HIGH,1,SYNTHETIC EMERGENCY V2X
EMG-EVT-004542,AMB-05,AMBULANCE,11.5,0.36,23,54.1,40.4,14.8,25.6,CRITICAL,1,SYNTHETIC EMERGENCY V2X
EMG-EVT-004543,AMB-08,AMBULANCE,13.2,0.23,25,54.8,44.5,16.9,27.6,CRITICAL,1,SYNTHETIC EMERGENCY V2X
EMG-EVT-004544,AMB-07,AMBULANCE,8.4,0.74,18,30.6,38.1,11.0,27.1,CRITICAL,1,SYNTHETIC EMERGENCY V2X
EMG-EVT-004545,FIRE-01,FIRE_TRUCK,2.7,0.34,6,56.2,10.1,3.5,6.6,HIGH,1,SYNTHETIC EMERGENCY V2X
EMG-EVT-004546,POL-05,POLICE,15.4,0.78,28,24.1,71.9,19.6,52.3,CRITICAL,1,SYNTHETIC EMERGENCY V2X
EMG-EVT-004547,AMB-06,AMBULANCE,4.5,0.59,9,32.5,19.1,5.8,13.3,CRITICAL,1,SYNTHETIC EMERGENCY V2X
EMG-EVT-004548,AMB-11,AMBULANCE,1.7,0.72,3,32.3,6.8,2.2,4.6,CRITICAL,1,SYNTHETIC EMERGENCY V2X
EMG-EVT-004549,AMB-09,AMBULANCE,13.1,0.93,25,19.6,70.1,16.8,53.3,CRITICAL,1,SYNTHETIC EMERGENCY V2X
EMG-EVT-004550,POL-09,POLICE,10.9,0.58,21,38.1,42.4,14.0,28.4,CRITICAL,1,SYNTHETIC EMERGENCY V2X
EMG-EVT-004551,AMB-08,AMBULANCE,8.7,0.47,18,45.6,33.0,11.3,21.7,CRITICAL,1,SYNTHETIC EMERGENCY V2X
EMG-EVT-004552,AMB-14,AMBULANCE,9.3,0.44,16,44.3,31.8,11.7,20.1,CRITICAL,1,SYNTHETIC EMERGENCY V2X
EMG-EVT-004553,FIRE-07,FIRE_TRUCK,14.9,0.44,26,45.6,50.8,18.9,31.9,CRITICAL,1,SYNTHETIC EMERGENCY V2X
EMG-EVT-004554,AMB-07,AMBULANCE,10.7,0.22,21,57.6,36.3,13.8,22.5,CRITICAL,1,SYNTHETIC EMERGENCY V2X
EMG-EVT-004555,AMB-03,AMBULANCE,8.9,0.89,19,20.2,49.2,11.6,37.6,CRITICAL,1,SYNTHETIC EMERGENCY V2X
EMG-EVT-004556,AMB-16,AMBULANCE,14.9,0.67,28,28.6,64.9,19.1,45.8,CRITICAL,1,SYNTHETIC EMERGENCY V2X
EMG-EVT-004557,POL-03,POLICE,2.5,0.52,6,38.9,11.1,3.3,7.8,HIGH,1,SYNTHETIC EMERGENCY V2X
EMG-EVT-004558,POL-07,POLICE,13.9,0.51,27,41.6,52.4,17.9,34.5,CRITICAL,1,SYNTHETIC EMERGENCY V2X
EMG-EVT-004559,AMB-06,AMBULANCE,1.7,0.25,6,58.1,9.0,2.5,6.5,CRITICAL,1,SYNTHETIC EMERGENCY V2X
EMG-EVT-004560,FIRE-03,FIRE_TRUCK,2.8,0.88,6,23.8,14.3,3.7,10.6,CRITICAL,1,SYNTHETIC EMERGENCY V2X
EMG-EVT-004561,AMB-10,AMBULANCE,11.6,0.65,21,34.2,45.6,14.8,30.8,CRITICAL,1,SYNTHETIC EMERGENCY V2X
EMG-EVT-004562,AMB-12,AMBULANCE,5.9,0.91,10,16.8,33.1,7.4,25.7,CRITICAL,1,SYNTHETIC EMERGENCY V2X
EMG-EVT-004563,FIRE-05,FIRE_TRUCK,2.3,0.31,7,54.4,10.9,3.2,7.7,HIGH,1,SYNTHETIC EMERGENCY V2X
EMG-EVT-004564,AMB-20,AMBULANCE,11.4,0.55,20,37.4,42.3,14.4,27.9,CRITICAL,1,SYNTHETIC EMERGENCY V2X
EMG-EVT-004565,FIRE-05,FIRE_TRUCK,2.1,0.31,4,58.1,7.0,2.7,4.3,HIGH,1,SYNTHETIC EMERGENCY V2X
EMG-EVT-004566,AMB-10,AMBULANCE,2.8,0.83,8,21.8,17.3,3.9,13.4,CRITICAL,1,SYNTHETIC EMERGENCY V2X
EMG-EVT-004567,FIRE-09,FIRE_TRUCK,3.9,0.53,8,35.5,16.2,5.1,11.1,CRITICAL,1,SYNTHETIC EMERGENCY V2X
EMG-EVT-004568,FIRE-10,FIRE_TRUCK,11.6,0.55,21,37.0,44.0,14.8,29.2,CRITICAL,1,SYNTHETIC EMERGENCY V2X
EMG-EVT-004569,POL-05,POLICE,12.0,0.58,23,33.9,48.8,15.4,33.4,CRITICAL,1,SYNTHETIC EMERGENCY V2X
EMG-EVT-004570,AMB-16,AMBULANCE,14.8,0.89,29,23.5,72.6,19.0,53.6,CRITICAL,1,SYNTHETIC EMERGENCY V2X
EMG-EVT-004571,AMB-17,AMBULANCE,15.4,0.9,28,22.3,75.0,19.6,55.4,CRITICAL,1,SYNTHETIC EMERGENCY V2X
EMG-EVT-004572,AMB-17,AMBULANCE,13.0,0.27,24,52.0,43.8,16.6,27.2,CRITICAL,1,SYNTHETIC EMERGENCY V2X
EMG-EVT-004573,AMB-07,AMBULANCE,7.4,0.39,14,51.9,25.4,9.5,15.9,CRITICAL,1,SYNTHETIC EMERGENCY V2X
EMG-EVT-004574,FIRE-04,FIRE_TRUCK,5.2,0.82,11,22.8,26.9,6.8,20.1,CRITICAL,1,SYNTHETIC EMERGENCY V2X
EMG-EVT-004575,POL-06,POLICE,14.5,0.68,29,30.1,63.7,18.7,45.0,CRITICAL,1,SYNTHETIC EMERGENCY V2X
EMG-EVT-004576,FIRE-08,FIRE_TRUCK,15.9,0.75,28,31.5,63.9,20.1,43.8,CRITICAL,1,SYNTHETIC EMERGENCY V2X
EMG-EVT-004577,AMB-14,AMBULANCE,9.1,0.94,16,16.6,52.1,11.5,40.6,CRITICAL,1,SYNTHETIC EMERGENCY V2X
EMG-EVT-004578,AMB-12,AMBULANCE,14.4,0.36,27,46.2,51.1,18.4,32.7,CRITICAL,1,SYNTHETIC EMERGENCY V2X
EMG-EVT-004579,POL-10,POLICE,8.5,0.76,18,25.7,41.4,11.1,30.3,CRITICAL,1,SYNTHETIC EMERGENCY V2X
EMG-EVT-004580,AMB-03,AMBULANCE,15.7,0.68,30,34.0,63.7,20.1,43.6,CRITICAL,1,SYNTHETIC EMERGENCY V2X
EMG-EVT-004581,AMB-07,AMBULANCE,8.9,0.66,16,36.2,34.0,11.3,22.7,CRITICAL,1,SYNTHETIC EMERGENCY V2X
EMG-EVT-004582,FIRE-04,FIRE_TRUCK,1.8,0.67,4,35.4,7.9,2.4,5.5,HIGH,1,SYNTHETIC EMERGENCY V2X
EMG-EVT-004583,FIRE-08,FIRE_TRUCK,2.0,0.68,6,32.1,10.9,2.8,8.1,HIGH,1,SYNTHETIC EMERGENCY V2X
EMG-EVT-004584,AMB-11,AMBULANCE,10.2,0.59,21,37.1,41.7,13.2,28.5,CRITICAL,1,SYNTHETIC EMERGENCY V2X
EMG-EVT-004585,AMB-03,AMBULANCE,13.9,0.54,25,39.6,51.1,17.7,33.4,CRITICAL,1,SYNTHETIC EMERGENCY V2X
EMG-EVT-004586,AMB-19,AMBULANCE,6.1,0.9,11,17.4,34.2,7.8,26.4,CRITICAL,1,SYNTHETIC EMERGENCY V2X
EMG-EVT-004587,AMB-09,AMBULANCE,7.9,0.69,16,29.5,35.3,10.2,25.1,CRITICAL,1,SYNTHETIC EMERGENCY V2X
EMG-EVT-004588,AMB-01,AMBULANCE,4.3,0.94,10,18.8,25.7,5.7,20.0,CRITICAL,1,SYNTHETIC EMERGENCY V2X
EMG-EVT-004589,AMB-20,AMBULANCE,2.7,0.35,5,47.1,9.4,3.4,6.0,CRITICAL,1,SYNTHETIC EMERGENCY V2X
EMG-EVT-004590,AMB-10,AMBULANCE,14.5,0.34,26,49.0,49.0,18.4,30.6,CRITICAL,1,SYNTHETIC EMERGENCY V2X
EMG-EVT-004591,AMB-08,AMBULANCE,11.0,0.31,22,50.5,39.5,14.2,25.3,CRITICAL,1,SYNTHETIC EMERGENCY V2X
EMG-EVT-004592,AMB-14,AMBULANCE,8.8,0.31,18,48.4,32.5,11.4,21.1,CRITICAL,1,SYNTHETIC EMERGENCY V2X
EMG-EVT-004593,FIRE-04,FIRE_TRUCK,10.0,0.35,18,53.2,32.9,12.7,20.2,CRITICAL,1,SYNTHETIC EMERGENCY V2X
EMG-EVT-004594,AMB-01,AMBULANCE,13.8,0.62,25,32.2,55.7,17.6,38.1,CRITICAL,1,SYNTHETIC EMERGENCY V2X
EMG-EVT-004595,FIRE-01,FIRE_TRUCK,5.0,0.77,9,24.1,23.2,6.4,16.8,CRITICAL,1,SYNTHETIC EMERGENCY V2X
EMG-EVT-004596,AMB-18,AMBULANCE,6.3,0.57,11,34.1,24.3,8.0,16.3,CRITICAL,1,SYNTHETIC EMERGENCY V2X
EMG-EVT-004597,FIRE-08,FIRE_TRUCK,10.8,0.77,19,29.0,45.1,13.7,31.4,CRITICAL,1,SYNTHETIC EMERGENCY V2X
EMG-EVT-004598,AMB-14,AMBULANCE,15.9,0.88,31,17.5,91.7,20.4,71.3,CRITICAL,1,SYNTHETIC EMERGENCY V2X
EMG-EVT-004599,AMB-10,AMBULANCE,1.7,0.29,5,52.7,7.9,2.4,5.5,CRITICAL,1,SYNTHETIC EMERGENCY V2X
EMG-EVT-004600,AMB-01,AMBULANCE,15.6,0.67,29,27.6,68.7,19.9,48.8,CRITICAL,1,SYNTHETIC EMERGENCY V2X
EMG-EVT-004601,POL-04,POLICE,10.9,0.3,19,53.9,34.9,13.8,21.1,CRITICAL,1,SYNTHETIC EMERGENCY V2X
EMG-EVT-004602,AMB-12,AMBULANCE,11.1,0.22,22,56.2,38.3,14.3,24.0,CRITICAL,1,SYNTHETIC EMERGENCY V2X
EMG-EVT-004603,FIRE-09,FIRE_TRUCK,4.4,0.23,10,58.3,16.5,5.8,10.7,CRITICAL,1,SYNTHETIC EMERGENCY V2X
EMG-EVT-004604,AMB-08,AMBULANCE,2.6,0.54,7,36.4,12.7,3.5,9.2,CRITICAL,1,SYNTHETIC EMERGENCY V2X
EMG-EVT-004605,POL-05,POLICE,9.9,0.88,17,21.8,47.6,12.5,35.1,CRITICAL,1,SYNTHETIC EMERGENCY V2X
EMG-EVT-004606,AMB-06,AMBULANCE,6.2,0.75,14,27.6,30.3,8.2,22.1,CRITICAL,1,SYNTHETIC EMERGENCY V2X
EMG-EVT-004607,AMB-08,AMBULANCE,9.8,0.8,18,22.5,47.7,12.5,35.2,CRITICAL,1,SYNTHETIC EMERGENCY V2X
EMG-EVT-004608,AMB-13,AMBULANCE,11.5,0.46,20,41.8,40.5,14.5,26.0,CRITICAL,1,SYNTHETIC EMERGENCY V2X
EMG-EVT-004609,AMB-13,AMBULANCE,11.3,0.69,21,35.4,44.4,14.4,30.0,CRITICAL,1,SYNTHETIC EMERGENCY V2X
EMG-EVT-004610,AMB-11,AMBULANCE,12.5,0.4,22,47.1,42.3,15.8,26.5,CRITICAL,1,SYNTHETIC EMERGENCY V2X
EMG-EVT-004611,AMB-20,AMBULANCE,5.2,0.23,9,62.5,15.8,6.6,9.2,CRITICAL,1,SYNTHETIC EMERGENCY V2X
EMG-EVT-004612,AMB-13,AMBULANCE,9.7,0.98,17,13.6,63.2,12.3,50.9,CRITICAL,1,SYNTHETIC EMERGENCY V2X
EMG-EVT-004613,FIRE-05,FIRE_TRUCK,13.9,0.52,25,45.5,48.3,17.7,30.6,CRITICAL,1,SYNTHETIC EMERGENCY V2X
EMG-EVT-004614,AMB-11,AMBULANCE,11.5,0.29,20,58.9,35.7,14.5,21.2,CRITICAL,1,SYNTHETIC EMERGENCY V2X
EMG-EVT-004615,FIRE-10,FIRE_TRUCK,15.3,0.58,30,36.7,61.0,19.7,41.3,CRITICAL,1,SYNTHETIC EMERGENCY V2X
EMG-EVT-004616,FIRE-07,FIRE_TRUCK,10.5,0.33,21,48.6,38.2,13.6,24.6,CRITICAL,1,SYNTHETIC EMERGENCY V2X
EMG-EVT-004617,FIRE-03,FIRE_TRUCK,12.0,0.37,23,50.2,41.9,15.4,26.5,CRITICAL,1,SYNTHETIC EMERGENCY V2X
EMG-EVT-004618,AMB-15,AMBULANCE,3.7,0.71,9,30.9,18.0,4.9,13.1,CRITICAL,1,SYNTHETIC EMERGENCY V2X
EMG-EVT-004619,AMB-04,AMBULANCE,2.7,0.22,6,57.1,10.0,3.5,6.5,CRITICAL,1,SYNTHETIC EMERGENCY V2X
EMG-EVT-004620,FIRE-02,FIRE_TRUCK,10.3,0.42,20,45.2,37.7,13.2,24.5,CRITICAL,1,SYNTHETIC EMERGENCY V2X
EMG-EVT-004621,AMB-14,AMBULANCE,11.1,0.96,19,10.4,86.8,14.0,72.8,CRITICAL,1,SYNTHETIC EMERGENCY V2X
EMG-EVT-004622,POL-06,POLICE,11.5,0.5,21,45.8,40.3,14.6,25.7,CRITICAL,1,SYNTHETIC EMERGENCY V2X
EMG-EVT-004623,AMB-19,AMBULANCE,8.2,0.6,16,34.0,33.7,10.5,23.2,CRITICAL,1,SYNTHETIC EMERGENCY V2X
EMG-EVT-004624,AMB-19,AMBULANCE,15.1,0.26,29,52.8,52.0,19.4,32.6,CRITICAL,1,SYNTHETIC EMERGENCY V2X
EMG-EVT-004625,AMB-09,AMBULANCE,5.8,0.8,10,24.7,26.1,7.3,18.8,CRITICAL,1,SYNTHETIC EMERGENCY V2X
EMG-EVT-004626,AMB-14,AMBULANCE,5.6,0.86,12,22.7,29.2,7.3,21.9,CRITICAL,1,SYNTHETIC EMERGENCY V2X
EMG-EVT-004627,POL-05,POLICE,7.1,0.76,13,27.4,31.1,9.0,22.1,CRITICAL,1,SYNTHETIC EMERGENCY V2X
EMG-EVT-004628,AMB-20,AMBULANCE,3.3,0.37,6,45.8,11.5,4.2,7.3,CRITICAL,1,SYNTHETIC EMERGENCY V2X
EMG-EVT-004629,AMB-12,AMBULANCE,2.1,0.46,5,43.2,8.9,2.8,6.1,CRITICAL,1,SYNTHETIC EMERGENCY V2X
EMG-EVT-004630,AMB-14,AMBULANCE,3.1,0.35,5,55.5,9.4,3.9,5.5,CRITICAL,1,SYNTHETIC EMERGENCY V2X
EMG-EVT-004631,FIRE-02,FIRE_TRUCK,11.2,0.85,23,16.1,69.3,14.5,54.8,CRITICAL,1,SYNTHETIC EMERGENCY V2X
EMG-EVT-004632,AMB-17,AMBULANCE,4.3,0.46,7,49.3,13.6,5.4,8.2,CRITICAL,1,SYNTHETIC EMERGENCY V2X
EMG-EVT-004633,POL-02,POLICE,7.0,0.96,13,15.9,42.0,8.9,33.1,CRITICAL,1,SYNTHETIC EMERGENCY V2X
EMG-EVT-004634,AMB-20,AMBULANCE,15.4,0.42,30,47.6,55.4,19.8,35.6,CRITICAL,1,SYNTHETIC EMERGENCY V2X
EMG-EVT-004635,AMB-16,AMBULANCE,14.5,0.78,28,28.4,64.2,18.6,45.6,CRITICAL,1,SYNTHETIC EMERGENCY V2X
EMG-EVT-004636,AMB-14,AMBULANCE,14.9,0.74,26,26.0,65.6,18.9,46.7,CRITICAL,1,SYNTHETIC EMERGENCY V2X
EMG-EVT-004637,FIRE-07,FIRE_TRUCK,5.0,0.31,11,55.6,18.6,6.6,12.0,CRITICAL,1,SYNTHETIC EMERGENCY V2X
EMG-EVT-004638,AMB-09,AMBULANCE,2.4,0.87,5,17.2,14.4,3.1,11.3,CRITICAL,1,SYNTHETIC EMERGENCY V2X
EMG-EVT-004639,AMB-09,AMBULANCE,10.4,0.8,18,26.1,45.5,13.1,32.4,CRITICAL,1,SYNTHETIC EMERGENCY V2X
EMG-EVT-004640,FIRE-05,FIRE_TRUCK,1.7,0.23,6,57.5,9.0,2.5,6.5,HIGH,1,SYNTHETIC EMERGENCY V2X
EMG-EVT-004641,POL-04,POLICE,1.8,0.48,4,46.5,7.1,2.4,4.7,HIGH,1,SYNTHETIC EMERGENCY V2X
EMG-EVT-004642,AMB-10,AMBULANCE,14.9,0.36,26,49.9,49.1,18.9,30.2,CRITICAL,1,SYNTHETIC EMERGENCY V2X
EMG-EVT-004643,AMB-08,AMBULANCE,9.5,0.35,18,49.4,33.1,12.2,20.9,CRITICAL,1,SYNTHETIC EMERGENCY V2X
EMG-EVT-004644,AMB-13,AMBULANCE,12.3,0.3,22,55.6,39.7,15.6,24.1,CRITICAL,1,SYNTHETIC EMERGENCY V2X
EMG-EVT-004645,AMB-07,AMBULANCE,6.4,0.34,13,46.7,23.8,8.3,15.5,CRITICAL,1,SYNTHETIC EMERGENCY V2X
EMG-EVT-004646,AMB-14,AMBULANCE,10.5,0.79,18,20.8,51.9,13.3,38.6,CRITICAL,1,SYNTHETIC EMERGENCY V2X
EMG-EVT-004647,AMB-10,AMBULANCE,7.8,0.71,15,27.1,35.3,10.0,25.3,CRITICAL,1,SYNTHETIC EMERGENCY V2X
EMG-EVT-004648,AMB-17,AMBULANCE,5.6,0.64,12,35.7,23.8,7.3,16.5,CRITICAL,1,SYNTHETIC EMERGENCY V2X
EMG-EVT-004649,FIRE-04,FIRE_TRUCK,6.3,0.59,11,41.1,22.4,8.0,14.4,CRITICAL,1,SYNTHETIC EMERGENCY V2X
EMG-EVT-004650,AMB-03,AMBULANCE,2.6,0.56,4,39.6,8.7,3.2,5.5,CRITICAL,1,SYNTHETIC EMERGENCY V2X
EMG-EVT-004651,AMB-14,AMBULANCE,5.2,0.57,12,36.1,23.0,6.9,16.1,CRITICAL,1,SYNTHETIC EMERGENCY V2X
EMG-EVT-004652,FIRE-07,FIRE_TRUCK,15.1,0.61,29,39.1,58.0,19.4,38.6,CRITICAL,1,SYNTHETIC EMERGENCY V2X
EMG-EVT-004653,POL-02,POLICE,6.2,0.41,13,49.7,23.1,8.1,15.0,CRITICAL,1,SYNTHETIC EMERGENCY V2X
EMG-EVT-004654,POL-08,POLICE,11.5,0.86,20,22.8,54.3,14.5,39.8,CRITICAL,1,SYNTHETIC EMERGENCY V2X
EMG-EVT-004655,AMB-14,AMBULANCE,2.8,0.6,8,34.6,14.5,3.9,10.6,CRITICAL,1,SYNTHETIC EMERGENCY V2X
EMG-EVT-004656,POL-09,POLICE,7.1,0.97,12,15.9,41.2,8.9,32.3,CRITICAL,1,SYNTHETIC EMERGENCY V2X
EMG-EVT-004657,FIRE-03,FIRE_TRUCK,13.7,0.81,25,21.2,68.8,17.4,51.4,CRITICAL,1,SYNTHETIC EMERGENCY V2X
EMG-EVT-004658,AMB-09,AMBULANCE,11.1,0.81,20,27.0,48.7,14.1,34.6,CRITICAL,1,SYNTHETIC EMERGENCY V2X
EMG-EVT-004659,POL-08,POLICE,10.4,0.41,21,47.6,38.3,13.4,24.9,CRITICAL,1,SYNTHETIC EMERGENCY V2X
EMG-EVT-004660,AMB-11,AMBULANCE,9.0,0.4,17,51.3,30.9,11.5,19.4,CRITICAL,1,SYNTHETIC EMERGENCY V2X
EMG-EVT-004661,AMB-05,AMBULANCE,3.5,0.61,6,32.1,13.7,4.4,9.3,CRITICAL,1,SYNTHETIC EMERGENCY V2X
EMG-EVT-004662,AMB-10,AMBULANCE,14.7,0.44,26,47.2,49.9,18.6,31.3,CRITICAL,1,SYNTHETIC EMERGENCY V2X
EMG-EVT-004663,FIRE-02,FIRE_TRUCK,12.2,0.41,23,42.4,44.9,15.6,29.3,CRITICAL,1,SYNTHETIC EMERGENCY V2X
EMG-EVT-004664,FIRE-06,FIRE_TRUCK,11.3,0.54,22,35.7,45.4,14.5,30.9,CRITICAL,1,SYNTHETIC EMERGENCY V2X
EMG-EVT-004665,AMB-01,AMBULANCE,4.9,0.64,9,31.1,20.3,6.2,14.1,CRITICAL,1,SYNTHETIC EMERGENCY V2X
EMG-EVT-004666,AMB-10,AMBULANCE,4.1,0.65,8,37.7,16.1,5.3,10.8,CRITICAL,1,SYNTHETIC EMERGENCY V2X
EMG-EVT-004667,AMB-11,AMBULANCE,4.1,0.63,7,35.9,15.3,5.2,10.1,CRITICAL,1,SYNTHETIC EMERGENCY V2X
EMG-EVT-004668,AMB-08,AMBULANCE,10.9,0.37,19,51.9,35.4,13.8,21.6,CRITICAL,1,SYNTHETIC EMERGENCY V2X
EMG-EVT-004669,AMB-09,AMBULANCE,9.8,0.8,20,23.6,48.9,12.7,36.2,CRITICAL,1,SYNTHETIC EMERGENCY V2X
EMG-EVT-004670,AMB-20,AMBULANCE,9.2,0.77,18,22.3,46.4,11.8,34.6,CRITICAL,1,SYNTHETIC EMERGENCY V2X
EMG-EVT-004671,POL-07,POLICE,6.7,0.69,14,34.3,28.5,8.7,19.8,CRITICAL,1,SYNTHETIC EMERGENCY V2X
EMG-EVT-004672,POL-09,POLICE,11.8,0.28,22,56.4,39.0,15.1,23.9,CRITICAL,1,SYNTHETIC EMERGENCY V2X
EMG-EVT-004673,AMB-14,AMBULANCE,14.5,0.5,28,39.9,55.4,18.6,36.8,CRITICAL,1,SYNTHETIC EMERGENCY V2X
EMG-EVT-004674,FIRE-07,FIRE_TRUCK,12.3,0.85,24,24.8,58.6,15.8,42.8,CRITICAL,1,SYNTHETIC EMERGENCY V2X
EMG-EVT-004675,AMB-18,AMBULANCE,6.0,0.53,10,40.2,21.0,7.5,13.5,CRITICAL,1,SYNTHETIC EMERGENCY V2X
EMG-EVT-004676,FIRE-03,FIRE_TRUCK,9.6,0.94,19,19.6,52.2,12.4,39.8,CRITICAL,1,SYNTHETIC EMERGENCY V2X
EMG-EVT-004677,AMB-16,AMBULANCE,1.7,0.77,3,29.2,7.1,2.2,4.9,CRITICAL,1,SYNTHETIC EMERGENCY V2X
EMG-EVT-004678,POL-02,POLICE,5.3,0.67,12,36.7,23.1,7.0,16.1,CRITICAL,1,SYNTHETIC EMERGENCY V2X
EMG-EVT-004679,AMB-12,AMBULANCE,2.0,0.31,3,54.3,5.8,2.5,3.3,CRITICAL,1,SYNTHETIC EMERGENCY V2X
EMG-EVT-004680,AMB-17,AMBULANCE,3.5,0.32,9,56.8,14.5,4.7,9.8,CRITICAL,1,SYNTHETIC EMERGENCY V2X
EMG-EVT-004681,AMB-11,AMBULANCE,12.7,0.23,22,59.2,39.3,16.1,23.2,CRITICAL,1,SYNTHETIC EMERGENCY V2X
EMG-EVT-004682,FIRE-01,FIRE_TRUCK,12.6,0.67,24,27.0,56.8,16.1,40.7,CRITICAL,1,SYNTHETIC EMERGENCY V2X
EMG-EVT-004683,AMB-20,AMBULANCE,3.6,0.62,7,30.0,15.6,4.6,11.0,CRITICAL,1,SYNTHETIC EMERGENCY V2X
EMG-EVT-004684,FIRE-08,FIRE_TRUCK,12.8,0.87,25,22.1,64.8,16.5,48.3,CRITICAL,1,SYNTHETIC EMERGENCY V2X
EMG-EVT-004685,AMB-09,AMBULANCE,14.5,0.92,28,16.4,86.6,18.6,68.0,CRITICAL,1,SYNTHETIC EMERGENCY V2X
EMG-EVT-004686,AMB-03,AMBULANCE,12.3,0.9,23,19.4,65.6,15.7,49.9,CRITICAL,1,SYNTHETIC EMERGENCY V2X
EMG-EVT-004687,FIRE-07,FIRE_TRUCK,7.6,0.2,13,60.5,23.1,9.6,13.5,CRITICAL,1,SYNTHETIC EMERGENCY V2X
EMG-EVT-004688,AMB-18,AMBULANCE,2.4,0.56,6,42.0,10.6,3.2,7.4,CRITICAL,1,SYNTHETIC EMERGENCY V2X
EMG-EVT-004689,FIRE-03,FIRE_TRUCK,8.5,0.71,18,28.1,39.7,11.1,28.6,CRITICAL,1,SYNTHETIC EMERGENCY V2X
EMG-EVT-004690,AMB-20,AMBULANCE,12.1,0.97,23,10.0,100.2,15.5,84.7,CRITICAL,1,SYNTHETIC EMERGENCY V2X
EMG-EVT-004691,AMB-14,AMBULANCE,9.5,0.91,19,12.9,67.0,12.3,54.7,CRITICAL,1,SYNTHETIC EMERGENCY V2X
EMG-EVT-004692,AMB-13,AMBULANCE,5.6,0.56,13,38.5,24.3,7.4,16.9,CRITICAL,1,SYNTHETIC EMERGENCY V2X
EMG-EVT-004693,AMB-10,AMBULANCE,14.1,0.25,28,54.0,49.3,18.2,31.1,CRITICAL,1,SYNTHETIC EMERGENCY V2X
EMG-EVT-004694,AMB-15,AMBULANCE,9.8,0.83,19,21.9,49.6,12.6,37.0,CRITICAL,1,SYNTHETIC EMERGENCY V2X
EMG-EVT-004695,AMB-12,AMBULANCE,5.2,0.95,10,11.4,39.4,6.7,32.7,CRITICAL,1,SYNTHETIC EMERGENCY V2X
EMG-EVT-004696,POL-03,POLICE,2.2,0.35,6,53.4,9.7,3.0,6.7,HIGH,1,SYNTHETIC EMERGENCY V2X
EMG-EVT-004697,AMB-11,AMBULANCE,9.6,0.73,20,24.6,47.4,12.5,34.9,CRITICAL,1,SYNTHETIC EMERGENCY V2X
EMG-EVT-004698,AMB-04,AMBULANCE,3.7,0.75,9,30.8,18.0,4.9,13.1,CRITICAL,1,SYNTHETIC EMERGENCY V2X
EMG-EVT-004699,AMB-03,AMBULANCE,14.0,0.28,28,57.8,48.1,18.1,30.0,CRITICAL,1,SYNTHETIC EMERGENCY V2X
EMG-EVT-004700,AMB-17,AMBULANCE,15.9,0.29,29,55.5,52.0,20.2,31.8,CRITICAL,1,SYNTHETIC EMERGENCY V2X
EMG-EVT-004701,FIRE-05,FIRE_TRUCK,4.7,0.56,8,37.9,17.0,5.9,11.1,CRITICAL,1,SYNTHETIC EMERGENCY V2X
EMG-EVT-004702,AMB-03,AMBULANCE,2.9,0.84,8,19.1,18.7,4.0,14.7,CRITICAL,1,SYNTHETIC EMERGENCY V2X
EMG-EVT-004703,AMB-16,AMBULANCE,7.2,0.61,14,30.5,31.0,9.3,21.7,CRITICAL,1,SYNTHETIC EMERGENCY V2X
EMG-EVT-004704,FIRE-07,FIRE_TRUCK,12.0,0.79,23,20.1,63.4,15.4,48.0,CRITICAL,1,SYNTHETIC EMERGENCY V2X
EMG-EVT-004705,AMB-06,AMBULANCE,7.1,0.78,15,26.1,34.3,9.2,25.1,CRITICAL,1,SYNTHETIC EMERGENCY V2X
EMG-EVT-004706,AMB-14,AMBULANCE,2.4,0.7,5,29.9,10.8,3.1,7.7,CRITICAL,1,SYNTHETIC EMERGENCY V2X
EMG-EVT-004707,AMB-09,AMBULANCE,11.2,0.75,23,27.7,51.9,14.5,37.4,CRITICAL,1,SYNTHETIC EMERGENCY V2X
EMG-EVT-004708,FIRE-05,FIRE_TRUCK,14.0,0.75,26,29.3,59.9,17.9,42.0,CRITICAL,1,SYNTHETIC EMERGENCY V2X
EMG-EVT-004709,AMB-16,AMBULANCE,2.0,0.92,3,14.2,12.1,2.5,9.6,CRITICAL,1,SYNTHETIC EMERGENCY V2X
EMG-EVT-004710,AMB-12,AMBULANCE,4.4,0.39,10,46.1,17.7,5.8,11.9,CRITICAL,1,SYNTHETIC EMERGENCY V2X
EMG-EVT-004711,AMB-05,AMBULANCE,6.6,0.38,13,45.0,24.4,8.5,15.9,CRITICAL,1,SYNTHETIC EMERGENCY V2X
EMG-EVT-004712,FIRE-06,FIRE_TRUCK,6.3,0.53,14,41.3,26.0,8.3,17.7,CRITICAL,1,SYNTHETIC EMERGENCY V2X
EMG-EVT-004713,AMB-11,AMBULANCE,7.4,0.22,16,61.7,26.4,9.7,16.7,CRITICAL,1,SYNTHETIC EMERGENCY V2X
EMG-EVT-004714,POL-08,POLICE,10.8,0.58,19,36.8,40.4,13.7,26.7,CRITICAL,1,SYNTHETIC EMERGENCY V2X
EMG-EVT-004715,AMB-20,AMBULANCE,15.6,0.56,28,41.2,56.3,19.8,36.5,CRITICAL,1,SYNTHETIC EMERGENCY V2X
EMG-EVT-004716,AMB-09,AMBULANCE,11.5,0.42,21,43.2,41.2,14.6,26.6,CRITICAL,1,SYNTHETIC EMERGENCY V2X
EMG-EVT-004717,POL-07,POLICE,8.2,0.61,14,37.0,30.1,10.3,19.8,CRITICAL,1,SYNTHETIC EMERGENCY V2X
EMG-EVT-004718,FIRE-08,FIRE_TRUCK,13.8,0.35,26,51.9,47.2,17.7,29.5,CRITICAL,1,SYNTHETIC EMERGENCY V2X
EMG-EVT-004719,AMB-04,AMBULANCE,6.0,0.33,10,48.2,19.5,7.5,12.0,CRITICAL,1,SYNTHETIC EMERGENCY V2X
EMG-EVT-004720,POL-06,POLICE,9.1,0.21,17,56.4,30.1,11.6,18.5,CRITICAL,1,SYNTHETIC EMERGENCY V2X
EMG-EVT-004721,AMB-16,AMBULANCE,2.8,0.43,7,44.6,12.2,3.8,8.4,CRITICAL,1,SYNTHETIC EMERGENCY V2X
EMG-EVT-004722,FIRE-08,FIRE_TRUCK,10.8,0.41,22,50.0,39.4,14.0,25.4,CRITICAL,1,SYNTHETIC EMERGENCY V2X
EMG-EVT-004723,AMB-16,AMBULANCE,2.1,0.89,4,15.2,13.1,2.7,10.4,CRITICAL,1,SYNTHETIC EMERGENCY V2X
EMG-EVT-004724,FIRE-07,FIRE_TRUCK,9.8,0.94,20,18.2,56.3,12.7,43.6,CRITICAL,1,SYNTHETIC EMERGENCY V2X
EMG-EVT-004725,AMB-16,AMBULANCE,4.4,0.46,9,42.0,17.1,5.7,11.4,CRITICAL,1,SYNTHETIC EMERGENCY V2X
EMG-EVT-004726,AMB-19,AMBULANCE,8.4,0.82,18,20.5,46.2,11.0,35.2,CRITICAL,1,SYNTHETIC EMERGENCY V2X
EMG-EVT-004727,FIRE-01,FIRE_TRUCK,11.2,0.69,22,34.1,46.1,14.4,31.7,CRITICAL,1,SYNTHETIC EMERGENCY V2X
EMG-EVT-004728,AMB-14,AMBULANCE,12.2,0.89,23,14.8,77.1,15.6,61.5,CRITICAL,1,SYNTHETIC EMERGENCY V2X
EMG-EVT-004729,POL-01,POLICE,15.6,0.22,30,61.0,51.3,20.0,31.3,CRITICAL,1,SYNTHETIC EMERGENCY V2X
EMG-EVT-004730,FIRE-09,FIRE_TRUCK,8.5,0.89,15,20.2,43.2,10.8,32.4,CRITICAL,1,SYNTHETIC EMERGENCY V2X
EMG-EVT-004731,AMB-04,AMBULANCE,8.4,0.47,18,40.9,33.9,11.0,22.9,CRITICAL,1,SYNTHETIC EMERGENCY V2X
EMG-EVT-004732,AMB-17,AMBULANCE,13.8,0.89,25,15.8,82.4,17.6,64.8,CRITICAL,1,SYNTHETIC EMERGENCY V2X
EMG-EVT-004733,AMB-15,AMBULANCE,14.7,0.28,29,53.2,51.4,18.9,32.5,CRITICAL,1,SYNTHETIC EMERGENCY V2X
EMG-EVT-004734,AMB-10,AMBULANCE,11.9,0.57,24,36.9,48.1,15.4,32.7,CRITICAL,1,SYNTHETIC EMERGENCY V2X
EMG-EVT-004735,AMB-01,AMBULANCE,3.9,0.59,8,36.3,16.0,5.1,10.9,CRITICAL,1,SYNTHETIC EMERGENCY V2X
EMG-EVT-004736,AMB-06,AMBULANCE,13.9,0.5,28,41.3,53.8,18.0,35.8,CRITICAL,1,SYNTHETIC EMERGENCY V2X
EMG-EVT-004737,POL-07,POLICE,9.2,0.41,19,50.6,33.7,11.9,21.8,CRITICAL,1,SYNTHETIC EMERGENCY V2X
EMG-EVT-004738,AMB-12,AMBULANCE,11.7,0.22,22,55.0,39.2,15.0,24.2,CRITICAL,1,SYNTHETIC EMERGENCY V2X
EMG-EVT-004739,FIRE-01,FIRE_TRUCK,13.8,0.93,24,15.2,83.3,17.5,65.8,CRITICAL,1,SYNTHETIC EMERGENCY V2X
EMG-EVT-004740,AMB-05,AMBULANCE,6.9,0.31,14,51.4,24.9,8.9,16.0,CRITICAL,1,SYNTHETIC EMERGENCY V2X
EMG-EVT-004741,AMB-14,AMBULANCE,7.4,0.46,16,39.5,30.4,9.7,20.7,CRITICAL,1,SYNTHETIC EMERGENCY V2X
EMG-EVT-004742,AMB-09,AMBULANCE,12.2,0.55,23,35.6,48.2,15.6,32.6,CRITICAL,1,SYNTHETIC EMERGENCY V2X
EMG-EVT-004743,AMB-11,AMBULANCE,14.6,0.3,28,50.6,50.9,18.7,32.2,CRITICAL,1,SYNTHETIC EMERGENCY V2X
EMG-EVT-004744,AMB-13,AMBULANCE,8.8,0.85,18,20.4,47.5,11.4,36.1,CRITICAL,1,SYNTHETIC EMERGENCY V2X
EMG-EVT-004745,AMB-11,AMBULANCE,8.6,0.43,17,46.2,31.6,11.1,20.5,CRITICAL,1,SYNTHETIC EMERGENCY V2X
EMG-EVT-004746,AMB-08,AMBULANCE,12.0,0.47,23,43.8,44.0,15.4,28.6,CRITICAL,1,SYNTHETIC EMERGENCY V2X
EMG-EVT-004747,AMB-04,AMBULANCE,9.6,0.94,18,14.1,62.5,12.3,50.2,CRITICAL,1,SYNTHETIC EMERGENCY V2X
EMG-EVT-004748,AMB-12,AMBULANCE,12.9,0.76,24,23.5,61.7,16.5,45.2,CRITICAL,1,SYNTHETIC EMERGENCY V2X
EMG-EVT-004749,AMB-15,AMBULANCE,6.0,0.22,12,59.8,20.4,7.7,12.7,CRITICAL,1,SYNTHETIC EMERGENCY V2X
EMG-EVT-004750,FIRE-03,FIRE_TRUCK,11.6,0.56,20,42.1,40.5,14.7,25.8,CRITICAL,1,SYNTHETIC EMERGENCY V2X
EMG-EVT-004751,POL-01,POLICE,7.2,0.76,15,22.1,37.5,9.4,28.1,CRITICAL,1,SYNTHETIC EMERGENCY V2X
EMG-EVT-004752,AMB-06,AMBULANCE,9.7,0.98,19,10.0,81.0,12.5,68.5,CRITICAL,1,SYNTHETIC EMERGENCY V2X
EMG-EVT-004753,AMB-01,AMBULANCE,2.8,0.44,7,42.3,12.4,3.8,8.6,CRITICAL,1,SYNTHETIC EMERGENCY V2X
EMG-EVT-004754,AMB-01,AMBULANCE,3.2,0.27,5,51.4,9.7,4.0,5.7,CRITICAL,1,SYNTHETIC EMERGENCY V2X
EMG-EVT-004755,FIRE-10,FIRE_TRUCK,15.4,0.77,29,24.0,73.3,19.7,53.6,CRITICAL,1,SYNTHETIC EMERGENCY V2X
EMG-EVT-004756,AMB-08,AMBULANCE,8.5,0.9,15,15.5,50.9,10.8,40.1,CRITICAL,1,SYNTHETIC EMERGENCY V2X
EMG-EVT-004757,FIRE-05,FIRE_TRUCK,6.4,0.32,13,50.3,23.2,8.3,14.9,CRITICAL,1,SYNTHETIC EMERGENCY V2X
EMG-EVT-004758,AMB-02,AMBULANCE,11.2,0.48,22,39.8,43.3,14.4,28.9,CRITICAL,1,SYNTHETIC EMERGENCY V2X
EMG-EVT-004759,AMB-20,AMBULANCE,10.9,0.65,22,30.7,47.7,14.1,33.6,CRITICAL,1,SYNTHETIC EMERGENCY V2X
EMG-EVT-004760,AMB-07,AMBULANCE,5.3,0.66,9,28.5,22.0,6.7,15.3,CRITICAL,1,SYNTHETIC EMERGENCY V2X
EMG-EVT-004761,FIRE-03,FIRE_TRUCK,7.1,0.83,14,25.2,33.7,9.1,24.6,CRITICAL,1,SYNTHETIC EMERGENCY V2X
EMG-EVT-004762,AMB-05,AMBULANCE,3.7,0.85,6,21.8,17.4,4.6,12.8,CRITICAL,1,SYNTHETIC EMERGENCY V2X
EMG-EVT-004763,AMB-02,AMBULANCE,9.1,0.63,17,36.6,35.3,11.6,23.7,CRITICAL,1,SYNTHETIC EMERGENCY V2X
EMG-EVT-004764,POL-02,POLICE,10.0,0.64,18,36.8,37.9,12.7,25.2,CRITICAL,1,SYNTHETIC EMERGENCY V2X
EMG-EVT-004765,AMB-17,AMBULANCE,6.5,0.88,12,20.7,33.2,8.3,24.9,CRITICAL,1,SYNTHETIC EMERGENCY V2X
EMG-EVT-004766,AMB-12,AMBULANCE,5.2,0.33,9,50.1,17.0,6.6,10.4,CRITICAL,1,SYNTHETIC EMERGENCY V2X
EMG-EVT-004767,AMB-09,AMBULANCE,13.1,0.58,26,37.6,52.1,16.9,35.2,CRITICAL,1,SYNTHETIC EMERGENCY V2X
EMG-EVT-004768,AMB-07,AMBULANCE,13.7,0.57,24,33.7,53.2,17.3,35.9,CRITICAL,1,SYNTHETIC EMERGENCY V2X
EMG-EVT-004769,AMB-02,AMBULANCE,9.6,0.94,18,12.5,67.7,12.3,55.4,CRITICAL,1,SYNTHETIC EMERGENCY V2X
EMG-EVT-004770,AMB-17,AMBULANCE,10.5,0.8,18,23.5,48.4,13.3,35.1,CRITICAL,1,SYNTHETIC EMERGENCY V2X
EMG-EVT-004771,AMB-14,AMBULANCE,15.5,0.46,29,43.3,56.3,19.8,36.5,CRITICAL,1,SYNTHETIC EMERGENCY V2X
EMG-EVT-004772,POL-03,POLICE,8.5,0.65,16,34.4,34.0,10.9,23.1,CRITICAL,1,SYNTHETIC EMERGENCY V2X
EMG-EVT-004773,FIRE-10,FIRE_TRUCK,14.6,0.64,26,28.9,61.5,18.5,43.0,CRITICAL,1,SYNTHETIC EMERGENCY V2X
EMG-EVT-004774,AMB-20,AMBULANCE,12.2,0.97,21,14.2,76.7,15.4,61.3,CRITICAL,1,SYNTHETIC EMERGENCY V2X
EMG-EVT-004775,AMB-07,AMBULANCE,4.6,0.97,11,14.1,32.8,6.1,26.7,CRITICAL,1,SYNTHETIC EMERGENCY V2X
EMG-EVT-004776,AMB-20,AMBULANCE,9.7,0.62,17,38.5,35.5,12.3,23.2,CRITICAL,1,SYNTHETIC EMERGENCY V2X
EMG-EVT-004777,AMB-08,AMBULANCE,9.2,0.93,17,17.8,51.4,11.7,39.7,CRITICAL,1,SYNTHETIC EMERGENCY V2X
EMG-EVT-004778,POL-08,POLICE,7.5,0.34,16,51.5,27.9,9.8,18.1,CRITICAL,1,SYNTHETIC EMERGENCY V2X
EMG-EVT-004779,FIRE-03,FIRE_TRUCK,4.6,0.41,9,51.1,16.2,5.9,10.3,CRITICAL,1,SYNTHETIC EMERGENCY V2X
EMG-EVT-004780,AMB-20,AMBULANCE,15.1,0.45,28,47.8,52.6,19.3,33.3,CRITICAL,1,SYNTHETIC EMERGENCY V2X
EMG-EVT-004781,AMB-07,AMBULANCE,8.9,0.28,17,56.8,29.8,11.4,18.4,CRITICAL,1,SYNTHETIC EMERGENCY V2X
EMG-EVT-004782,POL-02,POLICE,5.1,0.71,9,34.2,19.7,6.5,13.2,CRITICAL,1,SYNTHETIC EMERGENCY V2X
EMG-EVT-004783,FIRE-01,FIRE_TRUCK,5.0,0.52,12,43.5,21.3,6.7,14.6,CRITICAL,1,SYNTHETIC EMERGENCY V2X
EMG-EVT-004784,AMB-10,AMBULANCE,8.5,0.94,18,16.3,52.9,11.1,41.8,CRITICAL,1,SYNTHETIC EMERGENCY V2X
EMG-EVT-004785,POL-01,POLICE,1.9,0.26,5,59.0,7.9,2.6,5.3,HIGH,1,SYNTHETIC EMERGENCY V2X
EMG-EVT-004786,POL-06,POLICE,13.0,0.49,26,46.6,47.9,16.8,31.1,CRITICAL,1,SYNTHETIC EMERGENCY V2X
EMG-EVT-004787,AMB-04,AMBULANCE,10.0,0.7,20,34.9,41.2,12.9,28.3,CRITICAL,1,SYNTHETIC EMERGENCY V2X
EMG-EVT-004788,AMB-06,AMBULANCE,6.6,0.43,13,51.0,23.4,8.5,14.9,CRITICAL,1,SYNTHETIC EMERGENCY V2X
EMG-EVT-004789,AMB-16,AMBULANCE,4.3,0.73,9,32.9,18.6,5.6,13.0,CRITICAL,1,SYNTHETIC EMERGENCY V2X
EMG-EVT-004790,FIRE-10,FIRE_TRUCK,6.4,0.56,13,39.3,25.4,8.3,17.1,CRITICAL,1,SYNTHETIC EMERGENCY V2X
EMG-EVT-004791,AMB-12,AMBULANCE,10.6,0.48,20,38.7,40.4,13.6,26.8,CRITICAL,1,SYNTHETIC EMERGENCY V2X
EMG-EVT-004792,AMB-05,AMBULANCE,3.5,0.47,8,44.1,14.4,4.6,9.8,CRITICAL,1,SYNTHETIC EMERGENCY V2X
EMG-EVT-004793,AMB-10,AMBULANCE,13.3,0.37,26,53.8,46.0,17.1,28.9,CRITICAL,1,SYNTHETIC EMERGENCY V2X
EMG-EVT-004794,AMB-02,AMBULANCE,10.5,0.81,19,20.5,53.5,13.4,40.1,CRITICAL,1,SYNTHETIC EMERGENCY V2X
EMG-EVT-004795,AMB-14,AMBULANCE,2.5,0.51,5,41.6,9.6,3.2,6.4,CRITICAL,1,SYNTHETIC EMERGENCY V2X
EMG-EVT-004796,AMB-11,AMBULANCE,10.7,0.21,20,63.2,34.2,13.7,20.5,CRITICAL,1,SYNTHETIC EMERGENCY V2X
EMG-EVT-004797,POL-09,POLICE,11.9,0.25,22,60.1,38.3,15.2,23.1,CRITICAL,1,SYNTHETIC EMERGENCY V2X
EMG-EVT-004798,FIRE-08,FIRE_TRUCK,8.6,0.21,17,59.3,29.1,11.1,18.0,CRITICAL,1,SYNTHETIC EMERGENCY V2X
EMG-EVT-004799,AMB-02,AMBULANCE,1.7,0.61,3,32.3,6.8,2.2,4.6,CRITICAL,1,SYNTHETIC EMERGENCY V2X
EMG-EVT-004800,AMB-17,AMBULANCE,8.6,0.59,15,34.2,33.1,10.9,22.2,CRITICAL,1,SYNTHETIC EMERGENCY V2X
EMG-EVT-004801,AMB-02,AMBULANCE,5.3,0.41,9,51.8,16.9,6.7,10.2,CRITICAL,1,SYNTHETIC EMERGENCY V2X
EMG-EVT-004802,AMB-04,AMBULANCE,15.8,0.89,28,14.9,97.2,20.0,77.2,CRITICAL,1,SYNTHETIC EMERGENCY V2X
EMG-EVT-004803,AMB-10,AMBULANCE,6.3,0.75,11,24.7,28.5,8.0,20.5,CRITICAL,1,SYNTHETIC EMERGENCY V2X
EMG-EVT-004804,FIRE-04,FIRE_TRUCK,8.4,0.22,15,62.3,26.1,10.7,15.4,CRITICAL,1,SYNTHETIC EMERGENCY V2X
EMG-EVT-004805,FIRE-01,FIRE_TRUCK,3.6,0.34,8,51.5,13.8,4.7,9.1,CRITICAL,1,SYNTHETIC EMERGENCY V2X
EMG-EVT-004806,AMB-15,AMBULANCE,9.6,0.55,20,37.4,39.4,12.5,26.9,CRITICAL,1,SYNTHETIC EMERGENCY V2X
EMG-EVT-004807,FIRE-10,FIRE_TRUCK,10.7,0.81,19,25.1,48.4,13.6,34.8,CRITICAL,1,SYNTHETIC EMERGENCY V2X
EMG-EVT-004808,AMB-18,AMBULANCE,11.3,0.55,20,35.9,42.9,14.3,28.6,CRITICAL,1,SYNTHETIC EMERGENCY V2X
EMG-EVT-004809,AMB-14,AMBULANCE,5.9,0.94,13,13.2,42.4,7.7,34.7,CRITICAL,1,SYNTHETIC EMERGENCY V2X
EMG-EVT-004810,AMB-09,AMBULANCE,10.8,0.65,21,33.0,44.8,13.9,30.9,CRITICAL,1,SYNTHETIC EMERGENCY V2X
EMG-EVT-004811,AMB-14,AMBULANCE,14.8,0.7,28,34.6,59.3,18.9,40.4,CRITICAL,1,SYNTHETIC EMERGENCY V2X
EMG-EVT-004812,AMB-16,AMBULANCE,3.3,0.85,8,17.0,21.2,4.4,16.8,CRITICAL,1,SYNTHETIC EMERGENCY V2X
EMG-EVT-004813,AMB-04,AMBULANCE,15.8,0.83,31,27.1,72.2,20.3,51.9,CRITICAL,1,SYNTHETIC EMERGENCY V2X
EMG-EVT-004814,AMB-10,AMBULANCE,4.7,0.58,8,35.9,17.5,5.9,11.6,CRITICAL,1,SYNTHETIC EMERGENCY V2X
EMG-EVT-004815,AMB-15,AMBULANCE,13.9,0.47,27,45.4,50.8,17.9,32.9,CRITICAL,1,SYNTHETIC EMERGENCY V2X
EMG-EVT-004816,AMB-01,AMBULANCE,11.7,0.83,23,26.5,54.1,15.1,39.0,CRITICAL,1,SYNTHETIC EMERGENCY V2X
EMG-EVT-004817,AMB-16,AMBULANCE,10.0,0.3,21,54.4,36.2,13.0,23.2,CRITICAL,1,SYNTHETIC EMERGENCY V2X
EMG-EVT-004818,AMB-06,AMBULANCE,1.5,0.83,2,20.6,6.8,2.0,4.8,CRITICAL,1,SYNTHETIC EMERGENCY V2X
EMG-EVT-004819,AMB-18,AMBULANCE,9.0,0.63,16,29.3,37.6,11.4,26.2,CRITICAL,1,SYNTHETIC EMERGENCY V2X
EMG-EVT-004820,POL-09,POLICE,8.5,0.6,18,39.2,34.6,11.1,23.5,CRITICAL,1,SYNTHETIC EMERGENCY V2X
EMG-EVT-004821,FIRE-02,FIRE_TRUCK,8.8,0.83,18,24.2,43.4,11.4,32.0,CRITICAL,1,SYNTHETIC EMERGENCY V2X
EMG-EVT-004822,AMB-09,AMBULANCE,2.4,0.46,7,48.8,11.4,3.3,8.1,CRITICAL,1,SYNTHETIC EMERGENCY V2X
EMG-EVT-004823,FIRE-08,FIRE_TRUCK,5.0,0.25,12,55.1,19.8,6.7,13.1,CRITICAL,1,SYNTHETIC EMERGENCY V2X
EMG-EVT-004824,AMB-13,AMBULANCE,6.7,0.33,14,53.5,24.3,8.7,15.6,CRITICAL,1,SYNTHETIC EMERGENCY V2X
EMG-EVT-004825,FIRE-04,FIRE_TRUCK,10.8,0.47,21,42.4,40.5,13.9,26.6,CRITICAL,1,SYNTHETIC EMERGENCY V2X
EMG-EVT-004826,FIRE-10,FIRE_TRUCK,5.2,0.38,12,52.2,20.4,6.9,13.5,CRITICAL,1,SYNTHETIC EMERGENCY V2X
EMG-EVT-004827,FIRE-04,FIRE_TRUCK,1.5,0.68,2,32.3,5.2,2.0,3.2,HIGH,1,SYNTHETIC EMERGENCY V2X
EMG-EVT-004828,AMB-01,AMBULANCE,7.7,0.53,14,36.9,29.3,9.8,19.5,CRITICAL,1,SYNTHETIC EMERGENCY V2X
EMG-EVT-004829,AMB-08,AMBULANCE,5.4,0.9,12,13.1,39.1,7.1,32.0,CRITICAL,1,SYNTHETIC EMERGENCY V2X
EMG-EVT-004830,POL-06,POLICE,5.3,0.44,11,50.5,19.5,6.9,12.6,CRITICAL,1,SYNTHETIC EMERGENCY V2X
EMG-EVT-004831,AMB-11,AMBULANCE,15.9,0.4,30,45.0,57.2,20.3,36.9,CRITICAL,1,SYNTHETIC EMERGENCY V2X
EMG-EVT-004832,AMB-15,AMBULANCE,13.8,0.56,26,35.2,54.7,17.7,37.0,CRITICAL,1,SYNTHETIC EMERGENCY V2X
EMG-EVT-004833,AMB-20,AMBULANCE,15.7,0.38,31,53.1,54.9,20.2,34.7,CRITICAL,1,SYNTHETIC EMERGENCY V2X
EMG-EVT-004834,AMB-19,AMBULANCE,12.8,0.44,23,46.2,44.2,16.3,27.9,CRITICAL,1,SYNTHETIC EMERGENCY V2X
EMG-EVT-004835,AMB-19,AMBULANCE,15.6,0.39,31,51.5,55.4,20.1,35.3,CRITICAL,1,SYNTHETIC EMERGENCY V2X
EMG-EVT-004836,AMB-07,AMBULANCE,11.9,0.67,24,27.7,54.6,15.4,39.2,CRITICAL,1,SYNTHETIC EMERGENCY V2X
EMG-EVT-004837,AMB-07,AMBULANCE,12.0,0.52,22,41.2,43.9,15.3,28.6,CRITICAL,1,SYNTHETIC EMERGENCY V2X
EMG-EVT-004838,AMB-19,AMBULANCE,12.9,0.69,23,33.4,50.8,16.4,34.4,CRITICAL,1,SYNTHETIC EMERGENCY V2X
EMG-EVT-004839,POL-05,POLICE,1.6,0.63,3,37.3,6.2,2.0,4.2,HIGH,1,SYNTHETIC EMERGENCY V2X
EMG-EVT-004840,AMB-03,AMBULANCE,2.2,0.94,6,16.6,15.2,3.0,12.2,CRITICAL,1,SYNTHETIC EMERGENCY V2X
EMG-EVT-004841,FIRE-05,FIRE_TRUCK,13.8,0.45,25,48.7,47.0,17.6,29.4,CRITICAL,1,SYNTHETIC EMERGENCY V2X
EMG-EVT-004842,AMB-17,AMBULANCE,10.2,0.95,18,17.3,57.0,12.9,44.1,CRITICAL,1,SYNTHETIC EMERGENCY V2X
EMG-EVT-004843,AMB-18,AMBULANCE,9.3,0.62,18,35.0,37.5,11.9,25.6,CRITICAL,1,SYNTHETIC EMERGENCY V2X
EMG-EVT-004844,FIRE-04,FIRE_TRUCK,5.8,0.45,10,49.1,19.1,7.3,11.8,CRITICAL,1,SYNTHETIC EMERGENCY V2X
EMG-EVT-004845,POL-09,POLICE,13.7,0.33,25,51.1,46.1,17.4,28.7,CRITICAL,1,SYNTHETIC EMERGENCY V2X
EMG-EVT-004846,POL-01,POLICE,15.2,0.35,29,48.3,53.7,19.5,34.2,CRITICAL,1,SYNTHETIC EMERGENCY V2X
EMG-EVT-004847,AMB-12,AMBULANCE,4.3,0.26,7,51.9,13.4,5.4,8.0,CRITICAL,1,SYNTHETIC EMERGENCY V2X
EMG-EVT-004848,AMB-11,AMBULANCE,14.5,0.28,29,56.6,50.2,18.7,31.5,CRITICAL,1,SYNTHETIC EMERGENCY V2X
EMG-EVT-004849,AMB-04,AMBULANCE,12.1,0.79,23,27.3,54.2,15.5,38.7,CRITICAL,1,SYNTHETIC EMERGENCY V2X
EMG-EVT-004850,AMB-10,AMBULANCE,15.8,0.23,28,62.4,48.8,20.0,28.8,CRITICAL,1,SYNTHETIC EMERGENCY V2X
EMG-EVT-004851,AMB-13,AMBULANCE,1.5,0.81,4,22.7,8.8,2.0,6.8,CRITICAL,1,SYNTHETIC EMERGENCY V2X
EMG-EVT-004852,FIRE-05,FIRE_TRUCK,6.7,0.94,13,18.2,37.7,8.6,29.1,CRITICAL,1,SYNTHETIC EMERGENCY V2X
EMG-EVT-004853,FIRE-07,FIRE_TRUCK,14.8,0.82,27,20.2,76.4,18.8,57.6,CRITICAL,1,SYNTHETIC EMERGENCY V2X
EMG-EVT-004854,AMB-06,AMBULANCE,7.0,0.53,15,42.8,27.8,9.1,18.7,CRITICAL,1,SYNTHETIC EMERGENCY V2X
EMG-EVT-004855,AMB-02,AMBULANCE,11.6,0.87,21,24.3,53.8,14.8,39.0,CRITICAL,1,SYNTHETIC EMERGENCY V2X
EMG-EVT-004856,AMB-01,AMBULANCE,4.1,0.72,7,33.6,15.7,5.2,10.5,CRITICAL,1,SYNTHETIC EMERGENCY V2X
EMG-EVT-004857,POL-05,POLICE,4.7,0.37,10,48.7,17.8,6.1,11.7,CRITICAL,1,SYNTHETIC EMERGENCY V2X
EMG-EVT-004858,FIRE-08,FIRE_TRUCK,7.0,0.81,14,22.5,35.5,9.0,26.5,CRITICAL,1,SYNTHETIC EMERGENCY V2X
EMG-EVT-004859,AMB-09,AMBULANCE,6.3,0.26,11,60.9,19.4,8.0,11.4,CRITICAL,1,SYNTHETIC EMERGENCY V2X
EMG-EVT-004860,AMB-12,AMBULANCE,3.5,0.67,9,30.3,17.7,4.7,13.0,CRITICAL,1,SYNTHETIC EMERGENCY V2X
EMG-EVT-004861,AMB-12,AMBULANCE,8.6,0.8,17,28.7,38.4,11.1,27.3,CRITICAL,1,SYNTHETIC EMERGENCY V2X
EMG-EVT-004862,AMB-06,AMBULANCE,2.5,0.26,6,59.3,9.7,3.3,6.4,CRITICAL,1,SYNTHETIC EMERGENCY V2X
EMG-EVT-004863,AMB-01,AMBULANCE,5.3,0.48,12,39.3,22.5,7.0,15.5,CRITICAL,1,SYNTHETIC EMERGENCY V2X
EMG-EVT-004864,AMB-10,AMBULANCE,14.9,0.63,26,38.2,54.6,18.9,35.7,CRITICAL,1,SYNTHETIC EMERGENCY V2X
EMG-EVT-004865,AMB-09,AMBULANCE,15.7,0.57,28,33.9,61.4,19.9,41.5,CRITICAL,1,SYNTHETIC EMERGENCY V2X
EMG-EVT-004866,FIRE-02,FIRE_TRUCK,2.0,0.27,5,52.1,8.3,2.7,5.6,HIGH,1,SYNTHETIC EMERGENCY V2X
EMG-EVT-004867,FIRE-07,FIRE_TRUCK,15.2,0.53,30,42.4,57.5,19.6,37.9,CRITICAL,1,SYNTHETIC EMERGENCY V2X
EMG-EVT-004868,AMB-15,AMBULANCE,13.3,0.38,26,52.6,46.4,17.1,29.3,CRITICAL,1,SYNTHETIC EMERGENCY V2X
EMG-EVT-004869,AMB-12,AMBULANCE,11.0,0.6,20,36.6,42.0,14.0,28.0,CRITICAL,1,SYNTHETIC EMERGENCY V2X
EMG-EVT-004870,POL-03,POLICE,1.5,0.37,5,51.8,7.7,2.1,5.6,HIGH,1,SYNTHETIC EMERGENCY V2X
EMG-EVT-004871,POL-01,POLICE,2.3,0.86,7,24.8,14.0,3.2,10.8,CRITICAL,1,SYNTHETIC EMERGENCY V2X
EMG-EVT-004872,AMB-03,AMBULANCE,12.9,0.25,23,53.2,42.1,16.4,25.7,CRITICAL,1,SYNTHETIC EMERGENCY V2X
EMG-EVT-004873,AMB-16,AMBULANCE,12.0,0.73,24,23.7,59.2,15.5,43.7,CRITICAL,1,SYNTHETIC EMERGENCY V2X
EMG-EVT-004874,AMB-05,AMBULANCE,8.7,0.22,15,61.0,26.6,11.0,15.6,CRITICAL,1,SYNTHETIC EMERGENCY V2X
EMG-EVT-004875,AMB-15,AMBULANCE,8.8,0.24,16,54.2,28.9,11.2,17.7,CRITICAL,1,SYNTHETIC EMERGENCY V2X
EMG-EVT-004876,AMB-04,AMBULANCE,7.1,0.41,15,51.4,26.3,9.2,17.1,CRITICAL,1,SYNTHETIC EMERGENCY V2X
EMG-EVT-004877,FIRE-10,FIRE_TRUCK,1.6,0.78,3,21.1,8.1,2.0,6.1,HIGH,1,SYNTHETIC EMERGENCY V2X
EMG-EVT-004878,AMB-05,AMBULANCE,12.0,0.36,24,49.7,43.3,15.5,27.8,CRITICAL,1,SYNTHETIC EMERGENCY V2X
EMG-EVT-004879,AMB-14,AMBULANCE,5.5,0.23,11,60.9,18.6,7.1,11.5,CRITICAL,1,SYNTHETIC EMERGENCY V2X
EMG-EVT-004880,POL-04,POLICE,9.2,0.22,18,57.0,31.3,11.8,19.5,CRITICAL,1,SYNTHETIC EMERGENCY V2X
EMG-EVT-004881,AMB-01,AMBULANCE,13.3,0.75,23,25.8,58.5,16.8,41.7,CRITICAL,1,SYNTHETIC EMERGENCY V2X
EMG-EVT-004882,AMB-15,AMBULANCE,12.3,0.57,24,39.1,47.7,15.8,31.9,CRITICAL,1,SYNTHETIC EMERGENCY V2X
EMG-EVT-004883,AMB-12,AMBULANCE,7.9,0.95,15,12.6,55.6,10.1,45.5,CRITICAL,1,SYNTHETIC EMERGENCY V2X
EMG-EVT-004884,AMB-10,AMBULANCE,15.6,0.85,30,16.5,92.7,20.0,72.7,CRITICAL,1,SYNTHETIC EMERGENCY V2X
EMG-EVT-004885,AMB-13,AMBULANCE,12.7,0.52,23,37.7,47.8,16.2,31.6,CRITICAL,1,SYNTHETIC EMERGENCY V2X
EMG-EVT-004886,AMB-06,AMBULANCE,8.7,0.69,16,27.5,38.2,11.1,27.1,CRITICAL,1,SYNTHETIC EMERGENCY V2X
EMG-EVT-004887,POL-04,POLICE,10.5,0.28,19,55.9,34.1,13.4,20.7,CRITICAL,1,SYNTHETIC EMERGENCY V2X
EMG-EVT-004888,AMB-05,AMBULANCE,13.5,0.38,24,49.9,45.0,17.1,27.9,CRITICAL,1,SYNTHETIC EMERGENCY V2X
EMG-EVT-004889,AMB-02,AMBULANCE,12.9,0.56,23,39.3,47.3,16.4,30.9,CRITICAL,1,SYNTHETIC EMERGENCY V2X
EMG-EVT-004890,AMB-17,AMBULANCE,11.1,0.71,20,30.9,45.6,14.1,31.5,CRITICAL,1,SYNTHETIC EMERGENCY V2X
EMG-EVT-004891,AMB-05,AMBULANCE,9.4,0.33,19,49.8,34.1,12.2,21.9,CRITICAL,1,SYNTHETIC EMERGENCY V2X
EMG-EVT-004892,FIRE-09,FIRE_TRUCK,15.0,0.31,30,52.2,53.2,19.4,33.8,CRITICAL,1,SYNTHETIC EMERGENCY V2X
EMG-EVT-004893,AMB-01,AMBULANCE,11.7,0.22,24,55.7,41.4,15.2,26.2,CRITICAL,1,SYNTHETIC EMERGENCY V2X
EMG-EVT-004894,FIRE-09,FIRE_TRUCK,13.8,0.47,27,40.3,52.9,17.8,35.1,CRITICAL,1,SYNTHETIC EMERGENCY V2X
EMG-EVT-004895,AMB-14,AMBULANCE,8.2,0.52,17,38.2,33.3,10.6,22.7,CRITICAL,1,SYNTHETIC EMERGENCY V2X
EMG-EVT-004896,AMB-10,AMBULANCE,14.0,0.86,28,22.8,70.4,18.1,52.3,CRITICAL,1,SYNTHETIC EMERGENCY V2X
EMG-EVT-004897,FIRE-03,FIRE_TRUCK,14.4,0.68,27,36.0,56.4,18.4,38.0,CRITICAL,1,SYNTHETIC EMERGENCY V2X
EMG-EVT-004898,AMB-14,AMBULANCE,8.2,0.82,14,19.2,42.4,10.3,32.1,CRITICAL,1,SYNTHETIC EMERGENCY V2X
EMG-EVT-004899,POL-07,POLICE,3.9,0.69,10,30.7,19.6,5.3,14.3,CRITICAL,1,SYNTHETIC EMERGENCY V2X
EMG-EVT-004900,POL-04,POLICE,2.0,0.33,5,53.0,8.3,2.7,5.6,HIGH,1,SYNTHETIC EMERGENCY V2X
EMG-EVT-004901,AMB-20,AMBULANCE,8.6,0.76,18,28.5,39.7,11.2,28.5,CRITICAL,1,SYNTHETIC EMERGENCY V2X
EMG-EVT-004902,AMB-11,AMBULANCE,3.6,0.61,9,35.2,16.9,4.8,12.1,CRITICAL,1,SYNTHETIC EMERGENCY V2X
EMG-EVT-004903,POL-03,POLICE,14.6,0.29,29,53.0,51.3,18.8,32.5,CRITICAL,1,SYNTHETIC EMERGENCY V2X
EMG-EVT-004904,AMB-15,AMBULANCE,14.3,0.3,25,50.0,47.2,18.1,29.1,CRITICAL,1,SYNTHETIC EMERGENCY V2X
EMG-EVT-004905,AMB-14,AMBULANCE,15.7,0.87,28,16.3,91.4,19.9,71.5,CRITICAL,1,SYNTHETIC EMERGENCY V2X
EMG-EVT-004906,AMB-01,AMBULANCE,12.7,0.46,25,47.4,46.1,16.4,29.7,CRITICAL,1,SYNTHETIC EMERGENCY V2X
EMG-EVT-004907,FIRE-04,FIRE_TRUCK,8.0,0.22,14,58.1,25.1,10.1,15.0,CRITICAL,1,SYNTHETIC EMERGENCY V2X
EMG-EVT-004908,FIRE-01,FIRE_TRUCK,12.4,0.65,24,28.2,55.2,15.9,39.3,CRITICAL,1,SYNTHETIC EMERGENCY V2X
EMG-EVT-004909,AMB-04,AMBULANCE,3.6,0.37,6,53.5,11.2,4.5,6.7,CRITICAL,1,SYNTHETIC EMERGENCY V2X
EMG-EVT-004910,AMB-13,AMBULANCE,13.3,0.75,25,26.6,60.0,17.0,43.0,CRITICAL,1,SYNTHETIC EMERGENCY V2X
EMG-EVT-004911,AMB-11,AMBULANCE,3.4,0.73,9,33.0,17.0,4.6,12.4,CRITICAL,1,SYNTHETIC EMERGENCY V2X
EMG-EVT-004912,AMB-02,AMBULANCE,8.6,0.32,15,52.6,27.8,10.9,16.9,CRITICAL,1,SYNTHETIC EMERGENCY V2X
EMG-EVT-004913,AMB-08,AMBULANCE,14.8,0.22,29,55.7,50.7,19.0,31.7,CRITICAL,1,SYNTHETIC EMERGENCY V2X
EMG-EVT-004914,FIRE-08,FIRE_TRUCK,2.3,0.41,4,43.1,8.0,2.9,5.1,HIGH,1,SYNTHETIC EMERGENCY V2X
EMG-EVT-004915,POL-02,POLICE,5.1,0.63,11,34.9,22.0,6.7,15.3,CRITICAL,1,SYNTHETIC EMERGENCY V2X
EMG-EVT-004916,AMB-03,AMBULANCE,10.7,0.81,22,22.7,54.7,13.9,40.8,CRITICAL,1,SYNTHETIC EMERGENCY V2X
EMG-EVT-004917,AMB-09,AMBULANCE,14.9,0.7,29,30.1,64.5,19.2,45.3,CRITICAL,1,SYNTHETIC EMERGENCY V2X
EMG-EVT-004918,AMB-18,AMBULANCE,7.2,0.31,13,54.5,23.5,9.2,14.3,CRITICAL,1,SYNTHETIC EMERGENCY V2X
EMG-EVT-004919,FIRE-06,FIRE_TRUCK,14.3,0.53,25,39.8,51.6,18.1,33.5,CRITICAL,1,SYNTHETIC EMERGENCY V2X
EMG-EVT-004920,POL-03,POLICE,14.0,0.5,26,45.0,49.9,17.9,32.0,CRITICAL,1,SYNTHETIC EMERGENCY V2X
EMG-EVT-004921,AMB-18,AMBULANCE,2.5,0.56,4,37.6,8.8,3.1,5.7,CRITICAL,1,SYNTHETIC EMERGENCY V2X
EMG-EVT-004922,AMB-16,AMBULANCE,15.2,0.77,28,28.5,65.6,19.4,46.2,CRITICAL,1,SYNTHETIC EMERGENCY V2X
EMG-EVT-004923,AMB-11,AMBULANCE,9.0,0.61,18,36.5,36.4,11.6,24.8,CRITICAL,1,SYNTHETIC EMERGENCY V2X
EMG-EVT-004924,FIRE-04,FIRE_TRUCK,6.2,0.54,12,34.8,25.1,8.0,17.1,CRITICAL,1,SYNTHETIC EMERGENCY V2X
EMG-EVT-004925,AMB-10,AMBULANCE,11.1,0.88,21,17.9,62.4,14.2,48.2,CRITICAL,1,SYNTHETIC EMERGENCY V2X
EMG-EVT-004926,AMB-02,AMBULANCE,2.9,0.4,6,52.5,10.5,3.8,6.7,CRITICAL,1,SYNTHETIC EMERGENCY V2X
EMG-EVT-004927,POL-02,POLICE,9.2,0.62,16,34.2,35.3,11.6,23.7,CRITICAL,1,SYNTHETIC EMERGENCY V2X
EMG-EVT-004928,AMB-04,AMBULANCE,5.2,0.55,11,41.8,20.7,6.8,13.9,CRITICAL,1,SYNTHETIC EMERGENCY V2X
EMG-EVT-004929,AMB-08,AMBULANCE,10.2,0.48,18,43.4,35.7,12.9,22.8,CRITICAL,1,SYNTHETIC EMERGENCY V2X
EMG-EVT-004930,AMB-20,AMBULANCE,14.4,0.49,28,38.7,55.9,18.5,37.4,CRITICAL,1,SYNTHETIC EMERGENCY V2X
EMG-EVT-004931,AMB-04,AMBULANCE,11.9,0.62,23,39.2,45.8,15.3,30.5,CRITICAL,1,SYNTHETIC EMERGENCY V2X
EMG-EVT-004932,AMB-15,AMBULANCE,3.5,0.95,6,18.7,18.4,4.4,14.0,CRITICAL,1,SYNTHETIC EMERGENCY V2X
EMG-EVT-004933,AMB-10,AMBULANCE,7.0,0.25,15,52.1,26.1,9.1,17.0,CRITICAL,1,SYNTHETIC EMERGENCY V2X
EMG-EVT-004934,AMB-08,AMBULANCE,12.4,0.87,25,19.0,69.2,16.0,53.2,CRITICAL,1,SYNTHETIC EMERGENCY V2X
EMG-EVT-004935,AMB-05,AMBULANCE,9.8,0.71,18,34.3,38.7,12.5,26.2,CRITICAL,1,SYNTHETIC EMERGENCY V2X
EMG-EVT-004936,AMB-18,AMBULANCE,9.7,0.4,20,46.0,36.7,12.6,24.1,CRITICAL,1,SYNTHETIC EMERGENCY V2X
EMG-EVT-004937,AMB-05,AMBULANCE,11.3,0.93,21,20.9,57.6,14.4,43.2,CRITICAL,1,SYNTHETIC EMERGENCY V2X
EMG-EVT-004938,FIRE-04,FIRE_TRUCK,4.3,0.35,7,51.1,13.4,5.4,8.0,CRITICAL,1,SYNTHETIC EMERGENCY V2X
EMG-EVT-004939,FIRE-05,FIRE_TRUCK,12.8,0.31,24,50.8,43.9,16.4,27.5,CRITICAL,1,SYNTHETIC EMERGENCY V2X
EMG-EVT-004940,AMB-04,AMBULANCE,9.8,0.85,18,21.1,49.5,12.5,37.0,CRITICAL,1,SYNTHETIC EMERGENCY V2X
EMG-EVT-004941,AMB-04,AMBULANCE,10.6,0.82,22,20.6,57.3,13.8,43.5,CRITICAL,1,SYNTHETIC EMERGENCY V2X
EMG-EVT-004942,AMB-15,AMBULANCE,2.4,0.27,6,51.8,10.0,3.2,6.8,CRITICAL,1,SYNTHETIC EMERGENCY V2X
EMG-EVT-004943,AMB-05,AMBULANCE,5.2,0.58,12,39.4,22.3,6.9,15.4,CRITICAL,1,SYNTHETIC EMERGENCY V2X
EMG-EVT-004944,AMB-05,AMBULANCE,5.5,0.83,11,17.9,31.6,7.1,24.5,CRITICAL,1,SYNTHETIC EMERGENCY V2X
EMG-EVT-004945,FIRE-09,FIRE_TRUCK,9.5,0.84,19,20.5,50.6,12.3,38.3,CRITICAL,1,SYNTHETIC EMERGENCY V2X
EMG-EVT-004946,AMB-14,AMBULANCE,12.1,0.46,21,39.9,43.4,15.3,28.1,CRITICAL,1,SYNTHETIC EMERGENCY V2X
EMG-EVT-004947,AMB-09,AMBULANCE,4.8,0.68,10,30.9,21.3,6.2,15.1,CRITICAL,1,SYNTHETIC EMERGENCY V2X
EMG-EVT-004948,AMB-20,AMBULANCE,5.0,0.68,10,33.5,21.0,6.5,14.5,CRITICAL,1,SYNTHETIC EMERGENCY V2X
EMG-EVT-004949,AMB-01,AMBULANCE,3.8,0.29,7,52.3,12.8,4.8,8.0,CRITICAL,1,SYNTHETIC EMERGENCY V2X
EMG-EVT-004950,FIRE-01,FIRE_TRUCK,7.5,0.64,15,34.5,31.0,9.7,21.3,CRITICAL,1,SYNTHETIC EMERGENCY V2X
EMG-EVT-004951,AMB-19,AMBULANCE,10.1,0.69,20,27.2,46.3,13.0,33.3,CRITICAL,1,SYNTHETIC EMERGENCY V2X
EMG-EVT-004952,AMB-15,AMBULANCE,3.4,0.29,8,56.8,13.2,4.5,8.7,CRITICAL,1,SYNTHETIC EMERGENCY V2X
EMG-EVT-004953,AMB-18,AMBULANCE,15.6,0.81,29,23.0,75.5,19.9,55.6,CRITICAL,1,SYNTHETIC EMERGENCY V2X
EMG-EVT-004954,AMB-09,AMBULANCE,15.9,0.96,30,15.1,99.2,20.3,78.9,CRITICAL,1,SYNTHETIC EMERGENCY V2X
EMG-EVT-004955,FIRE-06,FIRE_TRUCK,10.1,0.91,21,18.4,58.1,13.1,45.0,CRITICAL,1,SYNTHETIC EMERGENCY V2X
EMG-EVT-004956,POL-03,POLICE,15.6,0.56,31,33.7,65.0,20.1,44.9,CRITICAL,1,SYNTHETIC EMERGENCY V2X
EMG-EVT-004957,AMB-13,AMBULANCE,7.8,0.86,15,20.7,40.6,10.0,30.6,CRITICAL,1,SYNTHETIC EMERGENCY V2X
EMG-EVT-004958,POL-02,POLICE,3.2,0.93,7,21.2,17.5,4.2,13.3,CRITICAL,1,SYNTHETIC EMERGENCY V2X
EMG-EVT-004959,AMB-19,AMBULANCE,13.9,0.45,25,49.3,46.9,17.7,29.2,CRITICAL,1,SYNTHETIC EMERGENCY V2X
EMG-EVT-004960,AMB-12,AMBULANCE,14.7,0.64,26,36.8,55.2,18.6,36.6,CRITICAL,1,SYNTHETIC EMERGENCY V2X
EMG-EVT-004961,AMB-10,AMBULANCE,6.7,0.75,13,26.5,30.8,8.6,22.2,CRITICAL,1,SYNTHETIC EMERGENCY V2X
EMG-EVT-004962,FIRE-05,FIRE_TRUCK,14.7,0.74,26,23.3,69.1,18.6,50.5,CRITICAL,1,SYNTHETIC EMERGENCY V2X
EMG-EVT-004963,AMB-05,AMBULANCE,15.9,0.49,29,45.4,55.8,20.2,35.6,CRITICAL,1,SYNTHETIC EMERGENCY V2X
EMG-EVT-004964,AMB-10,AMBULANCE,3.1,0.45,7,41.1,12.9,4.1,8.8,CRITICAL,1,SYNTHETIC EMERGENCY V2X
EMG-EVT-004965,POL-04,POLICE,2.7,0.43,6,46.1,10.7,3.5,7.2,HIGH,1,SYNTHETIC EMERGENCY V2X
EMG-EVT-004966,AMB-16,AMBULANCE,10.8,0.58,20,39.9,40.2,13.8,26.4,CRITICAL,1,SYNTHETIC EMERGENCY V2X
EMG-EVT-004967,AMB-19,AMBULANCE,9.3,0.44,16,49.9,30.4,11.7,18.7,CRITICAL,1,SYNTHETIC EMERGENCY V2X
EMG-EVT-004968,AMB-04,AMBULANCE,6.2,0.47,13,45.3,23.8,8.1,15.7,CRITICAL,1,SYNTHETIC EMERGENCY V2X
EMG-EVT-004969,AMB-14,AMBULANCE,4.6,0.92,9,19.9,24.7,5.9,18.8,CRITICAL,1,SYNTHETIC EMERGENCY V2X
EMG-EVT-004970,AMB-05,AMBULANCE,1.9,0.73,4,30.0,8.6,2.5,6.1,CRITICAL,1,SYNTHETIC EMERGENCY V2X
EMG-EVT-004971,AMB-13,AMBULANCE,11.8,0.32,24,48.7,43.3,15.3,28.0,CRITICAL,1,SYNTHETIC EMERGENCY V2X
EMG-EVT-004972,AMB-15,AMBULANCE,8.0,0.5,16,39.1,31.5,10.3,21.2,CRITICAL,1,SYNTHETIC EMERGENCY V2X
EMG-EVT-004973,AMB-03,AMBULANCE,13.4,0.78,26,29.6,58.4,17.2,41.2,CRITICAL,1,SYNTHETIC EMERGENCY V2X
EMG-EVT-004974,AMB-09,AMBULANCE,15.0,0.21,28,57.4,49.3,19.2,30.1,CRITICAL,1,SYNTHETIC EMERGENCY V2X
EMG-EVT-004975,AMB-04,AMBULANCE,8.2,0.52,15,35.8,31.7,10.4,21.3,CRITICAL,1,SYNTHETIC EMERGENCY V2X
EMG-EVT-004976,FIRE-05,FIRE_TRUCK,2.2,0.44,5,44.0,9.0,2.9,6.1,HIGH,1,SYNTHETIC EMERGENCY V2X
EMG-EVT-004977,AMB-05,AMBULANCE,2.3,0.87,4,23.5,10.7,2.9,7.8,CRITICAL,1,SYNTHETIC EMERGENCY V2X
EMG-EVT-004978,FIRE-08,FIRE_TRUCK,6.8,0.52,15,36.0,29.3,8.9,20.4,CRITICAL,1,SYNTHETIC EMERGENCY V2X
EMG-EVT-004979,AMB-04,AMBULANCE,1.7,0.82,4,21.8,9.5,2.3,7.2,CRITICAL,1,SYNTHETIC EMERGENCY V2X
EMG-EVT-004980,AMB-06,AMBULANCE,13.5,0.94,24,17.9,74.1,17.1,57.0,CRITICAL,1,SYNTHETIC EMERGENCY V2X
EMG-EVT-004981,AMB-05,AMBULANCE,9.0,0.71,16,34.1,35.0,11.4,23.6,CRITICAL,1,SYNTHETIC EMERGENCY V2X
EMG-EVT-004982,AMB-12,AMBULANCE,15.4,0.75,27,25.4,68.8,19.5,49.3,CRITICAL,1,SYNTHETIC EMERGENCY V2X
EMG-EVT-004983,AMB-12,AMBULANCE,9.3,0.61,16,34.2,35.5,11.7,23.8,CRITICAL,1,SYNTHETIC EMERGENCY V2X
EMG-EVT-004984,FIRE-02,FIRE_TRUCK,7.5,0.22,13,62.3,22.8,9.5,13.3,CRITICAL,1,SYNTHETIC EMERGENCY V2X
EMG-EVT-004985,AMB-19,AMBULANCE,16.0,0.64,29,36.9,60.8,20.4,40.4,CRITICAL,1,SYNTHETIC EMERGENCY V2X
EMG-EVT-004986,AMB-02,AMBULANCE,7.4,0.43,13,46.9,25.1,9.4,15.7,CRITICAL,1,SYNTHETIC EMERGENCY V2X
EMG-EVT-004987,AMB-18,AMBULANCE,14.0,0.48,28,47.8,51.2,18.1,33.1,CRITICAL,1,SYNTHETIC EMERGENCY V2X
EMG-EVT-004988,AMB-08,AMBULANCE,3.7,0.2,7,63.7,11.9,4.7,7.2,CRITICAL,1,SYNTHETIC EMERGENCY V2X
EMG-EVT-004989,AMB-17,AMBULANCE,7.1,0.37,13,51.5,23.9,9.0,14.9,CRITICAL,1,SYNTHETIC EMERGENCY V2X
EMG-EVT-004990,POL-02,POLICE,10.9,0.95,22,15.4,68.9,14.1,54.8,CRITICAL,1,SYNTHETIC EMERGENCY V2X
EMG-EVT-004991,AMB-10,AMBULANCE,11.9,0.24,24,60.3,40.6,15.4,25.2,CRITICAL,1,SYNTHETIC EMERGENCY V2X
EMG-EVT-004992,FIRE-04,FIRE_TRUCK,4.8,0.36,9,48.6,16.7,6.1,10.6,CRITICAL,1,SYNTHETIC EMERGENCY V2X
EMG-EVT-004993,FIRE-07,FIRE_TRUCK,2.0,0.41,4,44.9,7.5,2.6,4.9,HIGH,1,SYNTHETIC EMERGENCY V2X
EMG-EVT-004994,FIRE-07,FIRE_TRUCK,10.0,0.41,19,49.2,35.0,12.8,22.2,CRITICAL,1,SYNTHETIC EMERGENCY V2X
EMG-EVT-004995,AMB-19,AMBULANCE,9.2,0.4,19,43.0,35.6,11.9,23.7,CRITICAL,1,SYNTHETIC EMERGENCY V2X
EMG-EVT-004996,FIRE-06,FIRE_TRUCK,15.8,0.31,30,50.2,54.9,20.2,34.7,CRITICAL,1,SYNTHETIC EMERGENCY V2X
EMG-EVT-004997,AMB-18,AMBULANCE,14.5,0.71,27,24.7,67.6,18.5,49.1,CRITICAL,1,SYNTHETIC EMERGENCY V2X
EMG-EVT-004998,AMB-03,AMBULANCE,11.0,0.47,22,39.3,43.2,14.2,29.0,CRITICAL,1,SYNTHETIC EMERGENCY V2X
EMG-EVT-004999,AMB-16,AMBULANCE,7.3,0.35,16,53.0,27.5,9.6,17.9,CRITICAL,1,SYNTHETIC EMERGENCY V2X
EMG-EVT-005000,AMB-15,AMBULANCE,8.1,0.93,17,11.2,63.8,10.5,53.3,CRITICAL,1,SYNTHETIC EMERGENCY V2X
EMG-EVT-005001,FIRE-01,FIRE_TRUCK,4.1,0.42,8,42.6,15.4,5.3,10.1,CRITICAL,1,SYNTHETIC EMERGENCY V2X
EMG-EVT-005002,FIRE-09,FIRE_TRUCK,5.1,0.57,10,39.7,19.7,6.6,13.1,CRITICAL,1,SYNTHETIC EMERGENCY V2X
EMG-EVT-005003,FIRE-08,FIRE_TRUCK,12.5,0.67,25,35.7,51.0,16.1,34.9,CRITICAL,1,SYNTHETIC EMERGENCY V2X
EMG-EVT-005004,AMB-19,AMBULANCE,6.6,0.85,12,17.9,36.5,8.4,28.1,CRITICAL,1,SYNTHETIC EMERGENCY V2X
EMG-EVT-005005,AMB-12,AMBULANCE,2.4,0.92,4,13.9,15.2,3.0,12.2,CRITICAL,1,SYNTHETIC EMERGENCY V2X
EMG-EVT-005006,AMB-02,AMBULANCE,2.9,0.27,7,51.3,11.8,3.9,7.9,CRITICAL,1,SYNTHETIC EMERGENCY V2X
EMG-EVT-005007,AMB-15,AMBULANCE,14.8,0.4,28,51.1,51.0,18.9,32.1,CRITICAL,1,SYNTHETIC EMERGENCY V2X
EMG-EVT-005008,AMB-02,AMBULANCE,8.1,0.52,16,44.7,30.1,10.4,19.7,CRITICAL,1,SYNTHETIC EMERGENCY V2X
EMG-EVT-005009,AMB-15,AMBULANCE,3.6,0.65,6,34.9,13.4,4.5,8.9,CRITICAL,1,SYNTHETIC EMERGENCY V2X
EMG-EVT-005010,FIRE-09,FIRE_TRUCK,10.7,0.25,22,58.4,37.4,13.9,23.5,CRITICAL,1,SYNTHETIC EMERGENCY V2X
EMG-EVT-005011,AMB-01,AMBULANCE,15.9,0.93,28,13.6,103.7,20.1,83.6,CRITICAL,1,SYNTHETIC EMERGENCY V2X
EMG-EVT-005012,AMB-16,AMBULANCE,9.5,0.61,20,35.7,40.0,12.4,27.6,CRITICAL,1,SYNTHETIC EMERGENCY V2X
EMG-EVT-005013,AMB-08,AMBULANCE,6.7,0.64,13,30.8,28.7,8.6,20.1,CRITICAL,1,SYNTHETIC EMERGENCY V2X
EMG-EVT-005014,AMB-15,AMBULANCE,14.1,0.36,28,54.3,49.2,18.2,31.0,CRITICAL,1,SYNTHETIC EMERGENCY V2X
EMG-EVT-005015,FIRE-03,FIRE_TRUCK,6.3,0.9,12,21.0,32.4,8.1,24.3,CRITICAL,1,SYNTHETIC EMERGENCY V2X
EMG-EVT-005016,AMB-11,AMBULANCE,10.3,0.22,20,54.4,35.4,13.2,22.2,CRITICAL,1,SYNTHETIC EMERGENCY V2X
EMG-EVT-005017,AMB-09,AMBULANCE,4.6,0.35,8,50.1,15.1,5.8,9.3,CRITICAL,1,SYNTHETIC EMERGENCY V2X
EMG-EVT-005018,AMB-15,AMBULANCE,11.8,0.51,24,43.1,45.2,15.3,29.9,CRITICAL,1,SYNTHETIC EMERGENCY V2X
EMG-EVT-005019,AMB-01,AMBULANCE,13.1,0.91,24,20.3,67.5,16.7,50.8,CRITICAL,1,SYNTHETIC EMERGENCY V2X
EMG-EVT-005020,AMB-19,AMBULANCE,5.9,0.41,10,49.1,19.2,7.4,11.8,CRITICAL,1,SYNTHETIC EMERGENCY V2X
EMG-EVT-005021,AMB-11,AMBULANCE,6.1,0.98,11,17.5,34.1,7.8,26.3,CRITICAL,1,SYNTHETIC EMERGENCY V2X
EMG-EVT-005022,POL-01,POLICE,7.7,0.85,14,22.9,37.0,9.8,27.2,CRITICAL,1,SYNTHETIC EMERGENCY V2X
EMG-EVT-005023,AMB-06,AMBULANCE,9.5,0.77,18,26.9,42.8,12.2,30.6,CRITICAL,1,SYNTHETIC EMERGENCY V2X
EMG-EVT-005024,AMB-12,AMBULANCE,10.1,0.33,20,55.3,35.0,13.0,22.0,CRITICAL,1,SYNTHETIC EMERGENCY V2X
EMG-EVT-005025,FIRE-08,FIRE_TRUCK,14.1,0.55,26,35.6,55.0,18.0,37.0,CRITICAL,1,SYNTHETIC EMERGENCY V2X
EMG-EVT-005026,AMB-09,AMBULANCE,12.5,0.72,23,27.1,55.3,15.9,39.4,CRITICAL,1,SYNTHETIC EMERGENCY V2X
EMG-EVT-005027,AMB-19,AMBULANCE,14.5,0.76,27,28.9,62.5,18.5,44.0,CRITICAL,1,SYNTHETIC EMERGENCY V2X
EMG-EVT-005028,POL-10,POLICE,5.5,0.28,12,52.4,20.7,7.2,13.5,CRITICAL,1,SYNTHETIC EMERGENCY V2X
EMG-EVT-005029,AMB-07,AMBULANCE,13.6,0.22,26,62.6,44.2,17.4,26.8,CRITICAL,1,SYNTHETIC EMERGENCY V2X
EMG-EVT-005030,AMB-04,AMBULANCE,5.9,0.95,10,17.1,32.7,7.4,25.3,CRITICAL,1,SYNTHETIC EMERGENCY V2X
EMG-EVT-005031,AMB-14,AMBULANCE,2.6,0.54,6,40.5,11.1,3.4,7.7,CRITICAL,1,SYNTHETIC EMERGENCY V2X
EMG-EVT-005032,FIRE-09,FIRE_TRUCK,5.6,0.41,11,51.4,19.7,7.2,12.5,CRITICAL,1,SYNTHETIC EMERGENCY V2X
EMG-EVT-005033,AMB-13,AMBULANCE,10.7,0.97,19,18.8,56.9,13.6,43.3,CRITICAL,1,SYNTHETIC EMERGENCY V2X
EMG-EVT-005034,AMB-10,AMBULANCE,10.7,0.67,22,33.4,45.6,13.9,31.7,CRITICAL,1,SYNTHETIC EMERGENCY V2X
EMG-EVT-005035,AMB-04,AMBULANCE,12.8,0.38,26,46.3,47.8,16.6,31.2,CRITICAL,1,SYNTHETIC EMERGENCY V2X
EMG-EVT-005036,FIRE-07,FIRE_TRUCK,8.4,0.67,18,32.0,37.3,11.0,26.3,CRITICAL,1,SYNTHETIC EMERGENCY V2X
EMG-EVT-005037,FIRE-10,FIRE_TRUCK,10.6,0.97,21,10.7,84.6,13.7,70.9,CRITICAL,1,SYNTHETIC EMERGENCY V2X
EMG-EVT-005038,POL-10,POLICE,10.9,0.56,19,34.2,41.9,13.8,28.1,CRITICAL,1,SYNTHETIC EMERGENCY V2X
EMG-EVT-005039,AMB-18,AMBULANCE,11.5,0.25,20,61.0,35.3,14.5,20.8,CRITICAL,1,SYNTHETIC EMERGENCY V2X
EMG-EVT-005040,AMB-20,AMBULANCE,13.9,0.4,26,49.1,48.2,17.8,30.4,CRITICAL,1,SYNTHETIC EMERGENCY V2X
EMG-EVT-005041,AMB-08,AMBULANCE,5.0,0.87,11,20.3,28.0,6.6,21.4,CRITICAL,1,SYNTHETIC EMERGENCY V2X
EMG-EVT-005042,AMB-09,AMBULANCE,12.2,0.55,21,39.9,43.5,15.4,28.1,CRITICAL,1,SYNTHETIC EMERGENCY V2X
EMG-EVT-005043,AMB-13,AMBULANCE,4.0,0.82,8,21.8,20.6,5.2,15.4,CRITICAL,1,SYNTHETIC EMERGENCY V2X
EMG-EVT-005044,AMB-20,AMBULANCE,14.9,0.43,28,49.7,51.6,19.1,32.5,CRITICAL,1,SYNTHETIC EMERGENCY V2X
EMG-EVT-005045,FIRE-10,FIRE_TRUCK,13.2,0.87,25,20.3,69.0,16.9,52.1,CRITICAL,1,SYNTHETIC EMERGENCY V2X
EMG-EVT-005046,FIRE-02,FIRE_TRUCK,11.8,0.62,23,39.0,45.8,15.2,30.6,CRITICAL,1,SYNTHETIC EMERGENCY V2X
EMG-EVT-005047,AMB-03,AMBULANCE,15.3,0.56,27,34.1,59.3,19.4,39.9,CRITICAL,1,SYNTHETIC EMERGENCY V2X
EMG-EVT-005048,AMB-10,AMBULANCE,9.8,0.34,19,52.8,33.9,12.6,21.3,CRITICAL,1,SYNTHETIC EMERGENCY V2X
EMG-EVT-005049,AMB-18,AMBULANCE,15.7,0.56,31,40.7,60.3,20.2,40.1,CRITICAL,1,SYNTHETIC EMERGENCY V2X
EMG-EVT-005050,AMB-05,AMBULANCE,2.2,0.62,3,31.5,7.8,2.7,5.1,CRITICAL,1,SYNTHETIC EMERGENCY V2X
EMG-EVT-005051,AMB-02,AMBULANCE,2.9,0.95,7,18.1,18.0,3.9,14.1,CRITICAL,1,SYNTHETIC EMERGENCY V2X
EMG-EVT-005052,AMB-14,AMBULANCE,7.3,0.89,13,20.8,36.7,9.3,27.4,CRITICAL,1,SYNTHETIC EMERGENCY V2X
EMG-EVT-005053,POL-09,POLICE,5.7,0.44,12,48.9,21.4,7.4,14.0,CRITICAL,1,SYNTHETIC EMERGENCY V2X
EMG-EVT-005054,AMB-16,AMBULANCE,2.3,0.63,4,29.4,9.5,2.9,6.6,CRITICAL,1,SYNTHETIC EMERGENCY V2X
EMG-EVT-005055,POL-03,POLICE,13.5,0.32,24,57.3,42.9,17.1,25.8,CRITICAL,1,SYNTHETIC EMERGENCY V2X
EMG-EVT-005056,AMB-10,AMBULANCE,14.0,0.24,27,52.6,48.4,18.0,30.4,CRITICAL,1,SYNTHETIC EMERGENCY V2X
EMG-EVT-005057,AMB-18,AMBULANCE,6.6,0.48,14,42.7,26.1,8.6,17.5,CRITICAL,1,SYNTHETIC EMERGENCY V2X
EMG-EVT-005058,AMB-03,AMBULANCE,11.5,0.47,21,45.0,40.5,14.6,25.9,CRITICAL,1,SYNTHETIC EMERGENCY V2X
EMG-EVT-005059,FIRE-08,FIRE_TRUCK,7.8,0.82,17,20.0,43.8,10.2,33.6,CRITICAL,1,SYNTHETIC EMERGENCY V2X
EMG-EVT-005060,AMB-19,AMBULANCE,2.0,0.76,6,21.6,12.8,2.8,10.0,CRITICAL,1,SYNTHETIC EMERGENCY V2X
EMG-EVT-005061,FIRE-02,FIRE_TRUCK,13.9,0.3,28,57.3,48.2,18.0,30.2,CRITICAL,1,SYNTHETIC EMERGENCY V2X
EMG-EVT-005062,AMB-13,AMBULANCE,9.5,0.5,19,41.3,36.6,12.3,24.3,CRITICAL,1,SYNTHETIC EMERGENCY V2X
EMG-EVT-005063,FIRE-01,FIRE_TRUCK,10.1,0.68,21,30.1,45.3,13.1,32.2,CRITICAL,1,SYNTHETIC EMERGENCY V2X
EMG-EVT-005064,POL-01,POLICE,8.9,0.31,19,58.2,32.0,11.6,20.4,CRITICAL,1,SYNTHETIC EMERGENCY V2X
EMG-EVT-005065,AMB-02,AMBULANCE,4.8,0.31,8,57.8,14.6,6.0,8.6,CRITICAL,1,SYNTHETIC EMERGENCY V2X
EMG-EVT-005066,AMB-12,AMBULANCE,14.8,0.77,26,26.6,64.6,18.7,45.9,CRITICAL,1,SYNTHETIC EMERGENCY V2X
EMG-EVT-005067,POL-01,POLICE,13.5,0.41,24,47.1,46.0,17.1,28.9,CRITICAL,1,SYNTHETIC EMERGENCY V2X
EMG-EVT-005068,AMB-07,AMBULANCE,5.1,0.52,10,45.2,18.8,6.6,12.2,CRITICAL,1,SYNTHETIC EMERGENCY V2X
EMG-EVT-005069,AMB-18,AMBULANCE,3.5,0.29,8,59.1,13.2,4.6,8.6,CRITICAL,1,SYNTHETIC EMERGENCY V2X
EMG-EVT-005070,FIRE-07,FIRE_TRUCK,6.8,0.97,12,16.2,39.6,8.6,31.0,CRITICAL,1,SYNTHETIC EMERGENCY V2X
EMG-EVT-005071,AMB-18,AMBULANCE,15.2,0.48,28,38.6,57.2,19.4,37.8,CRITICAL,1,SYNTHETIC EMERGENCY V2X
EMG-EVT-005072,AMB-13,AMBULANCE,2.5,0.54,4,35.4,9.0,3.1,5.9,CRITICAL,1,SYNTHETIC EMERGENCY V2X
EMG-EVT-005073,AMB-07,AMBULANCE,6.2,0.59,12,34.0,25.3,8.0,17.3,CRITICAL,1,SYNTHETIC EMERGENCY V2X
EMG-EVT-005074,AMB-13,AMBULANCE,1.7,0.31,6,57.4,9.0,2.5,6.5,CRITICAL,1,SYNTHETIC EMERGENCY V2X
EMG-EVT-005075,AMB-09,AMBULANCE,15.1,0.85,28,19.4,80.3,19.3,61.0,CRITICAL,1,SYNTHETIC EMERGENCY V2X
EMG-EVT-005076,POL-02,POLICE,7.0,0.83,13,17.9,39.1,8.9,30.2,CRITICAL,1,SYNTHETIC EMERGENCY V2X
EMG-EVT-005077,AMB-18,AMBULANCE,15.7,0.53,31,44.9,58.2,20.2,38.0,CRITICAL,1,SYNTHETIC EMERGENCY V2X
EMG-EVT-005078,FIRE-08,FIRE_TRUCK,6.1,0.78,11,27.9,26.3,7.8,18.5,CRITICAL,1,SYNTHETIC EMERGENCY V2X
EMG-EVT-005079,FIRE-03,FIRE_TRUCK,3.1,0.88,8,23.7,17.4,4.2,13.2,CRITICAL,1,SYNTHETIC EMERGENCY V2X
EMG-EVT-005080,POL-05,POLICE,12.4,0.4,23,47.8,43.2,15.8,27.4,CRITICAL,1,SYNTHETIC EMERGENCY V2X
EMG-EVT-005081,AMB-13,AMBULANCE,8.3,0.52,15,36.0,31.8,10.6,21.2,CRITICAL,1,SYNTHETIC EMERGENCY V2X
EMG-EVT-005082,AMB-05,AMBULANCE,12.2,0.71,24,24.8,58.3,15.7,42.6,CRITICAL,1,SYNTHETIC EMERGENCY V2X
EMG-EVT-005083,AMB-08,AMBULANCE,6.7,0.49,14,44.3,25.9,8.7,17.2,CRITICAL,1,SYNTHETIC EMERGENCY V2X
EMG-EVT-005084,AMB-16,AMBULANCE,15.2,0.97,29,11.1,117.0,19.5,97.5,CRITICAL,1,SYNTHETIC EMERGENCY V2X
EMG-EVT-005085,AMB-13,AMBULANCE,6.7,0.85,14,19.6,37.3,8.7,28.6,CRITICAL,1,SYNTHETIC EMERGENCY V2X
EMG-EVT-005086,AMB-04,AMBULANCE,13.2,0.67,24,28.3,56.8,16.8,40.0,CRITICAL,1,SYNTHETIC EMERGENCY V2X
EMG-EVT-005087,AMB-05,AMBULANCE,10.1,0.88,20,22.9,50.5,13.0,37.5,CRITICAL,1,SYNTHETIC EMERGENCY V2X
EMG-EVT-005088,POL-10,POLICE,12.9,0.97,26,11.0,101.6,16.7,84.9,CRITICAL,1,SYNTHETIC EMERGENCY V2X
EMG-EVT-005089,FIRE-01,FIRE_TRUCK,11.6,0.82,23,18.8,64.6,15.0,49.6,CRITICAL,1,SYNTHETIC EMERGENCY V2X
EMG-EVT-005090,FIRE-07,FIRE_TRUCK,4.7,0.72,10,32.6,20.7,6.1,14.6,CRITICAL,1,SYNTHETIC EMERGENCY V2X
EMG-EVT-005091,AMB-09,AMBULANCE,8.7,0.94,16,18.4,47.6,11.1,36.5,CRITICAL,1,SYNTHETIC EMERGENCY V2X
EMG-EVT-005092,FIRE-07,FIRE_TRUCK,11.3,0.87,22,17.0,66.3,14.5,51.8,CRITICAL,1,SYNTHETIC EMERGENCY V2X
EMG-EVT-005093,AMB-03,AMBULANCE,2.3,0.6,4,39.1,8.3,2.9,5.4,CRITICAL,1,SYNTHETIC EMERGENCY V2X
EMG-EVT-005094,AMB-17,AMBULANCE,13.8,0.78,24,28.2,58.2,17.5,40.7,CRITICAL,1,SYNTHETIC EMERGENCY V2X
EMG-EVT-005095,AMB-06,AMBULANCE,2.2,0.4,6,52.2,9.7,3.0,6.7,CRITICAL,1,SYNTHETIC EMERGENCY V2X
EMG-EVT-005096,AMB-01,AMBULANCE,2.1,0.3,4,55.3,7.1,2.7,4.4,CRITICAL,1,SYNTHETIC EMERGENCY V2X
EMG-EVT-005097,AMB-03,AMBULANCE,13.6,0.74,27,32.2,57.7,17.5,40.2,CRITICAL,1,SYNTHETIC EMERGENCY V2X
EMG-EVT-005098,AMB-15,AMBULANCE,15.9,0.52,28,40.3,57.3,20.1,37.2,CRITICAL,1,SYNTHETIC EMERGENCY V2X
EMG-EVT-005099,AMB-18,AMBULANCE,8.9,0.88,18,17.1,52.8,11.5,41.3,CRITICAL,1,SYNTHETIC EMERGENCY V2X
EMG-EVT-005100,AMB-12,AMBULANCE,3.3,0.23,6,55.4,10.8,4.2,6.6,CRITICAL,1,SYNTHETIC EMERGENCY V2X
EMG-EVT-005101,FIRE-06,FIRE_TRUCK,9.1,0.21,16,56.9,28.8,11.5,17.3,CRITICAL,1,SYNTHETIC EMERGENCY V2X
EMG-EVT-005102,AMB-20,AMBULANCE,10.3,0.71,18,27.8,43.8,13.0,30.8,CRITICAL,1,SYNTHETIC EMERGENCY V2X
EMG-EVT-005103,POL-01,POLICE,10.5,0.52,20,38.0,40.6,13.5,27.1,CRITICAL,1,SYNTHETIC EMERGENCY V2X
EMG-EVT-005104,FIRE-09,FIRE_TRUCK,15.7,0.72,28,29.4,65.6,19.9,45.7,CRITICAL,1,SYNTHETIC EMERGENCY V2X
EMG-EVT-005105,AMB-12,AMBULANCE,8.2,0.27,15,51.5,27.6,10.4,17.2,CRITICAL,1,SYNTHETIC EMERGENCY V2X
EMG-EVT-005106,AMB-06,AMBULANCE,2.8,0.56,5,42.6,9.9,3.6,6.3,CRITICAL,1,SYNTHETIC EMERGENCY V2X
EMG-EVT-005107,AMB-16,AMBULANCE,14.1,0.72,28,30.8,61.1,18.2,42.9,CRITICAL,1,SYNTHETIC EMERGENCY V2X
EMG-EVT-005108,POL-01,POLICE,4.3,0.58,8,36.4,16.7,5.5,11.2,CRITICAL,1,SYNTHETIC EMERGENCY V2X
EMG-EVT-005109,AMB-03,AMBULANCE,12.8,0.88,24,17.7,72.2,16.4,55.8,CRITICAL,1,SYNTHETIC EMERGENCY V2X
EMG-EVT-005110,AMB-13,AMBULANCE,4.1,0.71,9,31.1,18.7,5.4,13.3,CRITICAL,1,SYNTHETIC EMERGENCY V2X
EMG-EVT-005111,AMB-08,AMBULANCE,7.5,0.6,13,34.2,28.8,9.5,19.3,CRITICAL,1,SYNTHETIC EMERGENCY V2X
EMG-EVT-005112,AMB-09,AMBULANCE,15.0,0.95,29,13.8,100.0,19.3,80.7,CRITICAL,1,SYNTHETIC EMERGENCY V2X
EMG-EVT-005113,AMB-02,AMBULANCE,12.1,0.34,21,51.1,39.4,15.3,24.1,CRITICAL,1,SYNTHETIC EMERGENCY V2X
EMG-EVT-005114,AMB-15,AMBULANCE,9.4,0.54,17,35.6,36.2,12.0,24.2,CRITICAL,1,SYNTHETIC EMERGENCY V2X
EMG-EVT-005115,FIRE-09,FIRE_TRUCK,4.8,0.24,10,57.6,17.0,6.2,10.8,CRITICAL,1,SYNTHETIC EMERGENCY V2X
EMG-EVT-005116,AMB-20,AMBULANCE,5.3,0.31,10,55.6,17.7,6.8,10.9,CRITICAL,1,SYNTHETIC EMERGENCY V2X
EMG-EVT-005117,AMB-16,AMBULANCE,15.5,0.41,30,49.6,54.8,19.9,34.9,CRITICAL,1,SYNTHETIC EMERGENCY V2X
EMG-EVT-005118,FIRE-08,FIRE_TRUCK,14.2,0.22,27,59.1,46.8,18.2,28.6,CRITICAL,1,SYNTHETIC EMERGENCY V2X
EMG-EVT-005119,AMB-01,AMBULANCE,4.5,0.55,9,37.2,18.1,5.8,12.3,CRITICAL,1,SYNTHETIC EMERGENCY V2X
EMG-EVT-005120,FIRE-10,FIRE_TRUCK,11.6,0.85,20,19.9,59.0,14.7,44.3,CRITICAL,1,SYNTHETIC EMERGENCY V2X
EMG-EVT-005121,AMB-10,AMBULANCE,5.7,0.49,13,47.1,22.9,7.5,15.4,CRITICAL,1,SYNTHETIC EMERGENCY V2X
EMG-EVT-005122,AMB-12,AMBULANCE,2.7,0.69,4,30.7,10.1,3.3,6.8,CRITICAL,1,SYNTHETIC EMERGENCY V2X
EMG-EVT-005123,AMB-11,AMBULANCE,12.9,0.54,24,41.9,47.3,16.5,30.8,CRITICAL,1,SYNTHETIC EMERGENCY V2X
EMG-EVT-005124,FIRE-01,FIRE_TRUCK,14.8,0.93,29,12.4,106.4,19.0,87.4,CRITICAL,1,SYNTHETIC EMERGENCY V2X
EMG-EVT-005125,AMB-11,AMBULANCE,10.0,0.89,19,22.2,49.8,12.8,37.0,CRITICAL,1,SYNTHETIC EMERGENCY V2X
EMG-EVT-005126,AMB-02,AMBULANCE,14.6,0.96,26,14.2,92.9,18.5,74.4,CRITICAL,1,SYNTHETIC EMERGENCY V2X
EMG-EVT-005127,AMB-07,AMBULANCE,15.3,0.54,30,35.5,61.9,19.7,42.2,CRITICAL,1,SYNTHETIC EMERGENCY V2X
EMG-EVT-005128,AMB-05,AMBULANCE,14.5,0.87,26,17.8,80.1,18.4,61.7,CRITICAL,1,SYNTHETIC EMERGENCY V2X
EMG-EVT-005129,POL-10,POLICE,9.3,0.39,16,48.9,30.6,11.7,18.9,CRITICAL,1,SYNTHETIC EMERGENCY V2X
EMG-EVT-005130,AMB-19,AMBULANCE,3.0,0.74,7,26.1,15.3,4.0,11.3,CRITICAL,1,SYNTHETIC EMERGENCY V2X
EMG-EVT-005131,AMB-20,AMBULANCE,15.8,0.98,28,10.9,120.6,20.0,100.6,CRITICAL,1,SYNTHETIC EMERGENCY V2X
EMG-EVT-005132,AMB-01,AMBULANCE,14.5,0.95,26,18.1,79.3,18.4,60.9,CRITICAL,1,SYNTHETIC EMERGENCY V2X
EMG-EVT-005133,FIRE-04,FIRE_TRUCK,7.9,0.54,16,38.2,31.6,10.2,21.4,CRITICAL,1,SYNTHETIC EMERGENCY V2X
EMG-EVT-005134,AMB-02,AMBULANCE,12.4,0.51,23,37.7,47.3,15.8,31.5,CRITICAL,1,SYNTHETIC EMERGENCY V2X
EMG-EVT-005135,AMB-04,AMBULANCE,4.5,0.64,11,31.9,21.7,6.0,15.7,CRITICAL,1,SYNTHETIC EMERGENCY V2X
EMG-EVT-005136,AMB-12,AMBULANCE,9.9,0.73,17,25.3,43.9,12.5,31.4,CRITICAL,1,SYNTHETIC EMERGENCY V2X
EMG-EVT-005137,AMB-02,AMBULANCE,9.8,0.23,17,56.8,30.8,12.4,18.4,CRITICAL,1,SYNTHETIC EMERGENCY V2X
EMG-EVT-005138,AMB-01,AMBULANCE,12.6,0.7,23,34.0,49.8,16.0,33.8,CRITICAL,1,SYNTHETIC EMERGENCY V2X
EMG-EVT-005139,AMB-12,AMBULANCE,4.0,0.7,7,25.2,17.9,5.1,12.8,CRITICAL,1,SYNTHETIC EMERGENCY V2X
EMG-EVT-005140,AMB-14,AMBULANCE,15.9,0.59,30,32.6,65.3,20.3,45.0,CRITICAL,1,SYNTHETIC EMERGENCY V2X
EMG-EVT-005141,POL-09,POLICE,9.9,0.67,20,33.4,41.8,12.8,29.0,CRITICAL,1,SYNTHETIC EMERGENCY V2X
EMG-EVT-005142,POL-09,POLICE,7.0,0.32,13,53.5,23.5,8.9,14.6,CRITICAL,1,SYNTHETIC EMERGENCY V2X
EMG-EVT-005143,AMB-02,AMBULANCE,7.6,0.39,14,53.5,25.3,9.7,15.6,CRITICAL,1,SYNTHETIC EMERGENCY V2X
EMG-EVT-005144,AMB-15,AMBULANCE,5.5,0.81,11,25.1,26.3,7.1,19.2,CRITICAL,1,SYNTHETIC EMERGENCY V2X
EMG-EVT-005145,AMB-20,AMBULANCE,11.6,0.46,23,49.4,41.7,15.0,26.7,CRITICAL,1,SYNTHETIC EMERGENCY V2X
EMG-EVT-005146,AMB-14,AMBULANCE,2.1,0.34,3,47.6,6.2,2.6,3.6,CRITICAL,1,SYNTHETIC EMERGENCY V2X
EMG-EVT-005147,AMB-18,AMBULANCE,1.7,0.34,4,53.0,6.7,2.3,4.4,CRITICAL,1,SYNTHETIC EMERGENCY V2X
EMG-EVT-005148,FIRE-06,FIRE_TRUCK,14.6,0.72,26,28.7,61.7,18.5,43.2,CRITICAL,1,SYNTHETIC EMERGENCY V2X
EMG-EVT-005149,AMB-11,AMBULANCE,12.5,0.52,23,39.0,46.8,15.9,30.9,CRITICAL,1,SYNTHETIC EMERGENCY V2X
EMG-EVT-005150,FIRE-07,FIRE_TRUCK,16.0,0.95,28,16.7,91.1,20.3,70.8,CRITICAL,1,SYNTHETIC EMERGENCY V2X
EMG-EVT-005151,AMB-14,AMBULANCE,15.3,0.5,27,37.2,57.1,19.4,37.7,CRITICAL,1,SYNTHETIC EMERGENCY V2X
EMG-EVT-005152,POL-06,POLICE,10.9,0.87,20,18.1,60.1,13.9,46.2,CRITICAL,1,SYNTHETIC EMERGENCY V2X
EMG-EVT-005153,AMB-02,AMBULANCE,15.0,0.41,28,49.5,51.8,19.2,32.6,CRITICAL,1,SYNTHETIC EMERGENCY V2X
EMG-EVT-005154,AMB-06,AMBULANCE,7.9,0.26,14,60.2,24.7,10.0,14.7,CRITICAL,1,SYNTHETIC EMERGENCY V2X
EMG-EVT-005155,AMB-17,AMBULANCE,6.0,0.71,12,31.3,25.9,7.7,18.2,CRITICAL,1,SYNTHETIC EMERGENCY V2X
EMG-EVT-005156,FIRE-08,FIRE_TRUCK,15.5,0.89,28,19.6,81.0,19.7,61.3,CRITICAL,1,SYNTHETIC EMERGENCY V2X
EMG-EVT-005157,POL-08,POLICE,5.8,0.81,11,20.9,29.9,7.4,22.5,CRITICAL,1,SYNTHETIC EMERGENCY V2X
EMG-EVT-005158,AMB-12,AMBULANCE,14.1,0.3,26,53.2,47.1,18.0,29.1,CRITICAL,1,SYNTHETIC EMERGENCY V2X
EMG-EVT-005159,FIRE-06,FIRE_TRUCK,4.3,0.36,8,46.4,15.2,5.5,9.7,CRITICAL,1,SYNTHETIC EMERGENCY V2X
EMG-EVT-005160,AMB-06,AMBULANCE,13.6,0.39,27,45.1,50.5,17.5,33.0,CRITICAL,1,SYNTHETIC EMERGENCY V2X
EMG-EVT-005161,AMB-03,AMBULANCE,13.5,0.31,25,57.9,44.0,17.2,26.8,CRITICAL,1,SYNTHETIC EMERGENCY V2X
EMG-EVT-005162,AMB-16,AMBULANCE,11.3,0.64,22,33.6,46.6,14.5,32.1,CRITICAL,1,SYNTHETIC EMERGENCY V2X
EMG-EVT-005163,AMB-08,AMBULANCE,11.2,0.71,21,29.5,48.0,14.3,33.7,CRITICAL,1,SYNTHETIC EMERGENCY V2X
EMG-EVT-005164,AMB-08,AMBULANCE,7.2,0.83,14,19.0,39.5,9.3,30.2,CRITICAL,1,SYNTHETIC EMERGENCY V2X
EMG-EVT-005165,FIRE-03,FIRE_TRUCK,4.5,0.69,11,33.0,21.4,6.0,15.4,CRITICAL,1,SYNTHETIC EMERGENCY V2X
EMG-EVT-005166,FIRE-08,FIRE_TRUCK,9.8,0.61,18,38.8,36.8,12.5,24.3,CRITICAL,1,SYNTHETIC EMERGENCY V2X
EMG-EVT-005167,AMB-18,AMBULANCE,13.3,0.69,26,28.8,58.9,17.1,41.8,CRITICAL,1,SYNTHETIC EMERGENCY V2X
EMG-EVT-005168,AMB-14,AMBULANCE,12.2,0.83,24,25.0,58.1,15.7,42.4,CRITICAL,1,SYNTHETIC EMERGENCY V2X
EMG-EVT-005169,FIRE-05,FIRE_TRUCK,3.1,0.22,8,63.0,12.6,4.2,8.4,CRITICAL,1,SYNTHETIC EMERGENCY V2X
EMG-EVT-005170,FIRE-10,FIRE_TRUCK,7.9,0.77,17,29.9,36.3,10.3,26.0,CRITICAL,1,SYNTHETIC EMERGENCY V2X
EMG-EVT-005171,POL-02,POLICE,15.2,0.95,28,12.2,108.4,19.4,89.0,CRITICAL,1,SYNTHETIC EMERGENCY V2X
EMG-EVT-005172,AMB-09,AMBULANCE,14.1,0.93,26,11.7,103.5,18.0,85.5,CRITICAL,1,SYNTHETIC EMERGENCY V2X
EMG-EVT-005173,AMB-09,AMBULANCE,1.7,0.83,4,21.2,9.6,2.3,7.3,CRITICAL,1,SYNTHETIC EMERGENCY V2X
EMG-EVT-005174,AMB-15,AMBULANCE,9.5,0.61,17,36.7,35.9,12.1,23.8,CRITICAL,1,SYNTHETIC EMERGENCY V2X
EMG-EVT-005175,POL-10,POLICE,3.4,0.25,8,58.4,13.1,4.5,8.6,CRITICAL,1,SYNTHETIC EMERGENCY V2X
EMG-EVT-005176,AMB-15,AMBULANCE,11.9,0.88,21,21.0,59.2,15.1,44.1,CRITICAL,1,SYNTHETIC EMERGENCY V2X
EMG-EVT-005177,AMB-15,AMBULANCE,15.9,0.37,30,54.6,53.5,20.3,33.2,CRITICAL,1,SYNTHETIC EMERGENCY V2X
EMG-EVT-005178,AMB-16,AMBULANCE,9.9,0.5,18,46.0,34.5,12.6,21.9,CRITICAL,1,SYNTHETIC EMERGENCY V2X
EMG-EVT-005179,AMB-06,AMBULANCE,3.0,0.44,6,44.5,11.2,3.9,7.3,CRITICAL,1,SYNTHETIC EMERGENCY V2X
EMG-EVT-005180,AMB-14,AMBULANCE,12.1,0.51,21,44.9,41.4,15.3,26.1,CRITICAL,1,SYNTHETIC EMERGENCY V2X
EMG-EVT-005181,FIRE-05,FIRE_TRUCK,9.2,0.86,18,23.7,44.9,11.8,33.1,CRITICAL,1,SYNTHETIC EMERGENCY V2X
EMG-EVT-005182,AMB-11,AMBULANCE,1.6,0.82,5,19.8,10.8,2.2,8.6,CRITICAL,1,SYNTHETIC EMERGENCY V2X
EMG-EVT-005183,AMB-01,AMBULANCE,6.5,0.78,11,26.3,28.0,8.2,19.8,CRITICAL,1,SYNTHETIC EMERGENCY V2X
EMG-EVT-005184,AMB-11,AMBULANCE,11.9,0.32,22,50.1,40.7,15.2,25.5,CRITICAL,1,SYNTHETIC EMERGENCY V2X
EMG-EVT-005185,POL-09,POLICE,8.0,0.71,14,31.3,32.1,10.1,22.0,CRITICAL,1,SYNTHETIC EMERGENCY V2X
EMG-EVT-005186,AMB-04,AMBULANCE,11.3,0.46,23,45.8,42.4,14.6,27.8,CRITICAL,1,SYNTHETIC EMERGENCY V2X
EMG-EVT-005187,AMB-17,AMBULANCE,4.1,0.69,8,30.8,17.6,5.3,12.3,CRITICAL,1,SYNTHETIC EMERGENCY V2X
EMG-EVT-005188,AMB-04,AMBULANCE,6.0,0.28,11,57.5,19.5,7.6,11.9,CRITICAL,1,SYNTHETIC EMERGENCY V2X
EMG-EVT-005189,FIRE-08,FIRE_TRUCK,2.8,0.22,6,61.4,9.9,3.7,6.2,HIGH,1,SYNTHETIC EMERGENCY V2X
EMG-EVT-005190,POL-10,POLICE,14.3,0.56,28,36.0,57.4,18.4,39.0,CRITICAL,1,SYNTHETIC EMERGENCY V2X
EMG-EVT-005191,AMB-02,AMBULANCE,4.9,0.61,10,37.0,19.9,6.3,13.6,CRITICAL,1,SYNTHETIC EMERGENCY V2X
EMG-EVT-005192,AMB-02,AMBULANCE,11.4,0.74,23,26.1,53.8,14.7,39.1,CRITICAL,1,SYNTHETIC EMERGENCY V2X
EMG-EVT-005193,AMB-05,AMBULANCE,15.9,0.44,29,46.9,55.1,20.2,34.9,CRITICAL,1,SYNTHETIC EMERGENCY V2X
EMG-EVT-005194,AMB-18,AMBULANCE,14.7,0.78,29,27.8,66.5,18.9,47.6,CRITICAL,1,SYNTHETIC EMERGENCY V2X
EMG-EVT-005195,AMB-04,AMBULANCE,3.8,0.37,7,47.8,13.2,4.8,8.4,CRITICAL,1,SYNTHETIC EMERGENCY V2X
EMG-EVT-005196,AMB-19,AMBULANCE,10.1,0.29,19,55.6,33.7,12.9,20.8,CRITICAL,1,SYNTHETIC EMERGENCY V2X
EMG-EVT-005197,FIRE-03,FIRE_TRUCK,15.4,0.46,28,47.7,53.0,19.6,33.4,CRITICAL,1,SYNTHETIC EMERGENCY V2X
EMG-EVT-005198,AMB-17,AMBULANCE,8.0,0.26,15,60.3,26.0,10.2,15.8,CRITICAL,1,SYNTHETIC EMERGENCY V2X
EMG-EVT-005199,FIRE-04,FIRE_TRUCK,11.1,0.64,21,34.4,44.6,14.2,30.4,CRITICAL,1,SYNTHETIC EMERGENCY V2X
EMG-EVT-005200,POL-05,POLICE,6.4,0.94,11,19.3,33.1,8.1,25.0,CRITICAL,1,SYNTHETIC EMERGENCY V2X
EMG-EVT-005201,FIRE-07,FIRE_TRUCK,10.2,0.85,18,18.3,55.0,12.9,42.1,CRITICAL,1,SYNTHETIC EMERGENCY V2X
EMG-EVT-005202,AMB-13,AMBULANCE,8.7,0.4,15,52.1,28.0,11.0,17.0,CRITICAL,1,SYNTHETIC EMERGENCY V2X
EMG-EVT-005203,AMB-19,AMBULANCE,8.3,0.71,14,31.4,32.7,10.5,22.2,CRITICAL,1,SYNTHETIC EMERGENCY V2X
EMG-EVT-005204,POL-02,POLICE,10.6,0.71,19,25.0,48.2,13.5,34.7,CRITICAL,1,SYNTHETIC EMERGENCY V2X
EMG-EVT-005205,AMB-02,AMBULANCE,15.6,0.97,30,10.0,129.6,20.0,109.6,CRITICAL,1,SYNTHETIC EMERGENCY V2X
EMG-EVT-005206,FIRE-05,FIRE_TRUCK,6.9,0.57,15,40.1,28.3,9.0,19.3,CRITICAL,1,SYNTHETIC EMERGENCY V2X
EMG-EVT-005207,AMB-06,AMBULANCE,15.4,0.72,28,32.9,61.7,19.6,42.1,CRITICAL,1,SYNTHETIC EMERGENCY V2X
EMG-EVT-005208,AMB-19,AMBULANCE,12.8,0.71,23,30.0,53.2,16.3,36.9,CRITICAL,1,SYNTHETIC EMERGENCY V2X
EMG-EVT-005209,AMB-04,AMBULANCE,14.8,0.52,26,43.9,51.4,18.7,32.7,CRITICAL,1,SYNTHETIC EMERGENCY V2X
EMG-EVT-005210,POL-02,POLICE,13.3,0.27,25,56.8,44.0,17.0,27.0,CRITICAL,1,SYNTHETIC EMERGENCY V2X
EMG-EVT-005211,AMB-09,AMBULANCE,2.2,0.81,3,19.8,10.3,2.7,7.6,CRITICAL,1,SYNTHETIC EMERGENCY V2X
EMG-EVT-005212,AMB-04,AMBULANCE,4.0,0.93,10,20.9,23.5,5.4,18.1,CRITICAL,1,SYNTHETIC EMERGENCY V2X
EMG-EVT-005213,AMB-13,AMBULANCE,5.4,0.38,11,47.9,20.0,7.0,13.0,CRITICAL,1,SYNTHETIC EMERGENCY V2X
EMG-EVT-005214,AMB-08,AMBULANCE,12.2,0.65,23,32.0,50.5,15.6,34.9,CRITICAL,1,SYNTHETIC EMERGENCY V2X
EMG-EVT-005215,FIRE-03,FIRE_TRUCK,9.6,0.68,17,28.9,40.3,12.2,28.1,CRITICAL,1,SYNTHETIC EMERGENCY V2X
EMG-EVT-005216,AMB-13,AMBULANCE,2.0,0.86,4,21.9,10.3,2.6,7.7,CRITICAL,1,SYNTHETIC EMERGENCY V2X
EMG-EVT-005217,AMB-13,AMBULANCE,6.0,0.49,13,41.9,24.2,7.8,16.4,CRITICAL,1,SYNTHETIC EMERGENCY V2X
EMG-EVT-005218,AMB-11,AMBULANCE,10.3,0.21,20,59.4,34.4,13.2,21.2,CRITICAL,1,SYNTHETIC EMERGENCY V2X
EMG-EVT-005219,AMB-14,AMBULANCE,5.9,0.87,13,20.2,33.1,7.7,25.4,CRITICAL,1,SYNTHETIC EMERGENCY V2X
EMG-EVT-005220,AMB-11,AMBULANCE,9.7,0.88,20,17.3,57.6,12.6,45.0,CRITICAL,1,SYNTHETIC EMERGENCY V2X
EMG-EVT-005221,AMB-19,AMBULANCE,1.6,0.72,2,31.4,5.5,2.0,3.5,CRITICAL,1,SYNTHETIC EMERGENCY V2X
EMG-EVT-005222,POL-08,POLICE,15.6,0.52,28,41.8,56.0,19.8,36.2,CRITICAL,1,SYNTHETIC EMERGENCY V2X
EMG-EVT-005223,FIRE-06,FIRE_TRUCK,5.4,0.94,10,10.7,42.3,6.9,35.4,CRITICAL,1,SYNTHETIC EMERGENCY V2X
EMG-EVT-005224,AMB-18,AMBULANCE,12.6,0.73,24,32.5,52.1,16.1,36.0,CRITICAL,1,SYNTHETIC EMERGENCY V2X
EMG-EVT-005225,POL-10,POLICE,2.3,0.22,6,58.2,9.6,3.1,6.5,HIGH,1,SYNTHETIC EMERGENCY V2X
EMG-EVT-005226,AMB-15,AMBULANCE,12.9,0.88,25,19.8,69.1,16.6,52.5,CRITICAL,1,SYNTHETIC EMERGENCY V2X
EMG-EVT-005227,POL-05,POLICE,14.3,0.49,27,40.4,53.6,18.3,35.3,CRITICAL,1,SYNTHETIC EMERGENCY V2X
EMG-EVT-005228,AMB-07,AMBULANCE,6.4,0.47,11,46.5,21.5,8.1,13.4,CRITICAL,1,SYNTHETIC EMERGENCY V2X
EMG-EVT-005229,AMB-11,AMBULANCE,8.6,0.39,15,52.2,27.9,10.9,17.0,CRITICAL,1,SYNTHETIC EMERGENCY V2X
EMG-EVT-005230,FIRE-09,FIRE_TRUCK,8.5,0.75,16,29.7,36.4,10.9,25.5,CRITICAL,1,SYNTHETIC EMERGENCY V2X
EMG-EVT-005231,POL-03,POLICE,14.4,0.74,26,29.7,60.3,18.3,42.0,CRITICAL,1,SYNTHETIC EMERGENCY V2X
EMG-EVT-005232,AMB-19,AMBULANCE,12.4,0.46,23,44.4,44.4,15.8,28.6,CRITICAL,1,SYNTHETIC EMERGENCY V2X
EMG-EVT-005233,AMB-11,AMBULANCE,14.9,0.71,28,31.1,62.3,19.1,43.2,CRITICAL,1,SYNTHETIC EMERGENCY V2X
EMG-EVT-005234,AMB-12,AMBULANCE,5.0,0.3,10,58.9,17.1,6.5,10.6,CRITICAL,1,SYNTHETIC EMERGENCY V2X
EMG-EVT-005235,AMB-16,AMBULANCE,2.0,0.75,3,24.3,8.5,2.5,6.0,CRITICAL,1,SYNTHETIC EMERGENCY V2X
EMG-EVT-005236,FIRE-05,FIRE_TRUCK,7.6,0.45,13,44.9,25.8,9.6,16.2,CRITICAL,1,SYNTHETIC EMERGENCY V2X
EMG-EVT-005237,AMB-17,AMBULANCE,6.1,0.45,13,48.5,23.1,8.0,15.1,CRITICAL,1,SYNTHETIC EMERGENCY V2X
EMG-EVT-005238,FIRE-03,FIRE_TRUCK,9.8,0.84,20,21.8,51.0,12.7,38.3,CRITICAL,1,SYNTHETIC EMERGENCY V2X
EMG-EVT-005239,POL-01,POLICE,4.8,0.25,11,54.1,18.5,6.3,12.2,CRITICAL,1,SYNTHETIC EMERGENCY V2X
EMG-EVT-005240,AMB-15,AMBULANCE,6.8,0.3,13,55.2,23.0,8.7,14.3,CRITICAL,1,SYNTHETIC EMERGENCY V2X
EMG-EVT-005241,AMB-02,AMBULANCE,7.9,0.89,14,15.5,47.4,10.0,37.4,CRITICAL,1,SYNTHETIC EMERGENCY V2X
EMG-EVT-005242,AMB-01,AMBULANCE,6.9,0.38,12,45.0,23.6,8.7,14.9,CRITICAL,1,SYNTHETIC EMERGENCY V2X
EMG-EVT-005243,AMB-14,AMBULANCE,10.6,0.82,20,20.1,55.6,13.6,42.0,CRITICAL,1,SYNTHETIC EMERGENCY V2X
EMG-EVT-005244,AMB-15,AMBULANCE,11.5,0.27,23,54.9,40.2,14.8,25.4,CRITICAL,1,SYNTHETIC EMERGENCY V2X
EMG-EVT-005245,AMB-04,AMBULANCE,11.4,0.57,23,42.5,43.7,14.7,29.0,CRITICAL,1,SYNTHETIC EMERGENCY V2X
EMG-EVT-005246,AMB-15,AMBULANCE,10.4,0.67,21,35.3,42.9,13.4,29.5,CRITICAL,1,SYNTHETIC EMERGENCY V2X
EMG-EVT-005247,AMB-04,AMBULANCE,6.6,0.35,14,46.9,25.2,8.6,16.6,CRITICAL,1,SYNTHETIC EMERGENCY V2X
EMG-EVT-005248,AMB-03,AMBULANCE,10.8,0.27,22,53.6,38.5,14.0,24.5,CRITICAL,1,SYNTHETIC EMERGENCY V2X
EMG-EVT-005249,FIRE-06,FIRE_TRUCK,1.6,0.95,4,15.9,10.8,2.1,8.7,HIGH,1,SYNTHETIC EMERGENCY V2X
EMG-EVT-005250,AMB-11,AMBULANCE,14.1,0.38,27,48.5,49.8,18.1,31.7,CRITICAL,1,SYNTHETIC EMERGENCY V2X
EMG-EVT-005251,AMB-17,AMBULANCE,15.1,0.94,29,14.1,99.1,19.4,79.7,CRITICAL,1,SYNTHETIC EMERGENCY V2X
EMG-EVT-005252,FIRE-08,FIRE_TRUCK,9.5,0.39,19,45.9,35.2,12.3,22.9,CRITICAL,1,SYNTHETIC EMERGENCY V2X
EMG-EVT-005253,AMB-16,AMBULANCE,1.7,0.25,5,57.8,7.8,2.4,5.4,CRITICAL,1,SYNTHETIC EMERGENCY V2X
EMG-EVT-005254,FIRE-03,FIRE_TRUCK,11.9,0.35,21,46.3,40.6,15.1,25.5,CRITICAL,1,SYNTHETIC EMERGENCY V2X
EMG-EVT-005255,POL-09,POLICE,3.1,0.79,7,20.7,17.4,4.1,13.3,CRITICAL,1,SYNTHETIC EMERGENCY V2X
EMG-EVT-005256,AMB-06,AMBULANCE,14.6,0.27,28,56.7,49.0,18.7,30.3,CRITICAL,1,SYNTHETIC EMERGENCY V2X
EMG-EVT-005257,AMB-18,AMBULANCE,15.0,0.2,30,58.5,51.4,19.4,32.0,CRITICAL,1,SYNTHETIC EMERGENCY V2X
EMG-EVT-005258,FIRE-08,FIRE_TRUCK,7.1,0.69,12,29.2,29.0,8.9,20.1,CRITICAL,1,SYNTHETIC EMERGENCY V2X
EMG-EVT-005259,AMB-11,AMBULANCE,15.8,0.42,31,49.1,56.5,20.3,36.2,CRITICAL,1,SYNTHETIC EMERGENCY V2X
EMG-EVT-005260,FIRE-05,FIRE_TRUCK,13.7,0.4,27,48.6,49.3,17.6,31.7,CRITICAL,1,SYNTHETIC EMERGENCY V2X
EMG-EVT-005261,AMB-17,AMBULANCE,2.7,0.79,6,19.7,15.4,3.5,11.9,CRITICAL,1,SYNTHETIC EMERGENCY V2X
EMG-EVT-005262,AMB-13,AMBULANCE,11.2,0.24,20,52.8,36.7,14.2,22.5,CRITICAL,1,SYNTHETIC EMERGENCY V2X
EMG-EVT-005263,AMB-17,AMBULANCE,12.9,0.35,25,52.0,44.9,16.6,28.3,CRITICAL,1,SYNTHETIC EMERGENCY V2X
EMG-EVT-005264,AMB-09,AMBULANCE,4.9,0.97,11,14.8,33.1,6.4,26.7,CRITICAL,1,SYNTHETIC EMERGENCY V2X
EMG-EVT-005265,AMB-20,AMBULANCE,12.4,0.92,23,18.4,68.0,15.8,52.2,CRITICAL,1,SYNTHETIC EMERGENCY V2X
EMG-EVT-005266,AMB-15,AMBULANCE,9.0,0.75,19,23.8,45.5,11.7,33.8,CRITICAL,1,SYNTHETIC EMERGENCY V2X
EMG-EVT-005267,AMB-01,AMBULANCE,13.8,0.68,25,33.5,54.7,17.6,37.1,CRITICAL,1,SYNTHETIC EMERGENCY V2X
EMG-EVT-005268,AMB-15,AMBULANCE,11.2,0.91,20,20.2,57.3,14.2,43.1,CRITICAL,1,SYNTHETIC EMERGENCY V2X
EMG-EVT-005269,AMB-17,AMBULANCE,8.3,0.66,14,28.8,34.1,10.5,23.6,CRITICAL,1,SYNTHETIC EMERGENCY V2X
EMG-EVT-005270,AMB-01,AMBULANCE,3.4,0.22,8,59.6,13.0,4.5,8.5,CRITICAL,1,SYNTHETIC EMERGENCY V2X
EMG-EVT-005271,AMB-04,AMBULANCE,11.8,0.62,23,39.3,45.6,15.2,30.4,CRITICAL,1,SYNTHETIC EMERGENCY V2X
EMG-EVT-005272,AMB-09,AMBULANCE,12.1,0.92,21,18.9,63.6,15.3,48.3,CRITICAL,1,SYNTHETIC EMERGENCY V2X
EMG-EVT-005273,AMB-10,AMBULANCE,12.1,0.52,22,41.5,43.9,15.4,28.5,CRITICAL,1,SYNTHETIC EMERGENCY V2X
EMG-EVT-005274,AMB-09,AMBULANCE,10.2,0.54,18,37.3,38.0,12.9,25.1,CRITICAL,1,SYNTHETIC EMERGENCY V2X
EMG-EVT-005275,AMB-10,AMBULANCE,3.8,0.39,9,52.2,15.2,5.0,10.2,CRITICAL,1,SYNTHETIC EMERGENCY V2X
EMG-EVT-005276,AMB-02,AMBULANCE,8.3,0.77,17,28.3,38.0,10.8,27.2,CRITICAL,1,SYNTHETIC EMERGENCY V2X
EMG-EVT-005277,FIRE-01,FIRE_TRUCK,4.4,0.57,9,35.0,18.3,5.7,12.6,CRITICAL,1,SYNTHETIC EMERGENCY V2X
EMG-EVT-005278,FIRE-08,FIRE_TRUCK,13.7,0.78,24,29.0,57.1,17.3,39.8,CRITICAL,1,SYNTHETIC EMERGENCY V2X
EMG-EVT-005279,AMB-04,AMBULANCE,12.1,0.64,24,36.1,48.9,15.6,33.3,CRITICAL,1,SYNTHETIC EMERGENCY V2X
EMG-EVT-005280,FIRE-09,FIRE_TRUCK,7.2,0.87,12,18.0,38.4,9.1,29.3,CRITICAL,1,SYNTHETIC EMERGENCY V2X
EMG-EVT-005281,FIRE-03,FIRE_TRUCK,14.9,0.54,26,43.1,51.9,18.9,33.0,CRITICAL,1,SYNTHETIC EMERGENCY V2X
EMG-EVT-005282,AMB-13,AMBULANCE,13.3,0.98,25,15.2,82.5,17.0,65.5,CRITICAL,1,SYNTHETIC EMERGENCY V2X
EMG-EVT-005283,AMB-10,AMBULANCE,11.4,0.26,21,53.7,37.9,14.5,23.4,CRITICAL,1,SYNTHETIC EMERGENCY V2X
EMG-EVT-005284,AMB-20,AMBULANCE,13.7,0.58,25,37.5,51.9,17.4,34.5,CRITICAL,1,SYNTHETIC EMERGENCY V2X
EMG-EVT-005285,FIRE-08,FIRE_TRUCK,11.2,0.88,21,18.1,62.3,14.3,48.0,CRITICAL,1,SYNTHETIC EMERGENCY V2X
EMG-EVT-005286,AMB-10,AMBULANCE,15.2,0.72,28,24.1,71.4,19.4,52.0,CRITICAL,1,SYNTHETIC EMERGENCY V2X
EMG-EVT-005287,AMB-15,AMBULANCE,9.9,0.48,17,40.8,35.0,12.5,22.5,CRITICAL,1,SYNTHETIC EMERGENCY V2X
EMG-EVT-005288,AMB-06,AMBULANCE,12.2,0.21,22,60.7,38.5,15.5,23.0,CRITICAL,1,SYNTHETIC EMERGENCY V2X
EMG-EVT-005289,AMB-19,AMBULANCE,15.8,0.42,31,51.6,55.6,20.3,35.3,CRITICAL,1,SYNTHETIC EMERGENCY V2X
EMG-EVT-005290,AMB-07,AMBULANCE,10.5,0.38,18,53.2,33.4,13.3,20.1,CRITICAL,1,SYNTHETIC EMERGENCY V2X
EMG-EVT-005291,AMB-08,AMBULANCE,4.3,0.86,9,19.3,24.2,5.6,18.6,CRITICAL,1,SYNTHETIC EMERGENCY V2X
EMG-EVT-005292,AMB-18,AMBULANCE,9.6,0.42,20,48.6,35.9,12.5,23.4,CRITICAL,1,SYNTHETIC EMERGENCY V2X
EMG-EVT-005293,AMB-14,AMBULANCE,13.9,0.72,25,26.1,62.0,17.7,44.3,CRITICAL,1,SYNTHETIC EMERGENCY V2X
EMG-EVT-005294,AMB-08,AMBULANCE,15.7,0.46,31,49.1,56.4,20.2,36.2,CRITICAL,1,SYNTHETIC EMERGENCY V2X
EMG-EVT-005295,POL-06,POLICE,10.0,0.43,20,47.0,36.8,12.9,23.9,CRITICAL,1,SYNTHETIC EMERGENCY V2X
EMG-EVT-005296,FIRE-06,FIRE_TRUCK,3.2,0.82,6,20.8,16.4,4.1,12.3,CRITICAL,1,SYNTHETIC EMERGENCY V2X
EMG-EVT-005297,AMB-17,AMBULANCE,14.1,0.39,27,45.3,51.1,18.1,33.0,CRITICAL,1,SYNTHETIC EMERGENCY V2X
EMG-EVT-005298,AMB-02,AMBULANCE,8.8,0.64,18,37.1,35.8,11.4,24.4,CRITICAL,1,SYNTHETIC EMERGENCY V2X
EMG-EVT-005299,FIRE-08,FIRE_TRUCK,15.3,0.82,29,25.3,71.1,19.6,51.5,CRITICAL,1,SYNTHETIC EMERGENCY V2X
EMG-EVT-005300,AMB-07,AMBULANCE,13.4,0.54,24,35.3,51.6,17.0,34.6,CRITICAL,1,SYNTHETIC EMERGENCY V2X
EMG-EVT-005301,POL-04,POLICE,3.8,0.95,8,18.0,22.3,4.9,17.4,CRITICAL,1,SYNTHETIC EMERGENCY V2X
EMG-EVT-005302,AMB-04,AMBULANCE,3.0,0.27,6,58.0,10.3,3.9,6.4,CRITICAL,1,SYNTHETIC EMERGENCY V2X
EMG-EVT-005303,AMB-05,AMBULANCE,13.1,0.68,24,34.2,51.8,16.7,35.1,CRITICAL,1,SYNTHETIC EMERGENCY V2X
EMG-EVT-005304,AMB-12,AMBULANCE,12.8,0.32,25,51.7,44.9,16.5,28.4,CRITICAL,1,SYNTHETIC EMERGENCY V2X
EMG-EVT-005305,POL-05,POLICE,3.4,0.76,8,26.8,17.2,4.5,12.7,CRITICAL,1,SYNTHETIC EMERGENCY V2X
EMG-EVT-005306,POL-02,POLICE,11.0,0.8,20,23.6,52.0,14.0,38.0,CRITICAL,1,SYNTHETIC EMERGENCY V2X
EMG-EVT-005307,AMB-17,AMBULANCE,7.9,0.41,14,47.5,26.8,10.0,16.8,CRITICAL,1,SYNTHETIC EMERGENCY V2X
EMG-EVT-005308,AMB-04,AMBULANCE,6.3,0.85,11,19.0,33.1,8.0,25.1,CRITICAL,1,SYNTHETIC EMERGENCY V2X
EMG-EVT-005309,FIRE-05,FIRE_TRUCK,2.0,0.25,5,57.5,8.1,2.7,5.4,HIGH,1,SYNTHETIC EMERGENCY V2X
EMG-EVT-005310,AMB-11,AMBULANCE,14.8,0.81,26,21.8,71.9,18.7,53.2,CRITICAL,1,SYNTHETIC EMERGENCY V2X
EMG-EVT-005311,FIRE-04,FIRE_TRUCK,15.2,0.41,30,47.9,55.0,19.6,35.4,CRITICAL,1,SYNTHETIC EMERGENCY V2X
EMG-EVT-005312,AMB-12,AMBULANCE,2.0,0.96,6,19.4,13.4,2.8,10.6,CRITICAL,1,SYNTHETIC EMERGENCY V2X
EMG-EVT-005313,FIRE-10,FIRE_TRUCK,11.3,0.77,23,27.8,52.0,14.6,37.4,CRITICAL,1,SYNTHETIC EMERGENCY V2X
EMG-EVT-005314,AMB-20,AMBULANCE,11.4,0.54,21,38.9,42.8,14.5,28.3,CRITICAL,1,SYNTHETIC EMERGENCY V2X
EMG-EVT-005315,AMB-05,AMBULANCE,5.1,0.23,10,59.0,17.2,6.6,10.6,CRITICAL,1,SYNTHETIC EMERGENCY V2X
EMG-EVT-005316,AMB-04,AMBULANCE,8.8,0.96,15,11.7,63.1,11.1,52.0,CRITICAL,1,SYNTHETIC EMERGENCY V2X
EMG-EVT-005317,AMB-14,AMBULANCE,10.6,0.39,19,46.5,36.5,13.5,23.0,CRITICAL,1,SYNTHETIC EMERGENCY V2X
EMG-EVT-005318,AMB-01,AMBULANCE,5.5,0.68,12,30.0,25.4,7.2,18.2,CRITICAL,1,SYNTHETIC EMERGENCY V2X
EMG-EVT-005319,FIRE-01,FIRE_TRUCK,9.1,0.28,18,60.0,30.7,11.7,19.0,CRITICAL,1,SYNTHETIC EMERGENCY V2X
EMG-EVT-005320,AMB-06,AMBULANCE,10.9,0.76,22,29.6,48.5,14.1,34.4,CRITICAL,1,SYNTHETIC EMERGENCY V2X
EMG-EVT-005321,AMB-07,AMBULANCE,15.2,0.36,27,51.6,50.1,19.3,30.8,CRITICAL,1,SYNTHETIC EMERGENCY V2X
EMG-EVT-005322,AMB-15,AMBULANCE,13.0,0.31,23,54.8,41.8,16.5,25.3,CRITICAL,1,SYNTHETIC EMERGENCY V2X
EMG-EVT-005323,AMB-01,AMBULANCE,3.5,0.26,7,55.8,12.2,4.5,7.7,CRITICAL,1,SYNTHETIC EMERGENCY V2X
EMG-EVT-005324,AMB-20,AMBULANCE,2.0,0.41,6,46.3,9.8,2.8,7.0,CRITICAL,1,SYNTHETIC EMERGENCY V2X
EMG-EVT-005325,AMB-07,AMBULANCE,2.5,0.48,6,46.4,10.4,3.3,7.1,CRITICAL,1,SYNTHETIC EMERGENCY V2X
EMG-EVT-005326,AMB-10,AMBULANCE,9.6,0.53,20,39.6,38.5,12.5,26.0,CRITICAL,1,SYNTHETIC EMERGENCY V2X
EMG-EVT-005327,POL-02,POLICE,7.0,0.46,15,45.3,27.3,9.1,18.2,CRITICAL,1,SYNTHETIC EMERGENCY V2X
EMG-EVT-005328,AMB-06,AMBULANCE,14.5,0.3,27,58.0,47.4,18.5,28.9,CRITICAL,1,SYNTHETIC EMERGENCY V2X
EMG-EVT-005329,AMB-19,AMBULANCE,13.0,0.34,26,50.2,46.7,16.8,29.9,CRITICAL,1,SYNTHETIC EMERGENCY V2X
EMG-EVT-005330,AMB-16,AMBULANCE,4.7,0.55,10,38.2,19.4,6.1,13.3,CRITICAL,1,SYNTHETIC EMERGENCY V2X
EMG-EVT-005331,AMB-05,AMBULANCE,12.6,0.34,24,49.0,44.2,16.1,28.1,CRITICAL,1,SYNTHETIC EMERGENCY V2X
EMG-EVT-005332,FIRE-07,FIRE_TRUCK,3.4,0.53,8,39.0,14.8,4.5,10.3,CRITICAL,1,SYNTHETIC EMERGENCY V2X
EMG-EVT-005333,AMB-14,AMBULANCE,6.7,0.23,14,55.1,24.1,8.7,15.4,CRITICAL,1,SYNTHETIC EMERGENCY V2X
EMG-EVT-005334,AMB-10,AMBULANCE,7.3,0.43,13,50.7,24.2,9.3,14.9,CRITICAL,1,SYNTHETIC EMERGENCY V2X
EMG-EVT-005335,AMB-03,AMBULANCE,5.9,0.93,12,20.2,31.9,7.6,24.3,CRITICAL,1,SYNTHETIC EMERGENCY V2X
EMG-EVT-005336,AMB-08,AMBULANCE,6.9,0.43,14,51.1,24.9,8.9,16.0,CRITICAL,1,SYNTHETIC EMERGENCY V2X
EMG-EVT-005337,AMB-12,AMBULANCE,11.6,0.9,22,20.8,59.9,14.9,45.0,CRITICAL,1,SYNTHETIC EMERGENCY V2X
EMG-EVT-005338,AMB-05,AMBULANCE,12.4,0.88,24,23.3,60.7,15.9,44.8,CRITICAL,1,SYNTHETIC EMERGENCY V2X
EMG-EVT-005339,POL-01,POLICE,12.7,0.32,25,54.1,44.1,16.4,27.7,CRITICAL,1,SYNTHETIC EMERGENCY V2X
EMG-EVT-005340,AMB-04,AMBULANCE,5.8,0.74,10,31.0,23.2,7.3,15.9,CRITICAL,1,SYNTHETIC EMERGENCY V2X
EMG-EVT-005341,AMB-04,AMBULANCE,12.4,0.5,25,42.9,47.3,16.0,31.3,CRITICAL,1,SYNTHETIC EMERGENCY V2X
EMG-EVT-005342,FIRE-10,FIRE_TRUCK,4.9,0.21,11,60.6,18.1,6.4,11.7,CRITICAL,1,SYNTHETIC EMERGENCY V2X
EMG-EVT-005343,AMB-16,AMBULANCE,7.1,0.48,13,43.7,25.3,9.0,16.3,CRITICAL,1,SYNTHETIC EMERGENCY V2X
EMG-EVT-005344,AMB-12,AMBULANCE,13.5,0.94,26,12.9,94.0,17.3,76.7,CRITICAL,1,SYNTHETIC EMERGENCY V2X
EMG-EVT-005345,AMB-01,AMBULANCE,6.5,0.81,11,25.6,28.4,8.2,20.2,CRITICAL,1,SYNTHETIC EMERGENCY V2X
EMG-EVT-005346,POL-09,POLICE,4.9,0.51,8,40.6,16.8,6.1,10.7,CRITICAL,1,SYNTHETIC EMERGENCY V2X
EMG-EVT-005347,AMB-01,AMBULANCE,2.3,0.57,5,33.5,10.1,3.0,7.1,CRITICAL,1,SYNTHETIC EMERGENCY V2X
EMG-EVT-005348,AMB-04,AMBULANCE,4.6,0.66,9,36.3,18.4,5.9,12.5,CRITICAL,1,SYNTHETIC EMERGENCY V2X
EMG-EVT-005349,AMB-01,AMBULANCE,12.6,0.27,22,59.8,39.0,15.9,23.1,CRITICAL,1,SYNTHETIC EMERGENCY V2X
EMG-EVT-005350,AMB-13,AMBULANCE,2.0,0.73,6,29.7,11.2,2.8,8.4,CRITICAL,1,SYNTHETIC EMERGENCY V2X
EMG-EVT-005351,AMB-02,AMBULANCE,7.5,0.87,14,18.2,41.5,9.6,31.9,CRITICAL,1,SYNTHETIC EMERGENCY V2X
EMG-EVT-005352,AMB-10,AMBULANCE,9.2,0.49,16,40.8,32.7,11.6,21.1,CRITICAL,1,SYNTHETIC EMERGENCY V2X
EMG-EVT-005353,FIRE-07,FIRE_TRUCK,8.3,0.83,14,19.0,43.0,10.5,32.5,CRITICAL,1,SYNTHETIC EMERGENCY V2X
EMG-EVT-005354,FIRE-01,FIRE_TRUCK,15.1,0.78,30,30.0,66.2,19.5,46.7,CRITICAL,1,SYNTHETIC EMERGENCY V2X
EMG-EVT-005355,POL-01,POLICE,9.1,0.41,16,51.0,29.9,11.5,18.4,CRITICAL,1,SYNTHETIC EMERGENCY V2X
EMG-EVT-005356,AMB-20,AMBULANCE,13.7,0.46,26,40.7,51.4,17.5,33.9,CRITICAL,1,SYNTHETIC EMERGENCY V2X
EMG-EVT-005357,FIRE-06,FIRE_TRUCK,10.5,0.43,21,43.3,39.7,13.6,26.1,CRITICAL,1,SYNTHETIC EMERGENCY V2X
EMG-EVT-005358,AMB-16,AMBULANCE,3.1,0.3,8,50.2,13.3,4.2,9.1,CRITICAL,1,SYNTHETIC EMERGENCY V2X
EMG-EVT-005359,AMB-08,AMBULANCE,12.6,0.47,22,42.0,44.4,15.9,28.5,CRITICAL,1,SYNTHETIC EMERGENCY V2X
EMG-EVT-005360,FIRE-07,FIRE_TRUCK,9.9,0.9,19,15.1,62.1,12.7,49.4,CRITICAL,1,SYNTHETIC EMERGENCY V2X
EMG-EVT-005361,AMB-13,AMBULANCE,3.2,0.88,7,16.7,19.9,4.2,15.7,CRITICAL,1,SYNTHETIC EMERGENCY V2X
EMG-EVT-005362,AMB-02,AMBULANCE,6.3,0.25,14,59.5,23.2,8.3,14.9,CRITICAL,1,SYNTHETIC EMERGENCY V2X
EMG-EVT-005363,POL-05,POLICE,5.6,0.58,11,33.6,23.2,7.2,16.0,CRITICAL,1,SYNTHETIC EMERGENCY V2X
EMG-EVT-005364,AMB-19,AMBULANCE,6.3,0.64,11,29.4,26.1,8.0,18.1,CRITICAL,1,SYNTHETIC EMERGENCY V2X
EMG-EVT-005365,FIRE-05,FIRE_TRUCK,5.1,0.89,11,14.3,34.6,6.7,27.9,CRITICAL,1,SYNTHETIC EMERGENCY V2X
EMG-EVT-005366,AMB-10,AMBULANCE,3.4,0.88,6,23.3,16.0,4.3,11.7,CRITICAL,1,SYNTHETIC EMERGENCY V2X
EMG-EVT-005367,FIRE-09,FIRE_TRUCK,3.0,0.59,7,41.5,12.7,4.0,8.7,CRITICAL,1,SYNTHETIC EMERGENCY V2X
EMG-EVT-005368,AMB-16,AMBULANCE,9.3,0.83,19,17.6,54.5,12.0,42.5,CRITICAL,1,SYNTHETIC EMERGENCY V2X
EMG-EVT-005369,AMB-15,AMBULANCE,6.7,0.42,12,45.2,23.3,8.5,14.8,CRITICAL,1,SYNTHETIC EMERGENCY V2X
EMG-EVT-005370,AMB-10,AMBULANCE,13.1,0.29,26,54.8,45.5,16.9,28.6,CRITICAL,1,SYNTHETIC EMERGENCY V2X
EMG-EVT-005371,AMB-18,AMBULANCE,5.1,0.71,12,31.7,24.1,6.8,17.3,CRITICAL,1,SYNTHETIC EMERGENCY V2X
EMG-EVT-005372,AMB-17,AMBULANCE,12.7,0.84,25,21.5,65.4,16.4,49.0,CRITICAL,1,SYNTHETIC EMERGENCY V2X
EMG-EVT-005373,FIRE-05,FIRE_TRUCK,6.8,0.61,14,36.9,27.9,8.8,19.1,CRITICAL,1,SYNTHETIC EMERGENCY V2X
EMG-EVT-005374,AMB-13,AMBULANCE,11.1,0.46,20,42.3,39.7,14.1,25.6,CRITICAL,1,SYNTHETIC EMERGENCY V2X
EMG-EVT-005375,AMB-10,AMBULANCE,9.2,0.38,17,44.6,32.8,11.7,21.1,CRITICAL,1,SYNTHETIC EMERGENCY V2X
EMG-EVT-005376,AMB-20,AMBULANCE,1.8,0.55,4,37.3,7.7,2.4,5.3,CRITICAL,1,SYNTHETIC EMERGENCY V2X
EMG-EVT-005377,AMB-05,AMBULANCE,9.1,0.4,19,50.3,33.7,11.8,21.9,CRITICAL,1,SYNTHETIC EMERGENCY V2X
EMG-EVT-005378,POL-08,POLICE,8.3,0.39,14,50.8,26.6,10.5,16.1,CRITICAL,1,SYNTHETIC EMERGENCY V2X
EMG-EVT-005379,AMB-04,AMBULANCE,3.6,0.65,7,34.1,14.7,4.6,10.1,CRITICAL,1,SYNTHETIC EMERGENCY V2X
EMG-EVT-005380,AMB-19,AMBULANCE,1.9,0.47,6,39.8,10.1,2.7,7.4,CRITICAL,1,SYNTHETIC EMERGENCY V2X
EMG-EVT-005381,AMB-18,AMBULANCE,4.5,0.82,8,25.0,20.4,5.7,14.7,CRITICAL,1,SYNTHETIC EMERGENCY V2X
EMG-EVT-005382,AMB-17,AMBULANCE,8.4,0.42,15,42.1,30.0,10.7,19.3,CRITICAL,1,SYNTHETIC EMERGENCY V2X
EMG-EVT-005383,AMB-09,AMBULANCE,3.7,0.65,7,31.5,15.4,4.7,10.7,CRITICAL,1,SYNTHETIC EMERGENCY V2X
EMG-EVT-005384,FIRE-05,FIRE_TRUCK,4.1,0.93,9,11.9,31.5,5.4,26.1,CRITICAL,1,SYNTHETIC EMERGENCY V2X
EMG-EVT-005385,AMB-11,AMBULANCE,11.1,0.91,20,17.3,62.5,14.1,48.4,CRITICAL,1,SYNTHETIC EMERGENCY V2X
EMG-EVT-005386,AMB-02,AMBULANCE,10.2,0.58,18,34.1,39.5,12.9,26.6,CRITICAL,1,SYNTHETIC EMERGENCY V2X
EMG-EVT-005387,POL-02,POLICE,10.7,0.63,20,38.2,40.8,13.7,27.1,CRITICAL,1,SYNTHETIC EMERGENCY V2X
EMG-EVT-005388,AMB-05,AMBULANCE,5.9,0.47,13,42.4,23.9,7.7,16.2,CRITICAL,1,SYNTHETIC EMERGENCY V2X
EMG-EVT-005389,AMB-08,AMBULANCE,8.8,0.83,17,18.2,49.4,11.3,38.1,CRITICAL,1,SYNTHETIC EMERGENCY V2X
EMG-EVT-005390,AMB-18,AMBULANCE,6.3,0.38,13,46.8,23.7,8.2,15.5,CRITICAL,1,SYNTHETIC EMERGENCY V2X
EMG-EVT-005391,FIRE-09,FIRE_TRUCK,3.0,0.37,5,52.3,9.4,3.8,5.6,HIGH,1,SYNTHETIC EMERGENCY V2X
EMG-EVT-005392,POL-05,POLICE,5.6,0.77,10,30.8,22.9,7.1,15.8,CRITICAL,1,SYNTHETIC EMERGENCY V2X
EMG-EVT-005393,FIRE-09,FIRE_TRUCK,5.2,0.56,12,41.0,22.0,6.9,15.1,CRITICAL,1,SYNTHETIC EMERGENCY V2X
EMG-EVT-005394,POL-05,POLICE,7.5,0.81,15,23.7,37.0,9.7,27.3,CRITICAL,1,SYNTHETIC EMERGENCY V2X
EMG-EVT-005395,AMB-02,AMBULANCE,12.8,0.45,25,41.2,48.6,16.5,32.1,CRITICAL,1,SYNTHETIC EMERGENCY V2X
EMG-EVT-005396,FIRE-01,FIRE_TRUCK,2.4,0.85,5,21.2,12.8,3.1,9.7,CRITICAL,1,SYNTHETIC EMERGENCY V2X
EMG-EVT-005397,FIRE-01,FIRE_TRUCK,8.5,0.24,16,59.0,27.8,10.9,16.9,CRITICAL,1,SYNTHETIC EMERGENCY V2X
EMG-EVT-005398,AMB-02,AMBULANCE,5.7,0.96,13,12.9,42.1,7.5,34.6,CRITICAL,1,SYNTHETIC EMERGENCY V2X
EMG-EVT-005399,AMB-02,AMBULANCE,11.3,0.43,22,48.6,40.4,14.5,25.9,CRITICAL,1,SYNTHETIC EMERGENCY V2X
EMG-EVT-005400,AMB-19,AMBULANCE,12.2,0.23,22,58.2,39.0,15.5,23.5,CRITICAL,1,SYNTHETIC EMERGENCY V2X
EMG-EVT-005401,FIRE-06,FIRE_TRUCK,9.7,0.87,17,21.6,47.3,12.3,35.0,CRITICAL,1,SYNTHETIC EMERGENCY V2X
EMG-EVT-005402,POL-06,POLICE,13.4,0.34,25,47.1,47.1,17.1,30.0,CRITICAL,1,SYNTHETIC EMERGENCY V2X
EMG-EVT-005403,AMB-14,AMBULANCE,3.4,0.22,6,57.9,10.7,4.3,6.4,CRITICAL,1,SYNTHETIC EMERGENCY V2X
EMG-EVT-005404,AMB-09,AMBULANCE,10.2,0.69,19,30.7,42.7,13.0,29.7,CRITICAL,1,SYNTHETIC EMERGENCY V2X
EMG-EVT-005405,FIRE-07,FIRE_TRUCK,4.5,0.65,11,29.3,22.4,6.0,16.4,CRITICAL,1,SYNTHETIC EMERGENCY V2X
EMG-EVT-005406,FIRE-09,FIRE_TRUCK,14.6,0.35,29,49.3,52.6,18.8,33.8,CRITICAL,1,SYNTHETIC EMERGENCY V2X
EMG-EVT-005407,AMB-06,AMBULANCE,6.2,0.68,12,28.9,27.3,8.0,19.3,CRITICAL,1,SYNTHETIC EMERGENCY V2X
EMG-EVT-005408,AMB-03,AMBULANCE,13.1,0.34,25,54.6,44.4,16.8,27.6,CRITICAL,1,SYNTHETIC EMERGENCY V2X
EMG-EVT-005409,AMB-20,AMBULANCE,14.5,0.66,29,29.6,64.2,18.7,45.5,CRITICAL,1,SYNTHETIC EMERGENCY V2X
EMG-EVT-005410,AMB-10,AMBULANCE,4.7,0.7,10,28.0,22.1,6.1,16.0,CRITICAL,1,SYNTHETIC EMERGENCY V2X
EMG-EVT-005411,AMB-10,AMBULANCE,5.0,0.75,12,29.0,24.7,6.7,18.0,CRITICAL,1,SYNTHETIC EMERGENCY V2X
EMG-EVT-005412,FIRE-01,FIRE_TRUCK,11.6,0.72,20,31.0,46.5,14.7,31.8,CRITICAL,1,SYNTHETIC EMERGENCY V2X
EMG-EVT-005413,AMB-20,AMBULANCE,5.8,0.9,13,17.9,35.0,7.6,27.4,CRITICAL,1,SYNTHETIC EMERGENCY V2X
EMG-EVT-005414,FIRE-05,FIRE_TRUCK,8.3,0.26,16,53.3,28.5,10.7,17.8,CRITICAL,1,SYNTHETIC EMERGENCY V2X
EMG-EVT-005415,AMB-11,AMBULANCE,5.3,0.9,10,19.4,28.4,6.8,21.6,CRITICAL,1,SYNTHETIC EMERGENCY V2X
EMG-EVT-005416,AMB-10,AMBULANCE,4.6,0.76,10,30.4,21.1,6.0,15.1,CRITICAL,1,SYNTHETIC EMERGENCY V2X
EMG-EVT-005417,FIRE-02,FIRE_TRUCK,9.6,0.47,17,48.1,32.4,12.2,20.2,CRITICAL,1,SYNTHETIC EMERGENCY V2X
EMG-EVT-005418,FIRE-03,FIRE_TRUCK,2.8,0.63,5,34.0,10.9,3.6,7.3,HIGH,1,SYNTHETIC EMERGENCY V2X
EMG-EVT-005419,POL-09,POLICE,6.0,0.7,12,34.3,24.9,7.7,17.2,CRITICAL,1,SYNTHETIC EMERGENCY V2X
EMG-EVT-005420,AMB-04,AMBULANCE,2.5,0.89,6,16.7,16.2,3.3,12.9,CRITICAL,1,SYNTHETIC EMERGENCY V2X
EMG-EVT-005421,FIRE-01,FIRE_TRUCK,3.8,0.8,8,26.5,18.2,4.9,13.3,CRITICAL,1,SYNTHETIC EMERGENCY V2X
EMG-EVT-005422,FIRE-10,FIRE_TRUCK,13.4,0.36,26,46.1,48.6,17.2,31.4,CRITICAL,1,SYNTHETIC EMERGENCY V2X
EMG-EVT-005423,AMB-14,AMBULANCE,2.7,0.5,5,41.0,10.0,3.4,6.6,CRITICAL,1,SYNTHETIC EMERGENCY V2X
EMG-EVT-005424,FIRE-05,FIRE_TRUCK,3.5,0.28,8,57.2,13.3,4.6,8.7,CRITICAL,1,SYNTHETIC EMERGENCY V2X
EMG-EVT-005425,AMB-09,AMBULANCE,9.4,0.83,19,17.4,55.2,12.2,43.0,CRITICAL,1,SYNTHETIC EMERGENCY V2X
EMG-EVT-005426,AMB-12,AMBULANCE,9.0,0.76,19,24.4,44.9,11.7,33.2,CRITICAL,1,SYNTHETIC EMERGENCY V2X
EMG-EVT-005427,POL-01,POLICE,13.2,0.52,23,37.5,48.7,16.7,32.0,CRITICAL,1,SYNTHETIC EMERGENCY V2X
EMG-EVT-005428,AMB-13,AMBULANCE,6.1,0.72,10,33.0,23.1,7.7,15.4,CRITICAL,1,SYNTHETIC EMERGENCY V2X
EMG-EVT-005429,AMB-18,AMBULANCE,1.8,0.82,4,22.5,9.6,2.4,7.2,CRITICAL,1,SYNTHETIC EMERGENCY V2X
EMG-EVT-005430,POL-07,POLICE,8.3,0.63,15,34.3,32.5,10.6,21.9,CRITICAL,1,SYNTHETIC EMERGENCY V2X
EMG-EVT-005431,FIRE-08,FIRE_TRUCK,16.0,0.82,28,18.1,86.6,20.3,66.3,CRITICAL,1,SYNTHETIC EMERGENCY V2X
EMG-EVT-005432,AMB-16,AMBULANCE,6.4,0.47,12,40.6,23.9,8.2,15.7,CRITICAL,1,SYNTHETIC EMERGENCY V2X
EMG-EVT-005433,AMB-11,AMBULANCE,14.1,0.41,25,51.9,46.3,17.9,28.4,CRITICAL,1,SYNTHETIC EMERGENCY V2X
EMG-EVT-005434,AMB-19,AMBULANCE,11.7,0.62,22,36.3,45.7,15.0,30.7,CRITICAL,1,SYNTHETIC EMERGENCY V2X
EMG-EVT-005435,AMB-12,AMBULANCE,3.5,0.86,7,21.5,18.2,4.5,13.7,CRITICAL,1,SYNTHETIC EMERGENCY V2X
EMG-EVT-005436,AMB-08,AMBULANCE,1.6,0.91,4,20.0,9.6,2.1,7.5,CRITICAL,1,SYNTHETIC EMERGENCY V2X
EMG-EVT-005437,FIRE-10,FIRE_TRUCK,7.8,0.72,17,24.2,39.7,10.2,29.5,CRITICAL,1,SYNTHETIC EMERGENCY V2X
EMG-EVT-005438,AMB-11,AMBULANCE,6.1,0.39,13,52.4,22.6,8.0,14.6,CRITICAL,1,SYNTHETIC EMERGENCY V2X
EMG-EVT-005439,AMB-11,AMBULANCE,15.0,0.21,29,62.4,49.2,19.3,29.9,CRITICAL,1,SYNTHETIC EMERGENCY V2X
EMG-EVT-005440,AMB-05,AMBULANCE,14.8,0.95,26,14.4,92.9,18.7,74.2,CRITICAL,1,SYNTHETIC EMERGENCY V2X
EMG-EVT-005441,AMB-20,AMBULANCE,4.1,0.63,7,39.1,14.7,5.2,9.5,CRITICAL,1,SYNTHETIC EMERGENCY V2X
EMG-EVT-005442,AMB-04,AMBULANCE,7.8,0.91,15,13.6,52.4,10.0,42.4,CRITICAL,1,SYNTHETIC EMERGENCY V2X
EMG-EVT-005443,AMB-13,AMBULANCE,4.5,0.41,11,49.4,18.7,6.0,12.7,CRITICAL,1,SYNTHETIC EMERGENCY V2X
EMG-EVT-005444,AMB-01,AMBULANCE,14.9,0.89,28,21.2,75.8,19.1,56.7,CRITICAL,1,SYNTHETIC EMERGENCY V2X
EMG-EVT-005445,AMB-17,AMBULANCE,5.9,0.84,10,22.8,27.5,7.4,20.1,CRITICAL,1,SYNTHETIC EMERGENCY V2X
EMG-EVT-005446,AMB-13,AMBULANCE,2.6,0.29,4,54.0,7.7,3.2,4.5,CRITICAL,1,SYNTHETIC EMERGENCY V2X
EMG-EVT-005447,AMB-18,AMBULANCE,9.4,0.8,18,27.4,42.2,12.1,30.1,CRITICAL,1,SYNTHETIC EMERGENCY V2X
EMG-EVT-005448,AMB-03,AMBULANCE,2.4,0.43,6,41.9,10.6,3.2,7.4,CRITICAL,1,SYNTHETIC EMERGENCY V2X
EMG-EVT-005449,AMB-03,AMBULANCE,2.8,0.51,8,40.5,13.7,3.9,9.8,CRITICAL,1,SYNTHETIC EMERGENCY V2X
EMG-EVT-005450,FIRE-08,FIRE_TRUCK,7.7,0.67,14,36.8,29.4,9.8,19.6,CRITICAL,1,SYNTHETIC EMERGENCY V2X
EMG-EVT-005451,AMB-19,AMBULANCE,4.7,0.54,9,41.4,17.6,6.0,11.6,CRITICAL,1,SYNTHETIC EMERGENCY V2X
EMG-EVT-005452,AMB-11,AMBULANCE,11.1,0.8,22,27.6,50.5,14.3,36.2,CRITICAL,1,SYNTHETIC EMERGENCY V2X
EMG-EVT-005453,AMB-16,AMBULANCE,7.5,0.6,14,36.8,29.0,9.6,19.4,CRITICAL,1,SYNTHETIC EMERGENCY V2X
EMG-EVT-005454,AMB-13,AMBULANCE,14.5,0.26,26,52.0,47.9,18.4,29.5,CRITICAL,1,SYNTHETIC EMERGENCY V2X
EMG-EVT-005455,FIRE-04,FIRE_TRUCK,14.0,0.24,28,55.8,48.7,18.1,30.6,CRITICAL,1,SYNTHETIC EMERGENCY V2X
EMG-EVT-005456,AMB-19,AMBULANCE,5.5,0.22,10,57.2,17.8,7.0,10.8,CRITICAL,1,SYNTHETIC EMERGENCY V2X
EMG-EVT-005457,AMB-15,AMBULANCE,4.9,0.34,11,54.8,18.6,6.4,12.2,CRITICAL,1,SYNTHETIC EMERGENCY V2X
EMG-EVT-005458,POL-10,POLICE,4.7,0.78,10,29.9,21.4,6.1,15.3,CRITICAL,1,SYNTHETIC EMERGENCY V2X
EMG-EVT-005459,AMB-07,AMBULANCE,12.7,0.86,22,21.9,61.2,16.1,45.1,CRITICAL,1,SYNTHETIC EMERGENCY V2X
EMG-EVT-005460,AMB-13,AMBULANCE,8.5,0.74,17,30.6,37.1,11.0,26.1,CRITICAL,1,SYNTHETIC EMERGENCY V2X
EMG-EVT-005461,FIRE-10,FIRE_TRUCK,15.0,0.64,30,37.9,59.7,19.4,40.3,CRITICAL,1,SYNTHETIC EMERGENCY V2X
EMG-EVT-005462,AMB-15,AMBULANCE,3.3,0.25,6,60.2,10.5,4.2,6.3,CRITICAL,1,SYNTHETIC EMERGENCY V2X
EMG-EVT-005463,AMB-15,AMBULANCE,12.1,0.92,21,20.2,61.1,15.3,45.8,CRITICAL,1,SYNTHETIC EMERGENCY V2X
EMG-EVT-005464,AMB-16,AMBULANCE,12.2,0.97,21,12.2,85.2,15.4,69.8,CRITICAL,1,SYNTHETIC EMERGENCY V2X
EMG-EVT-005465,POL-03,POLICE,7.8,0.98,17,10.0,67.2,10.2,57.0,CRITICAL,1,SYNTHETIC EMERGENCY V2X
EMG-EVT-005466,AMB-15,AMBULANCE,1.7,0.89,6,14.1,14.4,2.5,11.9,CRITICAL,1,SYNTHETIC EMERGENCY V2X
EMG-EVT-005467,FIRE-09,FIRE_TRUCK,3.5,0.9,6,22.9,16.4,4.4,12.0,CRITICAL,1,SYNTHETIC EMERGENCY V2X
EMG-EVT-005468,AMB-19,AMBULANCE,1.9,0.41,5,46.1,8.5,2.6,5.9,CRITICAL,1,SYNTHETIC EMERGENCY V2X
EMG-EVT-005469,AMB-16,AMBULANCE,14.0,0.55,28,36.9,56.4,18.1,38.3,CRITICAL,1,SYNTHETIC EMERGENCY V2X
EMG-EVT-005470,AMB-06,AMBULANCE,2.0,0.33,3,56.4,5.7,2.5,3.2,CRITICAL,1,SYNTHETIC EMERGENCY V2X
EMG-EVT-005471,FIRE-08,FIRE_TRUCK,15.0,0.35,29,50.2,52.7,19.3,33.4,CRITICAL,1,SYNTHETIC EMERGENCY V2X
EMG-EVT-005472,FIRE-01,FIRE_TRUCK,10.1,0.65,19,29.5,43.3,12.9,30.4,CRITICAL,1,SYNTHETIC EMERGENCY V2X
EMG-EVT-005473,POL-09,POLICE,4.0,0.5,8,41.5,15.4,5.2,10.2,CRITICAL,1,SYNTHETIC EMERGENCY V2X
EMG-EVT-005474,AMB-04,AMBULANCE,8.0,0.49,16,40.9,30.9,10.3,20.6,CRITICAL,1,SYNTHETIC EMERGENCY V2X
EMG-EVT-005475,POL-05,POLICE,13.2,0.9,23,15.6,78.4,16.7,61.7,CRITICAL,1,SYNTHETIC EMERGENCY V2X
EMG-EVT-005476,AMB-15,AMBULANCE,2.7,0.73,4,29.9,10.2,3.3,6.9,CRITICAL,1,SYNTHETIC EMERGENCY V2X
EMG-EVT-005477,AMB-02,AMBULANCE,12.6,0.24,25,60.0,42.6,16.2,26.4,CRITICAL,1,SYNTHETIC EMERGENCY V2X
EMG-EVT-005478,AMB-05,AMBULANCE,1.8,0.82,5,24.5,10.4,2.5,7.9,CRITICAL,1,SYNTHETIC EMERGENCY V2X
EMG-EVT-005479,AMB-05,AMBULANCE,9.9,0.38,19,54.0,33.8,12.7,21.1,CRITICAL,1,SYNTHETIC EMERGENCY V2X
EMG-EVT-005480,AMB-02,AMBULANCE,2.2,0.28,4,58.3,7.1,2.8,4.3,CRITICAL,1,SYNTHETIC EMERGENCY V2X
EMG-EVT-005481,AMB-20,AMBULANCE,8.2,0.62,14,35.2,30.8,10.3,20.5,CRITICAL,1,SYNTHETIC EMERGENCY V2X
EMG-EVT-005482,AMB-01,AMBULANCE,2.2,0.91,5,18.2,13.3,2.9,10.4,CRITICAL,1,SYNTHETIC EMERGENCY V2X
EMG-EVT-005483,FIRE-10,FIRE_TRUCK,12.7,0.31,23,52.6,42.1,16.2,25.9,CRITICAL,1,SYNTHETIC EMERGENCY V2X
EMG-EVT-005484,AMB-05,AMBULANCE,9.6,0.74,20,31.4,42.3,12.5,29.8,CRITICAL,1,SYNTHETIC EMERGENCY V2X
EMG-EVT-005485,AMB-20,AMBULANCE,4.2,0.28,8,59.6,13.8,5.4,8.4,CRITICAL,1,SYNTHETIC EMERGENCY V2X
EMG-EVT-005486,FIRE-02,FIRE_TRUCK,12.9,0.92,23,12.6,89.0,16.4,72.6,CRITICAL,1,SYNTHETIC EMERGENCY V2X
EMG-EVT-005487,AMB-13,AMBULANCE,14.5,0.46,27,49.3,50.0,18.5,31.5,CRITICAL,1,SYNTHETIC EMERGENCY V2X
EMG-EVT-005488,AMB-03,AMBULANCE,13.5,0.96,25,14.1,87.4,17.2,70.2,CRITICAL,1,SYNTHETIC EMERGENCY V2X
EMG-EVT-005489,AMB-03,AMBULANCE,14.4,0.54,26,35.0,55.9,18.3,37.6,CRITICAL,1,SYNTHETIC EMERGENCY V2X
EMG-EVT-005490,AMB-20,AMBULANCE,11.6,0.87,21,17.1,65.9,14.8,51.1,CRITICAL,1,SYNTHETIC EMERGENCY V2X
EMG-EVT-005491,FIRE-09,FIRE_TRUCK,2.0,0.76,4,29.1,8.9,2.6,6.3,HIGH,1,SYNTHETIC EMERGENCY V2X
EMG-EVT-005492,AMB-04,AMBULANCE,6.7,0.55,15,39.4,28.2,8.8,19.4,CRITICAL,1,SYNTHETIC EMERGENCY V2X
EMG-EVT-005493,AMB-14,AMBULANCE,5.3,0.56,9,36.0,19.6,6.7,12.9,CRITICAL,1,SYNTHETIC EMERGENCY V2X
EMG-EVT-005494,AMB-14,AMBULANCE,4.2,0.81,7,19.0,21.7,5.3,16.4,CRITICAL,1,SYNTHETIC EMERGENCY V2X
EMG-EVT-005495,AMB-10,AMBULANCE,3.2,0.58,6,36.5,12.5,4.1,8.4,CRITICAL,1,SYNTHETIC EMERGENCY V2X
EMG-EVT-005496,AMB-13,AMBULANCE,15.0,0.79,29,25.2,70.5,19.3,51.2,CRITICAL,1,SYNTHETIC EMERGENCY V2X
EMG-EVT-005497,FIRE-04,FIRE_TRUCK,8.6,0.94,16,13.6,57.1,11.0,46.1,CRITICAL,1,SYNTHETIC EMERGENCY V2X
EMG-EVT-005498,AMB-06,AMBULANCE,11.4,0.38,22,51.1,39.8,14.6,25.2,CRITICAL,1,SYNTHETIC EMERGENCY V2X
EMG-EVT-005499,POL-10,POLICE,13.3,0.82,25,20.5,68.9,17.0,51.9,CRITICAL,1,SYNTHETIC EMERGENCY V2X
EMG-EVT-005500,AMB-05,AMBULANCE,13.1,0.38,26,46.1,48.2,16.9,31.3,CRITICAL,1,SYNTHETIC EMERGENCY V2X
EMG-EVT-005501,FIRE-05,FIRE_TRUCK,3.8,0.55,8,42.1,15.0,4.9,10.1,CRITICAL,1,SYNTHETIC EMERGENCY V2X
EMG-EVT-005502,FIRE-08,FIRE_TRUCK,8.0,0.59,15,34.5,31.9,10.2,21.7,CRITICAL,1,SYNTHETIC EMERGENCY V2X
EMG-EVT-005503,AMB-16,AMBULANCE,15.6,0.81,29,21.0,79.4,19.9,59.5,CRITICAL,1,SYNTHETIC EMERGENCY V2X
EMG-EVT-005504,POL-01,POLICE,5.0,0.24,9,55.2,16.2,6.4,9.8,CRITICAL,1,SYNTHETIC EMERGENCY V2X
EMG-EVT-005505,FIRE-08,FIRE_TRUCK,2.8,0.74,6,25.9,13.7,3.7,10.0,CRITICAL,1,SYNTHETIC EMERGENCY V2X
EMG-EVT-005506,AMB-15,AMBULANCE,8.6,0.66,17,34.0,35.6,11.1,24.5,CRITICAL,1,SYNTHETIC EMERGENCY V2X
EMG-EVT-005507,AMB-17,AMBULANCE,13.5,0.25,26,56.5,45.5,17.3,28.2,CRITICAL,1,SYNTHETIC EMERGENCY V2X
EMG-EVT-005508,AMB-04,AMBULANCE,4.5,0.89,11,21.2,25.9,6.0,19.9,CRITICAL,1,SYNTHETIC EMERGENCY V2X
EMG-EVT-005509,POL-10,POLICE,14.2,0.87,25,18.0,77.3,18.0,59.3,CRITICAL,1,SYNTHETIC EMERGENCY V2X
EMG-EVT-005510,POL-06,POLICE,3.3,0.91,8,21.4,18.9,4.4,14.5,CRITICAL,1,SYNTHETIC EMERGENCY V2X
EMG-EVT-005511,AMB-04,AMBULANCE,2.5,0.87,5,24.2,12.2,3.2,9.0,CRITICAL,1,SYNTHETIC EMERGENCY V2X
EMG-EVT-005512,AMB-18,AMBULANCE,2.7,0.65,7,36.5,12.8,3.6,9.2,CRITICAL,1,SYNTHETIC EMERGENCY V2X
EMG-EVT-005513,POL-07,POLICE,5.1,0.75,11,26.6,24.7,6.7,18.0,CRITICAL,1,SYNTHETIC EMERGENCY V2X
EMG-EVT-005514,AMB-13,AMBULANCE,12.9,0.21,25,55.5,43.9,16.6,27.3,CRITICAL,1,SYNTHETIC EMERGENCY V2X
EMG-EVT-005515,POL-03,POLICE,12.2,0.47,21,40.2,43.4,15.4,28.0,CRITICAL,1,SYNTHETIC EMERGENCY V2X
EMG-EVT-005516,AMB-04,AMBULANCE,15.4,0.5,27,41.7,54.6,19.5,35.1,CRITICAL,1,SYNTHETIC EMERGENCY V2X
EMG-EVT-005517,AMB-08,AMBULANCE,9.9,0.86,17,21.4,48.2,12.5,35.7,CRITICAL,1,SYNTHETIC EMERGENCY V2X
EMG-EVT-005518,FIRE-04,FIRE_TRUCK,3.1,0.47,6,42.8,11.5,4.0,7.5,HIGH,1,SYNTHETIC EMERGENCY V2X
EMG-EVT-005519,AMB-05,AMBULANCE,15.2,0.77,30,26.5,70.4,19.6,50.8,CRITICAL,1,SYNTHETIC EMERGENCY V2X
EMG-EVT-005520,AMB-06,AMBULANCE,1.8,0.53,6,42.2,9.8,2.6,7.2,CRITICAL,1,SYNTHETIC EMERGENCY V2X
EMG-EVT-005521,FIRE-04,FIRE_TRUCK,12.0,0.64,23,36.0,47.6,15.4,32.2,CRITICAL,1,SYNTHETIC EMERGENCY V2X
EMG-EVT-005522,AMB-16,AMBULANCE,12.9,0.49,25,45.2,47.1,16.6,30.5,CRITICAL,1,SYNTHETIC EMERGENCY V2X
EMG-EVT-005523,AMB-13,AMBULANCE,11.4,0.85,20,20.0,58.2,14.4,43.8,CRITICAL,1,SYNTHETIC EMERGENCY V2X
EMG-EVT-005524,AMB-12,AMBULANCE,6.1,0.78,11,23.1,29.0,7.8,21.2,CRITICAL,1,SYNTHETIC EMERGENCY V2X
EMG-EVT-005525,AMB-05,AMBULANCE,6.2,0.58,12,38.3,24.1,8.0,16.1,CRITICAL,1,SYNTHETIC EMERGENCY V2X
EMG-EVT-005526,AMB-16,AMBULANCE,6.9,0.91,14,15.4,43.7,8.9,34.8,CRITICAL,1,SYNTHETIC EMERGENCY V2X
EMG-EVT-005527,POL-10,POLICE,11.8,0.7,22,25.6,54.1,15.1,39.0,CRITICAL,1,SYNTHETIC EMERGENCY V2X
EMG-EVT-005528,AMB-04,AMBULANCE,4.1,0.59,8,37.8,16.1,5.3,10.8,CRITICAL,1,SYNTHETIC EMERGENCY V2X
EMG-EVT-005529,POL-08,POLICE,14.1,0.51,27,43.5,51.8,18.1,33.7,CRITICAL,1,SYNTHETIC EMERGENCY V2X
EMG-EVT-005530,AMB-02,AMBULANCE,4.5,0.23,8,54.4,14.6,5.7,8.9,CRITICAL,1,SYNTHETIC EMERGENCY V2X
EMG-EVT-005531,AMB-16,AMBULANCE,11.7,0.76,22,24.5,55.1,15.0,40.1,CRITICAL,1,SYNTHETIC EMERGENCY V2X
EMG-EVT-005532,FIRE-06,FIRE_TRUCK,5.5,0.94,11,18.7,30.8,7.1,23.7,CRITICAL,1,SYNTHETIC EMERGENCY V2X
EMG-EVT-005533,AMB-06,AMBULANCE,14.1,0.63,27,37.2,55.1,18.1,37.0,CRITICAL,1,SYNTHETIC EMERGENCY V2X
EMG-EVT-005534,AMB-10,AMBULANCE,11.2,0.28,20,58.4,35.5,14.2,21.3,CRITICAL,1,SYNTHETIC EMERGENCY V2X
EMG-EVT-005535,POL-09,POLICE,14.3,0.58,26,40.9,52.2,18.2,34.0,CRITICAL,1,SYNTHETIC EMERGENCY V2X
EMG-EVT-005536,AMB-02,AMBULANCE,8.6,0.33,16,54.9,28.6,11.0,17.6,CRITICAL,1,SYNTHETIC EMERGENCY V2X
EMG-EVT-005537,AMB-14,AMBULANCE,1.6,0.47,4,42.5,7.1,2.1,5.0,CRITICAL,1,SYNTHETIC EMERGENCY V2X
EMG-EVT-005538,AMB-15,AMBULANCE,14.5,0.88,26,19.5,75.8,18.4,57.4,CRITICAL,1,SYNTHETIC EMERGENCY V2X
EMG-EVT-005539,AMB-02,AMBULANCE,2.3,0.26,4,53.8,7.4,2.9,4.5,CRITICAL,1,SYNTHETIC EMERGENCY V2X
EMG-EVT-005540,FIRE-03,FIRE_TRUCK,7.9,0.77,14,27.6,34.0,10.0,24.0,CRITICAL,1,SYNTHETIC EMERGENCY V2X
EMG-EVT-005541,AMB-14,AMBULANCE,7.4,0.3,14,53.4,25.1,9.5,15.6,CRITICAL,1,SYNTHETIC EMERGENCY V2X
EMG-EVT-005542,AMB-13,AMBULANCE,6.3,0.53,12,36.5,24.8,8.1,16.7,CRITICAL,1,SYNTHETIC EMERGENCY V2X
EMG-EVT-005543,AMB-02,AMBULANCE,5.1,0.79,10,20.6,26.9,6.6,20.3,CRITICAL,1,SYNTHETIC EMERGENCY V2X
EMG-EVT-005544,FIRE-10,FIRE_TRUCK,8.5,0.4,15,43.1,29.8,10.8,19.0,CRITICAL,1,SYNTHETIC EMERGENCY V2X
EMG-EVT-005545,AMB-06,AMBULANCE,13.0,0.8,26,23.2,64.8,16.8,48.0,CRITICAL,1,SYNTHETIC EMERGENCY V2X
EMG-EVT-005546,AMB-03,AMBULANCE,3.1,0.84,6,25.9,14.4,4.0,10.4,CRITICAL,1,SYNTHETIC EMERGENCY V2X
EMG-EVT-005547,AMB-15,AMBULANCE,6.8,0.9,15,14.6,45.9,8.9,37.0,CRITICAL,1,SYNTHETIC EMERGENCY V2X
EMG-EVT-005548,AMB-05,AMBULANCE,13.8,0.73,26,24.1,65.6,17.7,47.9,CRITICAL,1,SYNTHETIC EMERGENCY V2X
EMG-EVT-005549,AMB-17,AMBULANCE,13.3,0.35,25,48.3,46.5,17.0,29.5,CRITICAL,1,SYNTHETIC EMERGENCY V2X
EMG-EVT-005550,AMB-20,AMBULANCE,7.1,0.48,13,45.6,24.9,9.0,15.9,CRITICAL,1,SYNTHETIC EMERGENCY V2X
EMG-EVT-005551,AMB-03,AMBULANCE,9.3,0.33,18,50.0,32.8,11.9,20.9,CRITICAL,1,SYNTHETIC EMERGENCY V2X
EMG-EVT-005552,AMB-09,AMBULANCE,9.8,0.61,20,39.4,38.9,12.7,26.2,CRITICAL,1,SYNTHETIC EMERGENCY V2X
EMG-EVT-005553,AMB-08,AMBULANCE,8.8,0.43,18,45.6,33.2,11.4,21.8,CRITICAL,1,SYNTHETIC EMERGENCY V2X
EMG-EVT-005554,FIRE-09,FIRE_TRUCK,14.3,0.55,26,37.1,54.3,18.2,36.1,CRITICAL,1,SYNTHETIC EMERGENCY V2X
EMG-EVT-005555,POL-02,POLICE,5.5,0.62,10,31.3,22.5,7.0,15.5,CRITICAL,1,SYNTHETIC EMERGENCY V2X
EMG-EVT-005556,AMB-15,AMBULANCE,13.5,0.97,26,10.0,112.2,17.3,94.9,CRITICAL,1,SYNTHETIC EMERGENCY V2X
EMG-EVT-005557,AMB-07,AMBULANCE,5.6,0.67,12,31.7,25.0,7.3,17.7,CRITICAL,1,SYNTHETIC EMERGENCY V2X
EMG-EVT-005558,AMB-14,AMBULANCE,4.0,0.6,10,35.4,18.8,5.4,13.4,CRITICAL,1,SYNTHETIC EMERGENCY V2X
EMG-EVT-005559,POL-09,POLICE,6.0,0.93,12,21.0,31.5,7.7,23.8,CRITICAL,1,SYNTHETIC EMERGENCY V2X
EMG-EVT-005560,POL-02,POLICE,5.2,0.81,12,18.7,31.1,6.9,24.2,CRITICAL,1,SYNTHETIC EMERGENCY V2X
EMG-EVT-005561,FIRE-07,FIRE_TRUCK,15.9,0.27,30,55.9,53.1,20.3,32.8,CRITICAL,1,SYNTHETIC EMERGENCY V2X
EMG-EVT-005562,FIRE-07,FIRE_TRUCK,3.4,0.85,8,23.7,18.2,4.5,13.7,CRITICAL,1,SYNTHETIC EMERGENCY V2X
EMG-EVT-005563,AMB-15,AMBULANCE,13.3,0.52,24,36.4,50.7,16.9,33.8,CRITICAL,1,SYNTHETIC EMERGENCY V2X
EMG-EVT-005564,AMB-15,AMBULANCE,8.4,0.53,17,36.4,34.2,10.9,23.3,CRITICAL,1,SYNTHETIC EMERGENCY V2X
EMG-EVT-005565,AMB-04,AMBULANCE,11.5,0.54,23,41.6,44.2,14.8,29.4,CRITICAL,1,SYNTHETIC EMERGENCY V2X
EMG-EVT-005566,POL-08,POLICE,5.3,0.44,12,48.2,21.0,7.0,14.0,CRITICAL,1,SYNTHETIC EMERGENCY V2X
EMG-EVT-005567,AMB-12,AMBULANCE,12.0,0.62,23,34.6,48.4,15.4,33.0,CRITICAL,1,SYNTHETIC EMERGENCY V2X
EMG-EVT-005568,AMB-08,AMBULANCE,15.3,0.75,30,30.3,66.3,19.7,46.6,CRITICAL,1,SYNTHETIC EMERGENCY V2X
EMG-EVT-005569,AMB-16,AMBULANCE,10.2,0.94,20,20.4,54.0,13.1,40.9,CRITICAL,1,SYNTHETIC EMERGENCY V2X
EMG-EVT-005570,AMB-10,AMBULANCE,8.6,0.31,17,50.3,30.7,11.1,19.6,CRITICAL,1,SYNTHETIC EMERGENCY V2X
EMG-EVT-005571,AMB-07,AMBULANCE,13.4,0.62,24,35.7,51.3,17.0,34.3,CRITICAL,1,SYNTHETIC EMERGENCY V2X
EMG-EVT-005572,AMB-11,AMBULANCE,7.6,0.7,16,32.0,33.5,9.9,23.6,CRITICAL,1,SYNTHETIC EMERGENCY V2X
EMG-EVT-005573,AMB-15,AMBULANCE,3.3,0.32,5,54.1,9.7,4.1,5.6,CRITICAL,1,SYNTHETIC EMERGENCY V2X
EMG-EVT-005574,AMB-01,AMBULANCE,4.8,0.31,9,49.7,16.6,6.1,10.5,CRITICAL,1,SYNTHETIC EMERGENCY V2X
EMG-EVT-005575,AMB-18,AMBULANCE,13.7,0.28,24,58.7,42.8,17.3,25.5,CRITICAL,1,SYNTHETIC EMERGENCY V2X
EMG-EVT-005576,AMB-05,AMBULANCE,6.0,0.52,12,41.2,23.1,7.7,15.4,CRITICAL,1,SYNTHETIC EMERGENCY V2X
EMG-EVT-005577,AMB-09,AMBULANCE,2.2,0.64,6,32.8,11.2,3.0,8.2,CRITICAL,1,SYNTHETIC EMERGENCY V2X
EMG-EVT-005578,FIRE-09,FIRE_TRUCK,11.4,0.79,22,24.4,54.4,14.6,39.8,CRITICAL,1,SYNTHETIC EMERGENCY V2X
EMG-EVT-005579,AMB-14,AMBULANCE,4.7,0.33,10,50.6,17.6,6.1,11.5,CRITICAL,1,SYNTHETIC EMERGENCY V2X
EMG-EVT-005580,FIRE-05,FIRE_TRUCK,2.3,0.73,6,24.6,12.8,3.1,9.7,CRITICAL,1,SYNTHETIC EMERGENCY V2X
EMG-EVT-005581,AMB-08,AMBULANCE,9.2,0.75,17,27.1,40.8,11.7,29.1,CRITICAL,1,SYNTHETIC EMERGENCY V2X
EMG-EVT-005582,AMB-14,AMBULANCE,13.6,0.57,27,34.3,56.2,17.5,38.7,CRITICAL,1,SYNTHETIC EMERGENCY V2X
EMG-EVT-005583,FIRE-04,FIRE_TRUCK,3.8,0.56,7,38.7,14.3,4.8,9.5,CRITICAL,1,SYNTHETIC EMERGENCY V2X
EMG-EVT-005584,FIRE-04,FIRE_TRUCK,6.4,0.52,14,45.4,25.3,8.4,16.9,CRITICAL,1,SYNTHETIC EMERGENCY V2X
EMG-EVT-005585,POL-06,POLICE,12.0,0.37,23,51.8,41.5,15.4,26.1,CRITICAL,1,SYNTHETIC EMERGENCY V2X
EMG-EVT-005586,AMB-10,AMBULANCE,6.6,0.98,13,15.8,40.7,8.5,32.2,CRITICAL,1,SYNTHETIC EMERGENCY V2X
EMG-EVT-005587,AMB-08,AMBULANCE,3.0,0.96,8,16.2,20.7,4.1,16.6,CRITICAL,1,SYNTHETIC EMERGENCY V2X
EMG-EVT-005588,AMB-14,AMBULANCE,11.8,0.3,22,54.0,39.5,15.1,24.4,CRITICAL,1,SYNTHETIC EMERGENCY V2X
EMG-EVT-005589,FIRE-04,FIRE_TRUCK,3.3,0.3,5,55.0,9.6,4.1,5.5,HIGH,1,SYNTHETIC EMERGENCY V2X
EMG-EVT-005590,FIRE-09,FIRE_TRUCK,6.1,0.21,13,62.0,21.5,8.0,13.5,CRITICAL,1,SYNTHETIC EMERGENCY V2X
EMG-EVT-005591,AMB-05,AMBULANCE,1.9,0.9,5,22.0,11.2,2.6,8.6,CRITICAL,1,SYNTHETIC EMERGENCY V2X
EMG-EVT-005592,FIRE-01,FIRE_TRUCK,14.6,0.61,28,39.8,55.6,18.7,36.9,CRITICAL,1,SYNTHETIC EMERGENCY V2X
EMG-EVT-005593,AMB-02,AMBULANCE,15.4,0.4,30,43.4,57.3,19.8,37.5,CRITICAL,1,SYNTHETIC EMERGENCY V2X
EMG-EVT-005594,AMB-09,AMBULANCE,9.7,0.9,19,21.1,50.4,12.5,37.9,CRITICAL,1,SYNTHETIC EMERGENCY V2X
EMG-EVT-005595,AMB-03,AMBULANCE,10.8,0.3,19,56.0,34.4,13.7,20.7,CRITICAL,1,SYNTHETIC EMERGENCY V2X
EMG-EVT-005596,AMB-02,AMBULANCE,15.0,0.81,30,26.7,69.7,19.4,50.3,CRITICAL,1,SYNTHETIC EMERGENCY V2X
EMG-EVT-005597,FIRE-09,FIRE_TRUCK,13.3,0.34,25,49.1,46.3,17.0,29.3,CRITICAL,1,SYNTHETIC EMERGENCY V2X
EMG-EVT-005598,AMB-11,AMBULANCE,4.4,0.64,9,31.4,19.2,5.7,13.5,CRITICAL,1,SYNTHETIC EMERGENCY V2X
EMG-EVT-005599,AMB-13,AMBULANCE,7.4,0.44,16,45.4,29.0,9.7,19.3,CRITICAL,1,SYNTHETIC EMERGENCY V2X
EMG-EVT-005600,AMB-06,AMBULANCE,12.3,0.63,25,29.4,55.1,15.9,39.2,CRITICAL,1,SYNTHETIC EMERGENCY V2X
EMG-EVT-005601,FIRE-02,FIRE_TRUCK,12.3,0.45,24,42.0,46.4,15.8,30.6,CRITICAL,1,SYNTHETIC EMERGENCY V2X
EMG-EVT-005602,AMB-09,AMBULANCE,5.8,0.5,10,38.3,21.1,7.3,13.8,CRITICAL,1,SYNTHETIC EMERGENCY V2X
EMG-EVT-005603,FIRE-08,FIRE_TRUCK,6.7,0.51,12,38.4,24.9,8.5,16.4,CRITICAL,1,SYNTHETIC EMERGENCY V2X
EMG-EVT-005604,AMB-20,AMBULANCE,15.8,0.69,30,28.0,69.9,20.2,49.7,CRITICAL,1,SYNTHETIC EMERGENCY V2X
EMG-EVT-005605,FIRE-10,FIRE_TRUCK,6.0,0.97,12,10.0,50.4,7.7,42.7,CRITICAL,1,SYNTHETIC EMERGENCY V2X
EMG-EVT-005606,AMB-10,AMBULANCE,7.5,0.48,16,44.4,29.3,9.8,19.5,CRITICAL,1,SYNTHETIC EMERGENCY V2X
EMG-EVT-005607,AMB-19,AMBULANCE,3.6,0.38,7,44.3,13.3,4.6,8.7,CRITICAL,1,SYNTHETIC EMERGENCY V2X
EMG-EVT-005608,AMB-11,AMBULANCE,13.7,0.73,26,27.9,60.7,17.5,43.2,CRITICAL,1,SYNTHETIC EMERGENCY V2X
EMG-EVT-005609,AMB-04,AMBULANCE,9.7,0.66,17,30.3,39.6,12.3,27.3,CRITICAL,1,SYNTHETIC EMERGENCY V2X
EMG-EVT-005610,AMB-05,AMBULANCE,6.7,0.93,15,15.8,43.4,8.8,34.6,CRITICAL,1,SYNTHETIC EMERGENCY V2X
EMG-EVT-005611,AMB-17,AMBULANCE,8.9,0.58,19,33.2,38.9,11.6,27.3,CRITICAL,1,SYNTHETIC EMERGENCY V2X
EMG-EVT-005612,AMB-13,AMBULANCE,9.4,0.84,18,20.0,49.8,12.1,37.7,CRITICAL,1,SYNTHETIC EMERGENCY V2X
EMG-EVT-005613,AMB-17,AMBULANCE,10.7,0.91,21,19.0,59.0,13.8,45.2,CRITICAL,1,SYNTHETIC EMERGENCY V2X
EMG-EVT-005614,POL-04,POLICE,10.2,0.82,21,18.4,58.5,13.2,45.3,CRITICAL,1,SYNTHETIC EMERGENCY V2X
EMG-EVT-005615,AMB-06,AMBULANCE,6.2,0.25,13,56.2,22.2,8.1,14.1,CRITICAL,1,SYNTHETIC EMERGENCY V2X
EMG-EVT-005616,AMB-04,AMBULANCE,12.3,0.54,24,35.2,49.8,15.8,34.0,CRITICAL,1,SYNTHETIC EMERGENCY V2X
EMG-EVT-005617,AMB-07,AMBULANCE,5.8,0.4,11,46.8,20.6,7.4,13.2,CRITICAL,1,SYNTHETIC EMERGENCY V2X
EMG-EVT-005618,AMB-13,AMBULANCE,11.6,0.6,22,32.4,47.9,14.9,33.0,CRITICAL,1,SYNTHETIC EMERGENCY V2X
EMG-EVT-005619,AMB-14,AMBULANCE,13.8,0.81,27,25.5,64.9,17.8,47.1,CRITICAL,1,SYNTHETIC EMERGENCY V2X
EMG-EVT-005620,AMB-14,AMBULANCE,10.1,0.47,18,43.9,35.4,12.8,22.6,CRITICAL,1,SYNTHETIC EMERGENCY V2X
EMG-EVT-005621,AMB-09,AMBULANCE,7.9,0.51,16,37.9,31.7,10.2,21.5,CRITICAL,1,SYNTHETIC EMERGENCY V2X
EMG-EVT-005622,FIRE-08,FIRE_TRUCK,7.2,0.66,15,31.6,31.7,9.4,22.3,CRITICAL,1,SYNTHETIC EMERGENCY V2X
EMG-EVT-005623,AMB-20,AMBULANCE,4.8,0.52,8,42.2,16.4,6.0,10.4,CRITICAL,1,SYNTHETIC EMERGENCY V2X
EMG-EVT-005624,POL-09,POLICE,5.5,0.31,12,50.0,21.0,7.2,13.8,CRITICAL,1,SYNTHETIC EMERGENCY V2X
EMG-EVT-005625,FIRE-02,FIRE_TRUCK,11.2,0.32,23,48.1,41.6,14.5,27.1,CRITICAL,1,SYNTHETIC EMERGENCY V2X
EMG-EVT-005626,FIRE-05,FIRE_TRUCK,6.0,0.58,13,38.2,25.0,7.8,17.2,CRITICAL,1,SYNTHETIC EMERGENCY V2X
EMG-EVT-005627,AMB-17,AMBULANCE,3.2,0.96,8,16.7,21.1,4.3,16.8,CRITICAL,1,SYNTHETIC EMERGENCY V2X
EMG-EVT-005628,AMB-01,AMBULANCE,3.8,0.95,7,18.2,20.9,4.8,16.1,CRITICAL,1,SYNTHETIC EMERGENCY V2X
EMG-EVT-005629,AMB-08,AMBULANCE,12.4,0.42,23,50.5,42.3,15.8,26.5,CRITICAL,1,SYNTHETIC EMERGENCY V2X
EMG-EVT-005630,FIRE-07,FIRE_TRUCK,4.5,0.76,10,29.9,21.0,5.9,15.1,CRITICAL,1,SYNTHETIC EMERGENCY V2X
EMG-EVT-005631,AMB-16,AMBULANCE,2.4,0.32,4,54.0,7.5,3.0,4.5,CRITICAL,1,SYNTHETIC EMERGENCY V2X
EMG-EVT-005632,FIRE-06,FIRE_TRUCK,8.9,0.55,18,35.9,36.5,11.5,25.0,CRITICAL,1,SYNTHETIC EMERGENCY V2X
EMG-EVT-005633,FIRE-03,FIRE_TRUCK,6.5,0.81,12,23.9,30.7,8.3,22.4,CRITICAL,1,SYNTHETIC EMERGENCY V2X
EMG-EVT-005634,FIRE-01,FIRE_TRUCK,5.2,0.78,10,20.7,27.1,6.7,20.4,CRITICAL,1,SYNTHETIC EMERGENCY V2X
EMG-EVT-005635,AMB-20,AMBULANCE,8.0,0.75,15,27.9,35.2,10.2,25.0,CRITICAL,1,SYNTHETIC EMERGENCY V2X
EMG-EVT-005636,FIRE-09,FIRE_TRUCK,15.0,0.82,28,23.4,72.1,19.2,52.9,CRITICAL,1,SYNTHETIC EMERGENCY V2X
EMG-EVT-005637,AMB-10,AMBULANCE,15.3,0.46,28,42.6,55.1,19.5,35.6,CRITICAL,1,SYNTHETIC EMERGENCY V2X
EMG-EVT-005638,AMB-01,AMBULANCE,11.6,0.71,21,31.0,47.7,14.8,32.9,CRITICAL,1,SYNTHETIC EMERGENCY V2X
EMG-EVT-005639,AMB-05,AMBULANCE,2.6,0.23,4,60.8,7.4,3.2,4.2,CRITICAL,1,SYNTHETIC EMERGENCY V2X
EMG-EVT-005640,AMB-15,AMBULANCE,12.3,0.48,25,45.2,46.3,15.9,30.4,CRITICAL,1,SYNTHETIC EMERGENCY V2X
EMG-EVT-005641,AMB-13,AMBULANCE,9.8,0.65,19,30.4,42.1,12.6,29.5,CRITICAL,1,SYNTHETIC EMERGENCY V2X
EMG-EVT-005642,FIRE-09,FIRE_TRUCK,11.6,0.67,20,27.7,49.1,14.7,34.4,CRITICAL,1,SYNTHETIC EMERGENCY V2X
EMG-EVT-005643,AMB-01,AMBULANCE,4.0,0.38,8,51.2,14.3,5.2,9.1,CRITICAL,1,SYNTHETIC EMERGENCY V2X
EMG-EVT-005644,AMB-01,AMBULANCE,15.9,0.53,29,37.5,60.2,20.2,40.0,CRITICAL,1,SYNTHETIC EMERGENCY V2X
EMG-EVT-005645,AMB-11,AMBULANCE,14.4,0.9,27,13.0,98.9,18.4,80.5,CRITICAL,1,SYNTHETIC EMERGENCY V2X
EMG-EVT-005646,AMB-09,AMBULANCE,9.4,0.93,16,18.4,49.9,11.9,38.0,CRITICAL,1,SYNTHETIC EMERGENCY V2X
EMG-EVT-005647,AMB-09,AMBULANCE,4.1,0.28,7,51.0,13.2,5.2,8.0,CRITICAL,1,SYNTHETIC EMERGENCY V2X
EMG-EVT-005648,AMB-05,AMBULANCE,5.2,0.55,11,41.3,20.8,6.8,14.0,CRITICAL,1,SYNTHETIC EMERGENCY V2X
EMG-EVT-005649,AMB-09,AMBULANCE,6.2,0.49,13,40.5,24.8,8.1,16.7,CRITICAL,1,SYNTHETIC EMERGENCY V2X
EMG-EVT-005650,AMB-06,AMBULANCE,7.9,0.95,15,13.4,53.4,10.1,43.3,CRITICAL,1,SYNTHETIC EMERGENCY V2X
EMG-EVT-005651,POL-09,POLICE,12.6,0.58,24,33.1,51.6,16.1,35.5,CRITICAL,1,SYNTHETIC EMERGENCY V2X
EMG-EVT-005652,AMB-01,AMBULANCE,8.7,0.4,17,47.2,31.5,11.2,20.3,CRITICAL,1,SYNTHETIC EMERGENCY V2X
EMG-EVT-005653,AMB-16,AMBULANCE,9.7,0.88,19,16.7,57.7,12.5,45.2,CRITICAL,1,SYNTHETIC EMERGENCY V2X
EMG-EVT-005654,AMB-04,AMBULANCE,14.2,0.7,28,30.1,61.9,18.3,43.6,CRITICAL,1,SYNTHETIC EMERGENCY V2X
EMG-EVT-005655,POL-03,POLICE,7.0,0.43,15,47.1,26.9,9.1,17.8,CRITICAL,1,SYNTHETIC EMERGENCY V2X
EMG-EVT-005656,POL-06,POLICE,12.0,0.7,23,26.1,55.2,15.4,39.8,CRITICAL,1,SYNTHETIC EMERGENCY V2X
EMG-EVT-005657,AMB-15,AMBULANCE,14.5,0.56,26,42.7,51.6,18.4,33.2,CRITICAL,1,SYNTHETIC EMERGENCY V2X
EMG-EVT-005658,AMB-20,AMBULANCE,3.4,0.85,7,17.7,19.9,4.4,15.5,CRITICAL,1,SYNTHETIC EMERGENCY V2X
EMG-EVT-005659,AMB-10,AMBULANCE,14.3,0.26,27,60.0,46.7,18.3,28.4,CRITICAL,1,SYNTHETIC EMERGENCY V2X
EMG-EVT-005660,FIRE-05,FIRE_TRUCK,8.0,0.84,14,24.2,36.6,10.1,26.5,CRITICAL,1,SYNTHETIC EMERGENCY V2X
EMG-EVT-005661,FIRE-05,FIRE_TRUCK,15.7,0.8,30,19.2,85.1,20.1,65.0,CRITICAL,1,SYNTHETIC EMERGENCY V2X
EMG-EVT-005662,AMB-10,AMBULANCE,14.5,0.73,28,28.4,64.2,18.6,45.6,CRITICAL,1,SYNTHETIC EMERGENCY V2X
EMG-EVT-005663,AMB-16,AMBULANCE,15.2,0.23,29,56.6,50.9,19.5,31.4,CRITICAL,1,SYNTHETIC EMERGENCY V2X
EMG-EVT-005664,AMB-08,AMBULANCE,4.9,0.9,9,13.5,32.6,6.2,26.4,CRITICAL,1,SYNTHETIC EMERGENCY V2X
EMG-EVT-005665,FIRE-03,FIRE_TRUCK,15.5,0.4,29,50.3,53.3,19.8,33.5,CRITICAL,1,SYNTHETIC EMERGENCY V2X
EMG-EVT-005666,AMB-02,AMBULANCE,5.1,0.48,11,43.4,20.3,6.7,13.6,CRITICAL,1,SYNTHETIC EMERGENCY V2X
EMG-EVT-005667,FIRE-10,FIRE_TRUCK,12.0,0.43,21,41.7,42.5,15.2,27.3,CRITICAL,1,SYNTHETIC EMERGENCY V2X
EMG-EVT-005668,AMB-16,AMBULANCE,9.6,0.38,18,48.9,33.4,12.3,21.1,CRITICAL,1,SYNTHETIC EMERGENCY V2X
EMG-EVT-005669,AMB-02,AMBULANCE,12.1,0.76,24,30.8,52.4,15.6,36.8,CRITICAL,1,SYNTHETIC EMERGENCY V2X
EMG-EVT-005670,AMB-06,AMBULANCE,4.9,0.48,11,40.6,20.4,6.4,14.0,CRITICAL,1,SYNTHETIC EMERGENCY V2X
EMG-EVT-005671,AMB-20,AMBULANCE,15.4,0.39,27,50.0,50.9,19.5,31.4,CRITICAL,1,SYNTHETIC EMERGENCY V2X
EMG-EVT-005672,AMB-04,AMBULANCE,13.0,0.91,25,17.0,75.9,16.7,59.2,CRITICAL,1,SYNTHETIC EMERGENCY V2X
EMG-EVT-005673,AMB-13,AMBULANCE,7.7,0.63,13,30.8,30.6,9.7,20.9,CRITICAL,1,SYNTHETIC EMERGENCY V2X
EMG-EVT-005674,AMB-06,AMBULANCE,10.1,0.59,21,38.6,40.9,13.1,27.8,CRITICAL,1,SYNTHETIC EMERGENCY V2X
EMG-EVT-005675,FIRE-03,FIRE_TRUCK,11.0,0.51,21,42.2,40.8,14.1,26.7,CRITICAL,1,SYNTHETIC EMERGENCY V2X
EMG-EVT-005676,POL-01,POLICE,2.9,0.92,6,13.4,20.2,3.8,16.4,CRITICAL,1,SYNTHETIC EMERGENCY V2X
EMG-EVT-005677,FIRE-06,FIRE_TRUCK,6.8,0.2,13,58.3,22.6,8.7,13.9,CRITICAL,1,SYNTHETIC EMERGENCY V2X
EMG-EVT-005678,AMB-08,AMBULANCE,12.7,0.33,24,53.7,43.0,16.3,26.7,CRITICAL,1,SYNTHETIC EMERGENCY V2X
EMG-EVT-005679,FIRE-03,FIRE_TRUCK,3.3,0.49,6,47.0,11.4,4.2,7.2,HIGH,1,SYNTHETIC EMERGENCY V2X
EMG-EVT-005680,AMB-02,AMBULANCE,12.3,0.97,22,18.8,65.7,15.6,50.1,CRITICAL,1,SYNTHETIC EMERGENCY V2X
EMG-EVT-005681,AMB-02,AMBULANCE,15.9,0.94,30,11.1,121.9,20.3,101.6,CRITICAL,1,SYNTHETIC EMERGENCY V2X
EMG-EVT-005682,FIRE-08,FIRE_TRUCK,13.7,0.71,27,33.3,57.1,17.6,39.5,CRITICAL,1,SYNTHETIC EMERGENCY V2X
EMG-EVT-005683,AMB-15,AMBULANCE,9.6,0.79,19,23.3,47.5,12.4,35.1,CRITICAL,1,SYNTHETIC EMERGENCY V2X
EMG-EVT-005684,AMB-12,AMBULANCE,3.5,0.92,8,13.4,25.3,4.6,20.7,CRITICAL,1,SYNTHETIC EMERGENCY V2X
EMG-EVT-005685,AMB-12,AMBULANCE,2.1,0.42,3,42.2,6.6,2.6,4.0,CRITICAL,1,SYNTHETIC EMERGENCY V2X
EMG-EVT-005686,POL-09,POLICE,10.8,0.33,21,49.9,38.2,13.9,24.3,CRITICAL,1,SYNTHETIC EMERGENCY V2X
EMG-EVT-005687,POL-06,POLICE,11.0,0.49,22,47.1,40.4,14.2,26.2,CRITICAL,1,SYNTHETIC EMERGENCY V2X
EMG-EVT-005688,POL-10,POLICE,5.3,0.35,9,48.1,17.4,6.7,10.7,CRITICAL,1,SYNTHETIC EMERGENCY V2X
EMG-EVT-005689,AMB-20,AMBULANCE,11.6,0.7,22,32.3,47.9,14.9,33.0,CRITICAL,1,SYNTHETIC EMERGENCY V2X
EMG-EVT-005690,AMB-09,AMBULANCE,3.0,0.47,7,43.8,12.5,4.0,8.5,CRITICAL,1,SYNTHETIC EMERGENCY V2X
EMG-EVT-005691,AMB-14,AMBULANCE,3.7,0.66,7,27.5,16.5,4.7,11.8,CRITICAL,1,SYNTHETIC EMERGENCY V2X
EMG-EVT-005692,AMB-18,AMBULANCE,6.9,0.87,13,18.3,38.2,8.8,29.4,CRITICAL,1,SYNTHETIC EMERGENCY V2X
EMG-EVT-005693,POL-09,POLICE,7.8,0.23,14,54.3,25.4,9.9,15.5,CRITICAL,1,SYNTHETIC EMERGENCY V2X
EMG-EVT-005694,AMB-07,AMBULANCE,6.7,0.81,13,25.2,31.6,8.6,23.0,CRITICAL,1,SYNTHETIC EMERGENCY V2X
EMG-EVT-005695,AMB-04,AMBULANCE,2.3,0.57,6,34.9,11.2,3.1,8.1,CRITICAL,1,SYNTHETIC EMERGENCY V2X
EMG-EVT-005696,AMB-14,AMBULANCE,2.6,0.33,7,54.0,11.3,3.5,7.8,CRITICAL,1,SYNTHETIC EMERGENCY V2X
EMG-EVT-005697,AMB-12,AMBULANCE,14.3,0.47,28,41.1,54.5,18.4,36.1,CRITICAL,1,SYNTHETIC EMERGENCY V2X
EMG-EVT-005698,AMB-06,AMBULANCE,2.8,0.36,7,51.0,11.7,3.8,7.9,CRITICAL,1,SYNTHETIC EMERGENCY V2X
EMG-EVT-005699,AMB-01,AMBULANCE,12.4,0.79,22,21.5,61.0,15.7,45.3,CRITICAL,1,SYNTHETIC EMERGENCY V2X
EMG-EVT-005700,AMB-12,AMBULANCE,7.8,0.58,14,41.1,28.2,9.9,18.3,CRITICAL,1,SYNTHETIC EMERGENCY V2X
EMG-EVT-005701,FIRE-09,FIRE_TRUCK,7.8,0.82,15,20.3,41.1,10.0,31.1,CRITICAL,1,SYNTHETIC EMERGENCY V2X
EMG-EVT-005702,POL-03,POLICE,8.9,0.58,17,34.1,36.1,11.4,24.7,CRITICAL,1,SYNTHETIC EMERGENCY V2X
EMG-EVT-005703,AMB-13,AMBULANCE,14.2,0.72,26,26.7,63.1,18.1,45.0,CRITICAL,1,SYNTHETIC EMERGENCY V2X
EMG-EVT-005704,AMB-19,AMBULANCE,1.9,0.47,4,44.9,7.3,2.5,4.8,CRITICAL,1,SYNTHETIC EMERGENCY V2X
EMG-EVT-005705,FIRE-06,FIRE_TRUCK,5.2,0.47,11,47.7,19.7,6.8,12.9,CRITICAL,1,SYNTHETIC EMERGENCY V2X
EMG-EVT-005706,AMB-13,AMBULANCE,5.1,0.97,10,16.5,30.5,6.6,23.9,CRITICAL,1,SYNTHETIC EMERGENCY V2X
EMG-EVT-005707,FIRE-03,FIRE_TRUCK,5.7,0.23,13,62.6,21.1,7.5,13.6,CRITICAL,1,SYNTHETIC EMERGENCY V2X
EMG-EVT-005708,POL-10,POLICE,13.8,0.79,26,19.9,72.8,17.7,55.1,CRITICAL,1,SYNTHETIC EMERGENCY V2X
EMG-EVT-005709,AMB-18,AMBULANCE,4.1,0.35,10,53.8,16.6,5.5,11.1,CRITICAL,1,SYNTHETIC EMERGENCY V2X
EMG-EVT-005710,FIRE-04,FIRE_TRUCK,15.9,0.33,29,47.8,54.8,20.2,34.6,CRITICAL,1,SYNTHETIC EMERGENCY V2X
EMG-EVT-005711,AMB-19,AMBULANCE,7.6,0.79,16,21.0,40.9,9.9,31.0,CRITICAL,1,SYNTHETIC EMERGENCY V2X
EMG-EVT-005712,AMB-12,AMBULANCE,9.5,0.89,17,14.8,58.9,12.1,46.8,CRITICAL,1,SYNTHETIC EMERGENCY V2X
EMG-EVT-005713,AMB-14,AMBULANCE,11.4,0.28,22,51.4,39.7,14.6,25.1,CRITICAL,1,SYNTHETIC EMERGENCY V2X
EMG-EVT-005714,AMB-19,AMBULANCE,4.9,0.68,8,27.7,20.2,6.1,14.1,CRITICAL,1,SYNTHETIC EMERGENCY V2X
EMG-EVT-005715,AMB-14,AMBULANCE,13.2,0.85,23,25.2,59.0,16.7,42.3,CRITICAL,1,SYNTHETIC EMERGENCY V2X
EMG-EVT-005716,AMB-07,AMBULANCE,3.7,0.77,6,26.0,15.7,4.6,11.1,CRITICAL,1,SYNTHETIC EMERGENCY V2X
EMG-EVT-005717,AMB-07,AMBULANCE,10.0,0.57,18,40.5,36.4,12.7,23.7,CRITICAL,1,SYNTHETIC EMERGENCY V2X
EMG-EVT-005718,AMB-07,AMBULANCE,6.2,0.37,11,50.4,20.6,7.9,12.7,CRITICAL,1,SYNTHETIC EMERGENCY V2X
EMG-EVT-005719,AMB-09,AMBULANCE,5.2,0.4,12,47.4,21.0,6.9,14.1,CRITICAL,1,SYNTHETIC EMERGENCY V2X
EMG-EVT-005720,AMB-19,AMBULANCE,9.2,0.76,17,22.5,44.9,11.7,33.2,CRITICAL,1,SYNTHETIC EMERGENCY V2X
EMG-EVT-005721,POL-02,POLICE,12.9,0.81,25,26.6,59.1,16.6,42.5,CRITICAL,1,SYNTHETIC EMERGENCY V2X
EMG-EVT-005722,AMB-15,AMBULANCE,3.8,0.42,7,47.2,13.2,4.8,8.4,CRITICAL,1,SYNTHETIC EMERGENCY V2X
EMG-EVT-005723,AMB-14,AMBULANCE,2.6,0.75,6,26.8,13.0,3.4,9.6,CRITICAL,1,SYNTHETIC EMERGENCY V2X
EMG-EVT-005724,AMB-14,AMBULANCE,15.6,0.95,30,18.7,86.1,20.0,66.1,CRITICAL,1,SYNTHETIC EMERGENCY V2X
EMG-EVT-005725,AMB-02,AMBULANCE,3.5,0.36,8,51.5,13.7,4.6,9.1,CRITICAL,1,SYNTHETIC EMERGENCY V2X
EMG-EVT-005726,AMB-06,AMBULANCE,1.7,0.86,4,15.5,11.4,2.3,9.1,CRITICAL,1,SYNTHETIC EMERGENCY V2X
EMG-EVT-005727,AMB-09,AMBULANCE,8.9,0.44,16,49.4,30.0,11.3,18.7,CRITICAL,1,SYNTHETIC EMERGENCY V2X
EMG-EVT-005728,AMB-07,AMBULANCE,8.4,0.74,16,22.7,41.4,10.8,30.6,CRITICAL,1,SYNTHETIC EMERGENCY V2X
EMG-EVT-005729,POL-02,POLICE,9.8,0.45,18,47.0,34.1,12.5,21.6,CRITICAL,1,SYNTHETIC EMERGENCY V2X
EMG-EVT-005730,POL-02,POLICE,10.1,0.59,20,38.2,39.9,13.0,26.9,CRITICAL,1,SYNTHETIC EMERGENCY V2X
EMG-EVT-005731,AMB-14,AMBULANCE,15.9,0.67,30,35.9,62.6,20.3,42.3,CRITICAL,1,SYNTHETIC EMERGENCY V2X
EMG-EVT-005732,AMB-14,AMBULANCE,3.6,0.9,7,13.3,24.6,4.6,20.0,CRITICAL,1,SYNTHETIC EMERGENCY V2X
EMG-EVT-005733,AMB-08,AMBULANCE,12.5,0.75,25,24.8,60.2,16.1,44.1,CRITICAL,1,SYNTHETIC EMERGENCY V2X
EMG-EVT-005734,FIRE-06,FIRE_TRUCK,1.6,0.21,2,57.1,4.1,2.0,2.1,HIGH,0,SYNTHETIC EMERGENCY V2X
EMG-EVT-005735,AMB-19,AMBULANCE,8.6,0.34,15,52.5,27.8,10.9,16.9,CRITICAL,1,SYNTHETIC EMERGENCY V2X
EMG-EVT-005736,AMB-05,AMBULANCE,15.2,0.81,28,25.4,69.5,19.4,50.1,CRITICAL,1,SYNTHETIC EMERGENCY V2X
EMG-EVT-005737,AMB-15,AMBULANCE,10.2,0.72,21,28.8,46.4,13.2,33.2,CRITICAL,1,SYNTHETIC EMERGENCY V2X
EMG-EVT-005738,AMB-14,AMBULANCE,3.8,0.86,8,17.6,22.6,4.9,17.7,CRITICAL,1,SYNTHETIC EMERGENCY V2X
EMG-EVT-005739,POL-05,POLICE,12.1,0.95,21,14.7,74.6,15.3,59.3,CRITICAL,1,SYNTHETIC EMERGENCY V2X
EMG-EVT-005740,AMB-07,AMBULANCE,2.0,0.92,3,14.5,11.9,2.5,9.4,CRITICAL,1,SYNTHETIC EMERGENCY V2X
EMG-EVT-005741,AMB-19,AMBULANCE,4.6,0.45,10,46.2,18.0,6.0,12.0,CRITICAL,1,SYNTHETIC EMERGENCY V2X
EMG-EVT-005742,AMB-10,AMBULANCE,2.5,0.36,6,48.9,10.3,3.3,7.0,CRITICAL,1,SYNTHETIC EMERGENCY V2X
EMG-EVT-005743,AMB-06,AMBULANCE,12.7,0.43,22,42.0,44.5,16.1,28.4,CRITICAL,1,SYNTHETIC EMERGENCY V2X
EMG-EVT-005744,AMB-15,AMBULANCE,9.2,0.73,16,32.4,36.2,11.6,24.6,CRITICAL,1,SYNTHETIC EMERGENCY V2X
EMG-EVT-005745,POL-05,POLICE,5.8,0.51,11,40.5,21.8,7.4,14.4,CRITICAL,1,SYNTHETIC EMERGENCY V2X
EMG-EVT-005746,AMB-20,AMBULANCE,8.4,0.82,15,26.6,36.9,10.7,26.2,CRITICAL,1,SYNTHETIC EMERGENCY V2X
EMG-EVT-005747,AMB-14,AMBULANCE,11.7,0.62,24,34.3,49.3,15.2,34.1,CRITICAL,1,SYNTHETIC EMERGENCY V2X
EMG-EVT-005748,FIRE-10,FIRE_TRUCK,14.6,0.7,27,27.9,63.8,18.6,45.2,CRITICAL,1,SYNTHETIC EMERGENCY V2X
EMG-EVT-005749,AMB-05,AMBULANCE,4.9,0.52,9,42.4,17.7,6.2,11.5,CRITICAL,1,SYNTHETIC EMERGENCY V2X
EMG-EVT-005750,AMB-12,AMBULANCE,1.7,0.41,6,48.6,9.3,2.5,6.8,CRITICAL,1,SYNTHETIC EMERGENCY V2X
EMG-EVT-005751,AMB-09,AMBULANCE,3.7,0.76,8,28.9,17.3,4.8,12.5,CRITICAL,1,SYNTHETIC EMERGENCY V2X
EMG-EVT-005752,AMB-19,AMBULANCE,5.3,0.92,11,12.9,37.9,6.9,31.0,CRITICAL,1,SYNTHETIC EMERGENCY V2X
EMG-EVT-005753,AMB-13,AMBULANCE,11.2,0.96,23,14.0,75.6,14.5,61.1,CRITICAL,1,SYNTHETIC EMERGENCY V2X
EMG-EVT-005754,AMB-20,AMBULANCE,9.0,0.42,17,49.1,31.4,11.5,19.9,CRITICAL,1,SYNTHETIC EMERGENCY V2X
EMG-EVT-005755,AMB-04,AMBULANCE,10.6,0.96,20,13.1,72.5,13.6,58.9,CRITICAL,1,SYNTHETIC EMERGENCY V2X
EMG-EVT-005756,POL-03,POLICE,14.2,0.84,28,23.7,69.5,18.3,51.2,CRITICAL,1,SYNTHETIC EMERGENCY V2X
EMG-EVT-005757,AMB-05,AMBULANCE,10.9,0.52,21,39.2,41.9,14.0,27.9,CRITICAL,1,SYNTHETIC EMERGENCY V2X
EMG-EVT-005758,AMB-08,AMBULANCE,14.4,0.77,28,21.9,73.1,18.5,54.6,CRITICAL,1,SYNTHETIC EMERGENCY V2X
EMG-EVT-005759,POL-01,POLICE,10.0,0.58,19,36.4,39.3,12.8,26.5,CRITICAL,1,SYNTHETIC EMERGENCY V2X
EMG-EVT-005760,AMB-02,AMBULANCE,7.6,0.29,16,55.8,27.4,9.9,17.5,CRITICAL,1,SYNTHETIC EMERGENCY V2X
EMG-EVT-005761,FIRE-08,FIRE_TRUCK,7.8,0.95,17,19.6,44.3,10.2,34.1,CRITICAL,1,SYNTHETIC EMERGENCY V2X
EMG-EVT-005762,AMB-18,AMBULANCE,7.9,0.7,16,31.9,34.1,10.2,23.9,CRITICAL,1,SYNTHETIC EMERGENCY V2X
EMG-EVT-005763,POL-03,POLICE,13.2,0.41,23,49.9,43.5,16.7,26.8,CRITICAL,1,SYNTHETIC EMERGENCY V2X
EMG-EVT-005764,AMB-02,AMBULANCE,15.7,0.41,31,45.7,57.8,20.2,37.6,CRITICAL,1,SYNTHETIC EMERGENCY V2X
EMG-EVT-005765,AMB-16,AMBULANCE,12.6,0.96,24,10.8,98.8,16.1,82.7,CRITICAL,1,SYNTHETIC EMERGENCY V2X
EMG-EVT-005766,FIRE-03,FIRE_TRUCK,5.8,0.38,11,45.0,20.9,7.4,13.5,CRITICAL,1,SYNTHETIC EMERGENCY V2X
EMG-EVT-005767,AMB-08,AMBULANCE,6.5,0.58,14,33.6,28.4,8.5,19.9,CRITICAL,1,SYNTHETIC EMERGENCY V2X
EMG-EVT-005768,AMB-03,AMBULANCE,6.5,0.25,14,56.9,23.7,8.5,15.2,CRITICAL,1,SYNTHETIC EMERGENCY V2X
EMG-EVT-005769,AMB-18,AMBULANCE,10.5,0.48,19,46.1,36.5,13.4,23.1,CRITICAL,1,SYNTHETIC EMERGENCY V2X
EMG-EVT-005770,FIRE-09,FIRE_TRUCK,15.6,0.31,31,52.7,55.0,20.1,34.9,CRITICAL,1,SYNTHETIC EMERGENCY V2X
EMG-EVT-005771,POL-07,POLICE,6.5,0.7,13,31.3,28.1,8.4,19.7,CRITICAL,1,SYNTHETIC EMERGENCY V2X
EMG-EVT-005772,POL-05,POLICE,2.7,0.28,5,58.2,8.8,3.4,5.4,HIGH,1,SYNTHETIC EMERGENCY V2X
EMG-EVT-005773,AMB-19,AMBULANCE,11.0,0.59,19,39.9,39.3,13.9,25.4,CRITICAL,1,SYNTHETIC EMERGENCY V2X
EMG-EVT-005774,AMB-15,AMBULANCE,7.2,0.76,13,24.9,32.9,9.2,23.7,CRITICAL,1,SYNTHETIC EMERGENCY V2X
EMG-EVT-005775,AMB-16,AMBULANCE,13.8,0.35,24,47.9,46.1,17.5,28.6,CRITICAL,1,SYNTHETIC EMERGENCY V2X
EMG-EVT-005776,AMB-02,AMBULANCE,10.0,0.67,21,34.9,42.4,13.0,29.4,CRITICAL,1,SYNTHETIC EMERGENCY V2X
EMG-EVT-005777,AMB-07,AMBULANCE,1.6,0.91,3,18.1,8.9,2.0,6.9,CRITICAL,1,SYNTHETIC EMERGENCY V2X
EMG-EVT-005778,FIRE-04,FIRE_TRUCK,2.9,0.47,7,39.8,12.8,3.9,8.9,CRITICAL,1,SYNTHETIC EMERGENCY V2X
EMG-EVT-005779,FIRE-05,FIRE_TRUCK,9.8,0.81,17,24.7,44.2,12.4,31.8,CRITICAL,1,SYNTHETIC EMERGENCY V2X
EMG-EVT-005780,AMB-12,AMBULANCE,6.6,0.71,13,34.2,27.2,8.5,18.7,CRITICAL,1,SYNTHETIC EMERGENCY V2X
EMG-EVT-005781,AMB-14,AMBULANCE,5.3,0.27,10,57.8,17.5,6.8,10.7,CRITICAL,1,SYNTHETIC EMERGENCY V2X
EMG-EVT-005782,AMB-17,AMBULANCE,2.4,0.85,6,22.4,13.6,3.2,10.4,CRITICAL,1,SYNTHETIC EMERGENCY V2X
EMG-EVT-005783,FIRE-08,FIRE_TRUCK,6.3,0.37,13,49.5,23.2,8.2,15.0,CRITICAL,1,SYNTHETIC EMERGENCY V2X
EMG-EVT-005784,POL-04,POLICE,10.4,0.56,20,42.4,38.7,13.3,25.4,CRITICAL,1,SYNTHETIC EMERGENCY V2X
EMG-EVT-005785,AMB-03,AMBULANCE,4.0,0.91,8,15.7,24.9,5.2,19.7,CRITICAL,1,SYNTHETIC EMERGENCY V2X
EMG-EVT-005786,AMB-01,AMBULANCE,5.1,0.57,10,41.8,19.3,6.6,12.7,CRITICAL,1,SYNTHETIC EMERGENCY V2X
EMG-EVT-005787,AMB-02,AMBULANCE,14.5,0.87,26,19.8,75.1,18.4,56.7,CRITICAL,1,SYNTHETIC EMERGENCY V2X
EMG-EVT-005788,AMB-07,AMBULANCE,2.4,0.61,6,34.5,11.4,3.2,8.2,CRITICAL,1,SYNTHETIC EMERGENCY V2X
EMG-EVT-005789,AMB-18,AMBULANCE,12.5,0.7,22,30.6,50.9,15.8,35.1,CRITICAL,1,SYNTHETIC EMERGENCY V2X
EMG-EVT-005790,AMB-16,AMBULANCE,11.1,0.35,20,51.2,37.0,14.1,22.9,CRITICAL,1,SYNTHETIC EMERGENCY V2X
EMG-EVT-005791,FIRE-01,FIRE_TRUCK,3.4,0.46,8,44.5,14.2,4.5,9.7,CRITICAL,1,SYNTHETIC EMERGENCY V2X
EMG-EVT-005792,AMB-14,AMBULANCE,9.5,0.37,19,47.7,34.7,12.3,22.4,CRITICAL,1,SYNTHETIC EMERGENCY V2X
EMG-EVT-005793,AMB-13,AMBULANCE,6.3,0.61,12,38.5,24.2,8.1,16.1,CRITICAL,1,SYNTHETIC EMERGENCY V2X
EMG-EVT-005794,AMB-05,AMBULANCE,13.3,0.35,23,51.3,43.2,16.8,26.4,CRITICAL,1,SYNTHETIC EMERGENCY V2X
EMG-EVT-005795,AMB-13,AMBULANCE,12.1,0.86,21,25.3,53.9,15.3,38.6,CRITICAL,1,SYNTHETIC EMERGENCY V2X
EMG-EVT-005796,FIRE-06,FIRE_TRUCK,2.3,0.94,4,14.6,14.3,2.9,11.4,CRITICAL,1,SYNTHETIC EMERGENCY V2X
EMG-EVT-005797,AMB-20,AMBULANCE,2.9,0.75,7,25.0,15.4,3.9,11.5,CRITICAL,1,SYNTHETIC EMERGENCY V2X
EMG-EVT-005798,FIRE-02,FIRE_TRUCK,9.8,0.8,17,21.0,48.4,12.4,36.0,CRITICAL,1,SYNTHETIC EMERGENCY V2X
EMG-EVT-005799,AMB-05,AMBULANCE,10.0,0.92,21,18.4,57.8,13.0,44.8,CRITICAL,1,SYNTHETIC EMERGENCY V2X
EMG-EVT-005800,FIRE-08,FIRE_TRUCK,14.6,0.3,28,52.6,50.3,18.7,31.6,CRITICAL,1,SYNTHETIC EMERGENCY V2X
EMG-EVT-005801,POL-06,POLICE,11.9,0.39,21,47.9,40.1,15.1,25.0,CRITICAL,1,SYNTHETIC EMERGENCY V2X
EMG-EVT-005802,AMB-12,AMBULANCE,7.0,0.25,15,60.1,25.0,9.1,15.9,CRITICAL,1,SYNTHETIC EMERGENCY V2X
EMG-EVT-005803,AMB-15,AMBULANCE,1.8,0.79,6,24.7,11.6,2.6,9.0,CRITICAL,1,SYNTHETIC EMERGENCY V2X
EMG-EVT-005804,AMB-20,AMBULANCE,8.3,0.68,15,27.7,36.0,10.6,25.4,CRITICAL,1,SYNTHETIC EMERGENCY V2X
EMG-EVT-005805,AMB-14,AMBULANCE,12.8,0.57,23,36.7,48.5,16.3,32.2,CRITICAL,1,SYNTHETIC EMERGENCY V2X
EMG-EVT-005806,AMB-16,AMBULANCE,3.7,0.93,8,15.4,24.0,4.8,19.2,CRITICAL,1,SYNTHETIC EMERGENCY V2X
EMG-EVT-005807,POL-05,POLICE,2.0,0.29,3,57.4,5.7,2.5,3.2,HIGH,1,SYNTHETIC EMERGENCY V2X
EMG-EVT-005808,AMB-04,AMBULANCE,11.1,0.83,19,19.2,57.5,14.0,43.5,CRITICAL,1,SYNTHETIC EMERGENCY V2X
EMG-EVT-005809,FIRE-04,FIRE_TRUCK,2.8,0.53,5,41.6,10.0,3.6,6.4,HIGH,1,SYNTHETIC EMERGENCY V2X
EMG-EVT-005810,AMB-20,AMBULANCE,10.1,0.61,18,32.6,40.2,12.8,27.4,CRITICAL,1,SYNTHETIC EMERGENCY V2X
EMG-EVT-005811,AMB-07,AMBULANCE,11.6,0.27,22,54.2,39.2,14.9,24.3,CRITICAL,1,SYNTHETIC EMERGENCY V2X
EMG-EVT-005812,AMB-18,AMBULANCE,2.4,0.44,5,50.1,8.9,3.1,5.8,CRITICAL,1,SYNTHETIC EMERGENCY V2X
EMG-EVT-005813,AMB-02,AMBULANCE,3.6,0.33,6,54.8,11.1,4.5,6.6,CRITICAL,1,SYNTHETIC EMERGENCY V2X
EMG-EVT-005814,POL-08,POLICE,3.6,0.29,8,54.0,13.6,4.7,8.9,CRITICAL,1,SYNTHETIC EMERGENCY V2X
EMG-EVT-005815,AMB-13,AMBULANCE,10.4,0.5,19,41.9,37.7,13.2,24.5,CRITICAL,1,SYNTHETIC EMERGENCY V2X
EMG-EVT-005816,AMB-17,AMBULANCE,11.7,0.29,22,52.9,39.7,15.0,24.7,CRITICAL,1,SYNTHETIC EMERGENCY V2X
EMG-EVT-005817,FIRE-03,FIRE_TRUCK,2.8,0.7,8,28.6,15.5,3.9,11.6,CRITICAL,1,SYNTHETIC EMERGENCY V2X
EMG-EVT-005818,POL-02,POLICE,3.0,0.44,7,46.1,12.3,4.0,8.3,CRITICAL,1,SYNTHETIC EMERGENCY V2X
EMG-EVT-005819,POL-02,POLICE,2.4,0.41,4,42.7,8.2,3.0,5.2,HIGH,1,SYNTHETIC EMERGENCY V2X
EMG-EVT-005820,FIRE-06,FIRE_TRUCK,9.6,0.29,17,53.4,31.2,12.2,19.0,CRITICAL,1,SYNTHETIC EMERGENCY V2X
EMG-EVT-005821,POL-05,POLICE,11.0,0.74,20,30.6,45.6,14.0,31.6,CRITICAL,1,SYNTHETIC EMERGENCY V2X
EMG-EVT-005822,AMB-04,AMBULANCE,3.5,0.86,8,22.6,18.9,4.6,14.3,CRITICAL,1,SYNTHETIC EMERGENCY V2X
EMG-EVT-005823,AMB-18,AMBULANCE,7.3,0.89,14,22.2,36.5,9.4,27.1,CRITICAL,1,SYNTHETIC EMERGENCY V2X
EMG-EVT-005824,FIRE-09,FIRE_TRUCK,12.9,0.83,26,19.4,71.1,16.7,54.4,CRITICAL,1,SYNTHETIC EMERGENCY V2X
EMG-EVT-005825,AMB-10,AMBULANCE,12.3,0.67,22,36.4,46.7,15.6,31.1,CRITICAL,1,SYNTHETIC EMERGENCY V2X
EMG-EVT-005826,AMB-05,AMBULANCE,4.9,0.23,8,54.4,15.0,6.1,8.9,CRITICAL,1,SYNTHETIC EMERGENCY V2X
EMG-EVT-005827,AMB-19,AMBULANCE,15.7,0.72,30,28.7,68.8,20.1,48.7,CRITICAL,1,SYNTHETIC EMERGENCY V2X
EMG-EVT-005828,FIRE-08,FIRE_TRUCK,11.7,0.31,22,50.3,40.4,15.0,25.4,CRITICAL,1,SYNTHETIC EMERGENCY V2X
EMG-EVT-005829,FIRE-01,FIRE_TRUCK,13.3,0.93,25,20.1,69.7,17.0,52.7,CRITICAL,1,SYNTHETIC EMERGENCY V2X
EMG-EVT-005830,AMB-13,AMBULANCE,15.1,0.74,28,27.0,67.2,19.3,47.9,CRITICAL,1,SYNTHETIC EMERGENCY V2X
EMG-EVT-005831,POL-09,POLICE,15.5,0.74,28,30.2,64.4,19.7,44.7,CRITICAL,1,SYNTHETIC EMERGENCY V2X
EMG-EVT-005832,AMB-10,AMBULANCE,5.6,0.34,10,54.2,18.2,7.1,11.1,CRITICAL,1,SYNTHETIC EMERGENCY V2X
EMG-EVT-005833,AMB-16,AMBULANCE,1.7,0.52,5,37.1,8.7,2.4,6.3,CRITICAL,1,SYNTHETIC EMERGENCY V2X
EMG-EVT-005834,AMB-08,AMBULANCE,10.9,0.78,21,30.2,46.9,14.0,32.9,CRITICAL,1,SYNTHETIC EMERGENCY V2X
EMG-EVT-005835,AMB-15,AMBULANCE,14.6,0.31,28,54.5,49.7,18.7,31.0,CRITICAL,1,SYNTHETIC EMERGENCY V2X
EMG-EVT-005836,AMB-18,AMBULANCE,7.9,0.21,16,54.7,27.9,10.2,17.7,CRITICAL,1,SYNTHETIC EMERGENCY V2X
EMG-EVT-005837,AMB-15,AMBULANCE,2.8,0.75,6,30.9,12.6,3.7,8.9,CRITICAL,1,SYNTHETIC EMERGENCY V2X
EMG-EVT-005838,AMB-01,AMBULANCE,8.9,0.79,18,20.9,47.2,11.5,35.7,CRITICAL,1,SYNTHETIC EMERGENCY V2X
EMG-EVT-005839,AMB-02,AMBULANCE,12.6,0.48,22,42.2,44.3,15.9,28.4,CRITICAL,1,SYNTHETIC EMERGENCY V2X
EMG-EVT-005840,AMB-02,AMBULANCE,13.9,0.35,27,53.9,47.9,17.9,30.0,CRITICAL,1,SYNTHETIC EMERGENCY V2X
EMG-EVT-005841,AMB-02,AMBULANCE,11.6,0.88,22,15.7,70.7,14.9,55.8,CRITICAL,1,SYNTHETIC EMERGENCY V2X
EMG-EVT-005842,AMB-06,AMBULANCE,5.3,0.31,12,55.3,20.2,7.0,13.2,CRITICAL,1,SYNTHETIC EMERGENCY V2X
EMG-EVT-005843,AMB-18,AMBULANCE,4.4,0.25,9,61.1,15.1,5.7,9.4,CRITICAL,1,SYNTHETIC EMERGENCY V2X
EMG-EVT-005844,AMB-17,AMBULANCE,8.5,0.66,16,31.9,35.2,10.9,24.3,CRITICAL,1,SYNTHETIC EMERGENCY V2X
EMG-EVT-005845,AMB-02,AMBULANCE,7.4,0.82,14,24.3,35.1,9.5,25.6,CRITICAL,1,SYNTHETIC EMERGENCY V2X
EMG-EVT-005846,AMB-13,AMBULANCE,14.8,0.67,29,36.0,59.5,19.0,40.5,CRITICAL,1,SYNTHETIC EMERGENCY V2X
EMG-EVT-005847,POL-10,POLICE,11.3,0.31,21,51.3,38.4,14.4,24.0,CRITICAL,1,SYNTHETIC EMERGENCY V2X
EMG-EVT-005848,AMB-12,AMBULANCE,5.1,0.89,12,20.9,29.0,6.8,22.2,CRITICAL,1,SYNTHETIC EMERGENCY V2X
EMG-EVT-005849,AMB-10,AMBULANCE,2.7,0.9,5,19.3,14.4,3.4,11.0,CRITICAL,1,SYNTHETIC EMERGENCY V2X
EMG-EVT-005850,AMB-08,AMBULANCE,2.7,0.85,4,21.6,12.3,3.3,9.0,CRITICAL,1,SYNTHETIC EMERGENCY V2X
EMG-EVT-005851,FIRE-01,FIRE_TRUCK,13.7,0.76,25,31.0,56.5,17.4,39.1,CRITICAL,1,SYNTHETIC EMERGENCY V2X
EMG-EVT-005852,AMB-14,AMBULANCE,12.8,0.64,25,36.8,50.9,16.5,34.4,CRITICAL,1,SYNTHETIC EMERGENCY V2X
EMG-EVT-005853,POL-10,POLICE,15.5,0.25,28,55.2,50.4,19.7,30.7,CRITICAL,1,SYNTHETIC EMERGENCY V2X
EMG-EVT-005854,AMB-04,AMBULANCE,10.1,0.27,19,53.2,34.2,12.9,21.3,CRITICAL,1,SYNTHETIC EMERGENCY V2X
EMG-EVT-005855,AMB-10,AMBULANCE,5.5,0.52,9,40.5,18.9,6.9,12.0,CRITICAL,1,SYNTHETIC EMERGENCY V2X
EMG-EVT-005856,FIRE-01,FIRE_TRUCK,10.5,0.68,18,28.9,43.4,13.3,30.1,CRITICAL,1,SYNTHETIC EMERGENCY V2X
EMG-EVT-005857,FIRE-03,FIRE_TRUCK,14.8,0.6,26,37.4,54.9,18.7,36.2,CRITICAL,1,SYNTHETIC EMERGENCY V2X
EMG-EVT-005858,AMB-19,AMBULANCE,15.1,0.61,27,34.9,58.4,19.2,39.2,CRITICAL,1,SYNTHETIC EMERGENCY V2X
EMG-EVT-005859,AMB-05,AMBULANCE,11.9,0.58,23,41.0,45.0,15.3,29.7,CRITICAL,1,SYNTHETIC EMERGENCY V2X
EMG-EVT-005860,AMB-13,AMBULANCE,2.1,0.35,4,48.7,7.4,2.7,4.7,CRITICAL,1,SYNTHETIC EMERGENCY V2X
EMG-EVT-005861,AMB-11,AMBULANCE,15.1,0.72,30,27.3,69.2,19.5,49.7,CRITICAL,1,SYNTHETIC EMERGENCY V2X
EMG-EVT-005862,FIRE-02,FIRE_TRUCK,12.1,0.94,22,19.2,64.2,15.4,48.8,CRITICAL,1,SYNTHETIC EMERGENCY V2X
EMG-EVT-005863,AMB-17,AMBULANCE,15.3,0.51,27,42.2,54.2,19.4,34.8,CRITICAL,1,SYNTHETIC EMERGENCY V2X
EMG-EVT-005864,POL-02,POLICE,4.1,0.95,7,10.3,32.3,5.2,27.1,CRITICAL,1,SYNTHETIC EMERGENCY V2X
EMG-EVT-005865,FIRE-07,FIRE_TRUCK,12.5,0.54,25,39.9,48.8,16.1,32.7,CRITICAL,1,SYNTHETIC EMERGENCY V2X
EMG-EVT-005866,AMB-09,AMBULANCE,15.0,0.8,27,22.8,71.9,19.1,52.8,CRITICAL,1,SYNTHETIC EMERGENCY V2X
EMG-EVT-005867,AMB-07,AMBULANCE,9.9,0.27,17,54.9,31.2,12.5,18.7,CRITICAL,1,SYNTHETIC EMERGENCY V2X
EMG-EVT-005868,FIRE-09,FIRE_TRUCK,8.8,0.68,15,28.4,36.6,11.1,25.5,CRITICAL,1,SYNTHETIC EMERGENCY V2X
EMG-EVT-005869,AMB-20,AMBULANCE,15.2,0.7,27,27.3,65.8,19.3,46.5,CRITICAL,1,SYNTHETIC EMERGENCY V2X
EMG-EVT-005870,AMB-20,AMBULANCE,11.1,0.71,22,29.9,48.7,14.3,34.4,CRITICAL,1,SYNTHETIC EMERGENCY V2X
EMG-EVT-005871,AMB-15,AMBULANCE,4.2,0.81,8,25.1,19.6,5.4,14.2,CRITICAL,1,SYNTHETIC EMERGENCY V2X
EMG-EVT-005872,AMB-06,AMBULANCE,6.7,0.33,15,57.2,25.0,8.8,16.2,CRITICAL,1,SYNTHETIC EMERGENCY V2X
EMG-EVT-005873,AMB-08,AMBULANCE,3.0,0.82,8,25.5,16.7,4.1,12.6,CRITICAL,1,SYNTHETIC EMERGENCY V2X
EMG-EVT-005874,FIRE-04,FIRE_TRUCK,15.6,0.48,31,41.5,59.8,20.1,39.7,CRITICAL,1,SYNTHETIC EMERGENCY V2X
EMG-EVT-005875,AMB-15,AMBULANCE,10.4,0.65,18,36.2,38.8,13.1,25.7,CRITICAL,1,SYNTHETIC EMERGENCY V2X
EMG-EVT-005876,AMB-15,AMBULANCE,1.9,0.86,5,23.1,10.9,2.6,8.3,CRITICAL,1,SYNTHETIC EMERGENCY V2X
EMG-EVT-005877,AMB-05,AMBULANCE,3.1,0.9,5,14.2,19.1,3.9,15.2,CRITICAL,1,SYNTHETIC EMERGENCY V2X
EMG-EVT-005878,POL-01,POLICE,13.6,0.74,26,25.3,63.5,17.4,46.1,CRITICAL,1,SYNTHETIC EMERGENCY V2X
EMG-EVT-005879,AMB-12,AMBULANCE,1.9,0.31,3,49.0,5.9,2.4,3.5,CRITICAL,1,SYNTHETIC EMERGENCY V2X
EMG-EVT-005880,FIRE-10,FIRE_TRUCK,6.2,0.64,11,35.0,23.8,7.9,15.9,CRITICAL,1,SYNTHETIC EMERGENCY V2X
EMG-EVT-005881,FIRE-06,FIRE_TRUCK,15.9,0.93,30,13.4,107.2,20.3,86.9,CRITICAL,1,SYNTHETIC EMERGENCY V2X
EMG-EVT-005882,AMB-09,AMBULANCE,2.1,0.37,5,47.4,8.7,2.8,5.9,CRITICAL,1,SYNTHETIC EMERGENCY V2X
EMG-EVT-005883,FIRE-09,FIRE_TRUCK,11.4,0.89,23,14.8,73.8,14.7,59.1,CRITICAL,1,SYNTHETIC EMERGENCY V2X
EMG-EVT-005884,AMB-06,AMBULANCE,12.8,0.24,24,59.0,41.8,16.4,25.4,CRITICAL,1,SYNTHETIC EMERGENCY V2X
EMG-EVT-005885,AMB-15,AMBULANCE,6.7,0.75,14,31.9,29.4,8.7,20.7,CRITICAL,1,SYNTHETIC EMERGENCY V2X
EMG-EVT-005886,AMB-09,AMBULANCE,5.9,0.63,10,33.6,22.5,7.4,15.1,CRITICAL,1,SYNTHETIC EMERGENCY V2X
EMG-EVT-005887,AMB-19,AMBULANCE,15.3,0.48,28,43.6,54.7,19.5,35.2,CRITICAL,1,SYNTHETIC EMERGENCY V2X
EMG-EVT-005888,FIRE-09,FIRE_TRUCK,6.0,0.77,10,25.5,26.1,7.5,18.6,CRITICAL,1,SYNTHETIC EMERGENCY V2X
EMG-EVT-005889,FIRE-03,FIRE_TRUCK,15.9,0.68,30,32.4,65.4,20.3,45.1,CRITICAL,1,SYNTHETIC EMERGENCY V2X
EMG-EVT-005890,FIRE-09,FIRE_TRUCK,2.0,0.93,5,15.4,13.8,2.7,11.1,CRITICAL,1,SYNTHETIC EMERGENCY V2X
EMG-EVT-005891,FIRE-10,FIRE_TRUCK,3.5,0.32,8,49.5,13.8,4.6,9.2,CRITICAL,1,SYNTHETIC EMERGENCY V2X
EMG-EVT-005892,POL-01,POLICE,9.4,0.91,17,19.0,50.1,12.0,38.1,CRITICAL,1,SYNTHETIC EMERGENCY V2X
EMG-EVT-005893,FIRE-10,FIRE_TRUCK,1.9,0.36,4,45.9,7.3,2.5,4.8,HIGH,1,SYNTHETIC EMERGENCY V2X
EMG-EVT-005894,FIRE-02,FIRE_TRUCK,12.3,0.61,25,32.3,52.8,15.9,36.9,CRITICAL,1,SYNTHETIC EMERGENCY V2X
EMG-EVT-005895,AMB-13,AMBULANCE,10.8,0.86,19,24.9,48.8,13.7,35.1,CRITICAL,1,SYNTHETIC EMERGENCY V2X
EMG-EVT-005896,AMB-20,AMBULANCE,13.6,0.9,25,15.8,81.6,17.3,64.3,CRITICAL,1,SYNTHETIC EMERGENCY V2X
EMG-EVT-005897,POL-01,POLICE,14.9,0.4,27,50.1,50.2,19.0,31.2,CRITICAL,1,SYNTHETIC EMERGENCY V2X
EMG-EVT-005898,POL-05,POLICE,1.9,0.9,6,15.0,14.8,2.7,12.1,CRITICAL,1,SYNTHETIC EMERGENCY V2X
EMG-EVT-005899,AMB-16,AMBULANCE,8.6,0.64,15,30.3,35.0,10.9,24.1,CRITICAL,1,SYNTHETIC EMERGENCY V2X
EMG-EVT-005900,FIRE-03,FIRE_TRUCK,6.7,0.68,15,30.8,31.1,8.8,22.3,CRITICAL,1,SYNTHETIC EMERGENCY V2X
EMG-EVT-005901,AMB-08,AMBULANCE,8.4,0.51,18,39.7,34.3,11.0,23.3,CRITICAL,1,SYNTHETIC EMERGENCY V2X
EMG-EVT-005902,AMB-03,AMBULANCE,5.9,0.22,10,60.0,17.9,7.4,10.5,CRITICAL,1,SYNTHETIC EMERGENCY V2X
EMG-EVT-005903,AMB-05,AMBULANCE,9.1,0.21,19,59.2,32.0,11.8,20.2,CRITICAL,1,SYNTHETIC EMERGENCY V2X
EMG-EVT-005904,FIRE-01,FIRE_TRUCK,2.8,0.58,5,38.9,10.3,3.6,6.7,HIGH,1,SYNTHETIC EMERGENCY V2X
EMG-EVT-005905,AMB-08,AMBULANCE,5.8,0.28,13,52.2,22.3,7.6,14.7,CRITICAL,1,SYNTHETIC EMERGENCY V2X
EMG-EVT-005906,AMB-13,AMBULANCE,8.0,0.95,17,12.6,58.5,10.4,48.1,CRITICAL,1,SYNTHETIC EMERGENCY V2X
EMG-EVT-005907,FIRE-07,FIRE_TRUCK,3.3,0.59,6,38.5,12.3,4.2,8.1,CRITICAL,1,SYNTHETIC EMERGENCY V2X
EMG-EVT-005908,AMB-18,AMBULANCE,13.2,0.48,24,46.4,45.9,16.8,29.1,CRITICAL,1,SYNTHETIC EMERGENCY V2X
EMG-EVT-005909,AMB-04,AMBULANCE,13.4,0.29,26,53.4,46.3,17.2,29.1,CRITICAL,1,SYNTHETIC EMERGENCY V2X
EMG-EVT-005910,AMB-03,AMBULANCE,4.3,0.31,7,50.1,13.5,5.4,8.1,CRITICAL,1,SYNTHETIC EMERGENCY V2X
EMG-EVT-005911,FIRE-03,FIRE_TRUCK,7.8,0.32,15,53.6,26.7,10.0,16.7,CRITICAL,1,SYNTHETIC EMERGENCY V2X
EMG-EVT-005912,FIRE-08,FIRE_TRUCK,4.5,0.22,8,62.9,13.9,5.7,8.2,CRITICAL,1,SYNTHETIC EMERGENCY V2X
EMG-EVT-005913,AMB-02,AMBULANCE,7.3,0.59,13,41.3,26.2,9.3,16.9,CRITICAL,1,SYNTHETIC EMERGENCY V2X
EMG-EVT-005914,AMB-16,AMBULANCE,5.8,0.97,13,16.4,36.8,7.6,29.2,CRITICAL,1,SYNTHETIC EMERGENCY V2X
EMG-EVT-005915,FIRE-09,FIRE_TRUCK,13.7,0.38,25,50.4,46.3,17.4,28.9,CRITICAL,1,SYNTHETIC EMERGENCY V2X
EMG-EVT-005916,AMB-08,AMBULANCE,10.7,0.41,20,48.6,37.2,13.7,23.5,CRITICAL,1,SYNTHETIC EMERGENCY V2X
EMG-EVT-005917,FIRE-01,FIRE_TRUCK,3.2,0.76,7,27.3,15.4,4.2,11.2,CRITICAL,1,SYNTHETIC EMERGENCY V2X
EMG-EVT-005918,AMB-05,AMBULANCE,5.7,0.71,13,33.0,26.0,7.5,18.5,CRITICAL,1,SYNTHETIC EMERGENCY V2X
EMG-EVT-005919,AMB-05,AMBULANCE,8.2,0.29,16,58.1,27.7,10.5,17.2,CRITICAL,1,SYNTHETIC EMERGENCY V2X
EMG-EVT-005920,AMB-12,AMBULANCE,6.5,0.65,12,36.7,25.0,8.3,16.7,CRITICAL,1,SYNTHETIC EMERGENCY V2X
EMG-EVT-005921,AMB-11,AMBULANCE,14.4,0.47,26,40.9,52.3,18.3,34.0,CRITICAL,1,SYNTHETIC EMERGENCY V2X
EMG-EVT-005922,AMB-11,AMBULANCE,6.3,0.57,12,42.5,23.3,8.1,15.2,CRITICAL,1,SYNTHETIC EMERGENCY V2X
EMG-EVT-005923,AMB-17,AMBULANCE,5.2,0.81,10,24.2,24.9,6.7,18.2,CRITICAL,1,SYNTHETIC EMERGENCY V2X
EMG-EVT-005924,FIRE-09,FIRE_TRUCK,7.6,0.87,13,19.1,39.5,9.6,29.9,CRITICAL,1,SYNTHETIC EMERGENCY V2X
EMG-EVT-005925,AMB-11,AMBULANCE,11.6,0.27,20,57.8,36.0,14.7,21.3,CRITICAL,1,SYNTHETIC EMERGENCY V2X
EMG-EVT-005926,POL-09,POLICE,7.4,0.28,13,60.0,23.0,9.4,13.6,CRITICAL,1,SYNTHETIC EMERGENCY V2X
EMG-EVT-005927,AMB-15,AMBULANCE,13.7,0.85,24,19.3,71.4,17.3,54.1,CRITICAL,1,SYNTHETIC EMERGENCY V2X
EMG-EVT-005928,AMB-01,AMBULANCE,8.4,0.76,18,26.0,41.0,11.0,30.0,CRITICAL,1,SYNTHETIC EMERGENCY V2X
EMG-EVT-005929,AMB-18,AMBULANCE,8.9,0.39,19,53.3,32.8,11.6,21.2,CRITICAL,1,SYNTHETIC EMERGENCY V2X
EMG-EVT-005930,AMB-15,AMBULANCE,5.3,0.72,11,30.3,23.7,6.9,16.8,CRITICAL,1,SYNTHETIC EMERGENCY V2X
EMG-EVT-005931,AMB-04,AMBULANCE,2.3,0.2,4,57.9,7.2,2.9,4.3,CRITICAL,1,SYNTHETIC EMERGENCY V2X
EMG-EVT-005932,AMB-06,AMBULANCE,6.5,0.32,14,48.7,24.8,8.5,16.3,CRITICAL,1,SYNTHETIC EMERGENCY V2X
EMG-EVT-005933,FIRE-02,FIRE_TRUCK,8.5,0.24,18,56.5,30.6,11.1,19.5,CRITICAL,1,SYNTHETIC EMERGENCY V2X
EMG-EVT-005934,AMB-05,AMBULANCE,4.5,0.26,9,54.9,15.7,5.8,9.9,CRITICAL,1,SYNTHETIC EMERGENCY V2X
EMG-EVT-005935,AMB-10,AMBULANCE,3.4,0.25,7,52.2,12.3,4.4,7.9,CRITICAL,1,SYNTHETIC EMERGENCY V2X
EMG-EVT-005936,FIRE-04,FIRE_TRUCK,1.5,0.94,2,13.7,9.0,2.0,7.0,HIGH,1,SYNTHETIC EMERGENCY V2X
EMG-EVT-005937,AMB-14,AMBULANCE,2.5,0.54,5,38.9,9.9,3.2,6.7,CRITICAL,1,SYNTHETIC EMERGENCY V2X
EMG-EVT-005938,AMB-09,AMBULANCE,14.2,0.85,26,19.8,74.2,18.1,56.1,CRITICAL,1,SYNTHETIC EMERGENCY V2X
EMG-EVT-005939,AMB-10,AMBULANCE,11.9,0.41,23,44.8,43.5,15.3,28.2,CRITICAL,1,SYNTHETIC EMERGENCY V2X
EMG-EVT-005940,AMB-01,AMBULANCE,13.8,0.89,26,14.7,87.5,17.7,69.8,CRITICAL,1,SYNTHETIC EMERGENCY V2X
EMG-EVT-005941,AMB-04,AMBULANCE,12.8,0.45,23,48.7,43.4,16.3,27.1,CRITICAL,1,SYNTHETIC EMERGENCY V2X
EMG-EVT-005942,AMB-20,AMBULANCE,2.2,0.51,3,43.6,6.6,2.7,3.9,CRITICAL,1,SYNTHETIC EMERGENCY V2X
EMG-EVT-005943,FIRE-08,FIRE_TRUCK,13.1,0.39,24,51.2,44.2,16.7,27.5,CRITICAL,1,SYNTHETIC EMERGENCY V2X
EMG-EVT-005944,AMB-02,AMBULANCE,4.3,0.52,7,37.6,15.3,5.4,9.9,CRITICAL,1,SYNTHETIC EMERGENCY V2X
EMG-EVT-005945,FIRE-06,FIRE_TRUCK,5.6,0.52,12,36.1,23.7,7.3,16.4,CRITICAL,1,SYNTHETIC EMERGENCY V2X
EMG-EVT-005946,AMB-05,AMBULANCE,2.6,0.6,6,33.7,11.8,3.4,8.4,CRITICAL,1,SYNTHETIC EMERGENCY V2X
EMG-EVT-005947,AMB-06,AMBULANCE,6.6,0.25,13,53.3,23.0,8.5,14.5,CRITICAL,1,SYNTHETIC EMERGENCY V2X
EMG-EVT-005948,AMB-14,AMBULANCE,10.3,0.85,18,22.3,49.3,13.0,36.3,CRITICAL,1,SYNTHETIC EMERGENCY V2X
EMG-EVT-005949,POL-10,POLICE,15.9,0.33,29,53.4,52.7,20.2,32.5,CRITICAL,1,SYNTHETIC EMERGENCY V2X
EMG-EVT-005950,AMB-15,AMBULANCE,11.6,0.39,22,49.0,40.6,14.9,25.7,CRITICAL,1,SYNTHETIC EMERGENCY V2X
EMG-EVT-005951,AMB-10,AMBULANCE,15.0,0.73,30,25.6,71.2,19.4,51.8,CRITICAL,1,SYNTHETIC EMERGENCY V2X
EMG-EVT-005952,AMB-18,AMBULANCE,11.4,0.88,22,22.0,57.5,14.6,42.9,CRITICAL,1,SYNTHETIC EMERGENCY V2X
EMG-EVT-005953,FIRE-05,FIRE_TRUCK,13.5,0.21,25,57.4,44.1,17.2,26.9,CRITICAL,1,SYNTHETIC EMERGENCY V2X
EMG-EVT-005954,AMB-12,AMBULANCE,10.7,0.69,19,26.2,47.3,13.6,33.7,CRITICAL,1,SYNTHETIC EMERGENCY V2X
EMG-EVT-005955,AMB-13,AMBULANCE,15.9,0.76,28,22.1,76.8,20.1,56.7,CRITICAL,1,SYNTHETIC EMERGENCY V2X
EMG-EVT-005956,AMB-01,AMBULANCE,13.1,0.42,26,47.4,47.8,16.9,30.9,CRITICAL,1,SYNTHETIC EMERGENCY V2X
EMG-EVT-005957,FIRE-10,FIRE_TRUCK,5.5,0.8,12,28.8,25.9,7.2,18.7,CRITICAL,1,SYNTHETIC EMERGENCY V2X
EMG-EVT-005958,AMB-04,AMBULANCE,8.4,0.8,15,28.2,35.9,10.7,25.2,CRITICAL,1,SYNTHETIC EMERGENCY V2X
EMG-EVT-005959,FIRE-01,FIRE_TRUCK,8.5,0.78,15,25.3,38.2,10.8,27.4,CRITICAL,1,SYNTHETIC EMERGENCY V2X
EMG-EVT-005960,FIRE-08,FIRE_TRUCK,11.7,0.75,22,26.3,53.1,15.0,38.1,CRITICAL,1,SYNTHETIC EMERGENCY V2X
EMG-EVT-005961,AMB-11,AMBULANCE,12.9,0.71,25,24.8,61.2,16.6,44.6,CRITICAL,1,SYNTHETIC EMERGENCY V2X
EMG-EVT-005962,AMB-16,AMBULANCE,1.9,0.7,6,31.1,10.9,2.7,8.2,CRITICAL,1,SYNTHETIC EMERGENCY V2X
EMG-EVT-005963,POL-09,POLICE,6.6,0.34,11,55.9,20.3,8.3,12.0,CRITICAL,1,SYNTHETIC EMERGENCY V2X
EMG-EVT-005964,AMB-05,AMBULANCE,4.9,0.83,9,21.6,24.4,6.2,18.2,CRITICAL,1,SYNTHETIC EMERGENCY V2X
EMG-EVT-005965,FIRE-03,FIRE_TRUCK,11.8,0.91,24,18.4,67.3,15.3,52.0,CRITICAL,1,SYNTHETIC EMERGENCY V2X
EMG-EVT-005966,AMB-12,AMBULANCE,3.1,0.2,5,59.8,9.1,3.9,5.2,CRITICAL,1,SYNTHETIC EMERGENCY V2X
EMG-EVT-005967,POL-10,POLICE,6.7,0.87,14,23.9,33.6,8.7,24.9,CRITICAL,1,SYNTHETIC EMERGENCY V2X
EMG-EVT-005968,FIRE-04,FIRE_TRUCK,12.4,0.27,24,57.7,41.7,15.9,25.8,CRITICAL,1,SYNTHETIC EMERGENCY V2X
EMG-EVT-005969,AMB-20,AMBULANCE,9.4,0.22,18,56.9,31.5,12.1,19.4,CRITICAL,1,SYNTHETIC EMERGENCY V2X
EMG-EVT-005970,AMB-10,AMBULANCE,1.6,0.36,4,51.7,6.7,2.1,4.6,CRITICAL,1,SYNTHETIC EMERGENCY V2X
EMG-EVT-005971,POL-03,POLICE,6.0,0.36,13,49.1,22.9,7.8,15.1,CRITICAL,1,SYNTHETIC EMERGENCY V2X
EMG-EVT-005972,FIRE-02,FIRE_TRUCK,9.0,0.36,18,46.0,33.3,11.6,21.7,CRITICAL,1,SYNTHETIC EMERGENCY V2X
EMG-EVT-005973,AMB-12,AMBULANCE,3.3,0.39,5,44.6,10.4,4.1,6.3,CRITICAL,1,SYNTHETIC EMERGENCY V2X
EMG-EVT-005974,AMB-07,AMBULANCE,10.6,0.67,19,31.8,42.8,13.5,29.3,CRITICAL,1,SYNTHETIC EMERGENCY V2X
EMG-EVT-005975,FIRE-10,FIRE_TRUCK,11.7,0.94,24,15.9,73.0,15.2,57.8,CRITICAL,1,SYNTHETIC EMERGENCY V2X
EMG-EVT-005976,AMB-01,AMBULANCE,13.5,0.36,24,48.9,45.4,17.1,28.3,CRITICAL,1,SYNTHETIC EMERGENCY V2X
EMG-EVT-005977,AMB-15,AMBULANCE,15.7,0.64,29,29.2,67.1,20.0,47.1,CRITICAL,1,SYNTHETIC EMERGENCY V2X
EMG-EVT-005978,FIRE-06,FIRE_TRUCK,3.1,0.81,7,23.0,16.5,4.1,12.4,CRITICAL,1,SYNTHETIC EMERGENCY V2X
EMG-EVT-005979,AMB-16,AMBULANCE,3.0,0.63,8,35.1,14.7,4.1,10.6,CRITICAL,1,SYNTHETIC EMERGENCY V2X
EMG-EVT-005980,AMB-06,AMBULANCE,2.3,0.72,5,27.5,11.0,3.0,8.0,CRITICAL,1,SYNTHETIC EMERGENCY V2X
EMG-EVT-005981,FIRE-03,FIRE_TRUCK,10.2,0.92,21,14.3,68.0,13.2,54.8,CRITICAL,1,SYNTHETIC EMERGENCY V2X
EMG-EVT-005982,AMB-03,AMBULANCE,15.9,0.42,30,47.3,56.2,20.3,35.9,CRITICAL,1,SYNTHETIC EMERGENCY V2X
EMG-EVT-005983,AMB-08,AMBULANCE,12.6,0.31,23,54.5,41.5,16.0,25.5,CRITICAL,1,SYNTHETIC EMERGENCY V2X
EMG-EVT-005984,AMB-12,AMBULANCE,9.7,0.6,17,31.5,38.9,12.3,26.6,CRITICAL,1,SYNTHETIC EMERGENCY V2X
EMG-EVT-005985,AMB-01,AMBULANCE,6.5,0.69,12,27.6,28.5,8.3,20.2,CRITICAL,1,SYNTHETIC EMERGENCY V2X
EMG-EVT-005986,POL-02,POLICE,6.1,0.22,12,61.0,20.4,7.9,12.5,CRITICAL,1,SYNTHETIC EMERGENCY V2X
EMG-EVT-005987,AMB-05,AMBULANCE,6.2,0.24,11,58.0,19.6,7.9,11.7,CRITICAL,1,SYNTHETIC EMERGENCY V2X
EMG-EVT-005988,FIRE-10,FIRE_TRUCK,14.6,0.94,28,17.1,84.8,18.7,66.1,CRITICAL,1,SYNTHETIC EMERGENCY V2X
EMG-EVT-005989,FIRE-08,FIRE_TRUCK,6.4,0.3,13,58.1,22.2,8.3,13.9,CRITICAL,1,SYNTHETIC EMERGENCY V2X
EMG-EVT-005990,AMB-06,AMBULANCE,10.3,0.53,21,42.6,39.7,13.3,26.4,CRITICAL,1,SYNTHETIC EMERGENCY V2X
EMG-EVT-005991,AMB-11,AMBULANCE,12.5,0.36,24,45.8,45.2,16.0,29.2,CRITICAL,1,SYNTHETIC EMERGENCY V2X
EMG-EVT-005992,AMB-18,AMBULANCE,12.0,0.32,23,52.6,41.3,15.4,25.9,CRITICAL,1,SYNTHETIC EMERGENCY V2X
EMG-EVT-005993,FIRE-03,FIRE_TRUCK,12.1,0.35,24,54.9,42.0,15.6,26.4,CRITICAL,1,SYNTHETIC EMERGENCY V2X
EMG-EVT-005994,POL-08,POLICE,3.6,0.5,7,43.8,13.3,4.6,8.7,CRITICAL,1,SYNTHETIC EMERGENCY V2X
EMG-EVT-005995,AMB-13,AMBULANCE,11.8,0.63,21,38.5,43.6,15.0,28.6,CRITICAL,1,SYNTHETIC EMERGENCY V2X
EMG-EVT-005996,FIRE-03,FIRE_TRUCK,7.4,0.89,13,16.0,43.4,9.4,34.0,CRITICAL,1,SYNTHETIC EMERGENCY V2X
EMG-EVT-005997,AMB-04,AMBULANCE,3.9,0.2,8,63.2,13.3,5.1,8.2,CRITICAL,1,SYNTHETIC EMERGENCY V2X
EMG-EVT-005998,FIRE-05,FIRE_TRUCK,9.7,0.81,19,21.3,50.1,12.5,37.6,CRITICAL,1,SYNTHETIC EMERGENCY V2X
EMG-EVT-005999,AMB-07,AMBULANCE,2.4,0.96,6,14.5,17.1,3.2,13.9,CRITICAL,1,SYNTHETIC EMERGENCY V2X
EMG-EVT-006000,FIRE-07,FIRE_TRUCK,4.0,0.81,10,21.6,23.1,5.4,17.7,CRITICAL,1,SYNTHETIC EMERGENCY V2X
EMG-EVT-006001,AMB-02,AMBULANCE,10.2,0.54,18,35.3,38.9,12.9,26.0,CRITICAL,1,SYNTHETIC EMERGENCY V2X
EMG-EVT-006002,AMB-01,AMBULANCE,10.5,0.44,21,44.5,39.4,13.6,25.8,CRITICAL,1,SYNTHETIC EMERGENCY V2X
EMG-EVT-006003,AMB-02,AMBULANCE,11.6,0.68,23,34.0,48.1,15.0,33.1,CRITICAL,1,SYNTHETIC EMERGENCY V2X
EMG-EVT-006004,AMB-15,AMBULANCE,8.1,0.43,16,50.5,28.8,10.4,18.4,CRITICAL,1,SYNTHETIC EMERGENCY V2X
EMG-EVT-006005,AMB-08,AMBULANCE,15.3,0.83,28,21.8,75.7,19.5,56.2,CRITICAL,1,SYNTHETIC EMERGENCY V2X
EMG-EVT-006006,AMB-19,AMBULANCE,2.6,0.84,5,17.7,14.8,3.3,11.5,CRITICAL,1,SYNTHETIC EMERGENCY V2X
EMG-EVT-006007,AMB-16,AMBULANCE,5.1,0.44,12,46.6,21.0,6.8,14.2,CRITICAL,1,SYNTHETIC EMERGENCY V2X
EMG-EVT-006008,POL-04,POLICE,13.1,0.27,25,52.1,45.1,16.8,28.3,CRITICAL,1,SYNTHETIC EMERGENCY V2X
EMG-EVT-006009,AMB-11,AMBULANCE,11.2,0.94,20,11.5,82.4,14.2,68.2,CRITICAL,1,SYNTHETIC EMERGENCY V2X
EMG-EVT-006010,AMB-04,AMBULANCE,7.0,0.54,15,44.6,27.4,9.1,18.3,CRITICAL,1,SYNTHETIC EMERGENCY V2X
EMG-EVT-006011,AMB-10,AMBULANCE,9.3,0.41,18,47.3,33.4,11.9,21.5,CRITICAL,1,SYNTHETIC EMERGENCY V2X
EMG-EVT-006012,AMB-09,AMBULANCE,13.6,0.23,24,54.1,43.9,17.2,26.7,CRITICAL,1,SYNTHETIC EMERGENCY V2X
EMG-EVT-006013,AMB-09,AMBULANCE,14.4,0.48,28,39.7,55.4,18.5,36.9,CRITICAL,1,SYNTHETIC EMERGENCY V2X
EMG-EVT-006014,AMB-19,AMBULANCE,3.3,0.33,6,53.9,10.9,4.2,6.7,CRITICAL,1,SYNTHETIC EMERGENCY V2X
EMG-EVT-006015,AMB-16,AMBULANCE,14.1,0.23,28,63.2,47.0,18.2,28.8,CRITICAL,1,SYNTHETIC EMERGENCY V2X
EMG-EVT-006016,AMB-11,AMBULANCE,2.1,0.51,6,39.2,10.4,2.9,7.5,CRITICAL,1,SYNTHETIC EMERGENCY V2X
EMG-EVT-006017,AMB-12,AMBULANCE,1.6,0.6,5,35.8,8.7,2.2,6.5,CRITICAL,1,SYNTHETIC EMERGENCY V2X
EMG-EVT-006018,AMB-12,AMBULANCE,11.3,0.32,23,50.0,41.2,14.6,26.6,CRITICAL,1,SYNTHETIC EMERGENCY V2X
EMG-EVT-006019,FIRE-10,FIRE_TRUCK,12.8,0.4,26,48.5,47.0,16.6,30.4,CRITICAL,1,SYNTHETIC EMERGENCY V2X
EMG-EVT-006020,AMB-12,AMBULANCE,4.6,0.55,8,41.8,16.2,5.8,10.4,CRITICAL,1,SYNTHETIC EMERGENCY V2X
EMG-EVT-006021,AMB-04,AMBULANCE,11.8,0.32,23,53.7,40.8,15.2,25.6,CRITICAL,1,SYNTHETIC EMERGENCY V2X
EMG-EVT-006022,POL-10,POLICE,7.5,0.76,15,29.2,33.4,9.7,23.7,CRITICAL,1,SYNTHETIC EMERGENCY V2X
EMG-EVT-006023,FIRE-05,FIRE_TRUCK,4.1,0.25,9,61.8,14.8,5.4,9.4,CRITICAL,1,SYNTHETIC EMERGENCY V2X
EMG-EVT-006024,FIRE-04,FIRE_TRUCK,15.9,0.89,31,22.5,79.6,20.4,59.2,CRITICAL,1,SYNTHETIC EMERGENCY V2X
EMG-EVT-006025,AMB-14,AMBULANCE,10.1,0.45,19,50.0,34.9,12.9,22.0,CRITICAL,1,SYNTHETIC EMERGENCY V2X
EMG-EVT-006026,AMB-01,AMBULANCE,2.7,0.26,5,60.0,8.7,3.4,5.3,CRITICAL,1,SYNTHETIC EMERGENCY V2X
EMG-EVT-006027,AMB-20,AMBULANCE,4.4,0.88,7,17.5,23.5,5.5,18.0,CRITICAL,1,SYNTHETIC EMERGENCY V2X
EMG-EVT-006028,AMB-14,AMBULANCE,8.1,0.79,15,25.9,36.8,10.3,26.5,CRITICAL,1,SYNTHETIC EMERGENCY V2X
EMG-EVT-006029,AMB-16,AMBULANCE,15.7,0.84,29,19.8,82.4,20.0,62.4,CRITICAL,1,SYNTHETIC EMERGENCY V2X
EMG-EVT-006030,AMB-03,AMBULANCE,3.8,0.42,7,49.7,13.0,4.8,8.2,CRITICAL,1,SYNTHETIC EMERGENCY V2X
EMG-EVT-006031,AMB-06,AMBULANCE,12.4,0.81,25,27.9,56.7,16.0,40.7,CRITICAL,1,SYNTHETIC EMERGENCY V2X
EMG-EVT-006032,POL-06,POLICE,14.7,0.69,26,34.9,56.5,18.6,37.9,CRITICAL,1,SYNTHETIC EMERGENCY V2X
EMG-EVT-006033,AMB-13,AMBULANCE,2.5,0.69,4,34.1,9.2,3.1,6.1,CRITICAL,1,SYNTHETIC EMERGENCY V2X
EMG-EVT-006034,AMB-08,AMBULANCE,2.6,0.9,6,15.3,17.4,3.4,14.0,CRITICAL,1,SYNTHETIC EMERGENCY V2X
EMG-EVT-006035,AMB-02,AMBULANCE,7.0,0.79,13,29.1,30.0,8.9,21.1,CRITICAL,1,SYNTHETIC EMERGENCY V2X
EMG-EVT-006036,AMB-19,AMBULANCE,2.1,0.26,3,61.1,5.7,2.6,3.1,CRITICAL,1,SYNTHETIC EMERGENCY V2X
EMG-EVT-006037,AMB-11,AMBULANCE,11.9,0.97,21,14.8,73.4,15.1,58.3,CRITICAL,1,SYNTHETIC EMERGENCY V2X
EMG-EVT-006038,AMB-07,AMBULANCE,13.4,0.51,26,42.5,50.1,17.2,32.9,CRITICAL,1,SYNTHETIC EMERGENCY V2X
EMG-EVT-006039,AMB-01,AMBULANCE,6.9,0.4,14,43.2,26.4,8.9,17.5,CRITICAL,1,SYNTHETIC EMERGENCY V2X
EMG-EVT-006040,AMB-15,AMBULANCE,6.6,0.61,14,33.6,28.6,8.6,20.0,CRITICAL,1,SYNTHETIC EMERGENCY V2X
EMG-EVT-006041,AMB-08,AMBULANCE,9.7,0.41,20,45.8,36.7,12.6,24.1,CRITICAL,1,SYNTHETIC EMERGENCY V2X
EMG-EVT-006042,FIRE-02,FIRE_TRUCK,4.7,0.68,11,31.3,22.2,6.2,16.0,CRITICAL,1,SYNTHETIC EMERGENCY V2X
EMG-EVT-006043,AMB-07,AMBULANCE,13.0,0.95,25,14.4,84.2,16.7,67.5,CRITICAL,1,SYNTHETIC EMERGENCY V2X
EMG-EVT-006044,FIRE-07,FIRE_TRUCK,1.6,0.49,4,43.5,7.0,2.1,4.9,HIGH,1,SYNTHETIC EMERGENCY V2X
EMG-EVT-006045,AMB-06,AMBULANCE,4.4,0.37,7,51.7,13.5,5.5,8.0,CRITICAL,1,SYNTHETIC EMERGENCY V2X
EMG-EVT-006046,AMB-08,AMBULANCE,7.2,0.55,15,37.2,29.6,9.4,20.2,CRITICAL,1,SYNTHETIC EMERGENCY V2X
EMG-EVT-006047,POL-04,POLICE,9.4,0.77,19,30.5,41.3,12.2,29.1,CRITICAL,1,SYNTHETIC EMERGENCY V2X
EMG-EVT-006048,AMB-17,AMBULANCE,5.3,0.35,12,47.0,21.2,7.0,14.2,CRITICAL,1,SYNTHETIC EMERGENCY V2X
EMG-EVT-006049,AMB-15,AMBULANCE,13.1,0.79,23,28.4,55.3,16.6,38.7,CRITICAL,1,SYNTHETIC EMERGENCY V2X
EMG-EVT-006050,AMB-12,AMBULANCE,14.9,0.47,26,39.7,53.7,18.9,34.8,CRITICAL,1,SYNTHETIC EMERGENCY V2X
EMG-EVT-006051,AMB-13,AMBULANCE,1.6,0.81,5,28.1,9.4,2.2,7.2,CRITICAL,1,SYNTHETIC EMERGENCY V2X
EMG-EVT-006052,AMB-18,AMBULANCE,12.9,0.84,25,17.2,75.0,16.6,58.4,CRITICAL,1,SYNTHETIC EMERGENCY V2X
EMG-EVT-006053,AMB-07,AMBULANCE,12.1,0.61,22,38.0,45.5,15.4,30.1,CRITICAL,1,SYNTHETIC EMERGENCY V2X
EMG-EVT-006054,AMB-16,AMBULANCE,2.9,0.82,6,27.2,13.6,3.8,9.8,CRITICAL,1,SYNTHETIC EMERGENCY V2X
EMG-EVT-006055,AMB-10,AMBULANCE,11.6,0.38,21,52.2,38.5,14.8,23.7,CRITICAL,1,SYNTHETIC EMERGENCY V2X
EMG-EVT-006056,AMB-20,AMBULANCE,7.2,0.47,12,41.8,24.7,9.1,15.6,CRITICAL,1,SYNTHETIC EMERGENCY V2X
EMG-EVT-006057,AMB-19,AMBULANCE,4.8,0.66,11,36.1,21.2,6.3,14.9,CRITICAL,1,SYNTHETIC EMERGENCY V2X
EMG-EVT-006058,AMB-16,AMBULANCE,16.0,0.95,29,15.7,95.9,20.4,75.5,CRITICAL,1,SYNTHETIC EMERGENCY V2X
EMG-EVT-006059,AMB-14,AMBULANCE,7.6,0.94,13,14.0,48.2,9.6,38.6,CRITICAL,1,SYNTHETIC EMERGENCY V2X
EMG-EVT-006060,AMB-03,AMBULANCE,11.4,0.23,21,56.7,37.3,14.5,22.8,CRITICAL,1,SYNTHETIC EMERGENCY V2X
EMG-EVT-006061,FIRE-09,FIRE_TRUCK,9.9,0.75,17,28.0,41.6,12.5,29.1,CRITICAL,1,SYNTHETIC EMERGENCY V2X
EMG-EVT-006062,FIRE-02,FIRE_TRUCK,8.9,0.22,16,58.1,28.4,11.3,17.1,CRITICAL,1,SYNTHETIC EMERGENCY V2X
EMG-EVT-006063,AMB-14,AMBULANCE,13.6,0.81,24,19.5,70.6,17.2,53.4,CRITICAL,1,SYNTHETIC EMERGENCY V2X
EMG-EVT-006064,AMB-09,AMBULANCE,9.5,0.91,19,19.9,51.4,12.3,39.1,CRITICAL,1,SYNTHETIC EMERGENCY V2X
EMG-EVT-006065,AMB-01,AMBULANCE,7.0,0.59,14,35.6,28.6,9.0,19.6,CRITICAL,1,SYNTHETIC EMERGENCY V2X
EMG-EVT-006066,POL-02,POLICE,4.8,0.64,9,30.2,20.3,6.1,14.2,CRITICAL,1,SYNTHETIC EMERGENCY V2X
EMG-EVT-006067,FIRE-01,FIRE_TRUCK,13.4,0.54,24,44.3,46.9,17.0,29.9,CRITICAL,1,SYNTHETIC EMERGENCY V2X
EMG-EVT-006068,AMB-08,AMBULANCE,3.1,0.39,6,47.7,11.1,4.0,7.1,CRITICAL,1,SYNTHETIC EMERGENCY V2X
EMG-EVT-006069,POL-07,POLICE,12.2,0.88,23,20.6,63.1,15.6,47.5,CRITICAL,1,SYNTHETIC EMERGENCY V2X
EMG-EVT-006070,AMB-16,AMBULANCE,10.1,0.89,20,20.2,54.0,13.0,41.0,CRITICAL,1,SYNTHETIC EMERGENCY V2X
EMG-EVT-006071,POL-02,POLICE,10.6,0.64,20,30.7,44.7,13.6,31.1,CRITICAL,1,SYNTHETIC EMERGENCY V2X
EMG-EVT-006072,POL-06,POLICE,14.2,0.24,27,59.2,46.8,18.2,28.6,CRITICAL,1,SYNTHETIC EMERGENCY V2X
EMG-EVT-006073,AMB-12,AMBULANCE,12.3,0.71,23,30.3,52.0,15.7,36.3,CRITICAL,1,SYNTHETIC EMERGENCY V2X
EMG-EVT-006074,AMB-04,AMBULANCE,3.4,0.94,9,14.6,24.8,4.6,20.2,CRITICAL,1,SYNTHETIC EMERGENCY V2X
EMG-EVT-006075,AMB-09,AMBULANCE,8.2,0.51,14,39.1,29.4,10.3,19.1,CRITICAL,1,SYNTHETIC EMERGENCY V2X
EMG-EVT-006076,POL-09,POLICE,5.7,0.35,10,49.4,18.9,7.2,11.7,CRITICAL,1,SYNTHETIC EMERGENCY V2X
EMG-EVT-006077,AMB-04,AMBULANCE,4.6,0.94,10,16.3,28.9,6.0,22.9,CRITICAL,1,SYNTHETIC EMERGENCY V2X
EMG-EVT-006078,AMB-20,AMBULANCE,3.9,0.75,8,29.1,17.6,5.1,12.5,CRITICAL,1,SYNTHETIC EMERGENCY V2X
EMG-EVT-006079,POL-06,POLICE,12.2,0.51,23,39.0,46.4,15.6,30.8,CRITICAL,1,SYNTHETIC EMERGENCY V2X
EMG-EVT-006080,AMB-03,AMBULANCE,5.3,0.31,10,50.9,18.2,6.8,11.4,CRITICAL,1,SYNTHETIC EMERGENCY V2X
EMG-EVT-006081,AMB-17,AMBULANCE,16.0,0.75,28,29.1,66.6,20.3,46.3,CRITICAL,1,SYNTHETIC EMERGENCY V2X
EMG-EVT-006082,AMB-07,AMBULANCE,13.1,0.65,24,35.5,50.9,16.7,34.2,CRITICAL,1,SYNTHETIC EMERGENCY V2X
EMG-EVT-006083,AMB-02,AMBULANCE,2.3,0.94,6,12.1,18.6,3.1,15.5,CRITICAL,1,SYNTHETIC EMERGENCY V2X
EMG-EVT-006084,AMB-07,AMBULANCE,15.7,0.81,29,27.1,69.6,20.0,49.6,CRITICAL,1,SYNTHETIC EMERGENCY V2X
EMG-EVT-006085,AMB-20,AMBULANCE,14.8,0.75,27,30.7,61.3,18.8,42.5,CRITICAL,1,SYNTHETIC EMERGENCY V2X
EMG-EVT-006086,FIRE-02,FIRE_TRUCK,11.5,0.37,23,53.6,40.5,14.8,25.7,CRITICAL,1,SYNTHETIC EMERGENCY V2X
EMG-EVT-006087,POL-01,POLICE,1.6,0.83,4,23.8,8.8,2.1,6.7,HIGH,1,SYNTHETIC EMERGENCY V2X
EMG-EVT-006088,FIRE-02,FIRE_TRUCK,15.5,0.4,30,51.5,54.1,19.9,34.2,CRITICAL,1,SYNTHETIC EMERGENCY V2X
EMG-EVT-006089,POL-08,POLICE,4.2,0.48,9,38.5,17.3,5.5,11.8,CRITICAL,1,SYNTHETIC EMERGENCY V2X
EMG-EVT-006090,FIRE-09,FIRE_TRUCK,8.8,0.47,15,47.5,29.1,11.1,18.0,CRITICAL,1,SYNTHETIC EMERGENCY V2X
EMG-EVT-006091,POL-05,POLICE,8.9,0.69,18,33.1,37.7,11.5,26.2,CRITICAL,1,SYNTHETIC EMERGENCY V2X
EMG-EVT-006092,AMB-10,AMBULANCE,1.7,0.55,5,41.8,8.4,2.4,6.0,CRITICAL,1,SYNTHETIC EMERGENCY V2X
EMG-EVT-006093,POL-09,POLICE,9.1,0.44,16,45.9,31.1,11.5,19.6,CRITICAL,1,SYNTHETIC EMERGENCY V2X
EMG-EVT-006094,AMB-12,AMBULANCE,14.6,0.91,26,14.2,92.9,18.5,74.4,CRITICAL,1,SYNTHETIC EMERGENCY V2X
EMG-EVT-006095,AMB-07,AMBULANCE,11.1,0.51,22,45.0,41.2,14.3,26.9,CRITICAL,1,SYNTHETIC EMERGENCY V2X
EMG-EVT-006096,AMB-05,AMBULANCE,7.9,0.8,17,19.8,44.3,10.3,34.0,CRITICAL,1,SYNTHETIC EMERGENCY V2X
EMG-EVT-006097,FIRE-04,FIRE_TRUCK,12.6,0.6,25,35.2,51.5,16.2,35.3,CRITICAL,1,SYNTHETIC EMERGENCY V2X
EMG-EVT-006098,POL-10,POLICE,3.7,0.36,6,48.2,11.8,4.6,7.2,HIGH,1,SYNTHETIC EMERGENCY V2X
EMG-EVT-006099,AMB-09,AMBULANCE,15.7,0.37,28,47.6,53.4,19.9,33.5,CRITICAL,1,SYNTHETIC EMERGENCY V2X
EMG-EVT-006100,AMB-01,AMBULANCE,12.5,0.9,25,15.6,78.1,16.1,62.0,CRITICAL,1,SYNTHETIC EMERGENCY V2X
EMG-EVT-006101,AMB-05,AMBULANCE,1.7,0.36,3,52.2,5.6,2.2,3.4,CRITICAL,1,SYNTHETIC EMERGENCY V2X
EMG-EVT-006102,AMB-03,AMBULANCE,10.0,0.92,19,20.8,51.6,12.8,38.8,CRITICAL,1,SYNTHETIC EMERGENCY V2X
EMG-EVT-006103,AMB-05,AMBULANCE,14.1,0.5,26,41.8,51.4,18.0,33.4,CRITICAL,1,SYNTHETIC EMERGENCY V2X
EMG-EVT-006104,POL-09,POLICE,8.6,0.75,18,27.5,40.4,11.2,29.2,CRITICAL,1,SYNTHETIC EMERGENCY V2X
EMG-EVT-006105,AMB-11,AMBULANCE,4.8,0.86,8,22.3,22.5,6.0,16.5,CRITICAL,1,SYNTHETIC EMERGENCY V2X
EMG-EVT-006106,AMB-07,AMBULANCE,9.6,0.48,18,41.8,35.4,12.3,23.1,CRITICAL,1,SYNTHETIC EMERGENCY V2X
EMG-EVT-006107,AMB-09,AMBULANCE,14.6,0.28,26,55.2,47.1,18.5,28.6,CRITICAL,1,SYNTHETIC EMERGENCY V2X
EMG-EVT-006108,AMB-09,AMBULANCE,7.0,0.91,14,17.6,40.7,9.0,31.7,CRITICAL,1,SYNTHETIC EMERGENCY V2X
EMG-EVT-006109,AMB-08,AMBULANCE,8.8,0.52,18,43.8,33.7,11.4,22.3,CRITICAL,1,SYNTHETIC EMERGENCY V2X
EMG-EVT-006110,FIRE-04,FIRE_TRUCK,4.7,0.69,11,30.2,22.5,6.2,16.3,CRITICAL,1,SYNTHETIC EMERGENCY V2X
EMG-EVT-006111,POL-02,POLICE,5.9,0.7,11,34.7,23.4,7.5,15.9,CRITICAL,1,SYNTHETIC EMERGENCY V2X
EMG-EVT-006112,AMB-09,AMBULANCE,14.6,0.84,27,22.1,72.0,18.6,53.4,CRITICAL,1,SYNTHETIC EMERGENCY V2X
EMG-EVT-006113,AMB-14,AMBULANCE,3.9,0.65,10,32.0,19.3,5.3,14.0,CRITICAL,1,SYNTHETIC EMERGENCY V2X
EMG-EVT-006114,FIRE-02,FIRE_TRUCK,2.7,0.45,6,43.9,10.9,3.5,7.4,HIGH,1,SYNTHETIC EMERGENCY V2X
EMG-EVT-006115,AMB-03,AMBULANCE,6.8,0.84,15,25.5,34.0,8.9,25.1,CRITICAL,1,SYNTHETIC EMERGENCY V2X
EMG-EVT-006116,AMB-07,AMBULANCE,14.0,0.49,27,42.3,52.3,18.0,34.3,CRITICAL,1,SYNTHETIC EMERGENCY V2X
EMG-EVT-006117,POL-02,POLICE,8.4,0.3,17,57.8,29.1,10.9,18.2,CRITICAL,1,SYNTHETIC EMERGENCY V2X
EMG-EVT-006118,AMB-10,AMBULANCE,14.0,0.7,25,28.6,59.4,17.8,41.6,CRITICAL,1,SYNTHETIC EMERGENCY V2X
EMG-EVT-006119,AMB-16,AMBULANCE,14.7,0.46,29,42.9,55.4,18.9,36.5,CRITICAL,1,SYNTHETIC EMERGENCY V2X
EMG-EVT-006120,AMB-09,AMBULANCE,5.3,0.59,9,33.1,20.4,6.7,13.7,CRITICAL,1,SYNTHETIC EMERGENCY V2X
EMG-EVT-006121,AMB-04,AMBULANCE,16.0,0.3,31,57.6,53.9,20.6,33.3,CRITICAL,1,SYNTHETIC EMERGENCY V2X
EMG-EVT-006122,POL-06,POLICE,9.0,0.73,19,27.5,42.4,11.7,30.7,CRITICAL,1,SYNTHETIC EMERGENCY V2X
EMG-EVT-006123,AMB-11,AMBULANCE,2.1,0.6,6,31.3,11.2,2.9,8.3,CRITICAL,1,SYNTHETIC EMERGENCY V2X
EMG-EVT-006124,AMB-08,AMBULANCE,5.3,0.31,10,49.9,18.4,6.8,11.6,CRITICAL,1,SYNTHETIC EMERGENCY V2X
EMG-EVT-006125,POL-02,POLICE,4.3,0.73,7,26.6,18.1,5.4,12.7,CRITICAL,1,SYNTHETIC EMERGENCY V2X
EMG-EVT-006126,AMB-16,AMBULANCE,4.5,0.32,9,57.3,15.5,5.8,9.7,CRITICAL,1,SYNTHETIC EMERGENCY V2X
EMG-EVT-006127,AMB-10,AMBULANCE,5.6,0.82,11,19.7,30.3,7.2,23.1,CRITICAL,1,SYNTHETIC EMERGENCY V2X
EMG-EVT-006128,AMB-14,AMBULANCE,9.8,0.53,19,36.3,39.0,12.6,26.4,CRITICAL,1,SYNTHETIC EMERGENCY V2X
EMG-EVT-006129,AMB-19,AMBULANCE,12.9,0.39,25,44.0,47.6,16.6,31.0,CRITICAL,1,SYNTHETIC EMERGENCY V2X
EMG-EVT-006130,POL-04,POLICE,6.0,0.52,11,36.7,23.0,7.6,15.4,CRITICAL,1,SYNTHETIC EMERGENCY V2X
EMG-EVT-006131,AMB-16,AMBULANCE,4.0,0.98,7,17.1,22.4,5.1,17.3,CRITICAL,1,SYNTHETIC EMERGENCY V2X
EMG-EVT-006132,AMB-10,AMBULANCE,5.1,0.3,9,56.5,16.2,6.5,9.7,CRITICAL,1,SYNTHETIC EMERGENCY V2X
EMG-EVT-006133,AMB-13,AMBULANCE,15.6,0.94,31,11.4,119.3,20.1,99.2,CRITICAL,1,SYNTHETIC EMERGENCY V2X
EMG-EVT-006134,POL-01,POLICE,5.9,0.84,11,23.4,28.3,7.5,20.8,CRITICAL,1,SYNTHETIC EMERGENCY V2X
EMG-EVT-006135,FIRE-10,FIRE_TRUCK,13.7,0.37,25,51.4,46.0,17.4,28.6,CRITICAL,1,SYNTHETIC EMERGENCY V2X
EMG-EVT-006136,FIRE-01,FIRE_TRUCK,11.7,0.67,22,28.0,51.5,15.0,36.5,CRITICAL,1,SYNTHETIC EMERGENCY V2X
EMG-EVT-006137,POL-05,POLICE,10.7,0.72,21,25.2,50.7,13.8,36.9,CRITICAL,1,SYNTHETIC EMERGENCY V2X
EMG-EVT-006138,AMB-04,AMBULANCE,2.9,0.65,6,32.8,12.5,3.8,8.7,CRITICAL,1,SYNTHETIC EMERGENCY V2X
EMG-EVT-006139,AMB-13,AMBULANCE,5.3,0.36,11,51.6,19.4,6.9,12.5,CRITICAL,1,SYNTHETIC EMERGENCY V2X
EMG-EVT-006140,FIRE-06,FIRE_TRUCK,12.6,0.7,25,30.9,54.5,16.2,38.3,CRITICAL,1,SYNTHETIC EMERGENCY V2X
EMG-EVT-006141,AMB-11,AMBULANCE,1.6,0.82,3,24.9,7.5,2.0,5.5,CRITICAL,1,SYNTHETIC EMERGENCY V2X
EMG-EVT-006142,AMB-16,AMBULANCE,11.5,0.75,20,22.9,54.1,14.5,39.6,CRITICAL,1,SYNTHETIC EMERGENCY V2X
EMG-EVT-006143,AMB-13,AMBULANCE,6.1,0.95,13,14.2,41.4,8.0,33.4,CRITICAL,1,SYNTHETIC EMERGENCY V2X
EMG-EVT-006144,AMB-13,AMBULANCE,15.2,0.38,28,47.0,53.0,19.4,33.6,CRITICAL,1,SYNTHETIC EMERGENCY V2X
EMG-EVT-006145,FIRE-05,FIRE_TRUCK,6.3,0.4,13,52.0,22.9,8.2,14.7,CRITICAL,1,SYNTHETIC EMERGENCY V2X
EMG-EVT-006146,AMB-08,AMBULANCE,5.2,0.61,9,36.2,19.4,6.6,12.8,CRITICAL,1,SYNTHETIC EMERGENCY V2X
EMG-EVT-006147,FIRE-05,FIRE_TRUCK,3.9,0.31,7,49.2,13.2,5.0,8.2,CRITICAL,1,SYNTHETIC EMERGENCY V2X
EMG-EVT-006148,POL-01,POLICE,4.8,0.42,8,48.4,15.6,6.0,9.6,CRITICAL,1,SYNTHETIC EMERGENCY V2X
EMG-EVT-006149,AMB-09,AMBULANCE,14.9,0.62,27,36.7,56.8,19.0,37.8,CRITICAL,1,SYNTHETIC EMERGENCY V2X
EMG-EVT-006150,FIRE-09,FIRE_TRUCK,10.1,0.8,18,24.3,46.5,12.8,33.7,CRITICAL,1,SYNTHETIC EMERGENCY V2X
EMG-EVT-006151,FIRE-07,FIRE_TRUCK,11.6,0.2,20,57.5,36.1,14.7,21.4,CRITICAL,1,SYNTHETIC EMERGENCY V2X
EMG-EVT-006152,FIRE-10,FIRE_TRUCK,9.2,0.21,16,63.8,27.9,11.6,16.3,CRITICAL,1,SYNTHETIC EMERGENCY V2X
EMG-EVT-006153,AMB-05,AMBULANCE,15.5,0.87,30,19.2,84.4,19.9,64.5,CRITICAL,1,SYNTHETIC EMERGENCY V2X
EMG-EVT-006154,FIRE-01,FIRE_TRUCK,8.4,0.94,17,12.7,60.1,10.9,49.2,CRITICAL,1,SYNTHETIC EMERGENCY V2X
EMG-EVT-006155,AMB-07,AMBULANCE,2.7,0.33,4,47.9,8.2,3.3,4.9,CRITICAL,1,SYNTHETIC EMERGENCY V2X
EMG-EVT-006156,POL-07,POLICE,6.4,0.76,14,29.4,29.9,8.4,21.5,CRITICAL,1,SYNTHETIC EMERGENCY V2X
EMG-EVT-006157,AMB-02,AMBULANCE,2.5,0.64,6,28.9,12.4,3.3,9.1,CRITICAL,1,SYNTHETIC EMERGENCY V2X
EMG-EVT-006158,AMB-08,AMBULANCE,5.9,0.25,11,59.3,19.2,7.5,11.7,CRITICAL,1,SYNTHETIC EMERGENCY V2X
EMG-EVT-006159,AMB-20,AMBULANCE,8.1,0.75,14,28.9,33.6,10.2,23.4,CRITICAL,1,SYNTHETIC EMERGENCY V2X
EMG-EVT-006160,AMB-15,AMBULANCE,12.8,0.7,24,34.8,50.9,16.4,34.5,CRITICAL,1,SYNTHETIC EMERGENCY V2X
EMG-EVT-006161,AMB-20,AMBULANCE,14.7,0.23,26,58.3,46.3,18.6,27.7,CRITICAL,1,SYNTHETIC EMERGENCY V2X
EMG-EVT-006162,AMB-16,AMBULANCE,15.6,0.9,28,17.9,85.9,19.8,66.1,CRITICAL,1,SYNTHETIC EMERGENCY V2X
EMG-EVT-006163,AMB-09,AMBULANCE,6.5,0.74,11,22.7,30.4,8.2,22.2,CRITICAL,1,SYNTHETIC EMERGENCY V2X
EMG-EVT-006164,FIRE-10,FIRE_TRUCK,5.4,0.94,10,13.3,36.4,6.9,29.5,CRITICAL,1,SYNTHETIC EMERGENCY V2X
EMG-EVT-006165,POL-03,POLICE,10.9,0.75,20,22.4,53.2,13.9,39.3,CRITICAL,1,SYNTHETIC EMERGENCY V2X
EMG-EVT-006166,AMB-16,AMBULANCE,15.8,0.21,29,62.1,50.1,20.1,30.0,CRITICAL,1,SYNTHETIC EMERGENCY V2X
EMG-EVT-006167,AMB-04,AMBULANCE,6.3,0.94,14,12.5,47.0,8.3,38.7,CRITICAL,1,SYNTHETIC EMERGENCY V2X
EMG-EVT-006168,FIRE-06,FIRE_TRUCK,14.9,0.84,27,23.2,70.9,19.0,51.9,CRITICAL,1,SYNTHETIC EMERGENCY V2X
EMG-EVT-006169,FIRE-08,FIRE_TRUCK,9.1,0.45,17,45.3,32.5,11.6,20.9,CRITICAL,1,SYNTHETIC EMERGENCY V2X
EMG-EVT-006170,AMB-07,AMBULANCE,11.6,0.53,20,39.8,41.5,14.7,26.8,CRITICAL,1,SYNTHETIC EMERGENCY V2X
EMG-EVT-006171,AMB-01,AMBULANCE,15.8,0.89,28,15.4,95.2,20.0,75.2,CRITICAL,1,SYNTHETIC EMERGENCY V2X
EMG-EVT-006172,FIRE-09,FIRE_TRUCK,12.7,0.43,22,51.2,41.3,16.1,25.2,CRITICAL,1,SYNTHETIC EMERGENCY V2X
EMG-EVT-006173,AMB-06,AMBULANCE,11.3,0.48,21,41.5,41.5,14.4,27.1,CRITICAL,1,SYNTHETIC EMERGENCY V2X
EMG-EVT-006174,FIRE-03,FIRE_TRUCK,11.7,0.77,23,24.4,56.4,15.1,41.3,CRITICAL,1,SYNTHETIC EMERGENCY V2X
EMG-EVT-006175,POL-08,POLICE,3.7,0.56,9,36.4,16.9,4.9,12.0,CRITICAL,1,SYNTHETIC EMERGENCY V2X
EMG-EVT-006176,FIRE-10,FIRE_TRUCK,7.3,0.89,14,23.4,35.5,9.4,26.1,CRITICAL,1,SYNTHETIC EMERGENCY V2X
EMG-EVT-006177,FIRE-04,FIRE_TRUCK,14.4,0.95,27,11.8,105.6,18.4,87.2,CRITICAL,1,SYNTHETIC EMERGENCY V2X
EMG-EVT-006178,AMB-08,AMBULANCE,4.7,0.54,10,37.7,19.5,6.1,13.4,CRITICAL,1,SYNTHETIC EMERGENCY V2X
EMG-EVT-006179,AMB-17,AMBULANCE,4.7,0.68,8,34.6,17.8,5.9,11.9,CRITICAL,1,SYNTHETIC EMERGENCY V2X
EMG-EVT-006180,AMB-08,AMBULANCE,5.4,0.68,9,29.3,21.9,6.8,15.1,CRITICAL,1,SYNTHETIC EMERGENCY V2X
EMG-EVT-006181,AMB-17,AMBULANCE,10.8,0.34,20,52.9,36.2,13.8,22.4,CRITICAL,1,SYNTHETIC EMERGENCY V2X
EMG-EVT-006182,AMB-10,AMBULANCE,5.3,0.64,10,35.6,20.9,6.8,14.1,CRITICAL,1,SYNTHETIC EMERGENCY V2X
EMG-EVT-006183,POL-09,POLICE,2.4,0.59,5,32.3,10.5,3.1,7.4,HIGH,1,SYNTHETIC EMERGENCY V2X
EMG-EVT-006184,AMB-15,AMBULANCE,8.4,0.63,15,29.3,35.2,10.7,24.5,CRITICAL,1,SYNTHETIC EMERGENCY V2X
EMG-EVT-006185,AMB-13,AMBULANCE,9.2,0.83,18,22.6,46.0,11.8,34.2,CRITICAL,1,SYNTHETIC EMERGENCY V2X
EMG-EVT-006186,AMB-01,AMBULANCE,2.5,0.38,6,45.7,10.5,3.3,7.2,CRITICAL,1,SYNTHETIC EMERGENCY V2X
EMG-EVT-006187,AMB-05,AMBULANCE,3.2,0.53,5,37.9,11.1,4.0,7.1,CRITICAL,1,SYNTHETIC EMERGENCY V2X
EMG-EVT-006188,AMB-12,AMBULANCE,5.5,0.24,11,61.6,18.6,7.1,11.5,CRITICAL,1,SYNTHETIC EMERGENCY V2X
EMG-EVT-006189,FIRE-08,FIRE_TRUCK,2.2,0.67,6,27.9,11.9,3.0,8.9,HIGH,1,SYNTHETIC EMERGENCY V2X
EMG-EVT-006190,FIRE-02,FIRE_TRUCK,2.4,0.7,6,34.2,11.4,3.2,8.2,HIGH,1,SYNTHETIC EMERGENCY V2X
EMG-EVT-006191,AMB-02,AMBULANCE,6.0,0.72,11,28.0,26.1,7.6,18.5,CRITICAL,1,SYNTHETIC EMERGENCY V2X
EMG-EVT-006192,AMB-08,AMBULANCE,7.9,0.87,17,14.8,52.4,10.3,42.1,CRITICAL,1,SYNTHETIC EMERGENCY V2X
EMG-EVT-006193,AMB-15,AMBULANCE,6.2,0.36,14,49.1,24.4,8.2,16.2,CRITICAL,1,SYNTHETIC EMERGENCY V2X
EMG-EVT-006194,POL-05,POLICE,6.6,0.41,14,43.9,25.8,8.6,17.2,CRITICAL,1,SYNTHETIC EMERGENCY V2X
EMG-EVT-006195,AMB-13,AMBULANCE,13.3,0.9,24,17.6,74.1,16.9,57.2,CRITICAL,1,SYNTHETIC EMERGENCY V2X
EMG-EVT-006196,POL-08,POLICE,8.2,0.29,16,49.8,29.1,10.5,18.6,CRITICAL,1,SYNTHETIC EMERGENCY V2X
EMG-EVT-006197,AMB-07,AMBULANCE,5.9,0.54,10,37.8,21.4,7.4,14.0,CRITICAL,1,SYNTHETIC EMERGENCY V2X
EMG-EVT-006198,FIRE-03,FIRE_TRUCK,3.9,0.7,10,32.7,19.2,5.3,13.9,CRITICAL,1,SYNTHETIC EMERGENCY V2X
EMG-EVT-006199,AMB-05,AMBULANCE,14.1,0.44,27,41.8,52.6,18.1,34.5,CRITICAL,1,SYNTHETIC EMERGENCY V2X
EMG-EVT-006200,AMB-05,AMBULANCE,7.6,0.67,14,32.3,30.9,9.7,21.2,CRITICAL,1,SYNTHETIC EMERGENCY V2X
EMG-EVT-006201,FIRE-07,FIRE_TRUCK,8.9,0.3,18,49.5,32.4,11.5,20.9,CRITICAL,1,SYNTHETIC EMERGENCY V2X
EMG-EVT-006202,AMB-03,AMBULANCE,6.1,0.48,11,44.3,21.5,7.8,13.7,CRITICAL,1,SYNTHETIC EMERGENCY V2X
EMG-EVT-006203,AMB-01,AMBULANCE,10.4,0.52,20,42.5,38.7,13.3,25.4,CRITICAL,1,SYNTHETIC EMERGENCY V2X
EMG-EVT-006204,AMB-17,AMBULANCE,4.6,0.34,8,48.8,15.3,5.8,9.5,CRITICAL,1,SYNTHETIC EMERGENCY V2X
EMG-EVT-006205,AMB-08,AMBULANCE,8.7,0.22,18,62.0,30.0,11.3,18.7,CRITICAL,1,SYNTHETIC EMERGENCY V2X
EMG-EVT-006206,POL-08,POLICE,7.4,0.84,15,23.7,36.7,9.6,27.1,CRITICAL,1,SYNTHETIC EMERGENCY V2X
EMG-EVT-006207,AMB-10,AMBULANCE,13.5,0.48,27,39.1,53.1,17.4,35.7,CRITICAL,1,SYNTHETIC EMERGENCY V2X
EMG-EVT-006208,AMB-02,AMBULANCE,4.4,0.81,9,26.8,20.7,5.7,15.0,CRITICAL,1,SYNTHETIC EMERGENCY V2X
EMG-EVT-006209,AMB-17,AMBULANCE,8.1,0.49,15,45.1,28.8,10.3,18.5,CRITICAL,1,SYNTHETIC EMERGENCY V2X
EMG-EVT-006210,AMB-07,AMBULANCE,10.9,0.38,22,46.8,40.4,14.1,26.3,CRITICAL,1,SYNTHETIC EMERGENCY V2X
EMG-EVT-006211,AMB-19,AMBULANCE,2.8,0.49,7,40.2,12.6,3.8,8.8,CRITICAL,1,SYNTHETIC EMERGENCY V2X
EMG-EVT-006212,AMB-19,AMBULANCE,2.5,0.84,6,22.0,14.0,3.3,10.7,CRITICAL,1,SYNTHETIC EMERGENCY V2X
EMG-EVT-006213,AMB-15,AMBULANCE,12.5,0.75,24,29.2,54.5,16.0,38.5,CRITICAL,1,SYNTHETIC EMERGENCY V2X
EMG-EVT-006214,AMB-11,AMBULANCE,3.6,0.7,8,28.1,17.3,4.7,12.6,CRITICAL,1,SYNTHETIC EMERGENCY V2X
EMG-EVT-006215,AMB-11,AMBULANCE,15.0,0.8,27,24.6,69.0,19.1,49.9,CRITICAL,1,SYNTHETIC EMERGENCY V2X
EMG-EVT-006216,POL-01,POLICE,12.0,0.89,24,15.6,75.0,15.5,59.5,CRITICAL,1,SYNTHETIC EMERGENCY V2X
EMG-EVT-006217,FIRE-10,FIRE_TRUCK,13.7,0.52,25,45.6,48.0,17.4,30.6,CRITICAL,1,SYNTHETIC EMERGENCY V2X
EMG-EVT-006218,AMB-13,AMBULANCE,2.9,0.96,6,13.7,19.9,3.8,16.1,CRITICAL,1,SYNTHETIC EMERGENCY V2X
EMG-EVT-006219,AMB-02,AMBULANCE,11.8,0.37,23,48.4,42.2,15.2,27.0,CRITICAL,1,SYNTHETIC EMERGENCY V2X
EMG-EVT-006220,AMB-11,AMBULANCE,4.0,0.69,9,26.7,19.8,5.3,14.5,CRITICAL,1,SYNTHETIC EMERGENCY V2X
EMG-EVT-006221,FIRE-09,FIRE_TRUCK,7.3,0.75,16,28.6,34.5,9.6,24.9,CRITICAL,1,SYNTHETIC EMERGENCY V2X
EMG-EVT-006222,AMB-10,AMBULANCE,3.7,0.38,6,46.4,12.0,4.6,7.4,CRITICAL,1,SYNTHETIC EMERGENCY V2X
EMG-EVT-006223,FIRE-08,FIRE_TRUCK,14.6,0.53,28,38.5,56.4,18.7,37.7,CRITICAL,1,SYNTHETIC EMERGENCY V2X
EMG-EVT-006224,AMB-16,AMBULANCE,6.8,0.74,14,30.5,30.2,8.8,21.4,CRITICAL,1,SYNTHETIC EMERGENCY V2X
EMG-EVT-006225,AMB-08,AMBULANCE,3.2,0.47,8,40.6,14.3,4.3,10.0,CRITICAL,1,SYNTHETIC EMERGENCY V2X
EMG-EVT-006226,FIRE-07,FIRE_TRUCK,3.2,0.47,8,41.8,14.2,4.3,9.9,CRITICAL,1,SYNTHETIC EMERGENCY V2X
EMG-EVT-006227,FIRE-03,FIRE_TRUCK,13.2,0.25,26,59.0,44.6,17.0,27.6,CRITICAL,1,SYNTHETIC EMERGENCY V2X
EMG-EVT-006228,AMB-06,AMBULANCE,7.5,0.24,13,55.2,23.8,9.5,14.3,CRITICAL,1,SYNTHETIC EMERGENCY V2X
EMG-EVT-006229,FIRE-07,FIRE_TRUCK,9.5,0.46,18,40.6,35.6,12.2,23.4,CRITICAL,1,SYNTHETIC EMERGENCY V2X
EMG-EVT-006230,FIRE-01,FIRE_TRUCK,7.0,0.21,13,61.6,22.4,8.9,13.5,CRITICAL,1,SYNTHETIC EMERGENCY V2X
EMG-EVT-006231,FIRE-10,FIRE_TRUCK,15.1,0.53,27,41.7,54.1,19.2,34.9,CRITICAL,1,SYNTHETIC EMERGENCY V2X
EMG-EVT-006232,AMB-11,AMBULANCE,2.5,0.23,4,58.3,7.4,3.1,4.3,CRITICAL,1,SYNTHETIC EMERGENCY V2X
EMG-EVT-006233,AMB-05,AMBULANCE,15.1,0.28,27,58.9,47.8,19.2,28.6,CRITICAL,1,SYNTHETIC EMERGENCY V2X
EMG-EVT-006234,AMB-04,AMBULANCE,3.7,0.89,7,15.8,22.5,4.7,17.8,CRITICAL,1,SYNTHETIC EMERGENCY V2X
EMG-EVT-006235,AMB-09,AMBULANCE,7.8,0.86,14,24.2,36.1,9.9,26.2,CRITICAL,1,SYNTHETIC EMERGENCY V2X
EMG-EVT-006236,AMB-07,AMBULANCE,4.6,0.8,11,20.2,26.9,6.1,20.8,CRITICAL,1,SYNTHETIC EMERGENCY V2X
EMG-EVT-006237,AMB-17,AMBULANCE,8.9,0.62,16,34.8,34.5,11.3,23.2,CRITICAL,1,SYNTHETIC EMERGENCY V2X
EMG-EVT-006238,POL-05,POLICE,5.1,0.6,11,31.6,22.9,6.7,16.2,CRITICAL,1,SYNTHETIC EMERGENCY V2X
EMG-EVT-006239,AMB-07,AMBULANCE,13.4,0.4,27,51.7,48.0,17.3,30.7,CRITICAL,1,SYNTHETIC EMERGENCY V2X
EMG-EVT-006240,AMB-17,AMBULANCE,11.7,0.26,24,59.8,40.5,15.2,25.3,CRITICAL,1,SYNTHETIC EMERGENCY V2X
EMG-EVT-006241,AMB-06,AMBULANCE,14.2,0.37,27,50.8,49.2,18.2,31.0,CRITICAL,1,SYNTHETIC EMERGENCY V2X
EMG-EVT-006242,AMB-19,AMBULANCE,5.9,0.46,11,48.9,20.4,7.5,12.9,CRITICAL,1,SYNTHETIC EMERGENCY V2X
EMG-EVT-006243,AMB-12,AMBULANCE,12.7,0.95,25,13.8,85.2,16.4,68.8,CRITICAL,1,SYNTHETIC EMERGENCY V2X
EMG-EVT-006244,AMB-15,AMBULANCE,10.7,0.2,19,60.0,33.5,13.6,19.9,CRITICAL,1,SYNTHETIC EMERGENCY V2X
EMG-EVT-006245,POL-10,POLICE,9.4,0.92,17,21.6,46.5,12.0,34.5,CRITICAL,1,SYNTHETIC EMERGENCY V2X
EMG-EVT-006246,FIRE-09,FIRE_TRUCK,7.7,0.42,13,51.3,24.6,9.7,14.9,CRITICAL,1,SYNTHETIC EMERGENCY V2X
EMG-EVT-006247,AMB-06,AMBULANCE,3.2,0.52,5,38.9,10.9,4.0,6.9,CRITICAL,1,SYNTHETIC EMERGENCY V2X
EMG-EVT-006248,AMB-04,AMBULANCE,2.6,0.65,7,30.3,13.5,3.5,10.0,CRITICAL,1,SYNTHETIC EMERGENCY V2X
EMG-EVT-006249,AMB-13,AMBULANCE,11.0,0.4,22,43.7,41.5,14.2,27.3,CRITICAL,1,SYNTHETIC EMERGENCY V2X
EMG-EVT-006250,FIRE-09,FIRE_TRUCK,12.7,0.51,22,45.5,43.1,16.1,27.0,CRITICAL,1,SYNTHETIC EMERGENCY V2X
EMG-EVT-006251,POL-01,POLICE,13.3,0.97,24,17.1,75.5,16.9,58.6,CRITICAL,1,SYNTHETIC EMERGENCY V2X
EMG-EVT-006252,AMB-04,AMBULANCE,2.6,0.81,6,28.0,12.8,3.4,9.4,CRITICAL,1,SYNTHETIC EMERGENCY V2X
EMG-EVT-006253,AMB-14,AMBULANCE,12.8,0.32,25,57.8,43.3,16.5,26.8,CRITICAL,1,SYNTHETIC EMERGENCY V2X
EMG-EVT-006254,AMB-01,AMBULANCE,6.3,0.49,13,46.4,23.7,8.2,15.5,CRITICAL,1,SYNTHETIC EMERGENCY V2X
EMG-EVT-006255,AMB-18,AMBULANCE,12.0,0.89,22,16.2,70.8,15.3,55.5,CRITICAL,1,SYNTHETIC EMERGENCY V2X
EMG-EVT-006256,AMB-05,AMBULANCE,9.4,0.45,19,46.0,35.1,12.2,22.9,CRITICAL,1,SYNTHETIC EMERGENCY V2X
EMG-EVT-006257,AMB-15,AMBULANCE,9.2,0.22,17,54.4,30.5,11.7,18.8,CRITICAL,1,SYNTHETIC EMERGENCY V2X
EMG-EVT-006258,AMB-15,AMBULANCE,9.6,0.65,20,34.0,40.9,12.5,28.4,CRITICAL,1,SYNTHETIC EMERGENCY V2X
EMG-EVT-006259,AMB-17,AMBULANCE,8.0,0.94,17,13.6,55.7,10.4,45.3,CRITICAL,1,SYNTHETIC EMERGENCY V2X
EMG-EVT-006260,AMB-06,AMBULANCE,4.1,0.77,7,21.4,19.9,5.2,14.7,CRITICAL,1,SYNTHETIC EMERGENCY V2X
EMG-EVT-006261,AMB-09,AMBULANCE,8.7,0.6,18,39.1,35.0,11.3,23.7,CRITICAL,1,SYNTHETIC EMERGENCY V2X
EMG-EVT-006262,FIRE-03,FIRE_TRUCK,4.6,0.76,10,29.6,21.3,6.0,15.3,CRITICAL,1,SYNTHETIC EMERGENCY V2X
EMG-EVT-006263,AMB-16,AMBULANCE,4.9,0.73,9,28.5,21.1,6.2,14.9,CRITICAL,1,SYNTHETIC EMERGENCY V2X
EMG-EVT-006264,FIRE-04,FIRE_TRUCK,11.2,0.88,21,18.6,61.3,14.3,47.0,CRITICAL,1,SYNTHETIC EMERGENCY V2X
EMG-EVT-006265,AMB-18,AMBULANCE,15.7,0.26,29,59.1,50.7,20.0,30.7,CRITICAL,1,SYNTHETIC EMERGENCY V2X
EMG-EVT-006266,FIRE-09,FIRE_TRUCK,5.1,0.47,12,48.8,20.7,6.8,13.9,CRITICAL,1,SYNTHETIC EMERGENCY V2X
EMG-EVT-006267,AMB-01,AMBULANCE,12.0,0.56,24,38.8,47.4,15.5,31.9,CRITICAL,1,SYNTHETIC EMERGENCY V2X
EMG-EVT-006268,AMB-06,AMBULANCE,10.1,0.5,20,37.3,40.2,13.0,27.2,CRITICAL,1,SYNTHETIC EMERGENCY V2X
EMG-EVT-006269,FIRE-04,FIRE_TRUCK,11.9,0.25,21,58.7,37.4,15.1,22.3,CRITICAL,1,SYNTHETIC EMERGENCY V2X
EMG-EVT-006270,AMB-02,AMBULANCE,10.2,0.69,20,28.8,45.2,13.1,32.1,CRITICAL,1,SYNTHETIC EMERGENCY V2X
EMG-EVT-006271,POL-09,POLICE,3.7,0.62,6,35.7,13.4,4.6,8.8,CRITICAL,1,SYNTHETIC EMERGENCY V2X
EMG-EVT-006272,AMB-06,AMBULANCE,2.6,0.58,5,34.8,10.5,3.3,7.2,CRITICAL,1,SYNTHETIC EMERGENCY V2X
EMG-EVT-006273,POL-09,POLICE,9.4,0.34,19,52.9,33.5,12.2,21.3,CRITICAL,1,SYNTHETIC EMERGENCY V2X
EMG-EVT-006274,AMB-12,AMBULANCE,11.9,0.3,22,50.9,40.4,15.2,25.2,CRITICAL,1,SYNTHETIC EMERGENCY V2X
EMG-EVT-006275,AMB-15,AMBULANCE,5.5,0.52,11,40.7,21.3,7.1,14.2,CRITICAL,1,SYNTHETIC EMERGENCY V2X
EMG-EVT-006276,AMB-06,AMBULANCE,11.4,0.73,20,32.7,44.9,14.4,30.5,CRITICAL,1,SYNTHETIC EMERGENCY V2X
EMG-EVT-006277,AMB-15,AMBULANCE,4.0,0.55,7,37.5,14.8,5.1,9.7,CRITICAL,1,SYNTHETIC EMERGENCY V2X
EMG-EVT-006278,FIRE-02,FIRE_TRUCK,3.8,0.84,7,25.5,17.3,4.8,12.5,CRITICAL,1,SYNTHETIC EMERGENCY V2X
EMG-EVT-006279,FIRE-09,FIRE_TRUCK,5.9,0.83,10,22.5,27.7,7.4,20.3,CRITICAL,1,SYNTHETIC EMERGENCY V2X
EMG-EVT-006280,AMB-12,AMBULANCE,15.4,0.93,27,15.4,92.4,19.5,72.9,CRITICAL,1,SYNTHETIC EMERGENCY V2X
EMG-EVT-006281,AMB-09,AMBULANCE,9.1,0.2,19,58.9,32.1,11.8,20.3,CRITICAL,1,SYNTHETIC EMERGENCY V2X
EMG-EVT-006282,AMB-19,AMBULANCE,13.3,0.46,24,44.9,46.6,16.9,29.7,CRITICAL,1,SYNTHETIC EMERGENCY V2X
EMG-EVT-006283,AMB-12,AMBULANCE,10.6,0.23,19,56.8,34.0,13.5,20.5,CRITICAL,1,SYNTHETIC EMERGENCY V2X
EMG-EVT-006284,FIRE-07,FIRE_TRUCK,12.7,0.53,23,36.8,48.3,16.2,32.1,CRITICAL,1,SYNTHETIC EMERGENCY V2X
EMG-EVT-006285,AMB-17,AMBULANCE,15.9,0.76,31,26.3,73.5,20.4,53.1,CRITICAL,1,SYNTHETIC EMERGENCY V2X
EMG-EVT-006286,AMB-14,AMBULANCE,14.8,0.3,26,49.7,49.1,18.7,30.4,CRITICAL,1,SYNTHETIC EMERGENCY V2X
EMG-EVT-006287,AMB-09,AMBULANCE,4.8,0.23,9,63.2,15.4,6.1,9.3,CRITICAL,1,SYNTHETIC EMERGENCY V2X
EMG-EVT-006288,FIRE-07,FIRE_TRUCK,8.9,0.71,18,26.9,41.5,11.5,30.0,CRITICAL,1,SYNTHETIC EMERGENCY V2X
EMG-EVT-006289,FIRE-06,FIRE_TRUCK,9.3,0.23,18,58.2,31.2,11.9,19.3,CRITICAL,1,SYNTHETIC EMERGENCY V2X
EMG-EVT-006290,POL-08,POLICE,15.0,0.4,27,45.8,52.1,19.1,33.0,CRITICAL,1,SYNTHETIC EMERGENCY V2X
EMG-EVT-006291,AMB-09,AMBULANCE,4.0,0.81,7,24.1,18.4,5.1,13.3,CRITICAL,1,SYNTHETIC EMERGENCY V2X
EMG-EVT-006292,POL-10,POLICE,2.2,0.84,6,26.1,12.3,3.0,9.3,CRITICAL,1,SYNTHETIC EMERGENCY V2X
EMG-EVT-006293,AMB-09,AMBULANCE,3.4,0.72,9,31.5,17.3,4.6,12.7,CRITICAL,1,SYNTHETIC EMERGENCY V2X
EMG-EVT-006294,AMB-19,AMBULANCE,2.7,0.73,6,26.7,13.3,3.5,9.8,CRITICAL,1,SYNTHETIC EMERGENCY V2X
EMG-EVT-006295,AMB-06,AMBULANCE,15.4,0.48,30,42.4,57.8,19.8,38.0,CRITICAL,1,SYNTHETIC EMERGENCY V2X
EMG-EVT-006296,FIRE-01,FIRE_TRUCK,10.7,0.82,19,22.3,51.6,13.6,38.0,CRITICAL,1,SYNTHETIC EMERGENCY V2X
EMG-EVT-006297,FIRE-02,FIRE_TRUCK,8.3,0.57,14,39.9,29.3,10.5,18.8,CRITICAL,1,SYNTHETIC EMERGENCY V2X
EMG-EVT-006298,POL-04,POLICE,9.1,0.41,16,50.9,29.9,11.5,18.4,CRITICAL,1,SYNTHETIC EMERGENCY V2X
EMG-EVT-006299,POL-09,POLICE,12.9,0.22,26,59.0,44.3,16.7,27.6,CRITICAL,1,SYNTHETIC EMERGENCY V2X
EMG-EVT-006300,FIRE-10,FIRE_TRUCK,12.9,0.4,24,46.7,45.4,16.5,28.9,CRITICAL,1,SYNTHETIC EMERGENCY V2X
EMG-EVT-006301,AMB-11,AMBULANCE,13.3,0.36,25,50.4,45.8,17.0,28.8,CRITICAL,1,SYNTHETIC EMERGENCY V2X
EMG-EVT-006302,AMB-11,AMBULANCE,9.3,0.4,17,48.1,32.0,11.8,20.2,CRITICAL,1,SYNTHETIC EMERGENCY V2X
EMG-EVT-006303,AMB-14,AMBULANCE,12.0,0.27,23,55.1,40.7,15.4,25.3,CRITICAL,1,SYNTHETIC EMERGENCY V2X
EMG-EVT-006304,AMB-19,AMBULANCE,4.8,0.83,10,26.3,23.0,6.2,16.8,CRITICAL,1,SYNTHETIC EMERGENCY V2X
EMG-EVT-006305,AMB-13,AMBULANCE,14.5,0.61,28,34.3,59.0,18.6,40.4,CRITICAL,1,SYNTHETIC EMERGENCY V2X
EMG-EVT-006306,FIRE-01,FIRE_TRUCK,10.0,0.29,20,59.5,34.1,12.9,21.2,CRITICAL,1,SYNTHETIC EMERGENCY V2X
EMG-EVT-006307,AMB-12,AMBULANCE,3.6,0.84,7,25.2,17.0,4.6,12.4,CRITICAL,1,SYNTHETIC EMERGENCY V2X
EMG-EVT-006308,AMB-10,AMBULANCE,14.7,0.75,29,24.1,71.4,18.9,52.5,CRITICAL,1,SYNTHETIC EMERGENCY V2X
EMG-EVT-006309,AMB-09,AMBULANCE,6.8,0.63,13,36.6,26.7,8.7,18.0,CRITICAL,1,SYNTHETIC EMERGENCY V2X
EMG-EVT-006310,AMB-18,AMBULANCE,4.1,0.38,10,47.2,17.2,5.5,11.7,CRITICAL,1,SYNTHETIC EMERGENCY V2X
EMG-EVT-006311,FIRE-04,FIRE_TRUCK,11.2,0.75,23,27.9,51.7,14.5,37.2,CRITICAL,1,SYNTHETIC EMERGENCY V2X
EMG-EVT-006312,AMB-02,AMBULANCE,1.7,0.23,6,55.7,9.0,2.5,6.5,CRITICAL,1,SYNTHETIC EMERGENCY V2X
EMG-EVT-006313,POL-02,POLICE,14.1,0.41,25,46.0,48.4,17.9,30.5,CRITICAL,1,SYNTHETIC EMERGENCY V2X
EMG-EVT-006314,AMB-03,AMBULANCE,15.4,0.64,29,30.9,64.7,19.7,45.0,CRITICAL,1,SYNTHETIC EMERGENCY V2X
EMG-EVT-006315,AMB-20,AMBULANCE,5.3,0.45,12,49.5,20.8,7.0,13.8,CRITICAL,1,SYNTHETIC EMERGENCY V2X
EMG-EVT-006316,AMB-19,AMBULANCE,6.4,0.58,11,32.9,24.9,8.1,16.8,CRITICAL,1,SYNTHETIC EMERGENCY V2X
EMG-EVT-006317,AMB-08,AMBULANCE,12.2,0.91,22,15.2,74.6,15.5,59.1,CRITICAL,1,SYNTHETIC EMERGENCY V2X
EMG-EVT-006318,AMB-19,AMBULANCE,6.3,0.28,12,59.0,20.8,8.1,12.7,CRITICAL,1,SYNTHETIC EMERGENCY V2X
EMG-EVT-006319,AMB-09,AMBULANCE,13.4,0.76,26,27.4,60.5,17.2,43.3,CRITICAL,1,SYNTHETIC EMERGENCY V2X
EMG-EVT-006320,AMB-20,AMBULANCE,9.3,0.57,16,33.2,36.0,11.7,24.3,CRITICAL,1,SYNTHETIC EMERGENCY V2X
EMG-EVT-006321,FIRE-04,FIRE_TRUCK,8.9,0.32,18,54.6,31.4,11.5,19.9,CRITICAL,1,SYNTHETIC EMERGENCY V2X
EMG-EVT-006322,AMB-06,AMBULANCE,3.3,0.46,5,42.4,10.7,4.1,6.6,CRITICAL,1,SYNTHETIC EMERGENCY V2X
EMG-EVT-006323,AMB-01,AMBULANCE,7.2,0.32,13,51.2,24.0,9.2,14.8,CRITICAL,1,SYNTHETIC EMERGENCY V2X
EMG-EVT-006324,FIRE-03,FIRE_TRUCK,13.6,0.53,24,38.9,49.8,17.2,32.6,CRITICAL,1,SYNTHETIC EMERGENCY V2X
EMG-EVT-006325,FIRE-09,FIRE_TRUCK,10.9,0.4,21,47.3,39.0,14.0,25.0,CRITICAL,1,SYNTHETIC EMERGENCY V2X
EMG-EVT-006326,POL-05,POLICE,11.8,0.84,24,19.4,65.3,15.3,50.0,CRITICAL,1,SYNTHETIC EMERGENCY V2X
EMG-EVT-006327,FIRE-07,FIRE_TRUCK,13.8,0.59,27,34.5,56.4,17.8,38.6,CRITICAL,1,SYNTHETIC EMERGENCY V2X
EMG-EVT-006328,AMB-13,AMBULANCE,1.8,0.7,6,26.1,11.3,2.6,8.7,CRITICAL,1,SYNTHETIC EMERGENCY V2X
EMG-EVT-006329,POL-03,POLICE,4.1,0.6,9,32.9,18.3,5.4,12.9,CRITICAL,1,SYNTHETIC EMERGENCY V2X
EMG-EVT-006330,AMB-01,AMBULANCE,6.5,0.86,13,25.2,31.1,8.4,22.7,CRITICAL,1,SYNTHETIC EMERGENCY V2X
EMG-EVT-006331,FIRE-06,FIRE_TRUCK,3.9,0.98,8,13.8,26.6,5.1,21.5,CRITICAL,1,SYNTHETIC EMERGENCY V2X
EMG-EVT-006332,AMB-08,AMBULANCE,13.7,0.35,25,50.5,46.3,17.4,28.9,CRITICAL,1,SYNTHETIC EMERGENCY V2X
EMG-EVT-006333,AMB-07,AMBULANCE,13.8,0.69,27,33.7,57.0,17.8,39.2,CRITICAL,1,SYNTHETIC EMERGENCY V2X
EMG-EVT-006334,AMB-06,AMBULANCE,1.9,0.75,6,25.9,11.6,2.7,8.9,CRITICAL,1,SYNTHETIC EMERGENCY V2X
EMG-EVT-006335,AMB-06,AMBULANCE,10.8,0.97,20,13.5,72.0,13.8,58.2,CRITICAL,1,SYNTHETIC EMERGENCY V2X
EMG-EVT-006336,AMB-10,AMBULANCE,15.0,0.59,27,38.6,55.7,19.1,36.6,CRITICAL,1,SYNTHETIC EMERGENCY V2X
EMG-EVT-006337,FIRE-03,FIRE_TRUCK,14.1,0.72,28,33.3,59.0,18.2,40.8,CRITICAL,1,SYNTHETIC EMERGENCY V2X
EMG-EVT-006338,AMB-18,AMBULANCE,12.1,0.97,23,11.6,90.2,15.5,74.7,CRITICAL,1,SYNTHETIC EMERGENCY V2X
EMG-EVT-006339,AMB-09,AMBULANCE,8.7,0.81,17,18.7,48.3,11.2,37.1,CRITICAL,1,SYNTHETIC EMERGENCY V2X
EMG-EVT-006340,AMB-05,AMBULANCE,3.4,0.74,8,26.5,17.3,4.5,12.8,CRITICAL,1,SYNTHETIC EMERGENCY V2X
EMG-EVT-006341,AMB-07,AMBULANCE,11.9,0.6,24,35.4,49.0,15.4,33.6,CRITICAL,1,SYNTHETIC EMERGENCY V2X
EMG-EVT-006342,AMB-05,AMBULANCE,11.0,0.66,19,28.2,46.2,13.9,32.3,CRITICAL,1,SYNTHETIC EMERGENCY V2X
EMG-EVT-006343,AMB-02,AMBULANCE,10.8,0.66,22,28.8,48.9,14.0,34.9,CRITICAL,1,SYNTHETIC EMERGENCY V2X
EMG-EVT-006344,AMB-15,AMBULANCE,15.7,0.31,29,51.4,53.1,20.0,33.1,CRITICAL,1,SYNTHETIC EMERGENCY V2X
EMG-EVT-006345,POL-10,POLICE,2.5,0.7,5,25.2,12.0,3.2,8.8,HIGH,1,SYNTHETIC EMERGENCY V2X
EMG-EVT-006346,AMB-13,AMBULANCE,6.4,0.52,12,36.7,24.9,8.2,16.7,CRITICAL,1,SYNTHETIC EMERGENCY V2X
EMG-EVT-006347,FIRE-01,FIRE_TRUCK,7.9,0.23,16,54.9,27.8,10.2,17.6,CRITICAL,1,SYNTHETIC EMERGENCY V2X
EMG-EVT-006348,AMB-04,AMBULANCE,3.8,0.49,8,40.8,15.2,4.9,10.3,CRITICAL,1,SYNTHETIC EMERGENCY V2X
EMG-EVT-006349,AMB-07,AMBULANCE,5.4,0.9,9,19.2,27.7,6.8,20.9,CRITICAL,1,SYNTHETIC EMERGENCY V2X
EMG-EVT-006350,AMB-10,AMBULANCE,2.4,0.29,7,52.8,11.1,3.3,7.8,CRITICAL,1,SYNTHETIC EMERGENCY V2X
EMG-EVT-006351,AMB-12,AMBULANCE,5.7,0.9,10,16.1,33.2,7.2,26.0,CRITICAL,1,SYNTHETIC EMERGENCY V2X
EMG-EVT-006352,POL-10,POLICE,15.8,0.71,30,26.2,72.2,20.2,52.0,CRITICAL,1,SYNTHETIC EMERGENCY V2X
EMG-EVT-006353,FIRE-06,FIRE_TRUCK,14.5,0.94,26,14.8,90.0,18.4,71.6,CRITICAL,1,SYNTHETIC EMERGENCY V2X
EMG-EVT-006354,AMB-15,AMBULANCE,10.1,0.27,20,55.8,34.9,13.0,21.9,CRITICAL,1,SYNTHETIC EMERGENCY V2X
EMG-EVT-006355,AMB-19,AMBULANCE,3.5,0.86,6,16.3,20.1,4.4,15.7,CRITICAL,1,SYNTHETIC EMERGENCY V2X
EMG-EVT-006356,AMB-04,AMBULANCE,13.1,0.78,26,21.6,67.6,16.9,50.7,CRITICAL,1,SYNTHETIC EMERGENCY V2X
EMG-EVT-006357,FIRE-03,FIRE_TRUCK,14.5,0.92,27,15.3,89.3,18.5,70.8,CRITICAL,1,SYNTHETIC EMERGENCY V2X
EMG-EVT-006358,AMB-07,AMBULANCE,7.7,0.86,15,24.0,37.2,9.9,27.3,CRITICAL,1,SYNTHETIC EMERGENCY V2X
EMG-EVT-006359,AMB-11,AMBULANCE,5.7,0.75,10,28.5,24.0,7.2,16.8,CRITICAL,1,SYNTHETIC EMERGENCY V2X
EMG-EVT-006360,AMB-09,AMBULANCE,4.9,0.79,11,29.2,23.3,6.4,16.9,CRITICAL,1,SYNTHETIC EMERGENCY V2X
EMG-EVT-006361,AMB-09,AMBULANCE,9.7,0.8,19,19.6,52.5,12.5,40.0,CRITICAL,1,SYNTHETIC EMERGENCY V2X
EMG-EVT-006362,FIRE-02,FIRE_TRUCK,7.2,0.21,12,59.8,21.6,9.1,12.5,CRITICAL,1,SYNTHETIC EMERGENCY V2X
EMG-EVT-006363,AMB-20,AMBULANCE,8.8,0.52,17,36.3,34.9,11.3,23.6,CRITICAL,1,SYNTHETIC EMERGENCY V2X
EMG-EVT-006364,FIRE-06,FIRE_TRUCK,15.4,0.72,29,30.6,65.0,19.7,45.3,CRITICAL,1,SYNTHETIC EMERGENCY V2X
EMG-EVT-006365,AMB-04,AMBULANCE,3.8,0.51,9,40.7,16.4,5.0,11.4,CRITICAL,1,SYNTHETIC EMERGENCY V2X
EMG-EVT-006366,POL-04,POLICE,8.3,0.76,14,26.8,35.4,10.5,24.9,CRITICAL,1,SYNTHETIC EMERGENCY V2X
EMG-EVT-006367,POL-05,POLICE,15.7,0.51,29,42.4,57.0,20.0,37.0,CRITICAL,1,SYNTHETIC EMERGENCY V2X
EMG-EVT-006368,AMB-10,AMBULANCE,1.9,0.71,6,30.0,11.0,2.7,8.3,CRITICAL,1,SYNTHETIC EMERGENCY V2X
EMG-EVT-006369,AMB-04,AMBULANCE,4.8,0.32,8,52.4,15.1,6.0,9.1,CRITICAL,1,SYNTHETIC EMERGENCY V2X
EMG-EVT-006370,AMB-16,AMBULANCE,2.6,0.55,6,41.4,11.0,3.4,7.6,CRITICAL,1,SYNTHETIC EMERGENCY V2X
EMG-EVT-006371,AMB-19,AMBULANCE,14.2,0.44,25,45.2,48.8,18.0,30.8,CRITICAL,1,SYNTHETIC EMERGENCY V2X
EMG-EVT-006372,AMB-13,AMBULANCE,12.7,0.77,24,28.8,55.3,16.3,39.0,CRITICAL,1,SYNTHETIC EMERGENCY V2X
EMG-EVT-006373,AMB-17,AMBULANCE,3.8,0.46,7,47.8,13.2,4.8,8.4,CRITICAL,1,SYNTHETIC EMERGENCY V2X
EMG-EVT-006374,AMB-05,AMBULANCE,10.5,0.87,21,21.3,54.8,13.6,41.2,CRITICAL,1,SYNTHETIC EMERGENCY V2X
EMG-EVT-006375,POL-03,POLICE,8.8,0.77,18,22.0,45.6,11.4,34.2,CRITICAL,1,SYNTHETIC EMERGENCY V2X
EMG-EVT-006376,AMB-18,AMBULANCE,13.6,0.44,27,45.5,50.3,17.5,32.8,CRITICAL,1,SYNTHETIC EMERGENCY V2X
EMG-EVT-006377,AMB-18,AMBULANCE,7.9,0.44,14,49.7,26.3,10.0,16.3,CRITICAL,1,SYNTHETIC EMERGENCY V2X
EMG-EVT-006378,AMB-19,AMBULANCE,1.5,0.29,2,52.1,4.1,2.0,2.1,CRITICAL,0,SYNTHETIC EMERGENCY V2X
EMG-EVT-006379,AMB-18,AMBULANCE,3.8,0.86,9,22.4,21.0,5.0,16.0,CRITICAL,1,SYNTHETIC EMERGENCY V2X
EMG-EVT-006380,AMB-16,AMBULANCE,15.3,0.46,27,44.7,52.9,19.4,33.5,CRITICAL,1,SYNTHETIC EMERGENCY V2X
EMG-EVT-006381,AMB-19,AMBULANCE,10.1,0.55,21,40.3,40.2,13.1,27.1,CRITICAL,1,SYNTHETIC EMERGENCY V2X
EMG-EVT-006382,POL-06,POLICE,16.0,0.21,29,55.2,52.2,20.4,31.8,CRITICAL,1,SYNTHETIC EMERGENCY V2X
EMG-EVT-006383,FIRE-05,FIRE_TRUCK,5.3,0.37,9,46.9,17.6,6.7,10.9,CRITICAL,1,SYNTHETIC EMERGENCY V2X
EMG-EVT-006384,AMB-10,AMBULANCE,4.1,0.32,9,48.1,15.9,5.4,10.5,CRITICAL,1,SYNTHETIC EMERGENCY V2X
EMG-EVT-006385,AMB-01,AMBULANCE,13.9,0.36,25,54.0,45.4,17.7,27.7,CRITICAL,1,SYNTHETIC EMERGENCY V2X
EMG-EVT-006386,AMB-10,AMBULANCE,8.9,0.56,18,38.0,35.7,11.5,24.2,CRITICAL,1,SYNTHETIC EMERGENCY V2X
EMG-EVT-006387,FIRE-07,FIRE_TRUCK,12.8,0.22,23,60.7,40.3,16.3,24.0,CRITICAL,1,SYNTHETIC EMERGENCY V2X
EMG-EVT-006388,AMB-04,AMBULANCE,10.7,0.34,20,47.0,37.7,13.7,24.0,CRITICAL,1,SYNTHETIC EMERGENCY V2X
EMG-EVT-006389,AMB-01,AMBULANCE,2.9,0.22,6,58.3,10.2,3.8,6.4,CRITICAL,1,SYNTHETIC EMERGENCY V2X
EMG-EVT-006390,AMB-01,AMBULANCE,9.0,0.78,18,24.7,43.5,11.6,31.9,CRITICAL,1,SYNTHETIC EMERGENCY V2X
EMG-EVT-006391,AMB-16,AMBULANCE,7.6,0.87,15,17.1,44.7,9.8,34.9,CRITICAL,1,SYNTHETIC EMERGENCY V2X
EMG-EVT-006392,FIRE-04,FIRE_TRUCK,13.8,0.34,25,50.7,46.3,17.6,28.7,CRITICAL,1,SYNTHETIC EMERGENCY V2X
EMG-EVT-006393,FIRE-01,FIRE_TRUCK,12.0,0.47,22,41.8,43.6,15.3,28.3,CRITICAL,1,SYNTHETIC EMERGENCY V2X
EMG-EVT-006394,AMB-08,AMBULANCE,9.5,0.59,18,33.3,38.7,12.2,26.5,CRITICAL,1,SYNTHETIC EMERGENCY V2X
EMG-EVT-006395,AMB-04,AMBULANCE,9.9,0.49,19,42.1,36.9,12.7,24.2,CRITICAL,1,SYNTHETIC EMERGENCY V2X
EMG-EVT-006396,FIRE-01,FIRE_TRUCK,5.3,0.75,12,25.5,26.9,7.0,19.9,CRITICAL,1,SYNTHETIC EMERGENCY V2X
EMG-EVT-006397,AMB-05,AMBULANCE,2.2,0.4,5,50.9,8.6,2.9,5.7,CRITICAL,1,SYNTHETIC EMERGENCY V2X
EMG-EVT-006398,AMB-15,AMBULANCE,7.6,0.37,14,50.6,25.8,9.7,16.1,CRITICAL,1,SYNTHETIC EMERGENCY V2X
EMG-EVT-006399,AMB-11,AMBULANCE,15.6,0.32,30,52.7,53.8,20.0,33.8,CRITICAL,1,SYNTHETIC EMERGENCY V2X
EMG-EVT-006400,FIRE-10,FIRE_TRUCK,15.7,0.72,29,31.5,64.7,20.0,44.7,CRITICAL,1,SYNTHETIC EMERGENCY V2X
EMG-EVT-006401,AMB-11,AMBULANCE,4.0,0.44,9,48.9,15.7,5.3,10.4,CRITICAL,1,SYNTHETIC EMERGENCY V2X
EMG-EVT-006402,AMB-15,AMBULANCE,10.7,0.82,20,24.1,50.6,13.7,36.9,CRITICAL,1,SYNTHETIC EMERGENCY V2X
EMG-EVT-006403,POL-02,POLICE,5.2,0.77,11,23.9,26.3,6.8,19.5,CRITICAL,1,SYNTHETIC EMERGENCY V2X
EMG-EVT-006404,FIRE-10,FIRE_TRUCK,3.0,0.9,8,15.3,21.4,4.1,17.3,CRITICAL,1,SYNTHETIC EMERGENCY V2X
EMG-EVT-006405,AMB-01,AMBULANCE,12.8,0.4,23,51.5,42.5,16.3,26.2,CRITICAL,1,SYNTHETIC EMERGENCY V2X
EMG-EVT-006406,AMB-09,AMBULANCE,10.8,0.39,21,45.0,39.6,13.9,25.7,CRITICAL,1,SYNTHETIC EMERGENCY V2X
EMG-EVT-006407,AMB-18,AMBULANCE,8.7,0.37,17,50.8,30.7,11.2,19.5,CRITICAL,1,SYNTHETIC EMERGENCY V2X
EMG-EVT-006408,FIRE-10,FIRE_TRUCK,6.9,0.62,12,32.6,27.1,8.7,18.4,CRITICAL,1,SYNTHETIC EMERGENCY V2X
EMG-EVT-006409,AMB-09,AMBULANCE,5.1,0.35,12,48.6,20.7,6.8,13.9,CRITICAL,1,SYNTHETIC EMERGENCY V2X
EMG-EVT-006410,AMB-20,AMBULANCE,9.8,0.58,17,38.2,35.8,12.4,23.4,CRITICAL,1,SYNTHETIC EMERGENCY V2X
EMG-EVT-006411,AMB-08,AMBULANCE,12.9,0.95,25,12.7,90.9,16.6,74.3,CRITICAL,1,SYNTHETIC EMERGENCY V2X
EMG-EVT-006412,FIRE-04,FIRE_TRUCK,7.1,0.31,15,54.1,25.9,9.2,16.7,CRITICAL,1,SYNTHETIC EMERGENCY V2X
EMG-EVT-006413,AMB-20,AMBULANCE,14.6,0.5,28,38.7,56.2,18.7,37.5,CRITICAL,1,SYNTHETIC EMERGENCY V2X
EMG-EVT-006414,AMB-18,AMBULANCE,14.4,0.51,27,39.2,54.4,18.4,36.0,CRITICAL,1,SYNTHETIC EMERGENCY V2X
EMG-EVT-006415,AMB-03,AMBULANCE,12.1,0.94,22,17.9,67.0,15.4,51.6,CRITICAL,1,SYNTHETIC EMERGENCY V2X
EMG-EVT-006416,AMB-12,AMBULANCE,4.7,0.75,10,26.1,22.8,6.1,16.7,CRITICAL,1,SYNTHETIC EMERGENCY V2X
EMG-EVT-006417,FIRE-05,FIRE_TRUCK,6.3,0.67,13,27.8,29.2,8.2,21.0,CRITICAL,1,SYNTHETIC EMERGENCY V2X
EMG-EVT-006418,AMB-13,AMBULANCE,13.4,0.93,25,19.2,71.9,17.1,54.8,CRITICAL,1,SYNTHETIC EMERGENCY V2X
EMG-EVT-006419,AMB-10,AMBULANCE,2.5,0.71,6,31.6,11.9,3.3,8.6,CRITICAL,1,SYNTHETIC EMERGENCY V2X
EMG-EVT-006420,FIRE-05,FIRE_TRUCK,8.5,0.72,15,33.3,33.3,10.8,22.5,CRITICAL,1,SYNTHETIC EMERGENCY V2X
EMG-EVT-006421,FIRE-09,FIRE_TRUCK,4.0,0.23,7,54.0,12.8,5.1,7.7,CRITICAL,1,SYNTHETIC EMERGENCY V2X
EMG-EVT-006422,AMB-08,AMBULANCE,7.9,0.39,17,46.3,30.6,10.3,20.3,CRITICAL,1,SYNTHETIC EMERGENCY V2X
EMG-EVT-006423,POL-06,POLICE,2.9,0.47,5,45.2,9.8,3.7,6.1,HIGH,1,SYNTHETIC EMERGENCY V2X
EMG-EVT-006424,AMB-05,AMBULANCE,2.7,0.76,5,28.8,11.6,3.4,8.2,CRITICAL,1,SYNTHETIC EMERGENCY V2X
EMG-EVT-006425,POL-10,POLICE,11.5,0.65,23,29.1,51.3,14.8,36.5,CRITICAL,1,SYNTHETIC EMERGENCY V2X
EMG-EVT-006426,AMB-05,AMBULANCE,8.1,0.45,16,47.8,29.4,10.4,19.0,CRITICAL,1,SYNTHETIC EMERGENCY V2X
EMG-EVT-006427,AMB-15,AMBULANCE,12.8,0.21,23,58.8,40.7,16.3,24.4,CRITICAL,1,SYNTHETIC EMERGENCY V2X
EMG-EVT-006428,AMB-10,AMBULANCE,15.0,0.45,28,49.8,51.7,19.2,32.5,CRITICAL,1,SYNTHETIC EMERGENCY V2X
EMG-EVT-006429,AMB-09,AMBULANCE,7.9,0.27,17,60.2,28.3,10.3,18.0,CRITICAL,1,SYNTHETIC EMERGENCY V2X
EMG-EVT-006430,AMB-15,AMBULANCE,11.6,0.73,20,31.1,46.4,14.7,31.7,CRITICAL,1,SYNTHETIC EMERGENCY V2X
EMG-EVT-006431,AMB-15,AMBULANCE,2.5,0.74,6,30.7,12.1,3.3,8.8,CRITICAL,1,SYNTHETIC EMERGENCY V2X
EMG-EVT-006432,FIRE-06,FIRE_TRUCK,4.0,0.7,7,33.4,15.6,5.1,10.5,CRITICAL,1,SYNTHETIC EMERGENCY V2X
EMG-EVT-006433,AMB-19,AMBULANCE,9.3,0.61,18,32.9,38.6,11.9,26.7,CRITICAL,1,SYNTHETIC EMERGENCY V2X
EMG-EVT-006434,AMB-16,AMBULANCE,14.5,0.49,27,40.1,54.1,18.5,35.6,CRITICAL,1,SYNTHETIC EMERGENCY V2X
EMG-EVT-006435,POL-04,POLICE,10.8,0.26,21,51.8,37.7,13.9,23.8,CRITICAL,1,SYNTHETIC EMERGENCY V2X
EMG-EVT-006436,AMB-03,AMBULANCE,13.7,0.49,26,47.4,48.5,17.5,31.0,CRITICAL,1,SYNTHETIC EMERGENCY V2X
EMG-EVT-006437,AMB-18,AMBULANCE,14.6,0.63,28,37.0,57.3,18.7,38.6,CRITICAL,1,SYNTHETIC EMERGENCY V2X
EMG-EVT-006438,AMB-18,AMBULANCE,5.3,0.52,10,38.4,20.3,6.8,13.5,CRITICAL,1,SYNTHETIC EMERGENCY V2X
EMG-EVT-006439,AMB-08,AMBULANCE,10.8,0.48,19,42.8,37.9,13.7,24.2,CRITICAL,1,SYNTHETIC EMERGENCY V2X
EMG-EVT-006440,AMB-12,AMBULANCE,9.7,0.68,17,30.0,39.8,12.3,27.5,CRITICAL,1,SYNTHETIC EMERGENCY V2X
EMG-EVT-006441,FIRE-09,FIRE_TRUCK,8.8,0.93,17,12.2,63.7,11.3,52.4,CRITICAL,1,SYNTHETIC EMERGENCY V2X
EMG-EVT-006442,FIRE-06,FIRE_TRUCK,12.1,0.37,22,48.6,41.3,15.4,25.9,CRITICAL,1,SYNTHETIC EMERGENCY V2X
EMG-EVT-006443,POL-03,POLICE,12.6,0.4,22,45.3,43.1,15.9,27.2,CRITICAL,1,SYNTHETIC EMERGENCY V2X
EMG-EVT-006444,FIRE-07,FIRE_TRUCK,9.5,0.74,20,24.4,47.4,12.4,35.0,CRITICAL,1,SYNTHETIC EMERGENCY V2X
EMG-EVT-006445,AMB-13,AMBULANCE,7.0,0.39,15,44.4,27.5,9.1,18.4,CRITICAL,1,SYNTHETIC EMERGENCY V2X
EMG-EVT-006446,AMB-06,AMBULANCE,14.5,0.37,28,53.7,49.8,18.6,31.2,CRITICAL,1,SYNTHETIC EMERGENCY V2X
EMG-EVT-006447,AMB-16,AMBULANCE,7.0,0.41,12,44.1,23.9,8.8,15.1,CRITICAL,1,SYNTHETIC EMERGENCY V2X
EMG-EVT-006448,FIRE-04,FIRE_TRUCK,13.6,0.38,27,47.7,49.5,17.5,32.0,CRITICAL,1,SYNTHETIC EMERGENCY V2X
EMG-EVT-006449,FIRE-05,FIRE_TRUCK,3.9,0.88,10,22.7,22.3,5.3,17.0,CRITICAL,1,SYNTHETIC EMERGENCY V2X
EMG-EVT-006450,AMB-04,AMBULANCE,13.9,0.76,28,30.9,60.6,18.0,42.6,CRITICAL,1,SYNTHETIC EMERGENCY V2X
EMG-EVT-006451,AMB-12,AMBULANCE,15.6,0.89,28,17.0,88.7,19.8,68.9,CRITICAL,1,SYNTHETIC EMERGENCY V2X
EMG-EVT-006452,AMB-14,AMBULANCE,13.9,0.62,26,33.5,56.1,17.8,38.3,CRITICAL,1,SYNTHETIC EMERGENCY V2X
EMG-EVT-006453,AMB-15,AMBULANCE,13.0,0.81,25,27.0,58.9,16.7,42.2,CRITICAL,1,SYNTHETIC EMERGENCY V2X
EMG-EVT-006454,AMB-03,AMBULANCE,10.3,0.91,19,18.8,55.7,13.1,42.6,CRITICAL,1,SYNTHETIC EMERGENCY V2X
EMG-EVT-006455,POL-01,POLICE,5.8,0.54,13,41.4,24.0,7.6,16.4,CRITICAL,1,SYNTHETIC EMERGENCY V2X
EMG-EVT-006456,FIRE-03,FIRE_TRUCK,4.6,0.7,9,34.6,18.8,5.9,12.9,CRITICAL,1,SYNTHETIC EMERGENCY V2X
EMG-EVT-006457,POL-04,POLICE,8.4,0.36,16,51.1,29.1,10.8,18.3,CRITICAL,1,SYNTHETIC EMERGENCY V2X
EMG-EVT-006458,FIRE-03,FIRE_TRUCK,5.5,0.86,11,22.5,27.9,7.1,20.8,CRITICAL,1,SYNTHETIC EMERGENCY V2X
EMG-EVT-006459,POL-02,POLICE,13.4,0.22,25,56.4,44.3,17.1,27.2,CRITICAL,1,SYNTHETIC EMERGENCY V2X
EMG-EVT-006460,AMB-06,AMBULANCE,13.7,0.93,26,14.3,88.7,17.5,71.2,CRITICAL,1,SYNTHETIC EMERGENCY V2X
EMG-EVT-006461,AMB-06,AMBULANCE,5.0,0.24,10,61.2,16.9,6.5,10.4,CRITICAL,1,SYNTHETIC EMERGENCY V2X
EMG-EVT-006462,AMB-17,AMBULANCE,12.9,0.36,25,45.6,47.0,16.6,30.4,CRITICAL,1,SYNTHETIC EMERGENCY V2X
EMG-EVT-006463,AMB-15,AMBULANCE,10.4,0.44,20,45.1,37.8,13.3,24.5,CRITICAL,1,SYNTHETIC EMERGENCY V2X
EMG-EVT-006464,POL-01,POLICE,15.7,0.53,28,40.9,56.6,19.9,36.7,CRITICAL,1,SYNTHETIC EMERGENCY V2X
EMG-EVT-006465,POL-06,POLICE,4.7,0.65,10,33.3,20.5,6.1,14.4,CRITICAL,1,SYNTHETIC EMERGENCY V2X
EMG-EVT-006466,AMB-08,AMBULANCE,14.3,0.64,27,32.1,59.1,18.3,40.8,CRITICAL,1,SYNTHETIC EMERGENCY V2X
EMG-EVT-006467,AMB-12,AMBULANCE,8.6,0.41,17,47.9,31.2,11.1,20.1,CRITICAL,1,SYNTHETIC EMERGENCY V2X
EMG-EVT-006468,AMB-16,AMBULANCE,7.0,0.94,14,16.2,42.7,9.0,33.7,CRITICAL,1,SYNTHETIC EMERGENCY V2X
EMG-EVT-006469,AMB-04,AMBULANCE,7.1,0.44,15,49.8,26.6,9.2,17.4,CRITICAL,1,SYNTHETIC EMERGENCY V2X
EMG-EVT-006470,FIRE-08,FIRE_TRUCK,4.9,0.4,9,51.3,16.5,6.2,10.3,CRITICAL,1,SYNTHETIC EMERGENCY V2X
EMG-EVT-006471,AMB-20,AMBULANCE,9.0,0.32,19,51.5,33.3,11.7,21.6,CRITICAL,1,SYNTHETIC EMERGENCY V2X
EMG-EVT-006472,AMB-08,AMBULANCE,11.0,0.93,19,19.4,56.8,13.9,42.9,CRITICAL,1,SYNTHETIC EMERGENCY V2X
EMG-EVT-006473,AMB-11,AMBULANCE,7.6,0.37,15,54.4,26.4,9.8,16.6,CRITICAL,1,SYNTHETIC EMERGENCY V2X
EMG-EVT-006474,AMB-01,AMBULANCE,8.7,0.69,18,27.8,40.4,11.3,29.1,CRITICAL,1,SYNTHETIC EMERGENCY V2X
EMG-EVT-006475,AMB-20,AMBULANCE,7.5,0.22,13,55.9,23.7,9.5,14.2,CRITICAL,1,SYNTHETIC EMERGENCY V2X
EMG-EVT-006476,FIRE-05,FIRE_TRUCK,4.4,0.22,8,60.4,14.0,5.6,8.4,CRITICAL,1,SYNTHETIC EMERGENCY V2X
EMG-EVT-006477,AMB-06,AMBULANCE,1.6,0.3,5,50.8,7.9,2.2,5.7,CRITICAL,1,SYNTHETIC EMERGENCY V2X
EMG-EVT-006478,AMB-20,AMBULANCE,5.5,0.66,10,28.8,23.5,7.0,16.5,CRITICAL,1,SYNTHETIC EMERGENCY V2X
EMG-EVT-006479,AMB-10,AMBULANCE,12.7,0.77,23,22.8,61.0,16.2,44.8,CRITICAL,1,SYNTHETIC EMERGENCY V2X
EMG-EVT-006480,FIRE-01,FIRE_TRUCK,15.4,0.95,28,14.9,95.6,19.6,76.0,CRITICAL,1,SYNTHETIC EMERGENCY V2X
EMG-EVT-006481,AMB-13,AMBULANCE,14.0,0.26,26,52.5,47.2,17.9,29.3,CRITICAL,1,SYNTHETIC EMERGENCY V2X
EMG-EVT-006482,AMB-06,AMBULANCE,6.2,0.88,11,21.5,30.5,7.9,22.6,CRITICAL,1,SYNTHETIC EMERGENCY V2X
EMG-EVT-006483,AMB-12,AMBULANCE,10.4,0.34,20,55.7,35.2,13.3,21.9,CRITICAL,1,SYNTHETIC EMERGENCY V2X
EMG-EVT-006484,AMB-14,AMBULANCE,10.2,0.92,20,21.4,52.6,13.1,39.5,CRITICAL,1,SYNTHETIC EMERGENCY V2X
EMG-EVT-006485,AMB-16,AMBULANCE,12.3,0.87,25,23.0,62.1,15.9,46.2,CRITICAL,1,SYNTHETIC EMERGENCY V2X
EMG-EVT-006486,FIRE-05,FIRE_TRUCK,7.1,0.38,12,50.9,22.8,8.9,13.9,CRITICAL,1,SYNTHETIC EMERGENCY V2X
EMG-EVT-006487,AMB-15,AMBULANCE,4.7,0.56,8,40.3,16.6,5.9,10.7,CRITICAL,1,SYNTHETIC EMERGENCY V2X
EMG-EVT-006488,AMB-16,AMBULANCE,14.3,0.92,25,12.7,97.6,18.1,79.5,CRITICAL,1,SYNTHETIC EMERGENCY V2X
EMG-EVT-006489,AMB-10,AMBULANCE,15.0,0.3,28,54.2,50.2,19.2,31.0,CRITICAL,1,SYNTHETIC EMERGENCY V2X
EMG-EVT-006490,FIRE-04,FIRE_TRUCK,13.4,0.21,24,56.8,43.0,17.0,26.0,CRITICAL,1,SYNTHETIC EMERGENCY V2X
EMG-EVT-006491,AMB-11,AMBULANCE,6.4,0.93,14,16.0,40.8,8.4,32.4,CRITICAL,1,SYNTHETIC EMERGENCY V2X
EMG-EVT-006492,AMB-04,AMBULANCE,6.7,0.6,14,37.1,27.6,8.7,18.9,CRITICAL,1,SYNTHETIC EMERGENCY V2X
EMG-EVT-006493,AMB-16,AMBULANCE,1.7,0.94,5,15.0,12.8,2.4,10.4,CRITICAL,1,SYNTHETIC EMERGENCY V2X
EMG-EVT-006494,AMB-18,AMBULANCE,5.1,0.31,12,48.9,20.7,6.8,13.9,CRITICAL,1,SYNTHETIC EMERGENCY V2X
EMG-EVT-006495,AMB-04,AMBULANCE,14.4,0.48,28,44.6,53.0,18.5,34.5,CRITICAL,1,SYNTHETIC EMERGENCY V2X
EMG-EVT-006496,FIRE-06,FIRE_TRUCK,7.3,0.32,14,52.5,25.1,9.4,15.7,CRITICAL,1,SYNTHETIC EMERGENCY V2X
EMG-EVT-006497,POL-10,POLICE,8.6,0.45,17,49.0,30.9,11.1,19.8,CRITICAL,1,SYNTHETIC EMERGENCY V2X
EMG-EVT-006498,AMB-12,AMBULANCE,8.2,0.5,14,45.1,27.7,10.3,17.4,CRITICAL,1,SYNTHETIC EMERGENCY V2X
EMG-EVT-006499,AMB-16,AMBULANCE,7.8,0.46,16,40.9,30.6,10.1,20.5,CRITICAL,1,SYNTHETIC EMERGENCY V2X
EMG-EVT-006500,AMB-09,AMBULANCE,3.5,0.41,7,47.3,12.8,4.5,8.3,CRITICAL,1,SYNTHETIC EMERGENCY V2X
EMG-EVT-006501,FIRE-08,FIRE_TRUCK,10.6,0.45,22,42.8,41.3,13.8,27.5,CRITICAL,1,SYNTHETIC EMERGENCY V2X
EMG-EVT-006502,AMB-02,AMBULANCE,14.4,0.59,25,35.4,54.4,18.2,36.2,CRITICAL,1,SYNTHETIC EMERGENCY V2X
EMG-EVT-006503,AMB-12,AMBULANCE,4.0,0.98,10,10.6,34.6,5.4,29.2,CRITICAL,1,SYNTHETIC EMERGENCY V2X
EMG-EVT-006504,FIRE-06,FIRE_TRUCK,2.1,0.5,4,38.8,8.0,2.7,5.3,HIGH,1,SYNTHETIC EMERGENCY V2X
EMG-EVT-006505,FIRE-02,FIRE_TRUCK,9.7,0.39,19,51.2,34.2,12.5,21.7,CRITICAL,1,SYNTHETIC EMERGENCY V2X
EMG-EVT-006506,FIRE-09,FIRE_TRUCK,12.1,0.76,23,26.1,55.4,15.5,39.9,CRITICAL,1,SYNTHETIC EMERGENCY V2X
EMG-EVT-006507,FIRE-03,FIRE_TRUCK,2.0,0.45,6,47.3,9.7,2.8,6.9,HIGH,1,SYNTHETIC EMERGENCY V2X
EMG-EVT-006508,FIRE-02,FIRE_TRUCK,3.3,0.25,7,54.2,12.1,4.3,7.8,CRITICAL,1,SYNTHETIC EMERGENCY V2X
EMG-EVT-006509,AMB-04,AMBULANCE,13.7,0.41,26,46.3,49.0,17.5,31.5,CRITICAL,1,SYNTHETIC EMERGENCY V2X
EMG-EVT-006510,FIRE-09,FIRE_TRUCK,5.0,0.27,11,53.5,18.8,6.6,12.2,CRITICAL,1,SYNTHETIC EMERGENCY V2X
EMG-EVT-006511,AMB-05,AMBULANCE,1.8,0.38,5,53.3,8.0,2.5,5.5,CRITICAL,1,SYNTHETIC EMERGENCY V2X
EMG-EVT-006512,AMB-10,AMBULANCE,5.9,0.86,11,21.2,29.9,7.5,22.4,CRITICAL,1,SYNTHETIC EMERGENCY V2X
EMG-EVT-006513,AMB-03,AMBULANCE,14.3,0.38,27,49.1,49.9,18.3,31.6,CRITICAL,1,SYNTHETIC EMERGENCY V2X
EMG-EVT-006514,AMB-01,AMBULANCE,12.4,0.68,24,33.0,51.3,15.9,35.4,CRITICAL,1,SYNTHETIC EMERGENCY V2X
EMG-EVT-006515,AMB-20,AMBULANCE,4.5,0.39,8,52.1,14.8,5.7,9.1,CRITICAL,1,SYNTHETIC EMERGENCY V2X
EMG-EVT-006516,POL-02,POLICE,3.4,0.45,8,44.1,14.2,4.5,9.7,CRITICAL,1,SYNTHETIC EMERGENCY V2X
EMG-EVT-006517,AMB-14,AMBULANCE,13.9,0.46,26,47.2,48.9,17.8,31.1,CRITICAL,1,SYNTHETIC EMERGENCY V2X
EMG-EVT-006518,AMB-07,AMBULANCE,3.6,0.66,7,30.0,15.6,4.6,11.0,CRITICAL,1,SYNTHETIC EMERGENCY V2X
EMG-EVT-006519,AMB-02,AMBULANCE,7.3,0.48,16,43.5,29.3,9.6,19.7,CRITICAL,1,SYNTHETIC EMERGENCY V2X
EMG-EVT-006520,FIRE-07,FIRE_TRUCK,12.1,0.68,24,26.4,56.3,15.6,40.7,CRITICAL,1,SYNTHETIC EMERGENCY V2X
EMG-EVT-006521,FIRE-08,FIRE_TRUCK,2.2,0.71,5,26.3,11.0,2.9,8.1,HIGH,1,SYNTHETIC EMERGENCY V2X
EMG-EVT-006522,AMB-09,AMBULANCE,13.9,0.44,25,43.6,49.1,17.7,31.4,CRITICAL,1,SYNTHETIC EMERGENCY V2X
EMG-EVT-006523,AMB-16,AMBULANCE,4.3,0.79,8,24.5,20.1,5.5,14.6,CRITICAL,1,SYNTHETIC EMERGENCY V2X
EMG-EVT-006524,AMB-10,AMBULANCE,6.5,0.45,14,48.4,24.9,8.5,16.4,CRITICAL,1,SYNTHETIC EMERGENCY V2X
EMG-EVT-006525,AMB-05,AMBULANCE,11.0,0.74,20,22.8,52.9,14.0,38.9,CRITICAL,1,SYNTHETIC EMERGENCY V2X
EMG-EVT-006526,AMB-09,AMBULANCE,8.9,0.28,18,51.7,31.9,11.5,20.4,CRITICAL,1,SYNTHETIC EMERGENCY V2X
EMG-EVT-006527,POL-07,POLICE,7.3,0.71,16,33.0,32.5,9.6,22.9,CRITICAL,1,SYNTHETIC EMERGENCY V2X
EMG-EVT-006528,AMB-05,AMBULANCE,2.1,0.89,3,16.8,11.1,2.6,8.5,CRITICAL,1,SYNTHETIC EMERGENCY V2X
EMG-EVT-006529,AMB-02,AMBULANCE,12.8,0.46,25,47.6,46.1,16.5,29.6,CRITICAL,1,SYNTHETIC EMERGENCY V2X
EMG-EVT-006530,AMB-11,AMBULANCE,9.2,0.21,16,55.3,29.2,11.6,17.6,CRITICAL,1,SYNTHETIC EMERGENCY V2X
EMG-EVT-006531,AMB-04,AMBULANCE,3.0,0.79,8,27.3,16.2,4.1,12.1,CRITICAL,1,SYNTHETIC EMERGENCY V2X
EMG-EVT-006532,AMB-12,AMBULANCE,8.0,0.54,14,38.9,29.1,10.1,19.0,CRITICAL,1,SYNTHETIC EMERGENCY V2X
EMG-EVT-006533,AMB-20,AMBULANCE,15.9,0.97,29,11.6,117.0,20.2,96.8,CRITICAL,1,SYNTHETIC EMERGENCY V2X
EMG-EVT-006534,AMB-15,AMBULANCE,6.2,0.7,13,30.9,27.6,8.1,19.5,CRITICAL,1,SYNTHETIC EMERGENCY V2X
EMG-EVT-006535,AMB-02,AMBULANCE,4.2,0.88,10,16.3,27.5,5.6,21.9,CRITICAL,1,SYNTHETIC EMERGENCY V2X
EMG-EVT-006536,POL-09,POLICE,2.9,0.25,8,56.6,12.7,4.0,8.7,CRITICAL,1,SYNTHETIC EMERGENCY V2X
EMG-EVT-006537,POL-07,POLICE,7.0,0.85,12,22.8,32.8,8.8,24.0,CRITICAL,1,SYNTHETIC EMERGENCY V2X
EMG-EVT-006538,FIRE-02,FIRE_TRUCK,7.6,0.75,16,28.9,35.0,9.9,25.1,CRITICAL,1,SYNTHETIC EMERGENCY V2X
EMG-EVT-006539,AMB-08,AMBULANCE,9.7,0.39,19,51.5,34.1,12.5,21.6,CRITICAL,1,SYNTHETIC EMERGENCY V2X
EMG-EVT-006540,AMB-18,AMBULANCE,7.4,0.33,14,52.0,25.3,9.5,15.8,CRITICAL,1,SYNTHETIC EMERGENCY V2X
EMG-EVT-006541,AMB-17,AMBULANCE,11.9,0.24,21,56.0,38.0,15.1,22.9,CRITICAL,1,SYNTHETIC EMERGENCY V2X
EMG-EVT-006542,FIRE-08,FIRE_TRUCK,4.2,0.53,8,36.4,16.5,5.4,11.1,CRITICAL,1,SYNTHETIC EMERGENCY V2X
EMG-EVT-006543,AMB-09,AMBULANCE,11.0,0.58,19,37.9,40.2,13.9,26.3,CRITICAL,1,SYNTHETIC EMERGENCY V2X
EMG-EVT-006544,FIRE-09,FIRE_TRUCK,2.7,0.62,5,33.2,10.9,3.4,7.5,HIGH,1,SYNTHETIC EMERGENCY V2X
EMG-EVT-006545,AMB-15,AMBULANCE,15.1,0.51,28,38.4,57.2,19.3,37.9,CRITICAL,1,SYNTHETIC EMERGENCY V2X
EMG-EVT-006546,AMB-12,AMBULANCE,6.3,0.78,12,23.4,30.6,8.1,22.5,CRITICAL,1,SYNTHETIC EMERGENCY V2X
EMG-EVT-006547,AMB-11,AMBULANCE,2.5,0.84,5,26.2,11.7,3.2,8.5,CRITICAL,1,SYNTHETIC EMERGENCY V2X
EMG-EVT-006548,AMB-16,AMBULANCE,2.5,0.73,7,29.0,13.6,3.4,10.2,CRITICAL,1,SYNTHETIC EMERGENCY V2X
EMG-EVT-006549,AMB-06,AMBULANCE,10.3,0.36,21,48.1,38.0,13.3,24.7,CRITICAL,1,SYNTHETIC EMERGENCY V2X
EMG-EVT-006550,AMB-15,AMBULANCE,13.0,0.29,25,56.8,43.7,16.7,27.0,CRITICAL,1,SYNTHETIC EMERGENCY V2X
EMG-EVT-006551,AMB-06,AMBULANCE,5.4,0.22,10,63.2,17.1,6.9,10.2,CRITICAL,1,SYNTHETIC EMERGENCY V2X
EMG-EVT-006552,AMB-05,AMBULANCE,4.7,0.65,11,31.2,22.2,6.2,16.0,CRITICAL,1,SYNTHETIC EMERGENCY V2X
EMG-EVT-006553,AMB-19,AMBULANCE,12.5,0.7,22,33.7,48.7,15.8,32.9,CRITICAL,1,SYNTHETIC EMERGENCY V2X
EMG-EVT-006554,AMB-07,AMBULANCE,4.1,0.37,8,51.7,14.4,5.3,9.1,CRITICAL,1,SYNTHETIC EMERGENCY V2X
EMG-EVT-006555,AMB-18,AMBULANCE,9.5,0.84,19,25.3,45.3,12.3,33.0,CRITICAL,1,SYNTHETIC EMERGENCY V2X
EMG-EVT-006556,AMB-01,AMBULANCE,4.4,0.47,9,46.4,16.5,5.7,10.8,CRITICAL,1,SYNTHETIC EMERGENCY V2X
EMG-EVT-006557,AMB-04,AMBULANCE,4.3,0.22,7,62.9,12.5,5.4,7.1,CRITICAL,1,SYNTHETIC EMERGENCY V2X
EMG-EVT-006558,AMB-08,AMBULANCE,10.1,0.73,21,33.2,43.5,13.1,30.4,CRITICAL,1,SYNTHETIC EMERGENCY V2X
EMG-EVT-006559,FIRE-07,FIRE_TRUCK,5.5,0.23,10,53.6,18.2,7.0,11.2,CRITICAL,1,SYNTHETIC EMERGENCY V2X
EMG-EVT-006560,AMB-08,AMBULANCE,10.9,0.25,21,54.9,37.1,14.0,23.1,CRITICAL,1,SYNTHETIC EMERGENCY V2X
EMG-EVT-006561,AMB-08,AMBULANCE,7.2,0.41,13,51.4,24.0,9.2,14.8,CRITICAL,1,SYNTHETIC EMERGENCY V2X
EMG-EVT-006562,AMB-06,AMBULANCE,1.9,0.48,3,43.1,6.2,2.4,3.8,CRITICAL,1,SYNTHETIC EMERGENCY V2X
EMG-EVT-006563,AMB-17,AMBULANCE,5.9,0.55,12,39.2,23.4,7.6,15.8,CRITICAL,1,SYNTHETIC EMERGENCY V2X
EMG-EVT-006564,AMB-14,AMBULANCE,14.5,0.45,26,47.8,49.4,18.4,31.0,CRITICAL,1,SYNTHETIC EMERGENCY V2X
EMG-EVT-006565,AMB-01,AMBULANCE,6.5,0.94,14,13.3,46.1,8.5,37.6,CRITICAL,1,SYNTHETIC EMERGENCY V2X
EMG-EVT-006566,AMB-08,AMBULANCE,3.8,0.87,8,15.7,24.1,4.9,19.2,CRITICAL,1,SYNTHETIC EMERGENCY V2X
EMG-EVT-006567,AMB-16,AMBULANCE,13.1,0.71,26,27.9,59.4,16.9,42.5,CRITICAL,1,SYNTHETIC EMERGENCY V2X
EMG-EVT-006568,AMB-06,AMBULANCE,14.0,0.67,25,29.0,59.0,17.8,41.2,CRITICAL,1,SYNTHETIC EMERGENCY V2X
EMG-EVT-006569,AMB-10,AMBULANCE,13.1,0.61,24,38.6,49.2,16.7,32.5,CRITICAL,1,SYNTHETIC EMERGENCY V2X
EMG-EVT-006570,AMB-12,AMBULANCE,14.8,0.22,26,57.8,46.6,18.7,27.9,CRITICAL,1,SYNTHETIC EMERGENCY V2X
EMG-EVT-006571,AMB-02,AMBULANCE,12.8,0.98,23,10.0,104.4,16.3,88.1,CRITICAL,1,SYNTHETIC EMERGENCY V2X
EMG-EVT-006572,AMB-18,AMBULANCE,2.4,0.24,4,57.1,7.3,3.0,4.3,CRITICAL,1,SYNTHETIC EMERGENCY V2X
EMG-EVT-006573,AMB-05,AMBULANCE,6.5,0.29,13,53.1,22.9,8.4,14.5,CRITICAL,1,SYNTHETIC EMERGENCY V2X
EMG-EVT-006574,AMB-14,AMBULANCE,5.1,0.4,12,44.7,21.2,6.8,14.4,CRITICAL,1,SYNTHETIC EMERGENCY V2X
EMG-EVT-006575,AMB-16,AMBULANCE,11.7,0.97,21,10.2,94.0,14.9,79.1,CRITICAL,1,SYNTHETIC EMERGENCY V2X
EMG-EVT-006576,FIRE-03,FIRE_TRUCK,6.9,0.83,15,22.7,36.2,9.0,27.2,CRITICAL,1,SYNTHETIC EMERGENCY V2X
EMG-EVT-006577,AMB-12,AMBULANCE,13.9,0.44,28,49.2,50.6,18.0,32.6,CRITICAL,1,SYNTHETIC EMERGENCY V2X
EMG-EVT-006578,POL-02,POLICE,13.3,0.67,25,30.8,55.9,17.0,38.9,CRITICAL,1,SYNTHETIC EMERGENCY V2X
EMG-EVT-006579,AMB-04,AMBULANCE,5.8,0.51,10,37.1,21.4,7.3,14.1,CRITICAL,1,SYNTHETIC EMERGENCY V2X
EMG-EVT-006580,AMB-16,AMBULANCE,2.5,0.52,6,40.8,10.9,3.3,7.6,CRITICAL,1,SYNTHETIC EMERGENCY V2X
EMG-EVT-006581,AMB-19,AMBULANCE,10.4,0.87,19,22.8,50.2,13.2,37.0,CRITICAL,1,SYNTHETIC EMERGENCY V2X
EMG-EVT-006582,AMB-08,AMBULANCE,9.5,0.34,20,56.1,34.2,12.4,21.8,CRITICAL,1,SYNTHETIC EMERGENCY V2X
EMG-EVT-006583,AMB-04,AMBULANCE,12.0,0.56,22,37.8,45.4,15.3,30.1,CRITICAL,1,SYNTHETIC EMERGENCY V2X
EMG-EVT-006584,FIRE-06,FIRE_TRUCK,6.9,0.71,13,29.9,29.4,8.8,20.6,CRITICAL,1,SYNTHETIC EMERGENCY V2X
EMG-EVT-006585,FIRE-05,FIRE_TRUCK,5.7,0.69,10,35.3,21.7,7.2,14.5,CRITICAL,1,SYNTHETIC EMERGENCY V2X
EMG-EVT-006586,POL-02,POLICE,13.2,0.47,23,43.6,45.8,16.7,29.1,CRITICAL,1,SYNTHETIC EMERGENCY V2X
EMG-EVT-006587,POL-06,POLICE,3.1,0.69,8,30.9,15.6,4.2,11.4,CRITICAL,1,SYNTHETIC EMERGENCY V2X
EMG-EVT-006588,AMB-12,AMBULANCE,13.6,0.76,25,26.2,61.1,17.3,43.8,CRITICAL,1,SYNTHETIC EMERGENCY V2X
EMG-EVT-006589,POL-03,POLICE,12.2,0.73,24,23.7,59.7,15.7,44.0,CRITICAL,1,SYNTHETIC EMERGENCY V2X
EMG-EVT-006590,AMB-04,AMBULANCE,7.8,0.45,15,46.3,28.1,10.0,18.1,CRITICAL,1,SYNTHETIC EMERGENCY V2X
EMG-EVT-006591,AMB-09,AMBULANCE,11.5,0.88,21,14.9,71.5,14.6,56.9,CRITICAL,1,SYNTHETIC EMERGENCY V2X
EMG-EVT-006592,FIRE-08,FIRE_TRUCK,13.4,0.62,25,30.6,56.3,17.1,39.2,CRITICAL,1,SYNTHETIC EMERGENCY V2X
EMG-EVT-006593,AMB-05,AMBULANCE,8.0,0.73,17,24.0,40.4,10.4,30.0,CRITICAL,1,SYNTHETIC EMERGENCY V2X
EMG-EVT-006594,POL-02,POLICE,15.7,0.38,30,44.7,57.1,20.1,37.0,CRITICAL,1,SYNTHETIC EMERGENCY V2X
EMG-EVT-006595,AMB-17,AMBULANCE,11.5,0.33,20,56.6,36.2,14.5,21.7,CRITICAL,1,SYNTHETIC EMERGENCY V2X
EMG-EVT-006596,AMB-20,AMBULANCE,13.7,0.78,27,20.3,72.9,17.6,55.3,CRITICAL,1,SYNTHETIC EMERGENCY V2X
EMG-EVT-006597,AMB-19,AMBULANCE,3.3,0.44,8,46.3,13.9,4.4,9.5,CRITICAL,1,SYNTHETIC EMERGENCY V2X
EMG-EVT-006598,AMB-06,AMBULANCE,14.0,0.35,26,49.4,48.2,17.9,30.3,CRITICAL,1,SYNTHETIC EMERGENCY V2X
EMG-EVT-006599,AMB-13,AMBULANCE,3.1,0.74,7,28.2,15.0,4.1,10.9,CRITICAL,1,SYNTHETIC EMERGENCY V2X
EMG-EVT-006600,AMB-13,AMBULANCE,1.6,0.38,4,52.3,6.6,2.1,4.5,CRITICAL,1,SYNTHETIC EMERGENCY V2X
EMG-EVT-006601,FIRE-10,FIRE_TRUCK,14.1,0.61,25,31.3,57.0,17.9,39.1,CRITICAL,1,SYNTHETIC EMERGENCY V2X
EMG-EVT-006602,AMB-06,AMBULANCE,1.8,0.38,4,45.2,7.2,2.4,4.8,CRITICAL,1,SYNTHETIC EMERGENCY V2X
EMG-EVT-006603,AMB-20,AMBULANCE,5.8,0.77,12,25.2,28.2,7.5,20.7,CRITICAL,1,SYNTHETIC EMERGENCY V2X
EMG-EVT-006604,AMB-15,AMBULANCE,14.4,0.42,27,46.7,50.9,18.4,32.5,CRITICAL,1,SYNTHETIC EMERGENCY V2X
EMG-EVT-006605,AMB-15,AMBULANCE,14.6,0.42,29,47.3,53.3,18.8,34.5,CRITICAL,1,SYNTHETIC EMERGENCY V2X
EMG-EVT-006606,POL-03,POLICE,11.9,0.55,22,38.9,44.8,15.2,29.6,CRITICAL,1,SYNTHETIC EMERGENCY V2X
EMG-EVT-006607,AMB-13,AMBULANCE,13.9,0.89,28,23.0,69.9,18.0,51.9,CRITICAL,1,SYNTHETIC EMERGENCY V2X
EMG-EVT-006608,AMB-08,AMBULANCE,12.7,0.9,23,21.6,62.9,16.2,46.7,CRITICAL,1,SYNTHETIC EMERGENCY V2X
EMG-EVT-006609,AMB-11,AMBULANCE,2.6,0.94,4,18.1,13.4,3.2,10.2,CRITICAL,1,SYNTHETIC EMERGENCY V2X
EMG-EVT-006610,POL-03,POLICE,7.1,0.5,15,44.6,27.6,9.2,18.4,CRITICAL,1,SYNTHETIC EMERGENCY V2X
EMG-EVT-006611,AMB-13,AMBULANCE,12.8,0.43,25,42.4,48.1,16.5,31.6,CRITICAL,1,SYNTHETIC EMERGENCY V2X
EMG-EVT-006612,AMB-05,AMBULANCE,2.8,0.92,8,20.6,17.8,3.9,13.9,CRITICAL,1,SYNTHETIC EMERGENCY V2X
EMG-EVT-006613,FIRE-10,FIRE_TRUCK,15.6,0.4,31,48.4,56.5,20.1,36.4,CRITICAL,1,SYNTHETIC EMERGENCY V2X
EMG-EVT-006614,AMB-12,AMBULANCE,8.8,0.32,18,56.0,31.0,11.4,19.6,CRITICAL,1,SYNTHETIC EMERGENCY V2X
EMG-EVT-006615,AMB-18,AMBULANCE,6.1,0.71,10,29.6,24.4,7.7,16.7,CRITICAL,1,SYNTHETIC EMERGENCY V2X
EMG-EVT-006616,AMB-17,AMBULANCE,9.1,0.27,19,58.9,32.1,11.8,20.3,CRITICAL,1,SYNTHETIC EMERGENCY V2X
EMG-EVT-006617,AMB-07,AMBULANCE,7.3,0.54,15,43.4,28.1,9.5,18.6,CRITICAL,1,SYNTHETIC EMERGENCY V2X
EMG-EVT-006618,AMB-16,AMBULANCE,14.2,0.85,28,18.2,80.4,18.3,62.1,CRITICAL,1,SYNTHETIC EMERGENCY V2X
EMG-EVT-006619,POL-04,POLICE,8.0,0.32,16,51.3,28.6,10.3,18.3,CRITICAL,1,SYNTHETIC EMERGENCY V2X
EMG-EVT-006620,AMB-14,AMBULANCE,15.2,0.88,30,23.8,74.3,19.6,54.7,CRITICAL,1,SYNTHETIC EMERGENCY V2X
EMG-EVT-006621,AMB-07,AMBULANCE,6.7,0.84,15,22.9,35.6,8.8,26.8,CRITICAL,1,SYNTHETIC EMERGENCY V2X
EMG-EVT-006622,AMB-03,AMBULANCE,10.8,0.23,20,59.7,34.9,13.8,21.1,CRITICAL,1,SYNTHETIC EMERGENCY V2X
EMG-EVT-006623,FIRE-09,FIRE_TRUCK,13.1,0.52,25,41.6,48.9,16.8,32.1,CRITICAL,1,SYNTHETIC EMERGENCY V2X
EMG-EVT-006624,AMB-18,AMBULANCE,12.0,0.88,22,16.9,69.0,15.3,53.7,CRITICAL,1,SYNTHETIC EMERGENCY V2X
EMG-EVT-006625,FIRE-06,FIRE_TRUCK,11.6,0.57,22,39.5,44.0,14.9,29.1,CRITICAL,1,SYNTHETIC EMERGENCY V2X
EMG-EVT-006626,AMB-01,AMBULANCE,6.3,0.32,11,51.3,20.6,8.0,12.6,CRITICAL,1,SYNTHETIC EMERGENCY V2X
EMG-EVT-006627,AMB-06,AMBULANCE,13.2,0.96,25,10.0,109.2,16.9,92.3,CRITICAL,1,SYNTHETIC EMERGENCY V2X
EMG-EVT-006628,AMB-15,AMBULANCE,6.0,0.32,13,50.6,22.7,7.8,14.9,CRITICAL,1,SYNTHETIC EMERGENCY V2X
EMG-EVT-006629,AMB-04,AMBULANCE,14.8,0.66,26,29.2,61.6,18.7,42.9,CRITICAL,1,SYNTHETIC EMERGENCY V2X
EMG-EVT-006630,AMB-08,AMBULANCE,3.3,0.95,6,11.9,23.8,4.2,19.6,CRITICAL,1,SYNTHETIC EMERGENCY V2X
EMG-EVT-006631,AMB-13,AMBULANCE,7.7,0.55,13,39.7,27.2,9.7,17.5,CRITICAL,1,SYNTHETIC EMERGENCY V2X
EMG-EVT-006632,POL-04,POLICE,7.9,0.71,14,32.0,31.6,10.0,21.6,CRITICAL,1,SYNTHETIC EMERGENCY V2X
EMG-EVT-006633,FIRE-05,FIRE_TRUCK,10.3,0.75,19,27.7,45.1,13.1,32.0,CRITICAL,1,SYNTHETIC EMERGENCY V2X
EMG-EVT-006634,FIRE-02,FIRE_TRUCK,12.9,0.43,26,43.7,48.9,16.7,32.2,CRITICAL,1,SYNTHETIC EMERGENCY V2X
EMG-EVT-006635,AMB-18,AMBULANCE,7.8,0.79,15,24.1,37.4,10.0,27.4,CRITICAL,1,SYNTHETIC EMERGENCY V2X
EMG-EVT-006636,AMB-07,AMBULANCE,13.5,0.48,24,39.6,49.3,17.1,32.2,CRITICAL,1,SYNTHETIC EMERGENCY V2X
EMG-EVT-006637,POL-03,POLICE,6.0,0.34,12,48.8,21.8,7.7,14.1,CRITICAL,1,SYNTHETIC EMERGENCY V2X
EMG-EVT-006638,AMB-10,AMBULANCE,2.7,0.98,7,18.0,17.4,3.6,13.8,CRITICAL,1,SYNTHETIC EMERGENCY V2X
EMG-EVT-006639,FIRE-09,FIRE_TRUCK,15.1,0.33,30,53.7,52.9,19.5,33.4,CRITICAL,1,SYNTHETIC EMERGENCY V2X
EMG-EVT-006640,AMB-12,AMBULANCE,10.7,0.81,19,20.7,53.8,13.6,40.2,CRITICAL,1,SYNTHETIC EMERGENCY V2X
EMG-EVT-006641,AMB-16,AMBULANCE,11.0,0.26,20,51.9,36.7,14.0,22.7,CRITICAL,1,SYNTHETIC EMERGENCY V2X
EMG-EVT-006642,AMB-04,AMBULANCE,4.2,0.86,7,20.5,20.7,5.3,15.4,CRITICAL,1,SYNTHETIC EMERGENCY V2X
EMG-EVT-006643,POL-09,POLICE,10.8,0.39,20,49.9,37.0,13.8,23.2,CRITICAL,1,SYNTHETIC EMERGENCY V2X
EMG-EVT-006644,AMB-03,AMBULANCE,2.2,0.97,3,11.9,14.7,2.7,12.0,CRITICAL,1,SYNTHETIC EMERGENCY V2X
EMG-EVT-006645,AMB-19,AMBULANCE,10.6,0.72,20,27.1,47.5,13.6,33.9,CRITICAL,1,SYNTHETIC EMERGENCY V2X
EMG-EVT-006646,AMB-01,AMBULANCE,12.7,0.63,24,36.8,49.5,16.3,33.2,CRITICAL,1,SYNTHETIC EMERGENCY V2X
EMG-EVT-006647,AMB-01,AMBULANCE,15.9,0.57,31,33.4,65.8,20.4,45.4,CRITICAL,1,SYNTHETIC EMERGENCY V2X
EMG-EVT-006648,AMB-05,AMBULANCE,6.5,0.78,14,23.8,33.2,8.5,24.7,CRITICAL,1,SYNTHETIC EMERGENCY V2X
EMG-EVT-006649,AMB-08,AMBULANCE,9.5,0.78,20,24.2,47.6,12.4,35.2,CRITICAL,1,SYNTHETIC EMERGENCY V2X
EMG-EVT-006650,AMB-08,AMBULANCE,4.5,0.53,8,44.9,15.6,5.7,9.9,CRITICAL,1,SYNTHETIC EMERGENCY V2X
EMG-EVT-006651,AMB-07,AMBULANCE,7.0,0.57,14,36.1,28.4,9.0,19.4,CRITICAL,1,SYNTHETIC EMERGENCY V2X
EMG-EVT-006652,AMB-20,AMBULANCE,6.1,0.33,10,54.9,18.7,7.7,11.0,CRITICAL,1,SYNTHETIC EMERGENCY V2X
EMG-EVT-006653,AMB-04,AMBULANCE,4.8,0.67,11,29.6,22.9,6.3,16.6,CRITICAL,1,SYNTHETIC EMERGENCY V2X
EMG-EVT-006654,POL-06,POLICE,10.7,0.69,20,26.0,48.7,13.7,35.0,CRITICAL,1,SYNTHETIC EMERGENCY V2X
EMG-EVT-006655,AMB-09,AMBULANCE,13.1,0.47,23,47.2,44.3,16.6,27.7,CRITICAL,1,SYNTHETIC EMERGENCY V2X
EMG-EVT-006656,AMB-19,AMBULANCE,6.9,0.88,15,16.6,42.9,9.0,33.9,CRITICAL,1,SYNTHETIC EMERGENCY V2X
EMG-EVT-006657,AMB-09,AMBULANCE,12.8,0.78,23,22.9,61.1,16.3,44.8,CRITICAL,1,SYNTHETIC EMERGENCY V2X
EMG-EVT-006658,AMB-14,AMBULANCE,9.0,0.53,18,41.1,34.7,11.6,23.1,CRITICAL,1,SYNTHETIC EMERGENCY V2X
EMG-EVT-006659,AMB-05,AMBULANCE,8.8,0.94,18,19.2,49.1,11.4,37.7,CRITICAL,1,SYNTHETIC EMERGENCY V2X
EMG-EVT-006660,AMB-02,AMBULANCE,9.8,0.67,20,29.9,43.7,12.7,31.0,CRITICAL,1,SYNTHETIC EMERGENCY V2X
EMG-EVT-006661,AMB-11,AMBULANCE,4.0,0.31,10,48.9,16.9,5.4,11.5,CRITICAL,1,SYNTHETIC EMERGENCY V2X
EMG-EVT-006662,POL-10,POLICE,11.6,0.24,23,54.6,40.3,15.0,25.3,CRITICAL,1,SYNTHETIC EMERGENCY V2X
EMG-EVT-006663,AMB-06,AMBULANCE,11.4,0.29,22,58.8,38.0,14.6,23.4,CRITICAL,1,SYNTHETIC EMERGENCY V2X
EMG-EVT-006664,AMB-18,AMBULANCE,2.6,0.96,4,14.5,15.6,3.2,12.4,CRITICAL,1,SYNTHETIC EMERGENCY V2X
EMG-EVT-006665,AMB-08,AMBULANCE,2.0,0.6,3,37.6,6.8,2.5,4.3,CRITICAL,1,SYNTHETIC EMERGENCY V2X
EMG-EVT-006666,AMB-02,AMBULANCE,1.6,0.67,3,32.2,6.6,2.0,4.6,CRITICAL,1,SYNTHETIC EMERGENCY V2X
EMG-EVT-006667,FIRE-04,FIRE_TRUCK,15.6,0.89,29,21.9,77.5,19.9,57.6,CRITICAL,1,SYNTHETIC EMERGENCY V2X
EMG-EVT-006668,AMB-14,AMBULANCE,14.1,0.28,28,52.6,49.7,18.2,31.5,CRITICAL,1,SYNTHETIC EMERGENCY V2X
EMG-EVT-006669,AMB-04,AMBULANCE,2.9,0.46,6,44.5,11.1,3.8,7.3,CRITICAL,1,SYNTHETIC EMERGENCY V2X
EMG-EVT-006670,FIRE-06,FIRE_TRUCK,14.8,0.92,29,12.0,108.8,19.0,89.8,CRITICAL,1,SYNTHETIC EMERGENCY V2X
EMG-EVT-006671,AMB-10,AMBULANCE,15.5,0.59,30,35.1,62.5,19.9,42.6,CRITICAL,1,SYNTHETIC EMERGENCY V2X
EMG-EVT-006672,FIRE-03,FIRE_TRUCK,2.1,0.85,5,20.8,12.1,2.8,9.3,CRITICAL,1,SYNTHETIC EMERGENCY V2X
EMG-EVT-006673,AMB-19,AMBULANCE,13.1,0.8,26,22.8,65.7,16.9,48.8,CRITICAL,1,SYNTHETIC EMERGENCY V2X
EMG-EVT-006674,FIRE-09,FIRE_TRUCK,7.9,0.53,16,42.2,30.4,10.2,20.2,CRITICAL,1,SYNTHETIC EMERGENCY V2X
EMG-EVT-006675,FIRE-07,FIRE_TRUCK,11.2,0.44,23,42.7,43.3,14.5,28.8,CRITICAL,1,SYNTHETIC EMERGENCY V2X
EMG-EVT-006676,AMB-17,AMBULANCE,13.2,0.43,23,50.6,43.3,16.7,26.6,CRITICAL,1,SYNTHETIC EMERGENCY V2X
EMG-EVT-006677,FIRE-09,FIRE_TRUCK,12.5,0.69,25,31.8,53.6,16.1,37.5,CRITICAL,1,SYNTHETIC EMERGENCY V2X
EMG-EVT-006678,POL-02,POLICE,4.4,0.65,7,37.0,15.5,5.5,10.0,CRITICAL,1,SYNTHETIC EMERGENCY V2X
EMG-EVT-006679,AMB-17,AMBULANCE,4.1,0.51,8,38.5,16.0,5.3,10.7,CRITICAL,1,SYNTHETIC EMERGENCY V2X
EMG-EVT-006680,POL-08,POLICE,3.5,0.82,8,25.3,17.9,4.6,13.3,CRITICAL,1,SYNTHETIC EMERGENCY V2X
EMG-EVT-006681,AMB-02,AMBULANCE,11.0,0.95,19,15.7,64.8,13.9,50.9,CRITICAL,1,SYNTHETIC EMERGENCY V2X
EMG-EVT-006682,FIRE-09,FIRE_TRUCK,8.6,0.58,18,32.7,37.4,11.2,26.2,CRITICAL,1,SYNTHETIC EMERGENCY V2X
EMG-EVT-006683,POL-02,POLICE,9.7,0.94,20,11.4,75.1,12.6,62.5,CRITICAL,1,SYNTHETIC EMERGENCY V2X
EMG-EVT-006684,FIRE-03,FIRE_TRUCK,8.8,0.52,17,37.9,34.3,11.3,23.0,CRITICAL,1,SYNTHETIC EMERGENCY V2X
EMG-EVT-006685,POL-08,POLICE,12.1,0.94,22,12.6,84.0,15.4,68.6,CRITICAL,1,SYNTHETIC EMERGENCY V2X
EMG-EVT-006686,FIRE-09,FIRE_TRUCK,2.6,0.88,4,15.0,15.2,3.2,12.0,CRITICAL,1,SYNTHETIC EMERGENCY V2X
EMG-EVT-006687,AMB-07,AMBULANCE,10.9,0.49,21,46.5,39.3,14.0,25.3,CRITICAL,1,SYNTHETIC EMERGENCY V2X
EMG-EVT-006688,AMB-15,AMBULANCE,2.5,0.77,7,27.7,13.8,3.4,10.4,CRITICAL,1,SYNTHETIC EMERGENCY V2X
EMG-EVT-006689,POL-05,POLICE,14.4,0.77,25,22.2,68.9,18.2,50.7,CRITICAL,1,SYNTHETIC EMERGENCY V2X
EMG-EVT-006690,AMB-10,AMBULANCE,4.6,0.39,8,50.4,15.1,5.8,9.3,CRITICAL,1,SYNTHETIC EMERGENCY V2X
EMG-EVT-006691,FIRE-02,FIRE_TRUCK,11.7,0.95,22,14.1,76.2,15.0,61.2,CRITICAL,1,SYNTHETIC EMERGENCY V2X
EMG-EVT-006692,AMB-03,AMBULANCE,5.3,0.48,9,43.3,18.1,6.7,11.4,CRITICAL,1,SYNTHETIC EMERGENCY V2X
EMG-EVT-006693,AMB-15,AMBULANCE,12.6,0.45,22,43.2,43.9,15.9,28.0,CRITICAL,1,SYNTHETIC EMERGENCY V2X
EMG-EVT-006694,AMB-20,AMBULANCE,2.6,0.92,4,13.9,16.0,3.2,12.8,CRITICAL,1,SYNTHETIC EMERGENCY V2X
EMG-EVT-006695,FIRE-06,FIRE_TRUCK,4.7,0.29,9,51.9,16.2,6.0,10.2,CRITICAL,1,SYNTHETIC EMERGENCY V2X
EMG-EVT-006696,AMB-08,AMBULANCE,1.8,0.36,6,50.5,9.3,2.6,6.7,CRITICAL,1,SYNTHETIC EMERGENCY V2X
EMG-EVT-006697,FIRE-08,FIRE_TRUCK,1.8,0.28,5,50.6,8.1,2.5,5.6,HIGH,1,SYNTHETIC EMERGENCY V2X
EMG-EVT-006698,AMB-19,AMBULANCE,7.1,0.86,15,17.9,41.8,9.2,32.6,CRITICAL,1,SYNTHETIC EMERGENCY V2X
EMG-EVT-006699,FIRE-10,FIRE_TRUCK,5.9,0.75,10,22.7,27.6,7.4,20.2,CRITICAL,1,SYNTHETIC EMERGENCY V2X
EMG-EVT-006700,FIRE-01,FIRE_TRUCK,7.6,0.8,15,27.4,34.6,9.8,24.8,CRITICAL,1,SYNTHETIC EMERGENCY V2X
EMG-EVT-006701,AMB-20,AMBULANCE,15.1,0.22,29,60.4,49.8,19.4,30.4,CRITICAL,1,SYNTHETIC EMERGENCY V2X
EMG-EVT-006702,FIRE-02,FIRE_TRUCK,13.7,0.61,26,37.5,53.1,17.5,35.6,CRITICAL,1,SYNTHETIC EMERGENCY V2X
EMG-EVT-006703,AMB-13,AMBULANCE,8.4,0.74,18,29.6,38.6,11.0,27.6,CRITICAL,1,SYNTHETIC EMERGENCY V2X
EMG-EVT-006704,AMB-19,AMBULANCE,3.4,0.53,9,42.3,15.6,4.6,11.0,CRITICAL,1,SYNTHETIC EMERGENCY V2X
EMG-EVT-006705,AMB-09,AMBULANCE,13.1,0.26,26,55.8,45.3,16.9,28.4,CRITICAL,1,SYNTHETIC EMERGENCY V2X
EMG-EVT-006706,AMB-12,AMBULANCE,8.0,0.54,14,43.1,27.9,10.1,17.8,CRITICAL,1,SYNTHETIC EMERGENCY V2X
EMG-EVT-006707,AMB-07,AMBULANCE,2.3,0.84,4,19.9,11.7,2.9,8.8,CRITICAL,1,SYNTHETIC EMERGENCY V2X
EMG-EVT-006708,AMB-04,AMBULANCE,12.0,0.22,23,60.8,39.4,15.4,24.0,CRITICAL,1,SYNTHETIC EMERGENCY V2X
EMG-EVT-006709,FIRE-07,FIRE_TRUCK,8.1,0.67,16,34.4,33.3,10.4,22.9,CRITICAL,1,SYNTHETIC EMERGENCY V2X
EMG-EVT-006710,AMB-16,AMBULANCE,8.5,0.79,16,27.5,37.7,10.9,26.8,CRITICAL,1,SYNTHETIC EMERGENCY V2X
EMG-EVT-006711,AMB-02,AMBULANCE,10.6,0.21,21,59.4,35.9,13.7,22.2,CRITICAL,1,SYNTHETIC EMERGENCY V2X
EMG-EVT-006712,AMB-07,AMBULANCE,13.9,0.72,25,26.1,62.0,17.7,44.3,CRITICAL,1,SYNTHETIC EMERGENCY V2X
EMG-EVT-006713,FIRE-02,FIRE_TRUCK,14.8,0.37,26,51.3,48.5,18.7,29.8,CRITICAL,1,SYNTHETIC EMERGENCY V2X
EMG-EVT-006714,FIRE-04,FIRE_TRUCK,10.0,0.9,20,17.2,58.9,12.9,46.0,CRITICAL,1,SYNTHETIC EMERGENCY V2X
EMG-EVT-006715,AMB-06,AMBULANCE,8.1,0.35,16,49.7,29.0,10.4,18.6,CRITICAL,1,SYNTHETIC EMERGENCY V2X
EMG-EVT-006716,AMB-11,AMBULANCE,6.9,0.34,14,47.7,25.5,8.9,16.6,CRITICAL,1,SYNTHETIC EMERGENCY V2X
EMG-EVT-006717,AMB-06,AMBULANCE,6.1,0.24,12,55.7,21.0,7.9,13.1,CRITICAL,1,SYNTHETIC EMERGENCY V2X
EMG-EVT-006718,AMB-03,AMBULANCE,2.5,0.96,5,15.7,15.6,3.2,12.4,CRITICAL,1,SYNTHETIC EMERGENCY V2X
EMG-EVT-006719,AMB-16,AMBULANCE,15.1,0.55,28,39.6,56.5,19.3,37.2,CRITICAL,1,SYNTHETIC EMERGENCY V2X
EMG-EVT-006720,AMB-20,AMBULANCE,14.7,0.88,28,19.3,79.3,18.8,60.5,CRITICAL,1,SYNTHETIC EMERGENCY V2X
EMG-EVT-006721,AMB-07,AMBULANCE,14.9,0.22,26,58.9,46.4,18.9,27.5,CRITICAL,1,SYNTHETIC EMERGENCY V2X
EMG-EVT-006722,FIRE-04,FIRE_TRUCK,4.7,0.31,8,51.8,15.0,5.9,9.1,CRITICAL,1,SYNTHETIC EMERGENCY V2X
EMG-EVT-006723,FIRE-08,FIRE_TRUCK,10.2,0.4,18,51.1,33.6,12.9,20.7,CRITICAL,1,SYNTHETIC EMERGENCY V2X
EMG-EVT-006724,AMB-04,AMBULANCE,9.3,0.66,17,34.3,36.7,11.8,24.9,CRITICAL,1,SYNTHETIC EMERGENCY V2X
EMG-EVT-006725,POL-04,POLICE,14.4,0.44,27,46.8,50.9,18.4,32.5,CRITICAL,1,SYNTHETIC EMERGENCY V2X
EMG-EVT-006726,FIRE-09,FIRE_TRUCK,14.0,0.53,27,44.6,51.2,18.0,33.2,CRITICAL,1,SYNTHETIC EMERGENCY V2X
EMG-EVT-006727,AMB-15,AMBULANCE,3.1,0.23,7,62.4,11.4,4.1,7.3,CRITICAL,1,SYNTHETIC EMERGENCY V2X
EMG-EVT-006728,AMB-18,AMBULANCE,13.1,0.57,24,34.0,51.9,16.7,35.2,CRITICAL,1,SYNTHETIC EMERGENCY V2X
EMG-EVT-006729,FIRE-06,FIRE_TRUCK,7.3,0.55,16,38.1,30.7,9.6,21.1,CRITICAL,1,SYNTHETIC EMERGENCY V2X
EMG-EVT-006730,AMB-07,AMBULANCE,9.9,0.34,18,55.4,32.3,12.6,19.7,CRITICAL,1,SYNTHETIC EMERGENCY V2X
EMG-EVT-006731,AMB-09,AMBULANCE,10.9,0.88,21,23.1,53.5,14.0,39.5,CRITICAL,1,SYNTHETIC EMERGENCY V2X
EMG-EVT-006732,AMB-06,AMBULANCE,15.6,0.89,31,16.9,92.6,20.1,72.5,CRITICAL,1,SYNTHETIC EMERGENCY V2X
EMG-EVT-006733,AMB-15,AMBULANCE,9.0,0.91,16,15.3,54.5,11.4,43.1,CRITICAL,1,SYNTHETIC EMERGENCY V2X
EMG-EVT-006734,AMB-10,AMBULANCE,11.0,0.78,21,24.4,52.2,14.1,38.1,CRITICAL,1,SYNTHETIC EMERGENCY V2X
EMG-EVT-006735,AMB-03,AMBULANCE,4.3,0.81,7,26.4,18.2,5.4,12.8,CRITICAL,1,SYNTHETIC EMERGENCY V2X
EMG-EVT-006736,AMB-11,AMBULANCE,12.0,0.33,21,50.7,39.4,15.2,24.2,CRITICAL,1,SYNTHETIC EMERGENCY V2X
EMG-EVT-006737,AMB-01,AMBULANCE,13.7,0.9,27,14.5,89.1,17.6,71.5,CRITICAL,1,SYNTHETIC EMERGENCY V2X
EMG-EVT-006738,AMB-20,AMBULANCE,12.4,0.87,22,17.2,69.7,15.7,54.0,CRITICAL,1,SYNTHETIC EMERGENCY V2X
EMG-EVT-006739,AMB-14,AMBULANCE,12.2,0.49,21,40.9,43.1,15.4,27.7,CRITICAL,1,SYNTHETIC EMERGENCY V2X
EMG-EVT-006740,AMB-15,AMBULANCE,14.1,0.57,25,40.4,50.9,17.9,33.0,CRITICAL,1,SYNTHETIC EMERGENCY V2X
EMG-EVT-006741,AMB-05,AMBULANCE,11.0,0.6,21,32.1,45.8,14.1,31.7,CRITICAL,1,SYNTHETIC EMERGENCY V2X
EMG-EVT-006742,AMB-19,AMBULANCE,8.1,0.28,17,57.7,28.8,10.5,18.3,CRITICAL,1,SYNTHETIC EMERGENCY V2X
EMG-EVT-006743,AMB-13,AMBULANCE,12.4,0.31,22,48.8,41.6,15.7,25.9,CRITICAL,1,SYNTHETIC EMERGENCY V2X
EMG-EVT-006744,FIRE-05,FIRE_TRUCK,4.5,0.7,8,34.6,17.4,5.7,11.7,CRITICAL,1,SYNTHETIC EMERGENCY V2X
EMG-EVT-006745,AMB-06,AMBULANCE,12.3,0.45,23,42.6,44.9,15.7,29.2,CRITICAL,1,SYNTHETIC EMERGENCY V2X
EMG-EVT-006746,AMB-05,AMBULANCE,1.5,0.84,3,25.9,7.1,2.0,5.1,CRITICAL,1,SYNTHETIC EMERGENCY V2X
EMG-EVT-006747,AMB-07,AMBULANCE,3.9,0.68,10,27.0,20.7,5.3,15.4,CRITICAL,1,SYNTHETIC EMERGENCY V2X
EMG-EVT-006748,AMB-16,AMBULANCE,14.2,0.86,28,18.6,79.4,18.3,61.1,CRITICAL,1,SYNTHETIC EMERGENCY V2X
EMG-EVT-006749,AMB-15,AMBULANCE,14.4,0.24,28,60.4,47.9,18.5,29.4,CRITICAL,1,SYNTHETIC EMERGENCY V2X
EMG-EVT-006750,AMB-08,AMBULANCE,6.8,0.8,15,21.6,36.9,8.9,28.0,CRITICAL,1,SYNTHETIC EMERGENCY V2X
EMG-EVT-006751,AMB-08,AMBULANCE,4.0,0.62,7,36.6,15.0,5.1,9.9,CRITICAL,1,SYNTHETIC EMERGENCY V2X
EMG-EVT-006752,AMB-05,AMBULANCE,7.9,0.54,15,43.6,28.9,10.1,18.8,CRITICAL,1,SYNTHETIC EMERGENCY V2X
EMG-EVT-006753,AMB-10,AMBULANCE,4.8,0.38,11,48.1,19.2,6.3,12.9,CRITICAL,1,SYNTHETIC EMERGENCY V2X
EMG-EVT-006754,AMB-07,AMBULANCE,15.7,0.21,29,57.4,51.2,20.0,31.2,CRITICAL,1,SYNTHETIC EMERGENCY V2X
EMG-EVT-006755,AMB-08,AMBULANCE,9.6,0.53,19,39.3,37.5,12.4,25.1,CRITICAL,1,SYNTHETIC EMERGENCY V2X
EMG-EVT-006756,FIRE-10,FIRE_TRUCK,12.9,0.59,24,38.9,48.7,16.5,32.2,CRITICAL,1,SYNTHETIC EMERGENCY V2X
EMG-EVT-006757,AMB-13,AMBULANCE,12.4,0.42,24,43.1,46.1,15.9,30.2,CRITICAL,1,SYNTHETIC EMERGENCY V2X
EMG-EVT-006758,AMB-08,AMBULANCE,14.3,0.36,28,46.1,52.2,18.4,33.8,CRITICAL,1,SYNTHETIC EMERGENCY V2X
EMG-EVT-006759,FIRE-10,FIRE_TRUCK,6.1,0.41,10,45.3,20.1,7.7,12.4,CRITICAL,1,SYNTHETIC EMERGENCY V2X
EMG-EVT-006760,FIRE-10,FIRE_TRUCK,3.1,0.86,6,21.2,16.0,4.0,12.0,CRITICAL,1,SYNTHETIC EMERGENCY V2X
EMG-EVT-006761,AMB-11,AMBULANCE,8.5,0.81,16,26.8,38.2,10.9,27.3,CRITICAL,1,SYNTHETIC EMERGENCY V2X
EMG-EVT-006762,FIRE-06,FIRE_TRUCK,3.5,0.59,7,37.7,14.0,4.5,9.5,CRITICAL,1,SYNTHETIC EMERGENCY V2X
EMG-EVT-006763,POL-01,POLICE,15.6,0.21,29,62.8,49.7,19.9,29.8,CRITICAL,1,SYNTHETIC EMERGENCY V2X
EMG-EVT-006764,AMB-12,AMBULANCE,3.3,0.35,5,54.6,9.6,4.1,5.5,CRITICAL,1,SYNTHETIC EMERGENCY V2X
EMG-EVT-006765,AMB-08,AMBULANCE,3.8,0.44,6,47.8,12.0,4.7,7.3,CRITICAL,1,SYNTHETIC EMERGENCY V2X
EMG-EVT-006766,AMB-20,AMBULANCE,15.4,0.45,30,45.9,56.1,19.8,36.3,CRITICAL,1,SYNTHETIC EMERGENCY V2X
EMG-EVT-006767,FIRE-07,FIRE_TRUCK,14.5,0.62,29,31.5,62.4,18.7,43.7,CRITICAL,1,SYNTHETIC EMERGENCY V2X
EMG-EVT-006768,AMB-11,AMBULANCE,10.4,0.27,21,52.2,37.2,13.4,23.8,CRITICAL,1,SYNTHETIC EMERGENCY V2X
EMG-EVT-006769,AMB-19,AMBULANCE,5.5,0.67,10,30.7,22.7,7.0,15.7,CRITICAL,1,SYNTHETIC EMERGENCY V2X
EMG-EVT-006770,AMB-16,AMBULANCE,4.6,0.85,10,17.7,27.6,6.0,21.6,CRITICAL,1,SYNTHETIC EMERGENCY V2X
EMG-EVT-006771,FIRE-01,FIRE_TRUCK,13.1,0.73,24,28.3,56.6,16.7,39.9,CRITICAL,1,SYNTHETIC EMERGENCY V2X
EMG-EVT-006772,AMB-06,AMBULANCE,13.2,0.95,23,15.6,78.4,16.7,61.7,CRITICAL,1,SYNTHETIC EMERGENCY V2X
EMG-EVT-006773,AMB-20,AMBULANCE,7.4,0.97,15,10.6,59.9,9.6,50.3,CRITICAL,1,SYNTHETIC EMERGENCY V2X
EMG-EVT-006774,FIRE-09,FIRE_TRUCK,7.3,0.89,15,16.8,44.1,9.5,34.6,CRITICAL,1,SYNTHETIC EMERGENCY V2X
EMG-EVT-006775,AMB-03,AMBULANCE,4.4,0.95,7,19.3,22.1,5.5,16.6,CRITICAL,1,SYNTHETIC EMERGENCY V2X
EMG-EVT-006776,FIRE-02,FIRE_TRUCK,15.1,0.79,27,25.3,68.2,19.2,49.0,CRITICAL,1,SYNTHETIC EMERGENCY V2X
EMG-EVT-006777,AMB-17,AMBULANCE,3.3,0.84,8,18.7,20.2,4.4,15.8,CRITICAL,1,SYNTHETIC EMERGENCY V2X
EMG-EVT-006778,FIRE-07,FIRE_TRUCK,10.5,0.85,19,23.7,49.4,13.4,36.0,CRITICAL,1,SYNTHETIC EMERGENCY V2X
EMG-EVT-006779,AMB-05,AMBULANCE,13.9,0.74,28,27.5,63.9,18.0,45.9,CRITICAL,1,SYNTHETIC EMERGENCY V2X
EMG-EVT-006780,AMB-07,AMBULANCE,7.8,0.45,14,41.5,28.1,9.9,18.2,CRITICAL,1,SYNTHETIC EMERGENCY V2X
EMG-EVT-006781,AMB-10,AMBULANCE,12.6,0.23,24,55.6,42.4,16.1,26.3,CRITICAL,1,SYNTHETIC EMERGENCY V2X
EMG-EVT-006782,FIRE-08,FIRE_TRUCK,5.8,0.47,11,46.3,20.7,7.4,13.3,CRITICAL,1,SYNTHETIC EMERGENCY V2X
EMG-EVT-006783,AMB-04,AMBULANCE,9.8,0.34,20,48.1,36.2,12.7,23.5,CRITICAL,1,SYNTHETIC EMERGENCY V2X
EMG-EVT-006784,POL-01,POLICE,2.9,0.91,7,20.4,16.9,3.9,13.0,CRITICAL,1,SYNTHETIC EMERGENCY V2X
EMG-EVT-006785,AMB-12,AMBULANCE,9.0,0.91,18,20.3,48.2,11.6,36.6,CRITICAL,1,SYNTHETIC EMERGENCY V2X
EMG-EVT-006786,AMB-06,AMBULANCE,11.6,0.49,22,40.9,43.4,14.9,28.5,CRITICAL,1,SYNTHETIC EMERGENCY V2X
EMG-EVT-006787,AMB-12,AMBULANCE,5.8,0.65,13,28.4,27.9,7.6,20.3,CRITICAL,1,SYNTHETIC EMERGENCY V2X
EMG-EVT-006788,AMB-13,AMBULANCE,12.2,0.9,24,15.9,74.8,15.7,59.1,CRITICAL,1,SYNTHETIC EMERGENCY V2X
EMG-EVT-006789,AMB-13,AMBULANCE,10.1,0.32,21,52.1,36.8,13.1,23.7,CRITICAL,1,SYNTHETIC EMERGENCY V2X
EMG-EVT-006790,AMB-11,AMBULANCE,14.2,0.69,27,27.8,63.0,18.2,44.8,CRITICAL,1,SYNTHETIC EMERGENCY V2X
EMG-EVT-006791,AMB-05,AMBULANCE,10.1,0.5,19,46.0,36.0,12.9,23.1,CRITICAL,1,SYNTHETIC EMERGENCY V2X
EMG-EVT-006792,AMB-12,AMBULANCE,10.3,0.51,21,43.4,39.4,13.3,26.1,CRITICAL,1,SYNTHETIC EMERGENCY V2X
EMG-EVT-006793,AMB-09,AMBULANCE,2.0,0.45,4,40.5,7.8,2.6,5.2,CRITICAL,1,SYNTHETIC EMERGENCY V2X
EMG-EVT-006794,AMB-08,AMBULANCE,6.6,0.77,12,27.4,28.9,8.4,20.5,CRITICAL,1,SYNTHETIC EMERGENCY V2X
EMG-EVT-006795,AMB-13,AMBULANCE,15.5,0.94,27,16.5,88.8,19.6,69.2,CRITICAL,1,SYNTHETIC EMERGENCY V2X
EMG-EVT-006796,FIRE-10,FIRE_TRUCK,15.2,0.2,30,56.8,52.1,19.6,32.5,CRITICAL,1,SYNTHETIC EMERGENCY V2X
EMG-EVT-006797,AMB-06,AMBULANCE,5.6,0.51,10,44.2,19.6,7.1,12.5,CRITICAL,1,SYNTHETIC EMERGENCY V2X
EMG-EVT-006798,AMB-03,AMBULANCE,7.7,0.45,16,40.4,30.6,10.0,20.6,CRITICAL,1,SYNTHETIC EMERGENCY V2X
EMG-EVT-006799,FIRE-05,FIRE_TRUCK,1.7,0.96,4,17.5,10.6,2.3,8.3,HIGH,1,SYNTHETIC EMERGENCY V2X
EMG-EVT-006800,FIRE-09,FIRE_TRUCK,5.7,0.77,10,25.1,25.6,7.2,18.4,CRITICAL,1,SYNTHETIC EMERGENCY V2X
EMG-EVT-006801,AMB-07,AMBULANCE,7.0,0.94,12,12.5,48.0,8.8,39.2,CRITICAL,1,SYNTHETIC EMERGENCY V2X
EMG-EVT-006802,AMB-09,AMBULANCE,8.0,0.91,14,19.5,41.4,10.1,31.3,CRITICAL,1,SYNTHETIC EMERGENCY V2X
EMG-EVT-006803,AMB-10,AMBULANCE,12.4,0.92,23,20.2,64.4,15.8,48.6,CRITICAL,1,SYNTHETIC EMERGENCY V2X
EMG-EVT-006804,FIRE-06,FIRE_TRUCK,9.7,0.55,18,42.2,35.4,12.4,23.0,CRITICAL,1,SYNTHETIC EMERGENCY V2X
EMG-EVT-006805,POL-01,POLICE,5.9,0.48,11,39.3,22.2,7.5,14.7,CRITICAL,1,SYNTHETIC EMERGENCY V2X
EMG-EVT-006806,AMB-12,AMBULANCE,5.8,0.79,10,20.6,28.9,7.3,21.6,CRITICAL,1,SYNTHETIC EMERGENCY V2X
EMG-EVT-006807,AMB-20,AMBULANCE,11.0,0.49,19,46.4,37.0,13.9,23.1,CRITICAL,1,SYNTHETIC EMERGENCY V2X
EMG-EVT-006808,POL-09,POLICE,15.5,0.64,29,36.3,60.4,19.8,40.6,CRITICAL,1,SYNTHETIC EMERGENCY V2X
EMG-EVT-006809,AMB-05,AMBULANCE,3.2,0.37,5,51.3,9.7,4.0,5.7,CRITICAL,1,SYNTHETIC EMERGENCY V2X
EMG-EVT-006810,POL-05,POLICE,1.6,0.62,4,32.5,7.8,2.1,5.7,HIGH,1,SYNTHETIC EMERGENCY V2X
EMG-EVT-006811,AMB-10,AMBULANCE,12.4,0.87,22,21.0,61.8,15.7,46.1,CRITICAL,1,SYNTHETIC EMERGENCY V2X
EMG-EVT-006812,AMB-17,AMBULANCE,14.7,0.56,27,36.0,56.9,18.7,38.2,CRITICAL,1,SYNTHETIC EMERGENCY V2X
EMG-EVT-006813,AMB-01,AMBULANCE,9.7,0.27,18,59.7,31.3,12.4,18.9,CRITICAL,1,SYNTHETIC EMERGENCY V2X
EMG-EVT-006814,AMB-14,AMBULANCE,13.6,0.3,27,55.2,47.2,17.5,29.7,CRITICAL,1,SYNTHETIC EMERGENCY V2X
EMG-EVT-006815,FIRE-02,FIRE_TRUCK,10.7,0.48,20,40.5,39.9,13.7,26.2,CRITICAL,1,SYNTHETIC EMERGENCY V2X
EMG-EVT-006816,AMB-16,AMBULANCE,4.7,0.3,11,53.7,18.5,6.2,12.3,CRITICAL,1,SYNTHETIC EMERGENCY V2X
EMG-EVT-006817,AMB-01,AMBULANCE,5.3,0.98,11,15.6,33.6,6.9,26.7,CRITICAL,1,SYNTHETIC EMERGENCY V2X
EMG-EVT-006818,AMB-05,AMBULANCE,10.6,0.81,21,28.3,47.7,13.7,34.0,CRITICAL,1,SYNTHETIC EMERGENCY V2X
EMG-EVT-006819,AMB-02,AMBULANCE,11.5,0.45,22,43.7,42.2,14.7,27.5,CRITICAL,1,SYNTHETIC EMERGENCY V2X
EMG-EVT-006820,FIRE-03,FIRE_TRUCK,6.0,0.8,10,25.7,26.0,7.5,18.5,CRITICAL,1,SYNTHETIC EMERGENCY V2X
EMG-EVT-006821,AMB-11,AMBULANCE,5.6,0.94,10,14.2,35.7,7.1,28.6,CRITICAL,1,SYNTHETIC EMERGENCY V2X
EMG-EVT-006822,AMB-12,AMBULANCE,7.8,0.65,15,30.5,33.3,10.0,23.3,CRITICAL,1,SYNTHETIC EMERGENCY V2X
EMG-EVT-006823,AMB-12,AMBULANCE,9.7,0.61,17,37.2,36.0,12.3,23.7,CRITICAL,1,SYNTHETIC EMERGENCY V2X
EMG-EVT-006824,FIRE-04,FIRE_TRUCK,15.9,0.86,28,20.9,79.2,20.1,59.1,CRITICAL,1,SYNTHETIC EMERGENCY V2X
EMG-EVT-006825,AMB-17,AMBULANCE,7.0,0.53,12,35.8,26.1,8.8,17.3,CRITICAL,1,SYNTHETIC EMERGENCY V2X
EMG-EVT-006826,FIRE-03,FIRE_TRUCK,8.0,0.67,14,27.3,34.4,10.1,24.3,CRITICAL,1,SYNTHETIC EMERGENCY V2X
EMG-EVT-006827,AMB-08,AMBULANCE,8.3,0.79,16,21.9,41.9,10.7,31.2,CRITICAL,1,SYNTHETIC EMERGENCY V2X
EMG-EVT-006828,AMB-19,AMBULANCE,5.2,0.81,10,24.8,24.6,6.7,17.9,CRITICAL,1,SYNTHETIC EMERGENCY V2X
EMG-EVT-006829,AMB-01,AMBULANCE,4.4,0.72,9,27.6,20.4,5.7,14.7,CRITICAL,1,SYNTHETIC EMERGENCY V2X
EMG-EVT-006830,AMB-10,AMBULANCE,7.8,0.36,17,52.3,29.3,10.2,19.1,CRITICAL,1,SYNTHETIC EMERGENCY V2X
EMG-EVT-006831,AMB-05,AMBULANCE,3.9,0.39,7,45.0,13.6,5.0,8.6,CRITICAL,1,SYNTHETIC EMERGENCY V2X
EMG-EVT-006832,AMB-15,AMBULANCE,13.1,0.82,24,21.7,65.0,16.7,48.3,CRITICAL,1,SYNTHETIC EMERGENCY V2X
EMG-EVT-006833,AMB-04,AMBULANCE,14.7,0.24,29,56.1,50.5,18.9,31.6,CRITICAL,1,SYNTHETIC EMERGENCY V2X
EMG-EVT-006834,AMB-10,AMBULANCE,13.5,0.3,24,52.0,44.4,17.1,27.3,CRITICAL,1,SYNTHETIC EMERGENCY V2X
EMG-EVT-006835,POL-06,POLICE,10.5,0.49,21,44.1,39.5,13.6,25.9,CRITICAL,1,SYNTHETIC EMERGENCY V2X
EMG-EVT-006836,FIRE-01,FIRE_TRUCK,15.5,0.22,29,55.0,51.7,19.8,31.9,CRITICAL,1,SYNTHETIC EMERGENCY V2X
EMG-EVT-006837,AMB-09,AMBULANCE,13.2,0.96,25,17.7,74.7,16.9,57.8,CRITICAL,1,SYNTHETIC EMERGENCY V2X
EMG-EVT-006838,AMB-01,AMBULANCE,5.7,0.42,11,47.6,20.4,7.3,13.1,CRITICAL,1,SYNTHETIC EMERGENCY V2X
EMG-EVT-006839,AMB-11,AMBULANCE,13.7,0.27,27,52.4,48.1,17.6,30.5,CRITICAL,1,SYNTHETIC EMERGENCY V2X
EMG-EVT-006840,FIRE-04,FIRE_TRUCK,4.6,0.85,11,22.4,25.5,6.1,19.4,CRITICAL,1,SYNTHETIC EMERGENCY V2X
EMG-EVT-006841,AMB-15,AMBULANCE,6.5,0.66,13,33.9,27.1,8.4,18.7,CRITICAL,1,SYNTHETIC EMERGENCY V2X
EMG-EVT-006842,AMB-01,AMBULANCE,11.6,0.5,20,40.7,41.1,14.7,26.4,CRITICAL,1,SYNTHETIC EMERGENCY V2X
EMG-EVT-006843,AMB-20,AMBULANCE,5.3,0.56,11,40.5,21.1,6.9,14.2,CRITICAL,1,SYNTHETIC EMERGENCY V2X
EMG-EVT-006844,AMB-16,AMBULANCE,7.1,0.78,15,24.6,35.3,9.2,26.1,CRITICAL,1,SYNTHETIC EMERGENCY V2X
EMG-EVT-006845,AMB-17,AMBULANCE,11.4,0.68,23,32.6,48.6,14.7,33.9,CRITICAL,1,SYNTHETIC EMERGENCY V2X
EMG-EVT-006846,AMB-01,AMBULANCE,7.2,0.23,15,60.9,25.1,9.4,15.7,CRITICAL,1,SYNTHETIC EMERGENCY V2X
EMG-EVT-006847,FIRE-10,FIRE_TRUCK,10.4,0.57,20,35.9,41.4,13.3,28.1,CRITICAL,1,SYNTHETIC EMERGENCY V2X
EMG-EVT-006848,FIRE-01,FIRE_TRUCK,2.2,0.93,3,18.5,10.7,2.7,8.0,HIGH,1,SYNTHETIC EMERGENCY V2X
EMG-EVT-006849,POL-03,POLICE,3.3,0.38,5,46.8,10.2,4.1,6.1,HIGH,1,SYNTHETIC EMERGENCY V2X
EMG-EVT-006850,AMB-03,AMBULANCE,2.8,0.34,8,53.5,12.7,3.9,8.8,CRITICAL,1,SYNTHETIC EMERGENCY V2X
EMG-EVT-006851,AMB-11,AMBULANCE,15.2,0.96,29,18.7,83.6,19.5,64.1,CRITICAL,1,SYNTHETIC EMERGENCY V2X
EMG-EVT-006852,AMB-02,AMBULANCE,14.6,0.62,26,37.1,54.8,18.5,36.3,CRITICAL,1,SYNTHETIC EMERGENCY V2X
EMG-EVT-006853,AMB-11,AMBULANCE,13.9,0.54,28,36.1,56.7,18.0,38.7,CRITICAL,1,SYNTHETIC EMERGENCY V2X
EMG-EVT-006854,FIRE-05,FIRE_TRUCK,5.2,0.49,11,45.7,20.0,6.8,13.2,CRITICAL,1,SYNTHETIC EMERGENCY V2X
EMG-EVT-006855,AMB-17,AMBULANCE,9.9,0.34,19,55.7,33.5,12.7,20.8,CRITICAL,1,SYNTHETIC EMERGENCY V2X
EMG-EVT-006856,AMB-16,AMBULANCE,13.6,0.33,25,56.4,44.5,17.3,27.2,CRITICAL,1,SYNTHETIC EMERGENCY V2X
EMG-EVT-006857,FIRE-09,FIRE_TRUCK,15.7,0.39,29,49.7,53.8,20.0,33.8,CRITICAL,1,SYNTHETIC EMERGENCY V2X
EMG-EVT-006858,FIRE-09,FIRE_TRUCK,14.2,0.54,26,44.3,50.4,18.1,32.3,CRITICAL,1,SYNTHETIC EMERGENCY V2X
EMG-EVT-006859,AMB-07,AMBULANCE,6.5,0.96,13,13.6,44.3,8.4,35.9,CRITICAL,1,SYNTHETIC EMERGENCY V2X
EMG-EVT-006860,AMB-04,AMBULANCE,9.7,0.44,18,45.1,34.5,12.4,22.1,CRITICAL,1,SYNTHETIC EMERGENCY V2X
EMG-EVT-006861,AMB-18,AMBULANCE,10.4,0.41,21,49.0,37.9,13.4,24.5,CRITICAL,1,SYNTHETIC EMERGENCY V2X
EMG-EVT-006862,AMB-20,AMBULANCE,11.9,0.73,21,28.2,50.5,15.1,35.4,CRITICAL,1,SYNTHETIC EMERGENCY V2X
EMG-EVT-006863,POL-06,POLICE,14.8,0.51,26,45.8,50.6,18.7,31.9,CRITICAL,1,SYNTHETIC EMERGENCY V2X
EMG-EVT-006864,FIRE-07,FIRE_TRUCK,7.3,0.3,14,56.9,24.5,9.4,15.1,CRITICAL,1,SYNTHETIC EMERGENCY V2X
EMG-EVT-006865,FIRE-07,FIRE_TRUCK,8.6,0.71,18,31.3,38.1,11.2,26.9,CRITICAL,1,SYNTHETIC EMERGENCY V2X
EMG-EVT-006866,FIRE-08,FIRE_TRUCK,2.6,0.49,7,47.2,11.7,3.5,8.2,HIGH,1,SYNTHETIC EMERGENCY V2X
EMG-EVT-006867,AMB-15,AMBULANCE,14.7,0.47,29,39.1,57.4,18.9,38.5,CRITICAL,1,SYNTHETIC EMERGENCY V2X
EMG-EVT-006868,FIRE-09,FIRE_TRUCK,14.6,0.6,26,31.5,59.0,18.5,40.5,CRITICAL,1,SYNTHETIC EMERGENCY V2X
EMG-EVT-006869,FIRE-04,FIRE_TRUCK,3.1,0.69,7,31.6,14.3,4.1,10.2,CRITICAL,1,SYNTHETIC EMERGENCY V2X
EMG-EVT-006870,AMB-13,AMBULANCE,7.7,0.7,13,26.7,32.9,9.7,23.2,CRITICAL,1,SYNTHETIC EMERGENCY V2X
EMG-EVT-006871,AMB-04,AMBULANCE,9.9,0.7,17,34.1,37.8,12.5,25.3,CRITICAL,1,SYNTHETIC EMERGENCY V2X
EMG-EVT-006872,AMB-07,AMBULANCE,8.1,0.32,14,54.4,25.7,10.2,15.5,CRITICAL,1,SYNTHETIC EMERGENCY V2X
EMG-EVT-006873,AMB-08,AMBULANCE,7.1,0.34,14,51.3,25.1,9.1,16.0,CRITICAL,1,SYNTHETIC EMERGENCY V2X
EMG-EVT-006874,AMB-15,AMBULANCE,1.9,0.44,3,42.5,6.3,2.4,3.9,CRITICAL,1,SYNTHETIC EMERGENCY V2X
EMG-EVT-006875,FIRE-10,FIRE_TRUCK,6.7,0.77,12,23.4,31.6,8.5,23.1,CRITICAL,1,SYNTHETIC EMERGENCY V2X
EMG-EVT-006876,AMB-02,AMBULANCE,4.1,0.81,8,25.6,19.2,5.3,13.9,CRITICAL,1,SYNTHETIC EMERGENCY V2X
EMG-EVT-006877,AMB-05,AMBULANCE,4.1,0.64,8,29.0,18.1,5.3,12.8,CRITICAL,1,SYNTHETIC EMERGENCY V2X
EMG-EVT-006878,AMB-13,AMBULANCE,4.9,0.78,10,27.7,22.6,6.3,16.3,CRITICAL,1,SYNTHETIC EMERGENCY V2X
EMG-EVT-006879,AMB-16,AMBULANCE,1.7,0.88,5,22.2,10.6,2.4,8.2,CRITICAL,1,SYNTHETIC EMERGENCY V2X
EMG-EVT-006880,FIRE-01,FIRE_TRUCK,6.0,0.33,10,49.8,19.2,7.5,11.7,CRITICAL,1,SYNTHETIC EMERGENCY V2X
EMG-EVT-006881,AMB-05,AMBULANCE,8.7,0.82,15,19.2,45.2,11.0,34.2,CRITICAL,1,SYNTHETIC EMERGENCY V2X
EMG-EVT-006882,AMB-06,AMBULANCE,5.1,0.93,12,19.1,30.4,6.8,23.6,CRITICAL,1,SYNTHETIC EMERGENCY V2X
EMG-EVT-006883,AMB-16,AMBULANCE,4.4,0.22,9,55.1,15.6,5.7,9.9,CRITICAL,1,SYNTHETIC EMERGENCY V2X
EMG-EVT-006884,AMB-11,AMBULANCE,1.5,0.51,5,45.3,8.0,2.1,5.9,CRITICAL,1,SYNTHETIC EMERGENCY V2X
EMG-EVT-006885,AMB-17,AMBULANCE,14.7,0.85,28,23.2,71.6,18.8,52.8,CRITICAL,1,SYNTHETIC EMERGENCY V2X
EMG-EVT-006886,AMB-19,AMBULANCE,4.9,0.76,8,26.1,20.9,6.1,14.8,CRITICAL,1,SYNTHETIC EMERGENCY V2X
EMG-EVT-006887,AMB-12,AMBULANCE,4.7,0.53,8,41.7,16.4,5.9,10.5,CRITICAL,1,SYNTHETIC EMERGENCY V2X
EMG-EVT-006888,AMB-01,AMBULANCE,8.4,0.85,15,19.1,44.4,10.7,33.7,CRITICAL,1,SYNTHETIC EMERGENCY V2X
EMG-EVT-006889,FIRE-03,FIRE_TRUCK,5.3,0.56,11,36.3,22.0,6.9,15.1,CRITICAL,1,SYNTHETIC EMERGENCY V2X
EMG-EVT-006890,AMB-18,AMBULANCE,12.0,0.84,21,25.1,53.9,15.2,38.7,CRITICAL,1,SYNTHETIC EMERGENCY V2X
EMG-EVT-006891,AMB-01,AMBULANCE,5.2,0.68,9,27.6,22.1,6.6,15.5,CRITICAL,1,SYNTHETIC EMERGENCY V2X
EMG-EVT-006892,FIRE-01,FIRE_TRUCK,13.7,0.78,25,26.7,60.8,17.4,43.4,CRITICAL,1,SYNTHETIC EMERGENCY V2X
EMG-EVT-006893,AMB-01,AMBULANCE,11.6,0.21,20,63.7,34.9,14.7,20.2,CRITICAL,1,SYNTHETIC EMERGENCY V2X
EMG-EVT-006894,POL-09,POLICE,4.5,0.77,8,21.7,22.0,5.7,16.3,CRITICAL,1,SYNTHETIC EMERGENCY V2X
EMG-EVT-006895,FIRE-01,FIRE_TRUCK,2.3,0.23,4,59.6,7.1,2.9,4.2,HIGH,1,SYNTHETIC EMERGENCY V2X
EMG-EVT-006896,AMB-04,AMBULANCE,11.7,0.88,24,24.2,57.8,15.2,42.6,CRITICAL,1,SYNTHETIC EMERGENCY V2X
EMG-EVT-006897,POL-01,POLICE,1.9,0.28,3,50.9,5.8,2.4,3.4,HIGH,1,SYNTHETIC EMERGENCY V2X
EMG-EVT-006898,POL-03,POLICE,9.9,0.22,19,59.9,32.7,12.7,20.0,CRITICAL,1,SYNTHETIC EMERGENCY V2X
EMG-EVT-006899,AMB-16,AMBULANCE,4.3,0.62,8,36.0,16.8,5.5,11.3,CRITICAL,1,SYNTHETIC EMERGENCY V2X
EMG-EVT-006900,AMB-10,AMBULANCE,10.7,0.24,22,54.4,38.2,13.9,24.3,CRITICAL,1,SYNTHETIC EMERGENCY V2X
EMG-EVT-006901,AMB-01,AMBULANCE,4.5,0.29,11,54.7,18.1,6.0,12.1,CRITICAL,1,SYNTHETIC EMERGENCY V2X
EMG-EVT-006902,AMB-15,AMBULANCE,3.5,0.55,9,34.5,16.9,4.7,12.2,CRITICAL,1,SYNTHETIC EMERGENCY V2X
EMG-EVT-006903,POL-01,POLICE,3.0,0.49,6,41.5,11.5,3.9,7.6,HIGH,1,SYNTHETIC EMERGENCY V2X
EMG-EVT-006904,AMB-05,AMBULANCE,13.6,0.36,24,51.0,44.8,17.2,27.6,CRITICAL,1,SYNTHETIC EMERGENCY V2X
EMG-EVT-006905,POL-09,POLICE,7.1,0.9,15,13.7,49.1,9.2,39.9,CRITICAL,1,SYNTHETIC EMERGENCY V2X
EMG-EVT-006906,FIRE-10,FIRE_TRUCK,2.4,0.98,4,11.9,16.9,3.0,13.9,CRITICAL,1,SYNTHETIC EMERGENCY V2X
EMG-EVT-006907,AMB-11,AMBULANCE,12.8,0.55,25,36.0,51.3,16.5,34.8,CRITICAL,1,SYNTHETIC EMERGENCY V2X
EMG-EVT-006908,AMB-02,AMBULANCE,7.4,0.4,14,47.5,26.1,9.5,16.6,CRITICAL,1,SYNTHETIC EMERGENCY V2X
EMG-EVT-006909,AMB-02,AMBULANCE,14.4,0.9,25,21.0,71.1,18.2,52.9,CRITICAL,1,SYNTHETIC EMERGENCY V2X
EMG-EVT-006910,FIRE-01,FIRE_TRUCK,5.4,0.61,12,32.6,24.3,7.1,17.2,CRITICAL,1,SYNTHETIC EMERGENCY V2X
EMG-EVT-006911,AMB-01,AMBULANCE,6.8,0.95,13,18.0,38.3,8.7,29.6,CRITICAL,1,SYNTHETIC EMERGENCY V2X
EMG-EVT-006912,AMB-17,AMBULANCE,9.3,0.24,16,61.8,28.2,11.7,16.5,CRITICAL,1,SYNTHETIC EMERGENCY V2X
EMG-EVT-006913,AMB-19,AMBULANCE,4.4,0.76,10,25.3,22.4,5.8,16.6,CRITICAL,1,SYNTHETIC EMERGENCY V2X
EMG-EVT-006914,AMB-02,AMBULANCE,11.4,0.83,20,23.1,53.6,14.4,39.2,CRITICAL,1,SYNTHETIC EMERGENCY V2X
EMG-EVT-006915,POL-06,POLICE,9.0,0.61,18,33.9,37.5,11.6,25.9,CRITICAL,1,SYNTHETIC EMERGENCY V2X
EMG-EVT-006916,AMB-04,AMBULANCE,8.3,0.42,15,42.1,29.8,10.6,19.2,CRITICAL,1,SYNTHETIC EMERGENCY V2X
EMG-EVT-006917,AMB-09,AMBULANCE,10.2,0.73,18,32.0,40.7,12.9,27.8,CRITICAL,1,SYNTHETIC EMERGENCY V2X
EMG-EVT-006918,AMB-06,AMBULANCE,6.1,0.72,13,32.7,26.8,8.0,18.8,CRITICAL,1,SYNTHETIC EMERGENCY V2X
EMG-EVT-006919,AMB-15,AMBULANCE,1.7,0.76,6,27.4,10.9,2.5,8.4,CRITICAL,1,SYNTHETIC EMERGENCY V2X
EMG-EVT-006920,AMB-06,AMBULANCE,10.2,0.93,20,15.9,62.5,13.1,49.4,CRITICAL,1,SYNTHETIC EMERGENCY V2X
EMG-EVT-006921,FIRE-05,FIRE_TRUCK,7.2,0.68,14,32.0,30.3,9.3,21.0,CRITICAL,1,SYNTHETIC EMERGENCY V2X
EMG-EVT-006922,AMB-01,AMBULANCE,4.1,0.58,7,33.6,15.7,5.2,10.5,CRITICAL,1,SYNTHETIC EMERGENCY V2X
EMG-EVT-006923,AMB-20,AMBULANCE,11.3,0.21,22,61.5,37.4,14.5,22.9,CRITICAL,1,SYNTHETIC EMERGENCY V2X
EMG-EVT-006924,POL-01,POLICE,6.8,0.98,13,14.1,44.5,8.7,35.8,CRITICAL,1,SYNTHETIC EMERGENCY V2X
EMG-EVT-006925,AMB-15,AMBULANCE,8.9,0.4,19,44.1,34.9,11.6,23.3,CRITICAL,1,SYNTHETIC EMERGENCY V2X
EMG-EVT-006926,AMB-17,AMBULANCE,6.6,0.78,13,29.3,29.1,8.5,20.6,CRITICAL,1,SYNTHETIC EMERGENCY V2X
EMG-EVT-006927,AMB-08,AMBULANCE,4.6,0.96,11,16.3,30.1,6.1,24.0,CRITICAL,1,SYNTHETIC EMERGENCY V2X
EMG-EVT-006928,AMB-14,AMBULANCE,2.3,0.52,7,36.6,12.2,3.2,9.0,CRITICAL,1,SYNTHETIC EMERGENCY V2X
EMG-EVT-006929,AMB-12,AMBULANCE,10.6,0.61,19,38.1,39.5,13.5,26.0,CRITICAL,1,SYNTHETIC EMERGENCY V2X
EMG-EVT-006930,AMB-05,AMBULANCE,15.4,0.31,30,56.7,52.3,19.8,32.5,CRITICAL,1,SYNTHETIC EMERGENCY V2X
EMG-EVT-006931,AMB-10,AMBULANCE,3.6,0.85,7,17.5,20.7,4.6,16.1,CRITICAL,1,SYNTHETIC EMERGENCY V2X
EMG-EVT-006932,AMB-03,AMBULANCE,6.6,0.64,13,29.7,28.9,8.5,20.4,CRITICAL,1,SYNTHETIC EMERGENCY V2X
EMG-EVT-006933,FIRE-03,FIRE_TRUCK,2.3,0.77,5,30.6,10.5,3.0,7.5,HIGH,1,SYNTHETIC EMERGENCY V2X
EMG-EVT-006934,AMB-19,AMBULANCE,3.3,0.58,5,40.7,10.9,4.1,6.8,CRITICAL,1,SYNTHETIC EMERGENCY V2X
EMG-EVT-006935,AMB-16,AMBULANCE,1.9,0.72,4,26.4,9.1,2.5,6.6,CRITICAL,1,SYNTHETIC EMERGENCY V2X
EMG-EVT-006936,AMB-11,AMBULANCE,5.1,0.79,9,28.3,21.6,6.5,15.1,CRITICAL,1,SYNTHETIC EMERGENCY V2X
EMG-EVT-006937,AMB-05,AMBULANCE,6.7,0.96,15,18.7,39.5,8.8,30.7,CRITICAL,1,SYNTHETIC EMERGENCY V2X
EMG-EVT-006938,AMB-17,AMBULANCE,8.5,0.27,18,60.2,30.1,11.1,19.0,CRITICAL,1,SYNTHETIC EMERGENCY V2X
EMG-EVT-006939,AMB-11,AMBULANCE,1.9,0.64,4,33.1,8.2,2.5,5.7,CRITICAL,1,SYNTHETIC EMERGENCY V2X
EMG-EVT-006940,AMB-12,AMBULANCE,12.2,0.22,22,63.6,37.9,15.5,22.4,CRITICAL,1,SYNTHETIC EMERGENCY V2X
EMG-EVT-006941,FIRE-09,FIRE_TRUCK,5.7,0.26,12,59.6,20.1,7.4,12.7,CRITICAL,1,SYNTHETIC EMERGENCY V2X
EMG-EVT-006942,AMB-19,AMBULANCE,7.4,0.53,15,35.3,30.6,9.6,21.0,CRITICAL,1,SYNTHETIC EMERGENCY V2X
EMG-EVT-006943,AMB-03,AMBULANCE,13.3,0.54,23,38.4,48.4,16.8,31.6,CRITICAL,1,SYNTHETIC EMERGENCY V2X
EMG-EVT-006944,AMB-11,AMBULANCE,6.2,0.36,11,55.0,20.0,7.9,12.1,CRITICAL,1,SYNTHETIC EMERGENCY V2X
EMG-EVT-006945,FIRE-10,FIRE_TRUCK,7.4,0.85,15,21.4,38.7,9.6,29.1,CRITICAL,1,SYNTHETIC EMERGENCY V2X
EMG-EVT-006946,AMB-17,AMBULANCE,11.3,0.87,21,19.7,59.6,14.4,45.2,CRITICAL,1,SYNTHETIC EMERGENCY V2X
EMG-EVT-006947,POL-01,POLICE,8.3,0.73,17,23.7,41.4,10.8,30.6,CRITICAL,1,SYNTHETIC EMERGENCY V2X
EMG-EVT-006948,AMB-19,AMBULANCE,5.1,0.41,12,42.5,21.6,6.8,14.8,CRITICAL,1,SYNTHETIC EMERGENCY V2X
EMG-EVT-006949,AMB-10,AMBULANCE,8.4,0.87,15,16.6,48.4,10.7,37.7,CRITICAL,1,SYNTHETIC EMERGENCY V2X
EMG-EVT-006950,AMB-15,AMBULANCE,6.7,0.32,12,52.0,22.1,8.5,13.6,CRITICAL,1,SYNTHETIC EMERGENCY V2X
EMG-EVT-006951,AMB-12,AMBULANCE,8.0,0.27,17,58.8,28.6,10.4,18.2,CRITICAL,1,SYNTHETIC EMERGENCY V2X
EMG-EVT-006952,AMB-12,AMBULANCE,10.9,0.26,19,58.5,34.0,13.8,20.2,CRITICAL,1,SYNTHETIC EMERGENCY V2X
EMG-EVT-006953,AMB-16,AMBULANCE,12.2,0.96,24,15.5,76.0,15.7,60.3,CRITICAL,1,SYNTHETIC EMERGENCY V2X
EMG-EVT-006954,AMB-11,AMBULANCE,14.5,0.49,27,43.8,52.3,18.5,33.8,CRITICAL,1,SYNTHETIC EMERGENCY V2X
EMG-EVT-006955,POL-04,POLICE,8.5,0.35,15,55.7,27.2,10.8,16.4,CRITICAL,1,SYNTHETIC EMERGENCY V2X
EMG-EVT-006956,FIRE-05,FIRE_TRUCK,8.1,0.84,14,24.4,36.7,10.2,26.5,CRITICAL,1,SYNTHETIC EMERGENCY V2X
EMG-EVT-006957,AMB-19,AMBULANCE,3.8,0.79,6,19.9,18.7,4.7,14.0,CRITICAL,1,SYNTHETIC EMERGENCY V2X
EMG-EVT-006958,AMB-08,AMBULANCE,6.7,0.62,13,39.3,25.8,8.6,17.2,CRITICAL,1,SYNTHETIC EMERGENCY V2X
EMG-EVT-006959,FIRE-09,FIRE_TRUCK,8.4,0.3,17,54.2,29.7,10.9,18.8,CRITICAL,1,SYNTHETIC EMERGENCY V2X
EMG-EVT-006960,AMB-20,AMBULANCE,14.1,0.37,26,47.2,49.1,18.0,31.1,CRITICAL,1,SYNTHETIC EMERGENCY V2X
EMG-EVT-006961,AMB-02,AMBULANCE,13.0,0.76,26,22.5,65.9,16.8,49.1,CRITICAL,1,SYNTHETIC EMERGENCY V2X
EMG-EVT-006962,AMB-03,AMBULANCE,15.6,0.47,29,48.3,54.2,19.9,34.3,CRITICAL,1,SYNTHETIC EMERGENCY V2X
EMG-EVT-006963,AMB-19,AMBULANCE,3.0,0.47,8,47.4,13.4,4.1,9.3,CRITICAL,1,SYNTHETIC EMERGENCY V2X
EMG-EVT-006964,AMB-10,AMBULANCE,4.9,0.53,8,37.1,17.5,6.1,11.4,CRITICAL,1,SYNTHETIC EMERGENCY V2X
EMG-EVT-006965,AMB-14,AMBULANCE,6.0,0.71,10,25.3,26.2,7.5,18.7,CRITICAL,1,SYNTHETIC EMERGENCY V2X
EMG-EVT-006966,AMB-19,AMBULANCE,3.1,0.77,7,22.9,16.5,4.1,12.4,CRITICAL,1,SYNTHETIC EMERGENCY V2X
EMG-EVT-006967,AMB-07,AMBULANCE,10.3,0.78,20,27.4,46.6,13.2,33.4,CRITICAL,1,SYNTHETIC EMERGENCY V2X
EMG-EVT-006968,FIRE-07,FIRE_TRUCK,4.1,0.51,9,46.3,16.1,5.4,10.7,CRITICAL,1,SYNTHETIC EMERGENCY V2X
EMG-EVT-006969,AMB-09,AMBULANCE,1.9,0.27,5,53.1,8.1,2.6,5.5,CRITICAL,1,SYNTHETIC EMERGENCY V2X
EMG-EVT-006970,AMB-16,AMBULANCE,10.1,0.81,20,23.8,49.5,13.0,36.5,CRITICAL,1,SYNTHETIC EMERGENCY V2X
EMG-EVT-006971,POL-05,POLICE,14.9,0.79,26,24.8,67.2,18.9,48.3,CRITICAL,1,SYNTHETIC EMERGENCY V2X
EMG-EVT-006972,AMB-15,AMBULANCE,12.3,0.57,24,37.8,48.3,15.8,32.5,CRITICAL,1,SYNTHETIC EMERGENCY V2X
EMG-EVT-006973,FIRE-07,FIRE_TRUCK,13.7,0.8,27,23.5,67.4,17.6,49.8,CRITICAL,1,SYNTHETIC EMERGENCY V2X
EMG-EVT-006974,AMB-07,AMBULANCE,10.2,0.43,21,42.5,39.6,13.2,26.4,CRITICAL,1,SYNTHETIC EMERGENCY V2X
EMG-EVT-006975,AMB-15,AMBULANCE,4.4,0.8,8,26.4,19.6,5.6,14.0,CRITICAL,1,SYNTHETIC EMERGENCY V2X
EMG-EVT-006976,AMB-20,AMBULANCE,5.0,0.77,12,30.4,24.3,6.7,17.6,CRITICAL,1,SYNTHETIC EMERGENCY V2X
EMG-EVT-006977,AMB-19,AMBULANCE,10.7,0.62,19,33.7,41.9,13.6,28.3,CRITICAL,1,SYNTHETIC EMERGENCY V2X
EMG-EVT-006978,AMB-06,AMBULANCE,7.4,0.45,16,43.8,29.3,9.7,19.6,CRITICAL,1,SYNTHETIC EMERGENCY V2X
EMG-EVT-006979,AMB-18,AMBULANCE,1.6,0.43,3,47.1,5.6,2.0,3.6,CRITICAL,1,SYNTHETIC EMERGENCY V2X
EMG-EVT-006980,AMB-12,AMBULANCE,15.2,0.96,29,16.1,91.4,19.5,71.9,CRITICAL,1,SYNTHETIC EMERGENCY V2X
EMG-EVT-006981,AMB-16,AMBULANCE,1.7,0.29,6,52.2,9.2,2.5,6.7,CRITICAL,1,SYNTHETIC EMERGENCY V2X
EMG-EVT-006982,AMB-09,AMBULANCE,8.7,0.23,16,60.5,27.8,11.1,16.7,CRITICAL,1,SYNTHETIC EMERGENCY V2X
EMG-EVT-006983,FIRE-08,FIRE_TRUCK,7.3,0.58,15,34.4,30.7,9.5,21.2,CRITICAL,1,SYNTHETIC EMERGENCY V2X
EMG-EVT-006984,AMB-07,AMBULANCE,15.3,0.34,27,52.3,50.0,19.4,30.6,CRITICAL,1,SYNTHETIC EMERGENCY V2X
EMG-EVT-006985,AMB-08,AMBULANCE,4.9,0.45,10,44.2,18.7,6.3,12.4,CRITICAL,1,SYNTHETIC EMERGENCY V2X
EMG-EVT-006986,AMB-02,AMBULANCE,15.5,0.51,28,41.6,56.0,19.7,36.3,CRITICAL,1,SYNTHETIC EMERGENCY V2X
EMG-EVT-006987,POL-10,POLICE,7.7,0.9,16,16.1,47.9,10.0,37.9,CRITICAL,1,SYNTHETIC EMERGENCY V2X
EMG-EVT-006988,FIRE-09,FIRE_TRUCK,7.8,0.85,15,20.1,41.3,10.0,31.3,CRITICAL,1,SYNTHETIC EMERGENCY V2X
EMG-EVT-006989,AMB-20,AMBULANCE,8.7,0.72,16,32.7,35.2,11.1,24.1,CRITICAL,1,SYNTHETIC EMERGENCY V2X
EMG-EVT-006990,AMB-16,AMBULANCE,13.7,0.26,24,55.7,43.6,17.3,26.3,CRITICAL,1,SYNTHETIC EMERGENCY V2X
EMG-EVT-006991,POL-10,POLICE,1.7,0.35,5,48.5,8.1,2.4,5.7,HIGH,1,SYNTHETIC EMERGENCY V2X
EMG-EVT-006992,AMB-16,AMBULANCE,4.5,0.82,9,27.3,20.7,5.8,14.9,CRITICAL,1,SYNTHETIC EMERGENCY V2X
EMG-EVT-006993,AMB-02,AMBULANCE,11.8,0.91,21,13.7,76.9,15.0,61.9,CRITICAL,1,SYNTHETIC EMERGENCY V2X
EMG-EVT-006994,AMB-13,AMBULANCE,10.2,0.29,20,50.1,36.2,13.1,23.1,CRITICAL,1,SYNTHETIC EMERGENCY V2X
EMG-EVT-006995,AMB-18,AMBULANCE,2.7,0.95,4,10.9,19.7,3.3,16.4,CRITICAL,1,SYNTHETIC EMERGENCY V2X
EMG-EVT-006996,AMB-15,AMBULANCE,10.9,0.56,21,35.6,43.6,14.0,29.6,CRITICAL,1,SYNTHETIC EMERGENCY V2X
EMG-EVT-006997,AMB-02,AMBULANCE,10.4,0.8,18,19.6,53.4,13.1,40.3,CRITICAL,1,SYNTHETIC EMERGENCY V2X
EMG-EVT-006998,AMB-11,AMBULANCE,15.1,0.63,27,34.9,58.4,19.2,39.2,CRITICAL,1,SYNTHETIC EMERGENCY V2X
EMG-EVT-006999,AMB-11,AMBULANCE,4.3,0.24,9,52.7,15.7,5.6,10.1,CRITICAL,1,SYNTHETIC EMERGENCY V2X
EMG-EVT-007000,AMB-03,AMBULANCE,14.9,0.41,27,42.5,53.4,19.0,34.4,CRITICAL,1,SYNTHETIC EMERGENCY V2X
EMG-EVT-007001,AMB-01,AMBULANCE,14.3,0.97,25,11.0,108.0,18.1,89.9,CRITICAL,1,SYNTHETIC EMERGENCY V2X
EMG-EVT-007002,FIRE-10,FIRE_TRUCK,13.1,0.86,23,19.7,67.5,16.6,50.9,CRITICAL,1,SYNTHETIC EMERGENCY V2X
EMG-EVT-007003,AMB-06,AMBULANCE,13.4,0.58,27,38.3,53.4,17.3,36.1,CRITICAL,1,SYNTHETIC EMERGENCY V2X
EMG-EVT-007004,AMB-14,AMBULANCE,2.5,0.94,4,11.1,18.3,3.1,15.2,CRITICAL,1,SYNTHETIC EMERGENCY V2X
EMG-EVT-007005,AMB-10,AMBULANCE,3.7,0.49,9,46.2,15.6,4.9,10.7,CRITICAL,1,SYNTHETIC EMERGENCY V2X
EMG-EVT-007006,AMB-08,AMBULANCE,1.8,0.79,5,24.5,10.4,2.5,7.9,CRITICAL,1,SYNTHETIC EMERGENCY V2X
EMG-EVT-007007,AMB-17,AMBULANCE,8.3,0.43,15,44.6,29.2,10.6,18.6,CRITICAL,1,SYNTHETIC EMERGENCY V2X
EMG-EVT-007008,AMB-13,AMBULANCE,15.3,0.8,27,24.3,70.2,19.4,50.8,CRITICAL,1,SYNTHETIC EMERGENCY V2X
EMG-EVT-007009,AMB-19,AMBULANCE,8.3,0.85,14,24.8,36.9,10.5,26.4,CRITICAL,1,SYNTHETIC EMERGENCY V2X
EMG-EVT-007010,AMB-05,AMBULANCE,1.7,0.52,5,44.8,8.3,2.4,5.9,CRITICAL,1,SYNTHETIC EMERGENCY V2X
EMG-EVT-007011,AMB-17,AMBULANCE,6.4,0.58,13,34.5,26.7,8.3,18.4,CRITICAL,1,SYNTHETIC EMERGENCY V2X
EMG-EVT-007012,AMB-02,AMBULANCE,15.5,0.45,29,46.8,54.7,19.8,34.9,CRITICAL,1,SYNTHETIC EMERGENCY V2X
EMG-EVT-007013,AMB-04,AMBULANCE,1.8,0.36,5,47.5,8.3,2.5,5.8,CRITICAL,1,SYNTHETIC EMERGENCY V2X
EMG-EVT-007014,FIRE-10,FIRE_TRUCK,12.3,0.86,24,17.5,71.0,15.8,55.2,CRITICAL,1,SYNTHETIC EMERGENCY V2X
EMG-EVT-007015,AMB-14,AMBULANCE,14.9,0.8,29,26.6,68.4,19.2,49.2,CRITICAL,1,SYNTHETIC EMERGENCY V2X
EMG-EVT-007016,AMB-06,AMBULANCE,4.4,0.73,10,29.0,21.1,5.8,15.3,CRITICAL,1,SYNTHETIC EMERGENCY V2X
EMG-EVT-007017,AMB-18,AMBULANCE,9.3,0.47,17,43.9,33.1,11.8,21.3,CRITICAL,1,SYNTHETIC EMERGENCY V2X
EMG-EVT-007018,POL-01,POLICE,2.5,0.27,5,56.7,8.6,3.2,5.4,HIGH,1,SYNTHETIC EMERGENCY V2X
EMG-EVT-007019,AMB-10,AMBULANCE,7.7,0.53,16,36.4,31.9,10.0,21.9,CRITICAL,1,SYNTHETIC EMERGENCY V2X
EMG-EVT-007020,POL-08,POLICE,3.7,0.9,6,15.1,21.9,4.6,17.3,CRITICAL,1,SYNTHETIC EMERGENCY V2X
EMG-EVT-007021,AMB-10,AMBULANCE,10.4,0.41,19,48.2,35.7,13.2,22.5,CRITICAL,1,SYNTHETIC EMERGENCY V2X
EMG-EVT-007022,AMB-13,AMBULANCE,3.8,0.61,8,36.6,15.8,4.9,10.9,CRITICAL,1,SYNTHETIC EMERGENCY V2X
EMG-EVT-007023,FIRE-03,FIRE_TRUCK,11.6,0.94,20,16.2,67.0,14.7,52.3,CRITICAL,1,SYNTHETIC EMERGENCY V2X
EMG-EVT-007024,FIRE-06,FIRE_TRUCK,5.6,0.58,10,41.9,20.0,7.1,12.9,CRITICAL,1,SYNTHETIC EMERGENCY V2X
EMG-EVT-007025,AMB-12,AMBULANCE,3.6,0.49,8,37.8,15.3,4.7,10.6,CRITICAL,1,SYNTHETIC EMERGENCY V2X
EMG-EVT-007026,AMB-15,AMBULANCE,8.1,0.83,15,24.9,37.5,10.3,27.2,CRITICAL,1,SYNTHETIC EMERGENCY V2X
EMG-EVT-007027,AMB-02,AMBULANCE,6.4,0.85,12,21.4,32.3,8.2,24.1,CRITICAL,1,SYNTHETIC EMERGENCY V2X
EMG-EVT-007028,AMB-10,AMBULANCE,12.8,0.55,26,42.5,49.3,16.6,32.7,CRITICAL,1,SYNTHETIC EMERGENCY V2X
EMG-EVT-007029,AMB-10,AMBULANCE,8.1,0.68,15,33.7,32.4,10.3,22.1,CRITICAL,1,SYNTHETIC EMERGENCY V2X
EMG-EVT-007030,AMB-02,AMBULANCE,15.3,0.33,30,56.5,52.2,19.7,32.5,CRITICAL,1,SYNTHETIC EMERGENCY V2X
EMG-EVT-007031,POL-03,POLICE,11.3,0.86,23,23.1,57.0,14.6,42.4,CRITICAL,1,SYNTHETIC EMERGENCY V2X
EMG-EVT-007032,AMB-13,AMBULANCE,8.4,0.56,15,38.8,31.0,10.7,20.3,CRITICAL,1,SYNTHETIC EMERGENCY V2X
EMG-EVT-007033,AMB-10,AMBULANCE,10.5,0.79,19,26.2,46.8,13.4,33.4,CRITICAL,1,SYNTHETIC EMERGENCY V2X
EMG-EVT-007034,AMB-06,AMBULANCE,5.0,0.67,11,30.2,23.1,6.6,16.5,CRITICAL,1,SYNTHETIC EMERGENCY V2X
EMG-EVT-007035,AMB-17,AMBULANCE,4.7,0.91,8,13.3,30.8,5.9,24.9,CRITICAL,1,SYNTHETIC EMERGENCY V2X
EMG-EVT-007036,AMB-04,AMBULANCE,5.2,0.26,9,52.6,16.7,6.6,10.1,CRITICAL,1,SYNTHETIC EMERGENCY V2X
EMG-EVT-007037,AMB-09,AMBULANCE,6.5,0.47,14,44.9,25.5,8.5,17.0,CRITICAL,1,SYNTHETIC EMERGENCY V2X
EMG-EVT-007038,FIRE-05,FIRE_TRUCK,2.7,0.44,5,48.8,9.3,3.4,5.9,HIGH,1,SYNTHETIC EMERGENCY V2X
EMG-EVT-007039,AMB-14,AMBULANCE,5.3,0.55,9,34.3,20.1,6.7,13.4,CRITICAL,1,SYNTHETIC EMERGENCY V2X
EMG-EVT-007040,AMB-05,AMBULANCE,3.6,0.68,8,29.2,17.0,4.7,12.3,CRITICAL,1,SYNTHETIC EMERGENCY V2X
EMG-EVT-007041,POL-03,POLICE,10.7,0.88,20,19.6,56.8,13.7,43.1,CRITICAL,1,SYNTHETIC EMERGENCY V2X
EMG-EVT-007042,POL-03,POLICE,11.9,0.54,22,42.4,43.2,15.2,28.0,CRITICAL,1,SYNTHETIC EMERGENCY V2X
EMG-EVT-007043,POL-08,POLICE,11.4,0.87,21,15.8,68.5,14.5,54.0,CRITICAL,1,SYNTHETIC EMERGENCY V2X
EMG-EVT-007044,AMB-19,AMBULANCE,3.8,0.64,8,38.4,15.5,4.9,10.6,CRITICAL,1,SYNTHETIC EMERGENCY V2X
EMG-EVT-007045,AMB-13,AMBULANCE,13.9,0.35,26,52.0,47.2,17.8,29.4,CRITICAL,1,SYNTHETIC EMERGENCY V2X
EMG-EVT-007046,AMB-20,AMBULANCE,10.8,0.7,20,25.8,49.1,13.8,35.3,CRITICAL,1,SYNTHETIC EMERGENCY V2X
EMG-EVT-007047,AMB-15,AMBULANCE,2.8,0.87,8,17.7,19.1,3.9,15.2,CRITICAL,1,SYNTHETIC EMERGENCY V2X
EMG-EVT-007048,AMB-08,AMBULANCE,10.0,0.82,20,20.2,53.7,12.9,40.8,CRITICAL,1,SYNTHETIC EMERGENCY V2X
EMG-EVT-007049,AMB-05,AMBULANCE,4.1,0.62,8,39.5,15.8,5.3,10.5,CRITICAL,1,SYNTHETIC EMERGENCY V2X
EMG-EVT-007050,AMB-10,AMBULANCE,5.9,0.37,13,50.3,22.6,7.7,14.9,CRITICAL,1,SYNTHETIC EMERGENCY V2X
EMG-EVT-007051,AMB-13,AMBULANCE,3.2,0.91,8,21.2,18.7,4.3,14.4,CRITICAL,1,SYNTHETIC EMERGENCY V2X
EMG-EVT-007052,POL-03,POLICE,9.9,0.47,17,42.5,34.4,12.5,21.9,CRITICAL,1,SYNTHETIC EMERGENCY V2X
EMG-EVT-007053,AMB-13,AMBULANCE,11.4,0.37,23,54.1,40.2,14.7,25.5,CRITICAL,1,SYNTHETIC EMERGENCY V2X
EMG-EVT-007054,AMB-12,AMBULANCE,12.2,0.32,23,49.6,42.4,15.6,26.8,CRITICAL,1,SYNTHETIC EMERGENCY V2X
EMG-EVT-007055,AMB-14,AMBULANCE,3.2,0.63,6,30.3,13.5,4.1,9.4,CRITICAL,1,SYNTHETIC EMERGENCY V2X
EMG-EVT-007056,POL-08,POLICE,8.5,0.91,17,19.3,46.8,11.0,35.8,CRITICAL,1,SYNTHETIC EMERGENCY V2X
EMG-EVT-007057,AMB-02,AMBULANCE,13.2,0.55,24,43.5,47.0,16.8,30.2,CRITICAL,1,SYNTHETIC EMERGENCY V2X
EMG-EVT-007058,AMB-13,AMBULANCE,3.1,0.44,8,47.5,13.5,4.2,9.3,CRITICAL,1,SYNTHETIC EMERGENCY V2X
EMG-EVT-007059,POL-03,POLICE,14.0,0.31,28,56.2,48.5,18.1,30.4,CRITICAL,1,SYNTHETIC EMERGENCY V2X
EMG-EVT-007060,AMB-15,AMBULANCE,6.5,0.54,12,42.3,23.6,8.3,15.3,CRITICAL,1,SYNTHETIC EMERGENCY V2X
EMG-EVT-007061,FIRE-07,FIRE_TRUCK,10.9,0.59,22,38.9,43.2,14.1,29.1,CRITICAL,1,SYNTHETIC EMERGENCY V2X
EMG-EVT-007062,FIRE-02,FIRE_TRUCK,11.1,0.66,22,33.0,46.6,14.3,32.3,CRITICAL,1,SYNTHETIC EMERGENCY V2X
EMG-EVT-007063,AMB-13,AMBULANCE,14.2,0.4,26,46.8,49.4,18.1,31.3,CRITICAL,1,SYNTHETIC EMERGENCY V2X
EMG-EVT-007064,FIRE-06,FIRE_TRUCK,7.1,0.56,12,38.5,25.5,8.9,16.6,CRITICAL,1,SYNTHETIC EMERGENCY V2X
EMG-EVT-007065,FIRE-05,FIRE_TRUCK,9.4,0.21,19,59.8,32.2,12.2,20.0,CRITICAL,1,SYNTHETIC EMERGENCY V2X
EMG-EVT-007066,FIRE-03,FIRE_TRUCK,6.5,0.23,14,59.9,23.3,8.5,14.8,CRITICAL,1,SYNTHETIC EMERGENCY V2X
EMG-EVT-007067,FIRE-06,FIRE_TRUCK,11.1,0.69,20,35.1,43.0,14.1,28.9,CRITICAL,1,SYNTHETIC EMERGENCY V2X
EMG-EVT-007068,AMB-17,AMBULANCE,2.6,0.88,5,15.6,16.0,3.3,12.7,CRITICAL,1,SYNTHETIC EMERGENCY V2X
EMG-EVT-007069,AMB-09,AMBULANCE,5.0,0.6,9,33.4,19.8,6.4,13.4,CRITICAL,1,SYNTHETIC EMERGENCY V2X
EMG-EVT-007070,AMB-15,AMBULANCE,1.9,0.82,6,26.9,11.4,2.7,8.7,CRITICAL,1,SYNTHETIC EMERGENCY V2X
EMG-EVT-007071,AMB-12,AMBULANCE,12.0,0.86,24,25.3,57.3,15.5,41.8,CRITICAL,1,SYNTHETIC EMERGENCY V2X
EMG-EVT-007072,AMB-14,AMBULANCE,14.8,0.84,27,21.4,73.9,18.8,55.1,CRITICAL,1,SYNTHETIC EMERGENCY V2X
EMG-EVT-007073,AMB-03,AMBULANCE,15.5,0.25,29,57.7,50.9,19.8,31.1,CRITICAL,1,SYNTHETIC EMERGENCY V2X
EMG-EVT-007074,POL-08,POLICE,12.9,0.56,23,35.8,49.2,16.4,32.8,CRITICAL,1,SYNTHETIC EMERGENCY V2X
EMG-EVT-007075,POL-02,POLICE,5.1,0.64,10,29.4,22.4,6.6,15.8,CRITICAL,1,SYNTHETIC EMERGENCY V2X
EMG-EVT-007076,AMB-02,AMBULANCE,10.5,0.31,20,56.3,35.2,13.5,21.7,CRITICAL,1,SYNTHETIC EMERGENCY V2X
EMG-EVT-007077,FIRE-02,FIRE_TRUCK,1.8,0.54,5,37.2,8.9,2.5,6.4,HIGH,1,SYNTHETIC EMERGENCY V2X
EMG-EVT-007078,AMB-20,AMBULANCE,2.0,0.29,5,54.7,8.2,2.7,5.5,CRITICAL,1,SYNTHETIC EMERGENCY V2X
EMG-EVT-007079,AMB-01,AMBULANCE,7.2,0.77,15,26.4,34.4,9.4,25.0,CRITICAL,1,SYNTHETIC EMERGENCY V2X
EMG-EVT-007080,AMB-17,AMBULANCE,7.2,0.5,15,38.7,29.2,9.4,19.8,CRITICAL,1,SYNTHETIC EMERGENCY V2X
EMG-EVT-007081,FIRE-05,FIRE_TRUCK,14.6,0.76,27,26.8,65.1,18.6,46.5,CRITICAL,1,SYNTHETIC EMERGENCY V2X
EMG-EVT-007082,FIRE-01,FIRE_TRUCK,2.7,0.44,6,42.7,11.0,3.5,7.5,HIGH,1,SYNTHETIC EMERGENCY V2X
EMG-EVT-007083,AMB-11,AMBULANCE,15.8,0.3,30,49.6,55.1,20.2,34.9,CRITICAL,1,SYNTHETIC EMERGENCY V2X
EMG-EVT-007084,FIRE-10,FIRE_TRUCK,12.5,0.97,24,17.3,72.2,16.0,56.2,CRITICAL,1,SYNTHETIC EMERGENCY V2X
EMG-EVT-007085,AMB-04,AMBULANCE,10.5,0.54,18,38.1,38.1,13.3,24.8,CRITICAL,1,SYNTHETIC EMERGENCY V2X
EMG-EVT-007086,FIRE-02,FIRE_TRUCK,10.6,0.76,22,25.4,51.4,13.8,37.6,CRITICAL,1,SYNTHETIC EMERGENCY V2X
EMG-EVT-007087,AMB-09,AMBULANCE,9.9,0.94,19,11.8,73.1,12.7,60.4,CRITICAL,1,SYNTHETIC EMERGENCY V2X
EMG-EVT-007088,AMB-08,AMBULANCE,13.6,0.76,27,26.1,63.7,17.5,46.2,CRITICAL,1,SYNTHETIC EMERGENCY V2X
EMG-EVT-007089,AMB-16,AMBULANCE,3.3,0.98,6,12.1,23.6,4.2,19.4,CRITICAL,1,SYNTHETIC EMERGENCY V2X
EMG-EVT-007090,POL-04,POLICE,3.7,0.64,7,37.6,14.3,4.7,9.6,CRITICAL,1,SYNTHETIC EMERGENCY V2X
EMG-EVT-007091,AMB-08,AMBULANCE,9.0,0.5,19,40.5,36.1,11.7,24.4,CRITICAL,1,SYNTHETIC EMERGENCY V2X
EMG-EVT-007092,AMB-02,AMBULANCE,2.5,0.7,7,31.7,13.1,3.4,9.7,CRITICAL,1,SYNTHETIC EMERGENCY V2X
EMG-EVT-007093,POL-06,POLICE,6.8,0.75,15,27.7,32.7,8.9,23.8,CRITICAL,1,SYNTHETIC EMERGENCY V2X
EMG-EVT-007094,AMB-19,AMBULANCE,13.2,0.86,23,22.8,62.3,16.7,45.6,CRITICAL,1,SYNTHETIC EMERGENCY V2X
EMG-EVT-007095,AMB-14,AMBULANCE,6.0,0.73,11,27.1,26.5,7.6,18.9,CRITICAL,1,SYNTHETIC EMERGENCY V2X
EMG-EVT-007096,FIRE-10,FIRE_TRUCK,9.8,0.28,20,52.1,35.3,12.7,22.6,CRITICAL,1,SYNTHETIC EMERGENCY V2X
EMG-EVT-007097,FIRE-10,FIRE_TRUCK,7.1,0.39,15,49.3,26.6,9.2,17.4,CRITICAL,1,SYNTHETIC EMERGENCY V2X
EMG-EVT-007098,AMB-10,AMBULANCE,14.5,0.25,29,58.2,49.7,18.7,31.0,CRITICAL,1,SYNTHETIC EMERGENCY V2X
EMG-EVT-007099,AMB-09,AMBULANCE,6.1,0.64,10,35.0,22.5,7.7,14.8,CRITICAL,1,SYNTHETIC EMERGENCY V2X
EMG-EVT-007100,AMB-05,AMBULANCE,7.3,0.83,15,25.4,35.2,9.5,25.7,CRITICAL,1,SYNTHETIC EMERGENCY V2X
EMG-EVT-007101,AMB-09,AMBULANCE,7.4,0.22,16,56.5,27.1,9.7,17.4,CRITICAL,1,SYNTHETIC EMERGENCY V2X
EMG-EVT-007102,AMB-12,AMBULANCE,8.1,0.47,14,39.4,29.1,10.2,18.9,CRITICAL,1,SYNTHETIC EMERGENCY V2X
EMG-EVT-007103,FIRE-10,FIRE_TRUCK,8.4,0.47,16,43.1,30.9,10.8,20.1,CRITICAL,1,SYNTHETIC EMERGENCY V2X
EMG-EVT-007104,AMB-12,AMBULANCE,15.9,0.25,30,56.4,52.9,20.3,32.6,CRITICAL,1,SYNTHETIC EMERGENCY V2X
EMG-EVT-007105,AMB-03,AMBULANCE,15.7,0.64,30,35.5,62.5,20.1,42.4,CRITICAL,1,SYNTHETIC EMERGENCY V2X
EMG-EVT-007106,FIRE-02,FIRE_TRUCK,8.4,0.66,17,36.6,34.2,10.9,23.3,CRITICAL,1,SYNTHETIC EMERGENCY V2X
EMG-EVT-007107,FIRE-06,FIRE_TRUCK,12.7,0.45,23,43.8,45.0,16.2,28.8,CRITICAL,1,SYNTHETIC EMERGENCY V2X
EMG-EVT-007108,AMB-07,AMBULANCE,14.9,0.5,29,42.3,55.9,19.2,36.7,CRITICAL,1,SYNTHETIC EMERGENCY V2X
EMG-EVT-007109,AMB-04,AMBULANCE,4.7,0.67,11,28.5,23.1,6.2,16.9,CRITICAL,1,SYNTHETIC EMERGENCY V2X
EMG-EVT-007110,POL-02,POLICE,14.1,0.34,28,50.0,50.5,18.2,32.3,CRITICAL,1,SYNTHETIC EMERGENCY V2X
EMG-EVT-007111,AMB-08,AMBULANCE,13.0,0.89,24,16.6,75.8,16.6,59.2,CRITICAL,1,SYNTHETIC EMERGENCY V2X
EMG-EVT-007112,FIRE-06,FIRE_TRUCK,9.8,0.23,17,59.7,30.2,12.4,17.8,CRITICAL,1,SYNTHETIC EMERGENCY V2X
EMG-EVT-007113,AMB-09,AMBULANCE,7.8,0.84,15,20.9,40.4,10.0,30.4,CRITICAL,1,SYNTHETIC EMERGENCY V2X
EMG-EVT-007114,POL-08,POLICE,2.7,0.83,4,24.4,11.4,3.3,8.1,HIGH,1,SYNTHETIC EMERGENCY V2X
EMG-EVT-007115,AMB-02,AMBULANCE,9.0,0.25,18,59.4,30.7,11.6,19.1,CRITICAL,1,SYNTHETIC EMERGENCY V2X
EMG-EVT-007116,AMB-02,AMBULANCE,3.0,0.75,5,25.2,13.1,3.8,9.3,CRITICAL,1,SYNTHETIC EMERGENCY V2X
EMG-EVT-007117,AMB-07,AMBULANCE,2.6,0.48,7,47.1,11.7,3.5,8.2,CRITICAL,1,SYNTHETIC EMERGENCY V2X
EMG-EVT-007118,AMB-09,AMBULANCE,11.2,0.76,23,28.5,51.2,14.5,36.7,CRITICAL,1,SYNTHETIC EMERGENCY V2X
EMG-EVT-007119,AMB-01,AMBULANCE,2.0,0.72,5,31.6,9.8,2.7,7.1,CRITICAL,1,SYNTHETIC EMERGENCY V2X
EMG-EVT-007120,AMB-04,AMBULANCE,12.7,0.84,24,23.2,61.6,16.3,45.3,CRITICAL,1,SYNTHETIC EMERGENCY V2X
EMG-EVT-007121,AMB-02,AMBULANCE,12.4,0.91,24,13.0,86.0,15.9,70.1,CRITICAL,1,SYNTHETIC EMERGENCY V2X
EMG-EVT-007122,POL-05,POLICE,14.4,0.78,27,22.0,71.7,18.4,53.3,CRITICAL,1,SYNTHETIC EMERGENCY V2X
EMG-EVT-007123,FIRE-06,FIRE_TRUCK,10.6,0.6,22,36.0,44.1,13.8,30.3,CRITICAL,1,SYNTHETIC EMERGENCY V2X
EMG-EVT-007124,FIRE-07,FIRE_TRUCK,10.6,0.23,22,63.0,36.5,13.8,22.7,CRITICAL,1,SYNTHETIC EMERGENCY V2X
EMG-EVT-007125,FIRE-09,FIRE_TRUCK,1.6,0.76,5,25.1,9.8,2.2,7.6,HIGH,1,SYNTHETIC EMERGENCY V2X
EMG-EVT-007126,FIRE-02,FIRE_TRUCK,11.8,0.79,24,20.7,63.0,15.3,47.7,CRITICAL,1,SYNTHETIC EMERGENCY V2X
EMG-EVT-007127,AMB-11,AMBULANCE,14.3,0.6,26,33.0,57.2,18.2,39.0,CRITICAL,1,SYNTHETIC EMERGENCY V2X
EMG-EVT-007128,AMB-14,AMBULANCE,10.6,0.31,22,57.1,37.5,13.8,23.7,CRITICAL,1,SYNTHETIC EMERGENCY V2X
EMG-EVT-007129,AMB-20,AMBULANCE,3.0,0.8,7,21.8,16.7,4.0,12.7,CRITICAL,1,SYNTHETIC EMERGENCY V2X
EMG-EVT-007130,AMB-06,AMBULANCE,15.5,0.88,27,20.4,78.0,19.6,58.4,CRITICAL,1,SYNTHETIC EMERGENCY V2X
EMG-EVT-007131,FIRE-09,FIRE_TRUCK,7.1,0.69,15,34.9,30.2,9.2,21.0,CRITICAL,1,SYNTHETIC EMERGENCY V2X
EMG-EVT-007132,POL-02,POLICE,7.8,0.79,14,20.2,40.0,9.9,30.1,CRITICAL,1,SYNTHETIC EMERGENCY V2X
EMG-EVT-007133,POL-10,POLICE,7.6,0.68,16,26.7,36.3,9.9,26.4,CRITICAL,1,SYNTHETIC EMERGENCY V2X
EMG-EVT-007134,AMB-05,AMBULANCE,7.1,0.87,12,16.3,40.5,8.9,31.6,CRITICAL,1,SYNTHETIC EMERGENCY V2X
EMG-EVT-007135,AMB-16,AMBULANCE,13.2,0.61,23,35.0,50.2,16.7,33.5,CRITICAL,1,SYNTHETIC EMERGENCY V2X
EMG-EVT-007136,AMB-17,AMBULANCE,7.9,0.98,17,11.7,60.9,10.3,50.6,CRITICAL,1,SYNTHETIC EMERGENCY V2X
EMG-EVT-007137,AMB-02,AMBULANCE,5.5,0.85,10,18.4,29.9,7.0,22.9,CRITICAL,1,SYNTHETIC EMERGENCY V2X
EMG-EVT-007138,AMB-01,AMBULANCE,7.3,0.65,14,28.5,32.2,9.4,22.8,CRITICAL,1,SYNTHETIC EMERGENCY V2X
EMG-EVT-007139,FIRE-06,FIRE_TRUCK,11.5,0.57,22,36.0,45.6,14.7,30.9,CRITICAL,1,SYNTHETIC EMERGENCY V2X
EMG-EVT-007140,AMB-19,AMBULANCE,1.5,0.97,4,16.3,10.3,2.0,8.3,CRITICAL,1,SYNTHETIC EMERGENCY V2X
EMG-EVT-007141,POL-03,POLICE,14.5,0.51,28,40.8,54.9,18.6,36.3,CRITICAL,1,SYNTHETIC EMERGENCY V2X
EMG-EVT-007142,FIRE-01,FIRE_TRUCK,3.6,0.3,9,54.0,14.8,4.8,10.0,CRITICAL,1,SYNTHETIC EMERGENCY V2X
EMG-EVT-007143,AMB-01,AMBULANCE,4.8,0.51,9,37.1,18.6,6.1,12.5,CRITICAL,1,SYNTHETIC EMERGENCY V2X
EMG-EVT-007144,POL-03,POLICE,6.0,0.6,12,38.9,23.7,7.7,16.0,CRITICAL,1,SYNTHETIC EMERGENCY V2X
EMG-EVT-007145,FIRE-03,FIRE_TRUCK,15.8,0.7,28,31.5,63.7,20.0,43.7,CRITICAL,1,SYNTHETIC EMERGENCY V2X
EMG-EVT-007146,FIRE-05,FIRE_TRUCK,2.2,0.86,3,18.9,10.6,2.7,7.9,HIGH,1,SYNTHETIC EMERGENCY V2X
EMG-EVT-007147,AMB-10,AMBULANCE,12.2,0.77,24,28.9,54.1,15.7,38.4,CRITICAL,1,SYNTHETIC EMERGENCY V2X
EMG-EVT-007148,POL-10,POLICE,9.6,0.63,20,34.1,40.9,12.5,28.4,CRITICAL,1,SYNTHETIC EMERGENCY V2X
EMG-EVT-007149,AMB-01,AMBULANCE,3.5,0.93,6,15.3,20.9,4.4,16.5,CRITICAL,1,SYNTHETIC EMERGENCY V2X
EMG-EVT-007150,FIRE-10,FIRE_TRUCK,9.6,0.71,20,33.5,41.2,12.5,28.7,CRITICAL,1,SYNTHETIC EMERGENCY V2X
EMG-EVT-007151,FIRE-10,FIRE_TRUCK,12.0,0.76,21,26.7,52.2,15.2,37.0,CRITICAL,1,SYNTHETIC EMERGENCY V2X
EMG-EVT-007152,POL-02,POLICE,11.6,0.36,23,49.4,41.7,15.0,26.7,CRITICAL,1,SYNTHETIC EMERGENCY V2X
EMG-EVT-007153,AMB-11,AMBULANCE,2.7,0.8,6,26.8,13.2,3.5,9.7,CRITICAL,1,SYNTHETIC EMERGENCY V2X
EMG-EVT-007154,AMB-13,AMBULANCE,6.6,0.37,12,46.9,22.8,8.4,14.4,CRITICAL,1,SYNTHETIC EMERGENCY V2X
EMG-EVT-007155,AMB-02,AMBULANCE,10.7,0.54,21,43.4,40.0,13.8,26.2,CRITICAL,1,SYNTHETIC EMERGENCY V2X
EMG-EVT-007156,AMB-13,AMBULANCE,4.0,0.49,7,45.0,13.7,5.1,8.6,CRITICAL,1,SYNTHETIC EMERGENCY V2X
EMG-EVT-007157,FIRE-08,FIRE_TRUCK,9.4,0.26,19,59.7,32.2,12.2,20.0,CRITICAL,1,SYNTHETIC EMERGENCY V2X
EMG-EVT-007158,FIRE-02,FIRE_TRUCK,2.7,0.81,5,22.1,13.3,3.4,9.9,CRITICAL,1,SYNTHETIC EMERGENCY V2X
EMG-EVT-007159,AMB-20,AMBULANCE,11.7,0.25,22,57.5,38.6,15.0,23.6,CRITICAL,1,SYNTHETIC EMERGENCY V2X
EMG-EVT-007160,AMB-20,AMBULANCE,10.8,0.46,20,40.5,40.0,13.8,26.2,CRITICAL,1,SYNTHETIC EMERGENCY V2X
EMG-EVT-007161,FIRE-09,FIRE_TRUCK,6.0,0.88,12,22.4,30.5,7.7,22.8,CRITICAL,1,SYNTHETIC EMERGENCY V2X
EMG-EVT-007162,AMB-10,AMBULANCE,4.6,0.8,10,20.2,25.7,6.0,19.7,CRITICAL,1,SYNTHETIC EMERGENCY V2X
EMG-EVT-007163,FIRE-09,FIRE_TRUCK,14.5,0.85,29,22.0,74.3,18.7,55.6,CRITICAL,1,SYNTHETIC EMERGENCY V2X
EMG-EVT-007164,AMB-14,AMBULANCE,8.7,0.81,17,24.2,42.0,11.2,30.8,CRITICAL,1,SYNTHETIC EMERGENCY V2X
EMG-EVT-007165,AMB-06,AMBULANCE,6.2,0.87,11,20.3,31.5,7.9,23.6,CRITICAL,1,SYNTHETIC EMERGENCY V2X
EMG-EVT-007166,AMB-16,AMBULANCE,15.8,0.94,28,11.2,118.2,20.0,98.2,CRITICAL,1,SYNTHETIC EMERGENCY V2X
EMG-EVT-007167,FIRE-02,FIRE_TRUCK,13.6,0.65,24,33.5,53.2,17.2,36.0,CRITICAL,1,SYNTHETIC EMERGENCY V2X
EMG-EVT-007168,AMB-19,AMBULANCE,2.9,0.71,7,28.2,14.6,3.9,10.7,CRITICAL,1,SYNTHETIC EMERGENCY V2X
EMG-EVT-007169,AMB-17,AMBULANCE,9.6,0.75,17,30.9,39.0,12.2,26.8,CRITICAL,1,SYNTHETIC EMERGENCY V2X
EMG-EVT-007170,FIRE-09,FIRE_TRUCK,9.1,0.46,17,48.1,31.8,11.6,20.2,CRITICAL,1,SYNTHETIC EMERGENCY V2X
EMG-EVT-007171,POL-10,POLICE,11.6,0.23,23,54.0,40.5,15.0,25.5,CRITICAL,1,SYNTHETIC EMERGENCY V2X
EMG-EVT-007172,AMB-14,AMBULANCE,6.0,0.73,10,32.1,23.2,7.5,15.7,CRITICAL,1,SYNTHETIC EMERGENCY V2X
EMG-EVT-007173,POL-08,POLICE,6.6,0.82,11,23.7,29.9,8.3,21.6,CRITICAL,1,SYNTHETIC EMERGENCY V2X
EMG-EVT-007174,AMB-14,AMBULANCE,6.3,0.21,11,63.8,19.1,8.0,11.1,CRITICAL,1,SYNTHETIC EMERGENCY V2X
EMG-EVT-007175,POL-08,POLICE,14.9,0.66,28,29.8,63.6,19.1,44.5,CRITICAL,1,SYNTHETIC EMERGENCY V2X
EMG-EVT-007176,AMB-14,AMBULANCE,7.6,0.86,16,23.6,38.5,9.9,28.6,CRITICAL,1,SYNTHETIC EMERGENCY V2X
EMG-EVT-007177,POL-09,POLICE,2.5,0.66,6,34.0,11.6,3.3,8.3,HIGH,1,SYNTHETIC EMERGENCY V2X
EMG-EVT-007178,AMB-03,AMBULANCE,16.0,0.31,30,57.9,52.6,20.5,32.1,CRITICAL,1,SYNTHETIC EMERGENCY V2X
EMG-EVT-007179,AMB-13,AMBULANCE,13.6,0.52,25,37.0,52.1,17.3,34.8,CRITICAL,1,SYNTHETIC EMERGENCY V2X
EMG-EVT-007180,AMB-13,AMBULANCE,15.6,0.32,28,50.2,52.2,19.8,32.4,CRITICAL,1,SYNTHETIC EMERGENCY V2X
EMG-EVT-007181,FIRE-10,FIRE_TRUCK,8.6,0.51,16,36.7,33.3,11.0,22.3,CRITICAL,1,SYNTHETIC EMERGENCY V2X
EMG-EVT-007182,AMB-04,AMBULANCE,8.0,0.48,16,39.3,31.4,10.3,21.1,CRITICAL,1,SYNTHETIC EMERGENCY V2X
EMG-EVT-007183,AMB-13,AMBULANCE,15.5,0.3,29,57.0,51.1,19.8,31.3,CRITICAL,1,SYNTHETIC EMERGENCY V2X
EMG-EVT-007184,AMB-04,AMBULANCE,13.3,0.48,23,41.2,47.0,16.8,30.2,CRITICAL,1,SYNTHETIC EMERGENCY V2X
EMG-EVT-007185,FIRE-01,FIRE_TRUCK,11.9,0.9,21,14.0,76.2,15.1,61.1,CRITICAL,1,SYNTHETIC EMERGENCY V2X
EMG-EVT-007186,FIRE-02,FIRE_TRUCK,1.8,0.22,3,63.4,5.3,2.3,3.0,HIGH,1,SYNTHETIC EMERGENCY V2X
EMG-EVT-007187,AMB-17,AMBULANCE,12.8,0.25,24,61.1,41.4,16.4,25.0,CRITICAL,1,SYNTHETIC EMERGENCY V2X
EMG-EVT-007188,AMB-19,AMBULANCE,2.8,0.84,6,25.2,13.9,3.7,10.2,CRITICAL,1,SYNTHETIC EMERGENCY V2X
EMG-EVT-007189,AMB-11,AMBULANCE,4.8,0.75,10,22.7,24.7,6.2,18.5,CRITICAL,1,SYNTHETIC EMERGENCY V2X
EMG-EVT-007190,AMB-05,AMBULANCE,13.5,0.87,25,19.6,71.3,17.2,54.1,CRITICAL,1,SYNTHETIC EMERGENCY V2X
EMG-EVT-007191,AMB-16,AMBULANCE,3.6,0.97,8,10.1,31.0,4.7,26.3,CRITICAL,1,SYNTHETIC EMERGENCY V2X
EMG-EVT-007192,AMB-03,AMBULANCE,5.1,0.67,12,27.6,25.5,6.8,18.7,CRITICAL,1,SYNTHETIC EMERGENCY V2X
EMG-EVT-007193,AMB-05,AMBULANCE,1.5,0.83,4,20.2,9.3,2.0,7.3,CRITICAL,1,SYNTHETIC EMERGENCY V2X
EMG-EVT-007194,FIRE-08,FIRE_TRUCK,1.6,0.79,2,26.9,6.0,2.0,4.0,HIGH,1,SYNTHETIC EMERGENCY V2X
EMG-EVT-007195,AMB-07,AMBULANCE,15.7,0.82,31,20.6,82.9,20.2,62.7,CRITICAL,1,SYNTHETIC EMERGENCY V2X
EMG-EVT-007196,FIRE-02,FIRE_TRUCK,2.5,0.77,5,21.2,13.1,3.2,9.9,CRITICAL,1,SYNTHETIC EMERGENCY V2X
EMG-EVT-007197,AMB-13,AMBULANCE,7.5,0.73,16,30.8,33.8,9.8,24.0,CRITICAL,1,SYNTHETIC EMERGENCY V2X
EMG-EVT-007198,POL-09,POLICE,2.8,0.38,7,53.1,11.6,3.8,7.8,HIGH,1,SYNTHETIC EMERGENCY V2X
EMG-EVT-007199,AMB-12,AMBULANCE,4.1,0.22,10,54.2,16.5,5.5,11.0,CRITICAL,1,SYNTHETIC EMERGENCY V2X
EMG-EVT-007200,AMB-10,AMBULANCE,15.1,0.45,30,44.4,56.4,19.5,36.9,CRITICAL,1,SYNTHETIC EMERGENCY V2X
EMG-EVT-007201,AMB-20,AMBULANCE,5.8,0.67,13,36.6,25.1,7.6,17.5,CRITICAL,1,SYNTHETIC EMERGENCY V2X
EMG-EVT-007202,FIRE-02,FIRE_TRUCK,3.1,0.4,8,51.4,13.2,4.2,9.0,CRITICAL,1,SYNTHETIC EMERGENCY V2X
EMG-EVT-007203,POL-07,POLICE,6.0,0.5,11,37.7,22.7,7.6,15.1,CRITICAL,1,SYNTHETIC EMERGENCY V2X
EMG-EVT-007204,AMB-16,AMBULANCE,6.8,0.46,13,49.2,23.9,8.7,15.2,CRITICAL,1,SYNTHETIC EMERGENCY V2X
EMG-EVT-007205,AMB-10,AMBULANCE,13.6,0.55,24,36.3,51.3,17.2,34.1,CRITICAL,1,SYNTHETIC EMERGENCY V2X
EMG-EVT-007206,AMB-17,AMBULANCE,8.7,0.45,15,40.8,30.8,11.0,19.8,CRITICAL,1,SYNTHETIC EMERGENCY V2X
EMG-EVT-007207,AMB-05,AMBULANCE,12.4,0.5,24,44.4,45.6,15.9,29.7,CRITICAL,1,SYNTHETIC EMERGENCY V2X
EMG-EVT-007208,AMB-04,AMBULANCE,9.9,0.21,20,62.5,33.5,12.8,20.7,CRITICAL,1,SYNTHETIC EMERGENCY V2X
EMG-EVT-007209,AMB-06,AMBULANCE,15.3,0.87,30,22.6,76.6,19.7,56.9,CRITICAL,1,SYNTHETIC EMERGENCY V2X
EMG-EVT-007210,AMB-19,AMBULANCE,7.8,0.62,17,32.5,34.8,10.2,24.6,CRITICAL,1,SYNTHETIC EMERGENCY V2X
EMG-EVT-007211,AMB-14,AMBULANCE,9.8,0.7,20,28.4,44.7,12.7,32.0,CRITICAL,1,SYNTHETIC EMERGENCY V2X
EMG-EVT-007212,AMB-02,AMBULANCE,8.5,0.32,16,49.7,29.5,10.9,18.6,CRITICAL,1,SYNTHETIC EMERGENCY V2X
EMG-EVT-007213,AMB-10,AMBULANCE,15.6,0.48,31,46.3,57.4,20.1,37.3,CRITICAL,1,SYNTHETIC EMERGENCY V2X
EMG-EVT-007214,FIRE-02,FIRE_TRUCK,10.2,0.86,19,20.5,52.7,13.0,39.7,CRITICAL,1,SYNTHETIC EMERGENCY V2X
EMG-EVT-007215,AMB-07,AMBULANCE,5.6,0.58,13,39.1,24.2,7.4,16.8,CRITICAL,1,SYNTHETIC EMERGENCY V2X
EMG-EVT-007216,AMB-04,AMBULANCE,14.1,0.29,27,57.2,47.2,18.1,29.1,CRITICAL,1,SYNTHETIC EMERGENCY V2X
EMG-EVT-007217,POL-01,POLICE,15.8,0.42,30,46.1,56.6,20.2,36.4,CRITICAL,1,SYNTHETIC EMERGENCY V2X
EMG-EVT-007218,AMB-01,AMBULANCE,9.2,0.23,16,60.2,28.4,11.6,16.8,CRITICAL,1,SYNTHETIC EMERGENCY V2X
EMG-EVT-007219,AMB-08,AMBULANCE,11.3,0.68,22,31.7,47.8,14.5,33.3,CRITICAL,1,SYNTHETIC EMERGENCY V2X
EMG-EVT-007220,AMB-14,AMBULANCE,5.5,0.73,9,27.9,22.6,6.9,15.7,CRITICAL,1,SYNTHETIC EMERGENCY V2X
EMG-EVT-007221,AMB-01,AMBULANCE,2.3,0.46,7,41.6,11.7,3.2,8.5,CRITICAL,1,SYNTHETIC EMERGENCY V2X
EMG-EVT-007222,AMB-14,AMBULANCE,7.7,0.9,13,20.8,37.8,9.7,28.1,CRITICAL,1,SYNTHETIC EMERGENCY V2X
EMG-EVT-007223,FIRE-04,FIRE_TRUCK,9.5,0.71,20,28.6,43.9,12.4,31.5,CRITICAL,1,SYNTHETIC EMERGENCY V2X
EMG-EVT-007224,AMB-08,AMBULANCE,6.3,0.9,11,20.8,31.4,8.0,23.4,CRITICAL,1,SYNTHETIC EMERGENCY V2X
EMG-EVT-007225,AMB-03,AMBULANCE,2.9,0.97,5,16.0,16.9,3.7,13.2,CRITICAL,1,SYNTHETIC EMERGENCY V2X
EMG-EVT-007226,POL-01,POLICE,1.7,0.3,4,57.6,6.6,2.3,4.3,HIGH,1,SYNTHETIC EMERGENCY V2X
EMG-EVT-007227,FIRE-03,FIRE_TRUCK,7.6,0.22,16,55.2,27.5,9.9,17.6,CRITICAL,1,SYNTHETIC EMERGENCY V2X
EMG-EVT-007228,AMB-17,AMBULANCE,8.5,0.27,16,60.0,27.7,10.9,16.8,CRITICAL,1,SYNTHETIC EMERGENCY V2X
EMG-EVT-007229,AMB-02,AMBULANCE,12.0,0.56,23,33.7,49.0,15.4,33.6,CRITICAL,1,SYNTHETIC EMERGENCY V2X
EMG-EVT-007230,POL-08,POLICE,13.5,0.37,27,50.0,48.6,17.4,31.2,CRITICAL,1,SYNTHETIC EMERGENCY V2X
EMG-EVT-007231,AMB-14,AMBULANCE,10.0,0.76,18,24.7,45.9,12.7,33.2,CRITICAL,1,SYNTHETIC EMERGENCY V2X
EMG-EVT-007232,FIRE-05,FIRE_TRUCK,2.8,0.94,6,11.0,22.5,3.7,18.8,CRITICAL,1,SYNTHETIC EMERGENCY V2X
EMG-EVT-007233,AMB-16,AMBULANCE,15.1,0.3,28,53.7,50.5,19.3,31.2,CRITICAL,1,SYNTHETIC EMERGENCY V2X
EMG-EVT-007234,AMB-20,AMBULANCE,11.3,0.95,23,11.0,89.2,14.6,74.6,CRITICAL,1,SYNTHETIC EMERGENCY V2X
EMG-EVT-007235,FIRE-08,FIRE_TRUCK,9.2,0.57,19,33.0,39.5,11.9,27.6,CRITICAL,1,SYNTHETIC EMERGENCY V2X
EMG-EVT-007236,AMB-09,AMBULANCE,5.2,0.52,10,45.6,18.8,6.7,12.1,CRITICAL,1,SYNTHETIC EMERGENCY V2X
EMG-EVT-007237,AMB-06,AMBULANCE,2.8,0.59,8,40.4,13.8,3.9,9.9,CRITICAL,1,SYNTHETIC EMERGENCY V2X
EMG-EVT-007238,AMB-04,AMBULANCE,3.3,0.54,7,44.3,12.9,4.3,8.6,CRITICAL,1,SYNTHETIC EMERGENCY V2X
EMG-EVT-007239,AMB-15,AMBULANCE,4.9,0.63,10,38.0,19.7,6.3,13.4,CRITICAL,1,SYNTHETIC EMERGENCY V2X
EMG-EVT-007240,AMB-12,AMBULANCE,4.3,0.64,8,32.3,17.6,5.5,12.1,CRITICAL,1,SYNTHETIC EMERGENCY V2X
EMG-EVT-007241,POL-09,POLICE,5.9,0.48,11,46.3,20.8,7.5,13.3,CRITICAL,1,SYNTHETIC EMERGENCY V2X
EMG-EVT-007242,AMB-19,AMBULANCE,6.8,0.84,14,25.3,32.9,8.8,24.1,CRITICAL,1,SYNTHETIC EMERGENCY V2X
EMG-EVT-007243,FIRE-04,FIRE_TRUCK,4.8,0.32,10,50.0,17.8,6.2,11.6,CRITICAL,1,SYNTHETIC EMERGENCY V2X
EMG-EVT-007244,AMB-07,AMBULANCE,8.2,0.63,14,32.1,32.1,10.3,21.8,CRITICAL,1,SYNTHETIC EMERGENCY V2X
EMG-EVT-007245,AMB-20,AMBULANCE,6.1,0.88,13,24.0,30.8,8.0,22.8,CRITICAL,1,SYNTHETIC EMERGENCY V2X
EMG-EVT-007246,AMB-01,AMBULANCE,3.9,0.86,7,21.0,19.5,5.0,14.5,CRITICAL,1,SYNTHETIC EMERGENCY V2X
EMG-EVT-007247,FIRE-07,FIRE_TRUCK,1.8,0.47,4,47.6,7.1,2.4,4.7,HIGH,1,SYNTHETIC EMERGENCY V2X
EMG-EVT-007248,AMB-15,AMBULANCE,9.1,0.88,16,20.6,45.7,11.5,34.2,CRITICAL,1,SYNTHETIC EMERGENCY V2X
EMG-EVT-007249,AMB-07,AMBULANCE,9.1,0.63,18,35.5,37.0,11.7,25.3,CRITICAL,1,SYNTHETIC EMERGENCY V2X
EMG-EVT-007250,AMB-09,AMBULANCE,2.6,0.33,4,50.8,7.9,3.2,4.7,CRITICAL,1,SYNTHETIC EMERGENCY V2X
EMG-EVT-007251,AMB-05,AMBULANCE,4.2,0.79,9,28.9,19.5,5.5,14.0,CRITICAL,1,SYNTHETIC EMERGENCY V2X
EMG-EVT-007252,FIRE-05,FIRE_TRUCK,11.5,0.25,23,59.1,39.3,14.8,24.5,CRITICAL,1,SYNTHETIC EMERGENCY V2X
EMG-EVT-007253,AMB-11,AMBULANCE,15.9,0.55,30,42.4,58.5,20.3,38.2,CRITICAL,1,SYNTHETIC EMERGENCY V2X
EMG-EVT-007254,AMB-09,AMBULANCE,5.3,0.64,9,34.2,20.1,6.7,13.4,CRITICAL,1,SYNTHETIC EMERGENCY V2X
EMG-EVT-007255,FIRE-01,FIRE_TRUCK,12.5,0.24,25,61.5,42.2,16.1,26.1,CRITICAL,1,SYNTHETIC EMERGENCY V2X
EMG-EVT-007256,AMB-20,AMBULANCE,2.2,0.62,5,38.1,9.5,2.9,6.6,CRITICAL,1,SYNTHETIC EMERGENCY V2X
EMG-EVT-007257,AMB-14,AMBULANCE,6.1,0.8,10,21.8,28.8,7.7,21.1,CRITICAL,1,SYNTHETIC EMERGENCY V2X
EMG-EVT-007258,AMB-05,AMBULANCE,12.2,0.95,24,16.0,74.5,15.7,58.8,CRITICAL,1,SYNTHETIC EMERGENCY V2X
EMG-EVT-007259,AMB-14,AMBULANCE,13.6,0.45,25,47.1,47.3,17.3,30.0,CRITICAL,1,SYNTHETIC EMERGENCY V2X
EMG-EVT-007260,AMB-05,AMBULANCE,9.9,0.86,20,22.1,50.9,12.8,38.1,CRITICAL,1,SYNTHETIC EMERGENCY V2X
EMG-EVT-007261,POL-01,POLICE,12.4,0.54,23,43.7,44.6,15.8,28.8,CRITICAL,1,SYNTHETIC EMERGENCY V2X
EMG-EVT-007262,AMB-16,AMBULANCE,14.0,0.95,28,18.8,78.3,18.1,60.2,CRITICAL,1,SYNTHETIC EMERGENCY V2X
EMG-EVT-007263,AMB-16,AMBULANCE,2.3,0.33,5,47.8,8.9,3.0,5.9,CRITICAL,1,SYNTHETIC EMERGENCY V2X
EMG-EVT-007264,AMB-10,AMBULANCE,3.3,0.69,6,31.0,13.6,4.2,9.4,CRITICAL,1,SYNTHETIC EMERGENCY V2X
EMG-EVT-007265,FIRE-09,FIRE_TRUCK,13.2,0.29,25,53.3,44.9,16.9,28.0,CRITICAL,1,SYNTHETIC EMERGENCY V2X
EMG-EVT-007266,AMB-17,AMBULANCE,1.9,0.31,6,58.4,9.2,2.7,6.5,CRITICAL,1,SYNTHETIC EMERGENCY V2X
EMG-EVT-007267,AMB-07,AMBULANCE,13.3,0.71,24,26.0,59.5,16.9,42.6,CRITICAL,1,SYNTHETIC EMERGENCY V2X
EMG-EVT-007268,FIRE-07,FIRE_TRUCK,14.0,0.53,27,35.8,55.9,18.0,37.9,CRITICAL,1,SYNTHETIC EMERGENCY V2X
EMG-EVT-007269,AMB-09,AMBULANCE,7.4,0.67,16,34.4,32.1,9.7,22.4,CRITICAL,1,SYNTHETIC EMERGENCY V2X
EMG-EVT-007270,AMB-04,AMBULANCE,10.5,0.73,18,24.1,47.7,13.3,34.4,CRITICAL,1,SYNTHETIC EMERGENCY V2X
EMG-EVT-007271,AMB-10,AMBULANCE,15.0,0.26,28,52.8,50.6,19.2,31.4,CRITICAL,1,SYNTHETIC EMERGENCY V2X
EMG-EVT-007272,FIRE-04,FIRE_TRUCK,7.8,0.92,16,21.0,41.5,10.1,31.4,CRITICAL,1,SYNTHETIC EMERGENCY V2X
EMG-EVT-007273,AMB-16,AMBULANCE,7.5,0.39,14,45.0,26.8,9.6,17.2,CRITICAL,1,SYNTHETIC EMERGENCY V2X
EMG-EVT-007274,AMB-07,AMBULANCE,13.5,0.93,26,17.7,77.0,17.3,59.7,CRITICAL,1,SYNTHETIC EMERGENCY V2X
EMG-EVT-007275,AMB-20,AMBULANCE,12.7,0.69,23,32.1,51.3,16.2,35.1,CRITICAL,1,SYNTHETIC EMERGENCY V2X
EMG-EVT-007276,FIRE-04,FIRE_TRUCK,9.4,0.89,18,16.7,55.4,12.1,43.3,CRITICAL,1,SYNTHETIC EMERGENCY V2X
EMG-EVT-007277,FIRE-03,FIRE_TRUCK,5.1,0.65,9,37.6,18.9,6.5,12.4,CRITICAL,1,SYNTHETIC EMERGENCY V2X
EMG-EVT-007278,AMB-15,AMBULANCE,8.6,0.83,18,18.4,49.6,11.2,38.4,CRITICAL,1,SYNTHETIC EMERGENCY V2X
EMG-EVT-007279,AMB-07,AMBULANCE,3.1,0.57,5,42.5,10.4,3.9,6.5,CRITICAL,1,SYNTHETIC EMERGENCY V2X
EMG-EVT-007280,FIRE-06,FIRE_TRUCK,8.7,0.35,17,47.0,31.5,11.2,20.3,CRITICAL,1,SYNTHETIC EMERGENCY V2X
EMG-EVT-007281,AMB-19,AMBULANCE,12.1,0.29,23,51.5,41.7,15.5,26.2,CRITICAL,1,SYNTHETIC EMERGENCY V2X
EMG-EVT-007282,FIRE-07,FIRE_TRUCK,14.7,0.95,29,12.0,108.3,18.9,89.4,CRITICAL,1,SYNTHETIC EMERGENCY V2X
EMG-EVT-007283,AMB-07,AMBULANCE,3.2,0.6,8,37.2,14.8,4.3,10.5,CRITICAL,1,SYNTHETIC EMERGENCY V2X
EMG-EVT-007284,AMB-20,AMBULANCE,14.5,0.49,28,47.1,52.1,18.6,33.5,CRITICAL,1,SYNTHETIC EMERGENCY V2X
EMG-EVT-007285,AMB-09,AMBULANCE,9.9,0.33,18,52.9,32.8,12.6,20.2,CRITICAL,1,SYNTHETIC EMERGENCY V2X
EMG-EVT-007286,FIRE-03,FIRE_TRUCK,15.2,0.51,29,44.4,55.3,19.5,35.8,CRITICAL,1,SYNTHETIC EMERGENCY V2X
EMG-EVT-007287,FIRE-10,FIRE_TRUCK,10.9,0.27,19,55.8,34.5,13.8,20.7,CRITICAL,1,SYNTHETIC EMERGENCY V2X
EMG-EVT-007288,AMB-04,AMBULANCE,6.7,0.83,14,18.7,38.3,8.7,29.6,CRITICAL,1,SYNTHETIC EMERGENCY V2X
EMG-EVT-007289,POL-04,POLICE,9.0,0.78,16,29.3,37.6,11.4,26.2,CRITICAL,1,SYNTHETIC EMERGENCY V2X
EMG-EVT-007290,POL-03,POLICE,12.0,0.32,24,50.1,43.2,15.5,27.7,CRITICAL,1,SYNTHETIC EMERGENCY V2X
EMG-EVT-007291,AMB-15,AMBULANCE,4.0,0.79,8,19.7,21.8,5.2,16.6,CRITICAL,1,SYNTHETIC EMERGENCY V2X
EMG-EVT-007292,AMB-05,AMBULANCE,5.6,0.86,11,21.8,28.6,7.2,21.4,CRITICAL,1,SYNTHETIC EMERGENCY V2X
EMG-EVT-007293,AMB-09,AMBULANCE,15.2,0.63,27,38.7,56.0,19.3,36.7,CRITICAL,1,SYNTHETIC EMERGENCY V2X
EMG-EVT-007294,AMB-16,AMBULANCE,14.8,0.64,27,32.7,59.6,18.8,40.8,CRITICAL,1,SYNTHETIC EMERGENCY V2X
EMG-EVT-007295,FIRE-07,FIRE_TRUCK,4.8,0.38,11,49.2,19.1,6.3,12.8,CRITICAL,1,SYNTHETIC EMERGENCY V2X
EMG-EVT-007296,AMB-01,AMBULANCE,9.4,0.82,19,18.9,52.6,12.2,40.4,CRITICAL,1,SYNTHETIC EMERGENCY V2X
EMG-EVT-007297,FIRE-07,FIRE_TRUCK,8.5,0.87,15,21.5,41.7,10.8,30.9,CRITICAL,1,SYNTHETIC EMERGENCY V2X
EMG-EVT-007298,AMB-04,AMBULANCE,12.9,0.55,23,36.3,48.9,16.4,32.5,CRITICAL,1,SYNTHETIC EMERGENCY V2X
EMG-EVT-007299,AMB-18,AMBULANCE,3.1,0.27,5,53.1,9.5,3.9,5.6,CRITICAL,1,SYNTHETIC EMERGENCY V2X
EMG-EVT-007300,AMB-16,AMBULANCE,7.5,0.66,14,28.8,32.4,9.6,22.8,CRITICAL,1,SYNTHETIC EMERGENCY V2X
EMG-EVT-007301,AMB-10,AMBULANCE,14.9,0.4,26,43.9,51.6,18.9,32.7,CRITICAL,1,SYNTHETIC EMERGENCY V2X
EMG-EVT-007302,AMB-17,AMBULANCE,3.7,0.91,9,16.2,24.5,4.9,19.6,CRITICAL,1,SYNTHETIC EMERGENCY V2X
EMG-EVT-007303,AMB-04,AMBULANCE,2.7,0.44,4,47.3,8.2,3.3,4.9,CRITICAL,1,SYNTHETIC EMERGENCY V2X
EMG-EVT-007304,FIRE-05,FIRE_TRUCK,4.4,0.63,8,37.9,16.6,5.6,11.0,CRITICAL,1,SYNTHETIC EMERGENCY V2X
EMG-EVT-007305,FIRE-03,FIRE_TRUCK,14.1,0.84,26,18.5,76.9,18.0,58.9,CRITICAL,1,SYNTHETIC EMERGENCY V2X
EMG-EVT-007306,AMB-04,AMBULANCE,14.6,0.53,26,42.8,51.7,18.5,33.2,CRITICAL,1,SYNTHETIC EMERGENCY V2X
EMG-EVT-007307,AMB-17,AMBULANCE,3.4,0.25,9,57.2,14.4,4.6,9.8,CRITICAL,1,SYNTHETIC EMERGENCY V2X
EMG-EVT-007308,FIRE-10,FIRE_TRUCK,3.7,0.76,6,27.2,15.4,4.6,10.8,CRITICAL,1,SYNTHETIC EMERGENCY V2X
EMG-EVT-007309,FIRE-05,FIRE_TRUCK,12.2,0.47,24,47.3,44.3,15.7,28.6,CRITICAL,1,SYNTHETIC EMERGENCY V2X
EMG-EVT-007310,AMB-16,AMBULANCE,8.1,0.71,17,25.9,39.2,10.5,28.7,CRITICAL,1,SYNTHETIC EMERGENCY V2X
EMG-EVT-007311,AMB-08,AMBULANCE,5.7,0.28,13,58.1,21.5,7.5,14.0,CRITICAL,1,SYNTHETIC EMERGENCY V2X
EMG-EVT-007312,AMB-09,AMBULANCE,2.1,0.48,4,40.4,7.9,2.7,5.2,CRITICAL,1,SYNTHETIC EMERGENCY V2X
EMG-EVT-007313,FIRE-08,FIRE_TRUCK,4.1,0.41,7,46.9,13.6,5.2,8.4,CRITICAL,1,SYNTHETIC EMERGENCY V2X
EMG-EVT-007314,AMB-03,AMBULANCE,2.5,0.21,6,62.1,9.6,3.3,6.3,CRITICAL,1,SYNTHETIC EMERGENCY V2X
EMG-EVT-007315,POL-08,POLICE,4.7,0.61,8,35.0,17.7,5.9,11.8,CRITICAL,1,SYNTHETIC EMERGENCY V2X
EMG-EVT-007316,AMB-17,AMBULANCE,5.9,0.41,13,51.8,22.4,7.7,14.7,CRITICAL,1,SYNTHETIC EMERGENCY V2X
EMG-EVT-007317,AMB-12,AMBULANCE,12.2,0.64,21,37.3,44.8,15.4,29.4,CRITICAL,1,SYNTHETIC EMERGENCY V2X
EMG-EVT-007318,AMB-10,AMBULANCE,3.5,0.68,9,33.2,17.1,4.7,12.4,CRITICAL,1,SYNTHETIC EMERGENCY V2X
EMG-EVT-007319,AMB-06,AMBULANCE,10.1,0.92,21,16.1,62.8,13.1,49.7,CRITICAL,1,SYNTHETIC EMERGENCY V2X
EMG-EVT-007320,AMB-09,AMBULANCE,4.1,0.5,7,37.3,15.0,5.2,9.8,CRITICAL,1,SYNTHETIC EMERGENCY V2X
EMG-EVT-007321,AMB-03,AMBULANCE,10.3,0.78,21,23.2,51.8,13.3,38.5,CRITICAL,1,SYNTHETIC EMERGENCY V2X
EMG-EVT-007322,AMB-05,AMBULANCE,10.9,0.49,19,42.4,38.2,13.8,24.4,CRITICAL,1,SYNTHETIC EMERGENCY V2X
EMG-EVT-007323,AMB-04,AMBULANCE,9.4,0.94,18,18.3,52.4,12.1,40.3,CRITICAL,1,SYNTHETIC EMERGENCY V2X
EMG-EVT-007324,AMB-07,AMBULANCE,12.5,0.24,25,58.3,42.9,16.1,26.8,CRITICAL,1,SYNTHETIC EMERGENCY V2X
EMG-EVT-007325,AMB-04,AMBULANCE,15.8,0.44,29,45.9,55.5,20.1,35.4,CRITICAL,1,SYNTHETIC EMERGENCY V2X
EMG-EVT-007326,AMB-18,AMBULANCE,4.8,0.68,8,30.2,19.1,6.0,13.1,CRITICAL,1,SYNTHETIC EMERGENCY V2X
EMG-EVT-007327,AMB-04,AMBULANCE,4.8,0.8,9,24.3,22.7,6.1,16.6,CRITICAL,1,SYNTHETIC EMERGENCY V2X
EMG-EVT-007328,AMB-13,AMBULANCE,8.3,0.42,15,50.7,27.8,10.6,17.2,CRITICAL,1,SYNTHETIC EMERGENCY V2X
EMG-EVT-007329,FIRE-10,FIRE_TRUCK,4.9,0.79,11,21.4,26.9,6.4,20.5,CRITICAL,1,SYNTHETIC EMERGENCY V2X
EMG-EVT-007330,AMB-20,AMBULANCE,12.4,0.68,25,27.6,57.0,16.0,41.0,CRITICAL,1,SYNTHETIC EMERGENCY V2X
EMG-EVT-007331,POL-03,POLICE,12.4,0.46,24,40.1,47.4,15.9,31.5,CRITICAL,1,SYNTHETIC EMERGENCY V2X
EMG-EVT-007332,AMB-17,AMBULANCE,1.8,0.63,5,37.3,8.9,2.5,6.4,CRITICAL,1,SYNTHETIC EMERGENCY V2X
EMG-EVT-007333,AMB-08,AMBULANCE,9.5,0.35,17,50.9,31.6,12.1,19.5,CRITICAL,1,SYNTHETIC EMERGENCY V2X
EMG-EVT-007334,AMB-15,AMBULANCE,14.0,0.37,27,49.3,49.4,18.0,31.4,CRITICAL,1,SYNTHETIC EMERGENCY V2X
EMG-EVT-007335,AMB-13,AMBULANCE,4.3,0.32,10,50.0,17.2,5.7,11.5,CRITICAL,1,SYNTHETIC EMERGENCY V2X
EMG-EVT-007336,FIRE-05,FIRE_TRUCK,4.5,0.9,8,16.4,26.1,5.7,20.4,CRITICAL,1,SYNTHETIC EMERGENCY V2X
EMG-EVT-007337,POL-01,POLICE,15.1,0.88,28,20.6,77.6,19.3,58.3,CRITICAL,1,SYNTHETIC EMERGENCY V2X
EMG-EVT-007338,AMB-09,AMBULANCE,14.6,0.66,27,36.0,56.7,18.6,38.1,CRITICAL,1,SYNTHETIC EMERGENCY V2X
EMG-EVT-007339,AMB-17,AMBULANCE,7.7,0.58,14,33.1,30.8,9.8,21.0,CRITICAL,1,SYNTHETIC EMERGENCY V2X
EMG-EVT-007340,AMB-03,AMBULANCE,4.4,0.81,8,27.6,19.2,5.6,13.6,CRITICAL,1,SYNTHETIC EMERGENCY V2X
EMG-EVT-007341,AMB-11,AMBULANCE,5.4,0.3,9,56.2,16.6,6.8,9.8,CRITICAL,1,SYNTHETIC EMERGENCY V2X
EMG-EVT-007342,AMB-07,AMBULANCE,4.1,0.38,10,46.1,17.3,5.5,11.8,CRITICAL,1,SYNTHETIC EMERGENCY V2X
EMG-EVT-007343,AMB-03,AMBULANCE,7.9,0.67,14,27.9,33.8,10.0,23.8,CRITICAL,1,SYNTHETIC EMERGENCY V2X
EMG-EVT-007344,FIRE-01,FIRE_TRUCK,2.2,0.76,3,22.4,9.5,2.7,6.8,HIGH,1,SYNTHETIC EMERGENCY V2X
EMG-EVT-007345,AMB-20,AMBULANCE,12.0,0.62,24,35.7,49.0,15.5,33.5,CRITICAL,1,SYNTHETIC EMERGENCY V2X
EMG-EVT-007346,AMB-20,AMBULANCE,10.3,0.77,18,23.1,48.4,13.0,35.4,CRITICAL,1,SYNTHETIC EMERGENCY V2X
EMG-EVT-007347,AMB-15,AMBULANCE,9.3,0.61,19,35.9,38.3,12.0,26.3,CRITICAL,1,SYNTHETIC EMERGENCY V2X
EMG-EVT-007348,AMB-20,AMBULANCE,3.8,0.7,9,32.7,17.8,5.0,12.8,CRITICAL,1,SYNTHETIC EMERGENCY V2X
EMG-EVT-007349,POL-10,POLICE,2.9,0.76,6,27.2,13.6,3.8,9.8,CRITICAL,1,SYNTHETIC EMERGENCY V2X
EMG-EVT-007350,AMB-20,AMBULANCE,15.5,0.4,27,48.5,51.6,19.6,32.0,CRITICAL,1,SYNTHETIC EMERGENCY V2X
EMG-EVT-007351,AMB-10,AMBULANCE,12.8,0.86,23,21.4,63.5,16.3,47.2,CRITICAL,1,SYNTHETIC EMERGENCY V2X
EMG-EVT-007352,FIRE-02,FIRE_TRUCK,7.3,0.5,16,37.2,31.0,9.6,21.4,CRITICAL,1,SYNTHETIC EMERGENCY V2X
EMG-EVT-007353,AMB-12,AMBULANCE,2.2,0.62,3,38.5,7.0,2.7,4.3,CRITICAL,1,SYNTHETIC EMERGENCY V2X
EMG-EVT-007354,AMB-14,AMBULANCE,10.8,0.55,20,42.4,39.3,13.8,25.5,CRITICAL,1,SYNTHETIC EMERGENCY V2X
EMG-EVT-007355,AMB-16,AMBULANCE,12.2,0.38,23,46.6,43.3,15.6,27.7,CRITICAL,1,SYNTHETIC EMERGENCY V2X
EMG-EVT-007356,POL-03,POLICE,8.5,0.28,16,54.2,28.6,10.9,17.7,CRITICAL,1,SYNTHETIC EMERGENCY V2X
EMG-EVT-007357,AMB-10,AMBULANCE,4.6,0.24,10,53.2,17.2,6.0,11.2,CRITICAL,1,SYNTHETIC EMERGENCY V2X
EMG-EVT-007358,AMB-06,AMBULANCE,4.2,0.48,7,46.6,13.8,5.3,8.5,CRITICAL,1,SYNTHETIC EMERGENCY V2X
EMG-EVT-007359,AMB-07,AMBULANCE,3.5,0.96,9,13.2,26.7,4.7,22.0,CRITICAL,1,SYNTHETIC EMERGENCY V2X
EMG-EVT-007360,AMB-14,AMBULANCE,11.0,0.9,21,20.2,57.9,14.1,43.8,CRITICAL,1,SYNTHETIC EMERGENCY V2X
EMG-EVT-007361,POL-07,POLICE,6.6,0.8,14,28.7,30.6,8.6,22.0,CRITICAL,1,SYNTHETIC EMERGENCY V2X
EMG-EVT-007362,POL-01,POLICE,8.6,0.3,16,52.4,29.0,11.0,18.0,CRITICAL,1,SYNTHETIC EMERGENCY V2X
EMG-EVT-007363,FIRE-07,FIRE_TRUCK,2.9,0.88,8,15.7,20.7,4.0,16.7,CRITICAL,1,SYNTHETIC EMERGENCY V2X
EMG-EVT-007364,FIRE-09,FIRE_TRUCK,10.5,0.69,20,34.2,42.4,13.5,28.9,CRITICAL,1,SYNTHETIC EMERGENCY V2X
EMG-EVT-007365,AMB-08,AMBULANCE,1.6,0.52,4,43.8,7.0,2.1,4.9,CRITICAL,1,SYNTHETIC EMERGENCY V2X
EMG-EVT-007366,AMB-09,AMBULANCE,9.9,0.28,20,51.2,35.6,12.8,22.8,CRITICAL,1,SYNTHETIC EMERGENCY V2X
EMG-EVT-007367,AMB-04,AMBULANCE,14.1,0.86,25,18.1,76.7,17.9,58.8,CRITICAL,1,SYNTHETIC EMERGENCY V2X
EMG-EVT-007368,AMB-06,AMBULANCE,15.5,0.46,30,42.3,58.0,19.9,38.1,CRITICAL,1,SYNTHETIC EMERGENCY V2X
EMG-EVT-007369,AMB-07,AMBULANCE,4.2,0.64,7,31.3,16.5,5.3,11.2,CRITICAL,1,SYNTHETIC EMERGENCY V2X
EMG-EVT-007370,FIRE-04,FIRE_TRUCK,15.9,0.74,29,26.2,71.2,20.2,51.0,CRITICAL,1,SYNTHETIC EMERGENCY V2X
EMG-EVT-007371,FIRE-03,FIRE_TRUCK,13.4,0.39,25,51.8,45.5,17.1,28.4,CRITICAL,1,SYNTHETIC EMERGENCY V2X
EMG-EVT-007372,AMB-05,AMBULANCE,1.8,0.3,5,49.9,8.2,2.5,5.7,CRITICAL,1,SYNTHETIC EMERGENCY V2X
EMG-EVT-007373,FIRE-04,FIRE_TRUCK,11.0,0.44,19,49.0,36.3,13.9,22.4,CRITICAL,1,SYNTHETIC EMERGENCY V2X
EMG-EVT-007374,AMB-10,AMBULANCE,15.9,0.39,31,44.9,58.4,20.4,38.0,CRITICAL,1,SYNTHETIC EMERGENCY V2X
EMG-EVT-007375,AMB-03,AMBULANCE,15.2,0.83,29,19.0,82.8,19.5,63.3,CRITICAL,1,SYNTHETIC EMERGENCY V2X
EMG-EVT-007376,AMB-03,AMBULANCE,3.0,0.44,7,42.4,12.6,4.0,8.6,CRITICAL,1,SYNTHETIC EMERGENCY V2X
EMG-EVT-007377,AMB-06,AMBULANCE,8.0,0.22,15,58.7,26.2,10.2,16.0,CRITICAL,1,SYNTHETIC EMERGENCY V2X
EMG-EVT-007378,AMB-02,AMBULANCE,9.5,0.82,20,22.0,49.9,12.4,37.5,CRITICAL,1,SYNTHETIC EMERGENCY V2X
EMG-EVT-007379,AMB-18,AMBULANCE,4.5,0.67,8,31.7,18.1,5.7,12.4,CRITICAL,1,SYNTHETIC EMERGENCY V2X
EMG-EVT-007380,AMB-20,AMBULANCE,15.2,0.97,28,11.4,113.6,19.4,94.2,CRITICAL,1,SYNTHETIC EMERGENCY V2X
EMG-EVT-007381,AMB-16,AMBULANCE,13.0,0.39,24,49.9,44.4,16.6,27.8,CRITICAL,1,SYNTHETIC EMERGENCY V2X
EMG-EVT-007382,AMB-12,AMBULANCE,6.4,0.42,13,45.6,24.0,8.3,15.7,CRITICAL,1,SYNTHETIC EMERGENCY V2X
EMG-EVT-007383,AMB-07,AMBULANCE,7.3,0.8,14,22.5,36.3,9.4,26.9,CRITICAL,1,SYNTHETIC EMERGENCY V2X
EMG-EVT-007384,AMB-19,AMBULANCE,5.6,0.83,12,18.7,32.4,7.3,25.1,CRITICAL,1,SYNTHETIC EMERGENCY V2X
EMG-EVT-007385,FIRE-04,FIRE_TRUCK,7.9,0.5,14,44.6,27.4,10.0,17.4,CRITICAL,1,SYNTHETIC EMERGENCY V2X
EMG-EVT-007386,FIRE-09,FIRE_TRUCK,6.0,0.27,10,56.3,18.4,7.5,10.9,CRITICAL,1,SYNTHETIC EMERGENCY V2X
EMG-EVT-007387,AMB-12,AMBULANCE,13.0,0.8,24,23.3,62.3,16.6,45.7,CRITICAL,1,SYNTHETIC EMERGENCY V2X
EMG-EVT-007388,AMB-05,AMBULANCE,3.5,0.67,8,36.5,15.4,4.6,10.8,CRITICAL,1,SYNTHETIC EMERGENCY V2X
EMG-EVT-007389,AMB-04,AMBULANCE,7.1,0.63,15,37.4,29.4,9.2,20.2,CRITICAL,1,SYNTHETIC EMERGENCY V2X
EMG-EVT-007390,AMB-16,AMBULANCE,5.4,0.75,12,30.4,25.1,7.1,18.0,CRITICAL,1,SYNTHETIC EMERGENCY V2X
EMG-EVT-007391,AMB-18,AMBULANCE,1.8,0.97,6,12.9,15.6,2.6,13.0,CRITICAL,1,SYNTHETIC EMERGENCY V2X
EMG-EVT-007392,FIRE-01,FIRE_TRUCK,11.2,0.78,22,25.6,52.6,14.4,38.2,CRITICAL,1,SYNTHETIC EMERGENCY V2X
EMG-EVT-007393,AMB-11,AMBULANCE,11.8,0.88,23,19.1,64.7,15.2,49.5,CRITICAL,1,SYNTHETIC EMERGENCY V2X
EMG-EVT-007394,AMB-12,AMBULANCE,2.7,0.68,4,26.7,10.9,3.3,7.6,CRITICAL,1,SYNTHETIC EMERGENCY V2X
EMG-EVT-007395,AMB-01,AMBULANCE,8.6,0.81,17,21.2,44.7,11.1,33.6,CRITICAL,1,SYNTHETIC EMERGENCY V2X
EMG-EVT-007396,AMB-06,AMBULANCE,4.7,0.45,9,49.8,16.5,6.0,10.5,CRITICAL,1,SYNTHETIC EMERGENCY V2X
EMG-EVT-007397,AMB-08,AMBULANCE,6.0,0.48,12,46.4,22.2,7.7,14.5,CRITICAL,1,SYNTHETIC EMERGENCY V2X
EMG-EVT-007398,AMB-14,AMBULANCE,5.4,0.25,12,52.4,20.6,7.1,13.5,CRITICAL,1,SYNTHETIC EMERGENCY V2X
EMG-EVT-007399,AMB-18,AMBULANCE,12.5,0.25,22,58.9,39.1,15.8,23.3,CRITICAL,1,SYNTHETIC EMERGENCY V2X
EMG-EVT-007400,AMB-07,AMBULANCE,8.8,0.43,17,44.5,32.3,11.3,21.0,CRITICAL,1,SYNTHETIC EMERGENCY V2X
EMG-EVT-007401,FIRE-08,FIRE_TRUCK,10.1,0.92,20,21.1,52.7,13.0,39.7,CRITICAL,1,SYNTHETIC EMERGENCY V2X
EMG-EVT-007402,AMB-11,AMBULANCE,1.6,0.82,4,26.7,8.4,2.1,6.3,CRITICAL,1,SYNTHETIC EMERGENCY V2X
EMG-EVT-007403,AMB-15,AMBULANCE,13.5,0.56,24,39.2,49.5,17.1,32.4,CRITICAL,1,SYNTHETIC EMERGENCY V2X
EMG-EVT-007404,FIRE-09,FIRE_TRUCK,13.5,0.47,24,44.6,47.0,17.1,29.9,CRITICAL,1,SYNTHETIC EMERGENCY V2X
EMG-EVT-007405,AMB-09,AMBULANCE,8.5,0.97,15,10.0,69.0,10.8,58.2,CRITICAL,1,SYNTHETIC EMERGENCY V2X
EMG-EVT-007406,AMB-12,AMBULANCE,5.4,0.32,9,50.5,17.2,6.8,10.4,CRITICAL,1,SYNTHETIC EMERGENCY V2X
EMG-EVT-007407,AMB-17,AMBULANCE,3.9,0.24,9,59.1,14.8,5.2,9.6,CRITICAL,1,SYNTHETIC EMERGENCY V2X
EMG-EVT-007408,FIRE-05,FIRE_TRUCK,8.7,0.48,16,40.3,32.2,11.1,21.1,CRITICAL,1,SYNTHETIC EMERGENCY V2X
EMG-EVT-007409,AMB-13,AMBULANCE,3.7,0.29,6,58.6,11.0,4.6,6.4,CRITICAL,1,SYNTHETIC EMERGENCY V2X
EMG-EVT-007410,AMB-03,AMBULANCE,8.9,0.75,18,26.9,41.5,11.5,30.0,CRITICAL,1,SYNTHETIC EMERGENCY V2X
EMG-EVT-007411,AMB-05,AMBULANCE,13.6,0.46,25,40.6,50.1,17.3,32.8,CRITICAL,1,SYNTHETIC EMERGENCY V2X
EMG-EVT-007412,AMB-11,AMBULANCE,15.7,0.83,30,26.6,71.4,20.1,51.3,CRITICAL,1,SYNTHETIC EMERGENCY V2X
EMG-EVT-007413,AMB-08,AMBULANCE,3.8,0.81,6,22.1,17.5,4.7,12.8,CRITICAL,1,SYNTHETIC EMERGENCY V2X
EMG-EVT-007414,AMB-11,AMBULANCE,1.7,0.5,5,40.0,8.6,2.4,6.2,CRITICAL,1,SYNTHETIC EMERGENCY V2X
EMG-EVT-007415,POL-04,POLICE,6.2,0.41,14,50.7,24.1,8.2,15.9,CRITICAL,1,SYNTHETIC EMERGENCY V2X
EMG-EVT-007416,FIRE-07,FIRE_TRUCK,12.4,0.89,23,15.4,75.9,15.8,60.1,CRITICAL,1,SYNTHETIC EMERGENCY V2X
EMG-EVT-007417,AMB-02,AMBULANCE,15.4,0.26,29,52.5,52.4,19.7,32.7,CRITICAL,1,SYNTHETIC EMERGENCY V2X
EMG-EVT-007418,AMB-08,AMBULANCE,11.0,0.98,22,12.9,77.6,14.2,63.4,CRITICAL,1,SYNTHETIC EMERGENCY V2X
EMG-EVT-007419,FIRE-02,FIRE_TRUCK,6.4,0.79,13,20.2,34.6,8.3,26.3,CRITICAL,1,SYNTHETIC EMERGENCY V2X
EMG-EVT-007420,AMB-06,AMBULANCE,3.9,0.7,10,25.1,21.3,5.3,16.0,CRITICAL,1,SYNTHETIC EMERGENCY V2X
EMG-EVT-007421,AMB-09,AMBULANCE,13.7,0.27,27,60.0,46.1,17.6,28.5,CRITICAL,1,SYNTHETIC EMERGENCY V2X
EMG-EVT-007422,FIRE-05,FIRE_TRUCK,11.1,0.96,20,12.3,78.1,14.1,64.0,CRITICAL,1,SYNTHETIC EMERGENCY V2X
EMG-EVT-007423,AMB-08,AMBULANCE,9.0,0.42,16,46.3,30.9,11.4,19.5,CRITICAL,1,SYNTHETIC EMERGENCY V2X
EMG-EVT-007424,AMB-12,AMBULANCE,2.5,0.36,6,47.0,10.4,3.3,7.1,CRITICAL,1,SYNTHETIC EMERGENCY V2X
EMG-EVT-007425,AMB-20,AMBULANCE,8.1,0.88,14,23.1,37.8,10.2,27.6,CRITICAL,1,SYNTHETIC EMERGENCY V2X
EMG-EVT-007426,FIRE-05,FIRE_TRUCK,4.8,0.95,10,10.8,38.7,6.2,32.5,CRITICAL,1,SYNTHETIC EMERGENCY V2X
EMG-EVT-007427,AMB-18,AMBULANCE,9.1,0.6,18,35.6,36.9,11.7,25.2,CRITICAL,1,SYNTHETIC EMERGENCY V2X
EMG-EVT-007428,AMB-06,AMBULANCE,7.2,0.85,14,18.3,40.4,9.3,31.1,CRITICAL,1,SYNTHETIC EMERGENCY V2X
EMG-EVT-007429,AMB-06,AMBULANCE,11.0,0.49,21,41.3,41.2,14.1,27.1,CRITICAL,1,SYNTHETIC EMERGENCY V2X
EMG-EVT-007430,AMB-19,AMBULANCE,7.4,0.69,14,28.4,32.4,9.5,22.9,CRITICAL,1,SYNTHETIC EMERGENCY V2X
EMG-EVT-007431,AMB-17,AMBULANCE,11.7,0.21,24,56.8,41.2,15.2,26.0,CRITICAL,1,SYNTHETIC EMERGENCY V2X
EMG-EVT-007432,FIRE-01,FIRE_TRUCK,10.1,0.41,20,47.3,36.8,13.0,23.8,CRITICAL,1,SYNTHETIC EMERGENCY V2X
EMG-EVT-007433,AMB-13,AMBULANCE,12.5,0.26,23,54.4,41.4,15.9,25.5,CRITICAL,1,SYNTHETIC EMERGENCY V2X
EMG-EVT-007434,AMB-19,AMBULANCE,10.9,0.44,20,46.7,38.0,13.9,24.1,CRITICAL,1,SYNTHETIC EMERGENCY V2X
EMG-EVT-007435,FIRE-03,FIRE_TRUCK,7.2,0.44,12,42.3,24.6,9.1,15.5,CRITICAL,1,SYNTHETIC EMERGENCY V2X
EMG-EVT-007436,AMB-19,AMBULANCE,7.5,0.84,14,19.6,39.8,9.6,30.2,CRITICAL,1,SYNTHETIC EMERGENCY V2X
EMG-EVT-007437,AMB-18,AMBULANCE,8.1,0.33,16,49.9,28.9,10.4,18.5,CRITICAL,1,SYNTHETIC EMERGENCY V2X
EMG-EVT-007438,AMB-18,AMBULANCE,6.5,0.39,14,53.5,24.1,8.5,15.6,CRITICAL,1,SYNTHETIC EMERGENCY V2X
EMG-EVT-007439,AMB-02,AMBULANCE,5.6,0.79,13,24.8,29.1,7.4,21.7,CRITICAL,1,SYNTHETIC EMERGENCY V2X
EMG-EVT-007440,AMB-07,AMBULANCE,11.4,0.31,23,56.4,39.7,14.7,25.0,CRITICAL,1,SYNTHETIC EMERGENCY V2X
EMG-EVT-007441,FIRE-06,FIRE_TRUCK,4.2,0.64,9,35.7,17.9,5.5,12.4,CRITICAL,1,SYNTHETIC EMERGENCY V2X
EMG-EVT-007442,AMB-15,AMBULANCE,2.8,0.69,6,29.1,13.0,3.7,9.3,CRITICAL,1,SYNTHETIC EMERGENCY V2X
EMG-EVT-007443,AMB-10,AMBULANCE,3.8,0.3,9,54.5,15.0,5.0,10.0,CRITICAL,1,SYNTHETIC EMERGENCY V2X
EMG-EVT-007444,AMB-07,AMBULANCE,9.2,0.23,18,54.0,31.8,11.8,20.0,CRITICAL,1,SYNTHETIC EMERGENCY V2X
EMG-EVT-007445,AMB-05,AMBULANCE,14.7,0.72,28,24.4,69.7,18.8,50.9,CRITICAL,1,SYNTHETIC EMERGENCY V2X
EMG-EVT-007446,AMB-15,AMBULANCE,7.8,0.48,15,42.9,28.9,10.0,18.9,CRITICAL,1,SYNTHETIC EMERGENCY V2X
EMG-EVT-007447,FIRE-03,FIRE_TRUCK,14.6,0.45,26,45.1,50.6,18.5,32.1,CRITICAL,1,SYNTHETIC EMERGENCY V2X
EMG-EVT-007448,AMB-07,AMBULANCE,9.6,0.2,20,56.6,34.2,12.5,21.7,CRITICAL,1,SYNTHETIC EMERGENCY V2X
EMG-EVT-007449,AMB-09,AMBULANCE,1.9,0.59,6,40.8,10.0,2.7,7.3,CRITICAL,1,SYNTHETIC EMERGENCY V2X
EMG-EVT-007450,AMB-07,AMBULANCE,15.0,0.29,30,56.9,51.8,19.4,32.4,CRITICAL,1,SYNTHETIC EMERGENCY V2X
EMG-EVT-007451,FIRE-02,FIRE_TRUCK,1.9,0.2,3,55.1,5.7,2.4,3.3,HIGH,1,SYNTHETIC EMERGENCY V2X
EMG-EVT-007452,AMB-10,AMBULANCE,4.5,0.8,8,26.5,19.8,5.7,14.1,CRITICAL,1,SYNTHETIC EMERGENCY V2X
EMG-EVT-007453,FIRE-10,FIRE_TRUCK,3.7,0.76,8,26.1,18.1,4.8,13.3,CRITICAL,1,SYNTHETIC EMERGENCY V2X
EMG-EVT-007454,AMB-03,AMBULANCE,3.3,0.31,6,55.0,10.8,4.2,6.6,CRITICAL,1,SYNTHETIC EMERGENCY V2X
EMG-EVT-007455,AMB-07,AMBULANCE,9.3,0.55,17,38.4,34.9,11.8,23.1,CRITICAL,1,SYNTHETIC EMERGENCY V2X
EMG-EVT-007456,FIRE-07,FIRE_TRUCK,15.0,0.65,28,28.3,65.4,19.2,46.2,CRITICAL,1,SYNTHETIC EMERGENCY V2X
EMG-EVT-007457,AMB-03,AMBULANCE,14.6,0.66,27,32.0,59.8,18.6,41.2,CRITICAL,1,SYNTHETIC EMERGENCY V2X
EMG-EVT-007458,AMB-15,AMBULANCE,15.9,0.38,29,44.9,56.0,20.2,35.8,CRITICAL,1,SYNTHETIC EMERGENCY V2X
EMG-EVT-007459,AMB-18,AMBULANCE,3.0,0.67,7,32.5,13.9,4.0,9.9,CRITICAL,1,SYNTHETIC EMERGENCY V2X
EMG-EVT-007460,AMB-11,AMBULANCE,10.2,0.87,21,15.3,65.2,13.2,52.0,CRITICAL,1,SYNTHETIC EMERGENCY V2X
EMG-EVT-007461,AMB-02,AMBULANCE,11.6,0.96,23,16.1,70.8,15.0,55.8,CRITICAL,1,SYNTHETIC EMERGENCY V2X
EMG-EVT-007462,POL-03,POLICE,8.3,0.89,17,16.8,50.0,10.8,39.2,CRITICAL,1,SYNTHETIC EMERGENCY V2X
EMG-EVT-007463,AMB-12,AMBULANCE,9.6,0.36,17,51.7,31.5,12.2,19.3,CRITICAL,1,SYNTHETIC EMERGENCY V2X
EMG-EVT-007464,FIRE-10,FIRE_TRUCK,10.5,0.9,18,17.9,56.8,13.3,43.5,CRITICAL,1,SYNTHETIC EMERGENCY V2X
EMG-EVT-007465,AMB-14,AMBULANCE,2.1,0.95,4,15.2,13.1,2.7,10.4,CRITICAL,1,SYNTHETIC EMERGENCY V2X
EMG-EVT-007466,AMB-13,AMBULANCE,15.9,0.76,28,30.7,64.7,20.1,44.6,CRITICAL,1,SYNTHETIC EMERGENCY V2X
EMG-EVT-007467,POL-08,POLICE,16.0,0.59,31,37.0,63.1,20.6,42.5,CRITICAL,1,SYNTHETIC EMERGENCY V2X
EMG-EVT-007468,AMB-14,AMBULANCE,11.4,0.53,23,37.8,45.7,14.7,31.0,CRITICAL,1,SYNTHETIC EMERGENCY V2X
EMG-EVT-007469,AMB-12,AMBULANCE,11.1,0.68,22,27.0,51.1,14.3,36.8,CRITICAL,1,SYNTHETIC EMERGENCY V2X
EMG-EVT-007470,AMB-17,AMBULANCE,9.0,0.22,18,63.3,30.1,11.6,18.5,CRITICAL,1,SYNTHETIC EMERGENCY V2X
EMG-EVT-007471,AMB-19,AMBULANCE,10.7,0.32,20,54.3,35.8,13.7,22.1,CRITICAL,1,SYNTHETIC EMERGENCY V2X
EMG-EVT-007472,AMB-07,AMBULANCE,8.0,0.29,14,54.8,25.6,10.1,15.5,CRITICAL,1,SYNTHETIC EMERGENCY V2X
EMG-EVT-007473,AMB-15,AMBULANCE,12.1,0.56,23,37.9,46.8,15.5,31.3,CRITICAL,1,SYNTHETIC EMERGENCY V2X
EMG-EVT-007474,AMB-18,AMBULANCE,15.7,0.26,31,53.0,55.0,20.2,34.8,CRITICAL,1,SYNTHETIC EMERGENCY V2X
EMG-EVT-007475,AMB-15,AMBULANCE,15.4,0.65,30,28.7,68.2,19.8,48.4,CRITICAL,1,SYNTHETIC EMERGENCY V2X
EMG-EVT-007476,AMB-06,AMBULANCE,5.7,0.66,10,30.4,23.2,7.2,16.0,CRITICAL,1,SYNTHETIC EMERGENCY V2X
EMG-EVT-007477,FIRE-10,FIRE_TRUCK,11.5,0.35,22,48.1,40.7,14.7,26.0,CRITICAL,1,SYNTHETIC EMERGENCY V2X
EMG-EVT-007478,AMB-12,AMBULANCE,8.3,0.55,16,38.5,32.1,10.7,21.4,CRITICAL,1,SYNTHETIC EMERGENCY V2X
EMG-EVT-007479,AMB-08,AMBULANCE,7.5,0.8,13,27.6,31.9,9.5,22.4,CRITICAL,1,SYNTHETIC EMERGENCY V2X
EMG-EVT-007480,AMB-09,AMBULANCE,15.8,0.9,31,20.6,83.2,20.3,62.9,CRITICAL,1,SYNTHETIC EMERGENCY V2X
EMG-EVT-007481,AMB-10,AMBULANCE,9.0,0.88,16,17.2,50.6,11.4,39.2,CRITICAL,1,SYNTHETIC EMERGENCY V2X
EMG-EVT-007482,AMB-13,AMBULANCE,3.2,0.51,5,41.8,10.6,4.0,6.6,CRITICAL,1,SYNTHETIC EMERGENCY V2X
EMG-EVT-007483,AMB-07,AMBULANCE,14.6,0.56,26,38.7,53.8,18.5,35.3,CRITICAL,1,SYNTHETIC EMERGENCY V2X
EMG-EVT-007484,AMB-16,AMBULANCE,12.7,0.69,22,33.8,48.9,16.1,32.8,CRITICAL,1,SYNTHETIC EMERGENCY V2X
EMG-EVT-007485,AMB-01,AMBULANCE,8.9,0.94,17,16.5,52.8,11.4,41.4,CRITICAL,1,SYNTHETIC EMERGENCY V2X
EMG-EVT-007486,AMB-15,AMBULANCE,13.0,0.9,23,13.6,85.0,16.5,68.5,CRITICAL,1,SYNTHETIC EMERGENCY V2X
EMG-EVT-007487,AMB-14,AMBULANCE,4.7,0.51,10,46.3,18.1,6.1,12.0,CRITICAL,1,SYNTHETIC EMERGENCY V2X
EMG-EVT-007488,AMB-01,AMBULANCE,1.5,0.59,4,32.9,7.5,2.0,5.5,CRITICAL,1,SYNTHETIC EMERGENCY V2X
EMG-EVT-007489,POL-05,POLICE,7.4,0.41,13,45.0,25.5,9.4,16.1,CRITICAL,1,SYNTHETIC EMERGENCY V2X
EMG-EVT-007490,AMB-11,AMBULANCE,10.9,0.35,21,47.0,39.1,14.0,25.1,CRITICAL,1,SYNTHETIC EMERGENCY V2X
EMG-EVT-007491,AMB-15,AMBULANCE,7.3,0.21,13,59.6,22.9,9.3,13.6,CRITICAL,1,SYNTHETIC EMERGENCY V2X
EMG-EVT-007492,AMB-10,AMBULANCE,8.8,0.65,15,32.7,34.1,11.1,23.0,CRITICAL,1,SYNTHETIC EMERGENCY V2X
EMG-EVT-007493,FIRE-01,FIRE_TRUCK,7.4,0.57,15,40.5,29.0,9.6,19.4,CRITICAL,1,SYNTHETIC EMERGENCY V2X
EMG-EVT-007494,AMB-17,AMBULANCE,15.7,0.91,31,15.9,96.4,20.2,76.2,CRITICAL,1,SYNTHETIC EMERGENCY V2X
EMG-EVT-007495,FIRE-03,FIRE_TRUCK,13.5,0.79,27,28.6,60.7,17.4,43.3,CRITICAL,1,SYNTHETIC EMERGENCY V2X
EMG-EVT-007496,AMB-08,AMBULANCE,10.2,0.81,21,20.9,54.5,13.2,41.3,CRITICAL,1,SYNTHETIC EMERGENCY V2X
EMG-EVT-007497,AMB-04,AMBULANCE,7.1,0.36,14,53.1,24.8,9.1,15.7,CRITICAL,1,SYNTHETIC EMERGENCY V2X
EMG-EVT-007498,AMB-18,AMBULANCE,10.1,0.38,18,46.5,34.6,12.8,21.8,CRITICAL,1,SYNTHETIC EMERGENCY V2X
EMG-EVT-007499,FIRE-05,FIRE_TRUCK,11.8,0.85,24,25.9,56.1,15.3,40.8,CRITICAL,1,SYNTHETIC EMERGENCY V2X
EMG-EVT-007500,FIRE-03,FIRE_TRUCK,14.4,0.3,26,53.7,47.3,18.3,29.0,CRITICAL,1,SYNTHETIC EMERGENCY V2X
EMG-EVT-007501,AMB-10,AMBULANCE,7.6,0.33,14,54.9,25.1,9.7,15.4,CRITICAL,1,SYNTHETIC EMERGENCY V2X
EMG-EVT-007502,AMB-20,AMBULANCE,11.3,0.79,23,23.2,56.8,14.6,42.2,CRITICAL,1,SYNTHETIC EMERGENCY V2X
EMG-EVT-007503,AMB-16,AMBULANCE,13.9,0.86,26,15.4,85.4,17.8,67.6,CRITICAL,1,SYNTHETIC EMERGENCY V2X
EMG-EVT-007504,FIRE-09,FIRE_TRUCK,4.2,0.9,8,20.3,22.0,5.4,16.6,CRITICAL,1,SYNTHETIC EMERGENCY V2X
EMG-EVT-007505,FIRE-01,FIRE_TRUCK,13.7,0.95,24,13.4,90.1,17.3,72.8,CRITICAL,1,SYNTHETIC EMERGENCY V2X
EMG-EVT-007506,POL-07,POLICE,14.1,0.54,28,42.0,53.7,18.2,35.5,CRITICAL,1,SYNTHETIC EMERGENCY V2X
EMG-EVT-007507,AMB-04,AMBULANCE,8.2,0.57,17,35.5,34.3,10.6,23.7,CRITICAL,1,SYNTHETIC EMERGENCY V2X
EMG-EVT-007508,AMB-18,AMBULANCE,8.3,0.68,17,31.4,36.3,10.8,25.5,CRITICAL,1,SYNTHETIC EMERGENCY V2X
EMG-EVT-007509,AMB-05,AMBULANCE,6.2,0.62,11,37.9,23.0,7.9,15.1,CRITICAL,1,SYNTHETIC EMERGENCY V2X
EMG-EVT-007510,AMB-01,AMBULANCE,14.6,0.29,26,50.9,48.4,18.5,29.9,CRITICAL,1,SYNTHETIC EMERGENCY V2X
EMG-EVT-007511,AMB-14,AMBULANCE,15.6,0.92,28,19.3,82.1,19.8,62.3,CRITICAL,1,SYNTHETIC EMERGENCY V2X
EMG-EVT-007512,AMB-20,AMBULANCE,2.8,0.36,8,50.7,12.9,3.9,9.0,CRITICAL,1,SYNTHETIC EMERGENCY V2X
EMG-EVT-007513,AMB-10,AMBULANCE,7.4,0.49,16,47.2,28.6,9.7,18.9,CRITICAL,1,SYNTHETIC EMERGENCY V2X
EMG-EVT-007514,AMB-06,AMBULANCE,5.8,0.25,10,60.7,17.7,7.3,10.4,CRITICAL,1,SYNTHETIC EMERGENCY V2X
EMG-EVT-007515,AMB-18,AMBULANCE,4.9,0.48,10,47.4,18.2,6.3,11.9,CRITICAL,1,SYNTHETIC EMERGENCY V2X
EMG-EVT-007516,AMB-19,AMBULANCE,14.0,0.88,28,20.7,74.2,18.1,56.1,CRITICAL,1,SYNTHETIC EMERGENCY V2X
EMG-EVT-007517,AMB-09,AMBULANCE,7.1,0.82,15,26.5,34.1,9.2,24.9,CRITICAL,1,SYNTHETIC EMERGENCY V2X
EMG-EVT-007518,AMB-07,AMBULANCE,5.5,0.36,10,55.1,18.0,7.0,11.0,CRITICAL,1,SYNTHETIC EMERGENCY V2X
EMG-EVT-007519,AMB-17,AMBULANCE,1.9,0.71,3,28.1,7.7,2.4,5.3,CRITICAL,1,SYNTHETIC EMERGENCY V2X
EMG-EVT-007520,POL-02,POLICE,9.7,0.65,17,36.6,36.3,12.3,24.0,CRITICAL,1,SYNTHETIC EMERGENCY V2X
EMG-EVT-007521,POL-07,POLICE,11.2,0.4,22,46.5,40.9,14.4,26.5,CRITICAL,1,SYNTHETIC EMERGENCY V2X
EMG-EVT-007522,AMB-13,AMBULANCE,15.2,0.29,29,50.6,52.8,19.5,33.3,CRITICAL,1,SYNTHETIC EMERGENCY V2X
EMG-EVT-007523,FIRE-02,FIRE_TRUCK,4.1,0.56,7,35.5,15.3,5.2,10.1,CRITICAL,1,SYNTHETIC EMERGENCY V2X
EMG-EVT-007524,AMB-05,AMBULANCE,2.6,0.84,4,20.8,12.3,3.2,9.1,CRITICAL,1,SYNTHETIC EMERGENCY V2X
EMG-EVT-007525,AMB-04,AMBULANCE,4.9,0.73,11,26.1,24.5,6.4,18.1,CRITICAL,1,SYNTHETIC EMERGENCY V2X
EMG-EVT-007526,POL-08,POLICE,5.4,0.66,9,37.0,19.6,6.8,12.8,CRITICAL,1,SYNTHETIC EMERGENCY V2X
EMG-EVT-007527,AMB-16,AMBULANCE,15.9,0.24,28,62.3,48.9,20.1,28.8,CRITICAL,1,SYNTHETIC EMERGENCY V2X
EMG-EVT-007528,AMB-02,AMBULANCE,8.3,0.24,17,54.6,29.5,10.8,18.7,CRITICAL,1,SYNTHETIC EMERGENCY V2X
EMG-EVT-007529,POL-08,POLICE,5.7,0.95,12,11.0,45.5,7.4,38.1,CRITICAL,1,SYNTHETIC EMERGENCY V2X
EMG-EVT-007530,FIRE-03,FIRE_TRUCK,12.9,0.95,23,16.9,73.4,16.4,57.0,CRITICAL,1,SYNTHETIC EMERGENCY V2X
EMG-EVT-007531,FIRE-06,FIRE_TRUCK,3.4,0.67,9,34.4,16.7,4.6,12.1,CRITICAL,1,SYNTHETIC EMERGENCY V2X
EMG-EVT-007532,AMB-10,AMBULANCE,16.0,0.79,29,29.2,67.7,20.4,47.3,CRITICAL,1,SYNTHETIC EMERGENCY V2X
EMG-EVT-007533,AMB-11,AMBULANCE,2.0,0.61,5,37.2,9.2,2.7,6.5,CRITICAL,1,SYNTHETIC EMERGENCY V2X
EMG-EVT-007534,AMB-17,AMBULANCE,12.7,0.76,25,24.3,61.4,16.4,45.0,CRITICAL,1,SYNTHETIC EMERGENCY V2X
EMG-EVT-007535,AMB-16,AMBULANCE,8.9,0.35,18,47.3,32.9,11.5,21.4,CRITICAL,1,SYNTHETIC EMERGENCY V2X
EMG-EVT-007536,AMB-03,AMBULANCE,5.4,0.33,9,55.4,16.6,6.8,9.8,CRITICAL,1,SYNTHETIC EMERGENCY V2X
EMG-EVT-007537,AMB-04,AMBULANCE,8.5,0.21,17,63.8,28.4,11.0,17.4,CRITICAL,1,SYNTHETIC EMERGENCY V2X
EMG-EVT-007538,AMB-09,AMBULANCE,10.8,0.91,22,15.5,68.2,14.0,54.2,CRITICAL,1,SYNTHETIC EMERGENCY V2X
EMG-EVT-007539,POL-02,POLICE,5.0,0.54,9,40.2,18.3,6.4,11.9,CRITICAL,1,SYNTHETIC EMERGENCY V2X
EMG-EVT-007540,AMB-20,AMBULANCE,14.4,0.81,28,27.4,65.1,18.5,46.6,CRITICAL,1,SYNTHETIC EMERGENCY V2X
EMG-EVT-007541,AMB-19,AMBULANCE,5.5,0.29,9,51.3,17.2,6.9,10.3,CRITICAL,1,SYNTHETIC EMERGENCY V2X
EMG-EVT-007542,AMB-01,AMBULANCE,14.0,0.21,26,57.0,45.9,17.9,28.0,CRITICAL,1,SYNTHETIC EMERGENCY V2X
EMG-EVT-007543,AMB-08,AMBULANCE,11.4,0.38,21,48.0,39.5,14.5,25.0,CRITICAL,1,SYNTHETIC EMERGENCY V2X
EMG-EVT-007544,AMB-07,AMBULANCE,12.3,0.75,23,28.7,53.3,15.7,37.6,CRITICAL,1,SYNTHETIC EMERGENCY V2X
EMG-EVT-007545,POL-08,POLICE,13.2,0.25,24,52.0,44.0,16.8,27.2,CRITICAL,1,SYNTHETIC EMERGENCY V2X
EMG-EVT-007546,AMB-15,AMBULANCE,15.2,0.24,28,53.9,50.5,19.4,31.1,CRITICAL,1,SYNTHETIC EMERGENCY V2X
EMG-EVT-007547,AMB-15,AMBULANCE,15.4,0.89,30,23.3,75.7,19.8,55.9,CRITICAL,1,SYNTHETIC EMERGENCY V2X
EMG-EVT-007548,AMB-03,AMBULANCE,11.5,0.42,21,42.2,41.6,14.6,27.0,CRITICAL,1,SYNTHETIC EMERGENCY V2X
EMG-EVT-007549,AMB-07,AMBULANCE,14.1,0.42,28,43.7,53.0,18.2,34.8,CRITICAL,1,SYNTHETIC EMERGENCY V2X
EMG-EVT-007550,AMB-09,AMBULANCE,6.1,0.25,10,55.2,18.6,7.7,10.9,CRITICAL,1,SYNTHETIC EMERGENCY V2X
EMG-EVT-007551,AMB-18,AMBULANCE,7.4,0.85,16,24.2,37.5,9.7,27.8,CRITICAL,1,SYNTHETIC EMERGENCY V2X
EMG-EVT-007552,AMB-15,AMBULANCE,1.6,0.91,5,22.3,10.3,2.2,8.1,CRITICAL,1,SYNTHETIC EMERGENCY V2X
EMG-EVT-007553,AMB-10,AMBULANCE,9.8,0.85,18,22.5,47.7,12.5,35.2,CRITICAL,1,SYNTHETIC EMERGENCY V2X
EMG-EVT-007554,AMB-20,AMBULANCE,12.2,0.6,23,32.9,49.8,15.6,34.2,CRITICAL,1,SYNTHETIC EMERGENCY V2X
EMG-EVT-007555,AMB-07,AMBULANCE,6.5,0.55,11,42.2,22.4,8.2,14.2,CRITICAL,1,SYNTHETIC EMERGENCY V2X
EMG-EVT-007556,AMB-02,AMBULANCE,14.6,0.7,27,32.2,59.6,18.6,41.0,CRITICAL,1,SYNTHETIC EMERGENCY V2X
EMG-EVT-007557,AMB-05,AMBULANCE,9.0,0.2,17,62.1,29.1,11.5,17.6,CRITICAL,1,SYNTHETIC EMERGENCY V2X
EMG-EVT-007558,AMB-05,AMBULANCE,6.8,0.25,15,57.1,25.1,8.9,16.2,CRITICAL,1,SYNTHETIC EMERGENCY V2X
EMG-EVT-007559,POL-10,POLICE,1.8,0.5,4,41.9,7.4,2.4,5.0,HIGH,1,SYNTHETIC EMERGENCY V2X
EMG-EVT-007560,AMB-12,AMBULANCE,13.1,0.96,23,10.2,104.7,16.6,88.1,CRITICAL,1,SYNTHETIC EMERGENCY V2X
EMG-EVT-007561,AMB-13,AMBULANCE,8.1,0.37,17,46.0,31.0,10.5,20.5,CRITICAL,1,SYNTHETIC EMERGENCY V2X
EMG-EVT-007562,AMB-08,AMBULANCE,10.3,0.93,20,19.8,55.2,13.2,42.0,CRITICAL,1,SYNTHETIC EMERGENCY V2X
EMG-EVT-007563,AMB-17,AMBULANCE,13.4,0.41,24,44.1,47.0,17.0,30.0,CRITICAL,1,SYNTHETIC EMERGENCY V2X
EMG-EVT-007564,AMB-19,AMBULANCE,15.6,0.94,30,19.1,85.0,20.0,65.0,CRITICAL,1,SYNTHETIC EMERGENCY V2X
EMG-EVT-007565,FIRE-03,FIRE_TRUCK,11.7,0.75,21,25.5,52.7,14.9,37.8,CRITICAL,1,SYNTHETIC EMERGENCY V2X
EMG-EVT-007566,FIRE-10,FIRE_TRUCK,8.4,0.59,15,34.6,32.6,10.7,21.9,CRITICAL,1,SYNTHETIC EMERGENCY V2X
EMG-EVT-007567,AMB-18,AMBULANCE,11.8,0.39,24,52.7,42.2,15.3,26.9,CRITICAL,1,SYNTHETIC EMERGENCY V2X
EMG-EVT-007568,FIRE-01,FIRE_TRUCK,10.1,0.52,18,40.8,36.5,12.8,23.7,CRITICAL,1,SYNTHETIC EMERGENCY V2X
EMG-EVT-007569,FIRE-02,FIRE_TRUCK,6.9,0.47,12,47.8,23.1,8.7,14.4,CRITICAL,1,SYNTHETIC EMERGENCY V2X
EMG-EVT-007570,AMB-01,AMBULANCE,7.3,0.76,15,29.1,33.1,9.5,23.6,CRITICAL,1,SYNTHETIC EMERGENCY V2X
EMG-EVT-007571,POL-04,POLICE,11.0,0.8,22,23.8,54.1,14.2,39.9,CRITICAL,1,SYNTHETIC EMERGENCY V2X
EMG-EVT-007572,AMB-04,AMBULANCE,12.3,0.58,22,39.2,45.2,15.6,29.6,CRITICAL,1,SYNTHETIC EMERGENCY V2X
EMG-EVT-007573,AMB-06,AMBULANCE,7.3,0.27,15,52.6,26.3,9.5,16.8,CRITICAL,1,SYNTHETIC EMERGENCY V2X
EMG-EVT-007574,FIRE-06,FIRE_TRUCK,15.3,0.59,30,32.8,64.0,19.7,44.3,CRITICAL,1,SYNTHETIC EMERGENCY V2X
EMG-EVT-007575,AMB-05,AMBULANCE,9.3,0.79,19,22.0,48.2,12.0,36.2,CRITICAL,1,SYNTHETIC EMERGENCY V2X
EMG-EVT-007576,AMB-02,AMBULANCE,1.6,0.95,5,14.0,12.9,2.2,10.7,CRITICAL,1,SYNTHETIC EMERGENCY V2X
EMG-EVT-007577,AMB-20,AMBULANCE,12.4,0.34,23,54.7,41.2,15.8,25.4,CRITICAL,1,SYNTHETIC EMERGENCY V2X
EMG-EVT-007578,AMB-16,AMBULANCE,6.9,0.41,12,45.2,23.6,8.7,14.9,CRITICAL,1,SYNTHETIC EMERGENCY V2X
EMG-EVT-007579,AMB-05,AMBULANCE,4.0,0.28,7,58.1,12.5,5.1,7.4,CRITICAL,1,SYNTHETIC EMERGENCY V2X
EMG-EVT-007580,FIRE-09,FIRE_TRUCK,5.6,0.21,13,61.7,21.0,7.4,13.6,CRITICAL,1,SYNTHETIC EMERGENCY V2X
EMG-EVT-007581,AMB-12,AMBULANCE,3.6,0.71,7,25.2,17.0,4.6,12.4,CRITICAL,1,SYNTHETIC EMERGENCY V2X
EMG-EVT-007582,AMB-16,AMBULANCE,9.8,0.23,18,55.6,32.2,12.5,19.7,CRITICAL,1,SYNTHETIC EMERGENCY V2X
EMG-EVT-007583,FIRE-07,FIRE_TRUCK,4.2,0.64,9,35.0,18.0,5.5,12.5,CRITICAL,1,SYNTHETIC EMERGENCY V2X
EMG-EVT-007584,AMB-13,AMBULANCE,10.2,0.62,19,33.7,41.0,13.0,28.0,CRITICAL,1,SYNTHETIC EMERGENCY V2X
EMG-EVT-007585,POL-03,POLICE,12.9,0.22,25,55.7,43.9,16.6,27.3,CRITICAL,1,SYNTHETIC EMERGENCY V2X
EMG-EVT-007586,AMB-04,AMBULANCE,13.1,0.34,25,53.0,44.8,16.8,28.0,CRITICAL,1,SYNTHETIC EMERGENCY V2X
EMG-EVT-007587,FIRE-05,FIRE_TRUCK,1.6,0.41,3,51.5,5.5,2.0,3.5,HIGH,1,SYNTHETIC EMERGENCY V2X
EMG-EVT-007588,FIRE-02,FIRE_TRUCK,14.4,0.77,26,22.1,70.3,18.3,52.0,CRITICAL,1,SYNTHETIC EMERGENCY V2X
EMG-EVT-007589,AMB-10,AMBULANCE,3.4,0.41,8,47.2,13.9,4.5,9.4,CRITICAL,1,SYNTHETIC EMERGENCY V2X
EMG-EVT-007590,AMB-08,AMBULANCE,11.1,0.6,22,34.9,45.5,14.3,31.2,CRITICAL,1,SYNTHETIC EMERGENCY V2X
EMG-EVT-007591,POL-03,POLICE,7.6,0.83,15,23.2,37.7,9.8,27.9,CRITICAL,1,SYNTHETIC EMERGENCY V2X
EMG-EVT-007592,POL-01,POLICE,15.4,0.89,30,15.4,96.0,19.8,76.2,CRITICAL,1,SYNTHETIC EMERGENCY V2X
EMG-EVT-007593,AMB-10,AMBULANCE,9.9,0.41,18,48.8,33.8,12.6,21.2,CRITICAL,1,SYNTHETIC EMERGENCY V2X
EMG-EVT-007594,AMB-19,AMBULANCE,14.5,0.42,29,50.1,52.2,18.7,33.5,CRITICAL,1,SYNTHETIC EMERGENCY V2X
EMG-EVT-007595,FIRE-02,FIRE_TRUCK,6.5,0.28,14,54.3,24.0,8.5,15.5,CRITICAL,1,SYNTHETIC EMERGENCY V2X
EMG-EVT-007596,AMB-18,AMBULANCE,4.3,0.22,8,58.9,14.0,5.5,8.5,CRITICAL,1,SYNTHETIC EMERGENCY V2X
EMG-EVT-007597,FIRE-10,FIRE_TRUCK,5.2,0.91,12,12.9,38.6,6.9,31.7,CRITICAL,1,SYNTHETIC EMERGENCY V2X
EMG-EVT-007598,FIRE-07,FIRE_TRUCK,14.9,0.41,28,45.3,53.3,19.1,34.2,CRITICAL,1,SYNTHETIC EMERGENCY V2X
EMG-EVT-007599,POL-08,POLICE,10.5,0.98,19,15.7,62.9,13.4,49.5,CRITICAL,1,SYNTHETIC EMERGENCY V2X
EMG-EVT-007600,AMB-16,AMBULANCE,6.7,0.41,12,46.9,23.0,8.5,14.5,CRITICAL,1,SYNTHETIC EMERGENCY V2X
EMG-EVT-007601,POL-03,POLICE,2.3,0.59,7,38.0,12.0,3.2,8.8,HIGH,1,SYNTHETIC EMERGENCY V2X
EMG-EVT-007602,AMB-14,AMBULANCE,3.7,0.66,6,30.2,14.6,4.6,10.0,CRITICAL,1,SYNTHETIC EMERGENCY V2X
EMG-EVT-007603,POL-05,POLICE,15.7,0.71,30,31.0,66.4,20.1,46.3,CRITICAL,1,SYNTHETIC EMERGENCY V2X
EMG-EVT-007604,FIRE-02,FIRE_TRUCK,2.3,0.76,7,21.6,14.8,3.2,11.6,CRITICAL,1,SYNTHETIC EMERGENCY V2X
EMG-EVT-007605,POL-08,POLICE,10.7,0.87,22,16.7,64.8,13.9,50.9,CRITICAL,1,SYNTHETIC EMERGENCY V2X
EMG-EVT-007606,FIRE-08,FIRE_TRUCK,13.7,0.57,27,41.0,52.4,17.6,34.8,CRITICAL,1,SYNTHETIC EMERGENCY V2X
EMG-EVT-007607,FIRE-04,FIRE_TRUCK,14.8,0.58,28,41.9,54.8,18.9,35.9,CRITICAL,1,SYNTHETIC EMERGENCY V2X
EMG-EVT-007608,POL-06,POLICE,9.7,0.61,17,32.4,38.4,12.3,26.1,CRITICAL,1,SYNTHETIC EMERGENCY V2X
EMG-EVT-007609,AMB-09,AMBULANCE,8.0,0.26,15,54.1,26.9,10.2,16.7,CRITICAL,1,SYNTHETIC EMERGENCY V2X
EMG-EVT-007610,AMB-09,AMBULANCE,3.8,0.77,9,30.5,18.3,5.0,13.3,CRITICAL,1,SYNTHETIC EMERGENCY V2X
EMG-EVT-007611,AMB-03,AMBULANCE,10.9,0.6,21,34.3,44.3,14.0,30.3,CRITICAL,1,SYNTHETIC EMERGENCY V2X
EMG-EVT-007612,AMB-15,AMBULANCE,2.0,0.27,4,56.2,6.9,2.6,4.3,CRITICAL,1,SYNTHETIC EMERGENCY V2X
EMG-EVT-007613,AMB-09,AMBULANCE,9.1,0.23,18,62.4,30.3,11.7,18.6,CRITICAL,1,SYNTHETIC EMERGENCY V2X
EMG-EVT-007614,AMB-09,AMBULANCE,5.2,0.31,10,51.5,18.1,6.7,11.4,CRITICAL,1,SYNTHETIC EMERGENCY V2X
EMG-EVT-007615,AMB-16,AMBULANCE,8.7,0.56,18,39.9,34.7,11.3,23.4,CRITICAL,1,SYNTHETIC EMERGENCY V2X
EMG-EVT-007616,AMB-01,AMBULANCE,9.5,0.6,17,39.0,35.0,12.1,22.9,CRITICAL,1,SYNTHETIC EMERGENCY V2X
EMG-EVT-007617,AMB-08,AMBULANCE,5.6,0.36,10,53.3,18.3,7.1,11.2,CRITICAL,1,SYNTHETIC EMERGENCY V2X
EMG-EVT-007618,AMB-07,AMBULANCE,2.5,0.37,6,48.3,10.3,3.3,7.0,CRITICAL,1,SYNTHETIC EMERGENCY V2X
EMG-EVT-007619,POL-02,POLICE,5.4,0.87,12,15.5,35.3,7.1,28.2,CRITICAL,1,SYNTHETIC EMERGENCY V2X
EMG-EVT-007620,AMB-05,AMBULANCE,2.0,0.45,5,45.1,8.7,2.7,6.0,CRITICAL,1,SYNTHETIC EMERGENCY V2X
EMG-EVT-007621,AMB-08,AMBULANCE,7.8,0.89,15,13.8,51.9,10.0,41.9,CRITICAL,1,SYNTHETIC EMERGENCY V2X
EMG-EVT-007622,AMB-12,AMBULANCE,4.4,0.56,8,36.2,16.9,5.6,11.3,CRITICAL,1,SYNTHETIC EMERGENCY V2X
EMG-EVT-007623,AMB-15,AMBULANCE,9.7,0.53,19,37.3,38.4,12.5,25.9,CRITICAL,1,SYNTHETIC EMERGENCY V2X
EMG-EVT-007624,AMB-12,AMBULANCE,9.7,0.54,19,42.0,36.7,12.5,24.2,CRITICAL,1,SYNTHETIC EMERGENCY V2X
EMG-EVT-007625,AMB-19,AMBULANCE,10.5,0.82,20,27.3,47.1,13.5,33.6,CRITICAL,1,SYNTHETIC EMERGENCY V2X
EMG-EVT-007626,AMB-15,AMBULANCE,14.5,0.23,26,54.0,47.3,18.4,28.9,CRITICAL,1,SYNTHETIC EMERGENCY V2X
EMG-EVT-007627,AMB-09,AMBULANCE,10.6,0.32,20,50.3,36.6,13.6,23.0,CRITICAL,1,SYNTHETIC EMERGENCY V2X
EMG-EVT-007628,FIRE-10,FIRE_TRUCK,11.5,0.38,22,53.5,39.3,14.7,24.6,CRITICAL,1,SYNTHETIC EMERGENCY V2X
EMG-EVT-007629,FIRE-06,FIRE_TRUCK,4.0,0.91,7,13.4,26.3,5.1,21.2,CRITICAL,1,SYNTHETIC EMERGENCY V2X
EMG-EVT-007630,POL-04,POLICE,2.0,0.46,5,49.3,8.4,2.7,5.7,HIGH,1,SYNTHETIC EMERGENCY V2X
EMG-EVT-007631,AMB-03,AMBULANCE,15.0,0.63,30,38.6,59.3,19.4,39.9,CRITICAL,1,SYNTHETIC EMERGENCY V2X
EMG-EVT-007632,AMB-14,AMBULANCE,2.8,0.7,6,28.5,13.1,3.7,9.4,CRITICAL,1,SYNTHETIC EMERGENCY V2X
EMG-EVT-007633,FIRE-08,FIRE_TRUCK,2.5,0.7,6,30.4,12.1,3.3,8.8,CRITICAL,1,SYNTHETIC EMERGENCY V2X
EMG-EVT-007634,AMB-07,AMBULANCE,11.0,0.72,22,31.4,47.4,14.2,33.2,CRITICAL,1,SYNTHETIC EMERGENCY V2X
EMG-EVT-007635,AMB-11,AMBULANCE,6.2,0.91,11,19.9,31.9,7.9,24.0,CRITICAL,1,SYNTHETIC EMERGENCY V2X
EMG-EVT-007636,AMB-08,AMBULANCE,15.4,0.59,27,40.7,55.1,19.5,35.6,CRITICAL,1,SYNTHETIC EMERGENCY V2X
EMG-EVT-007637,POL-04,POLICE,13.8,0.74,24,25.1,61.8,17.5,44.3,CRITICAL,1,SYNTHETIC EMERGENCY V2X
EMG-EVT-007638,AMB-04,AMBULANCE,4.6,0.96,11,16.8,29.6,6.1,23.5,CRITICAL,1,SYNTHETIC EMERGENCY V2X
EMG-EVT-007639,AMB-09,AMBULANCE,5.5,0.54,9,36.3,19.9,6.9,13.0,CRITICAL,1,SYNTHETIC EMERGENCY V2X
EMG-EVT-007640,FIRE-06,FIRE_TRUCK,3.8,0.58,7,41.5,13.9,4.8,9.1,CRITICAL,1,SYNTHETIC EMERGENCY V2X
EMG-EVT-007641,AMB-06,AMBULANCE,2.6,0.94,7,12.9,20.5,3.5,17.0,CRITICAL,1,SYNTHETIC EMERGENCY V2X
EMG-EVT-007642,FIRE-01,FIRE_TRUCK,11.0,0.28,19,50.8,35.8,13.9,21.9,CRITICAL,1,SYNTHETIC EMERGENCY V2X
EMG-EVT-007643,FIRE-03,FIRE_TRUCK,13.8,0.88,24,17.3,76.7,17.5,59.2,CRITICAL,1,SYNTHETIC EMERGENCY V2X
EMG-EVT-007644,AMB-17,AMBULANCE,12.3,0.67,23,27.7,54.2,15.7,38.5,CRITICAL,1,SYNTHETIC EMERGENCY V2X
EMG-EVT-007645,AMB-04,AMBULANCE,3.4,0.93,9,16.3,23.3,4.6,18.7,CRITICAL,1,SYNTHETIC EMERGENCY V2X
EMG-EVT-007646,AMB-06,AMBULANCE,4.5,0.7,10,26.3,22.3,5.9,16.4,CRITICAL,1,SYNTHETIC EMERGENCY V2X
EMG-EVT-007647,POL-01,POLICE,13.5,0.87,27,20.5,71.9,17.4,54.5,CRITICAL,1,SYNTHETIC EMERGENCY V2X
EMG-EVT-007648,AMB-20,AMBULANCE,11.5,0.22,22,59.2,38.1,14.7,23.4,CRITICAL,1,SYNTHETIC EMERGENCY V2X
EMG-EVT-007649,AMB-17,AMBULANCE,1.6,0.35,2,46.1,4.5,2.0,2.5,CRITICAL,0,SYNTHETIC EMERGENCY V2X
EMG-EVT-007650,POL-09,POLICE,14.1,0.28,26,55.7,46.4,18.0,28.4,CRITICAL,1,SYNTHETIC EMERGENCY V2X
EMG-EVT-007651,AMB-13,AMBULANCE,11.7,0.51,23,42.5,44.1,15.1,29.0,CRITICAL,1,SYNTHETIC EMERGENCY V2X
EMG-EVT-007652,POL-09,POLICE,13.7,0.46,27,41.0,52.4,17.6,34.8,CRITICAL,1,SYNTHETIC EMERGENCY V2X
EMG-EVT-007653,AMB-07,AMBULANCE,7.3,0.26,14,55.4,24.7,9.4,15.3,CRITICAL,1,SYNTHETIC EMERGENCY V2X
EMG-EVT-007654,AMB-14,AMBULANCE,2.3,0.93,6,12.9,17.9,3.1,14.8,CRITICAL,1,SYNTHETIC EMERGENCY V2X
EMG-EVT-007655,AMB-19,AMBULANCE,9.6,0.59,18,34.9,38.1,12.3,25.8,CRITICAL,1,SYNTHETIC EMERGENCY V2X
EMG-EVT-007656,AMB-01,AMBULANCE,1.6,0.32,5,53.9,7.8,2.2,5.6,CRITICAL,1,SYNTHETIC EMERGENCY V2X
EMG-EVT-007657,AMB-05,AMBULANCE,6.0,0.81,12,27.5,27.5,7.7,19.8,CRITICAL,1,SYNTHETIC EMERGENCY V2X
EMG-EVT-007658,AMB-07,AMBULANCE,8.8,0.29,18,56.8,30.9,11.4,19.5,CRITICAL,1,SYNTHETIC EMERGENCY V2X
EMG-EVT-007659,AMB-13,AMBULANCE,3.2,0.68,6,34.4,12.8,4.1,8.7,CRITICAL,1,SYNTHETIC EMERGENCY V2X
EMG-EVT-007660,AMB-12,AMBULANCE,15.1,0.9,30,19.8,81.8,19.5,62.3,CRITICAL,1,SYNTHETIC EMERGENCY V2X
EMG-EVT-007661,AMB-14,AMBULANCE,12.6,0.28,23,52.7,41.9,16.0,25.9,CRITICAL,1,SYNTHETIC EMERGENCY V2X
EMG-EVT-007662,FIRE-02,FIRE_TRUCK,2.1,0.87,5,19.3,12.5,2.8,9.7,CRITICAL,1,SYNTHETIC EMERGENCY V2X
EMG-EVT-007663,AMB-08,AMBULANCE,14.9,0.76,29,22.2,75.1,19.2,55.9,CRITICAL,1,SYNTHETIC EMERGENCY V2X
EMG-EVT-007664,POL-10,POLICE,8.1,0.2,16,57.0,27.7,10.4,17.3,CRITICAL,1,SYNTHETIC EMERGENCY V2X
EMG-EVT-007665,AMB-06,AMBULANCE,3.1,0.7,7,27.0,15.3,4.1,11.2,CRITICAL,1,SYNTHETIC EMERGENCY V2X
EMG-EVT-007666,AMB-12,AMBULANCE,9.1,0.97,16,14.3,57.4,11.5,45.9,CRITICAL,1,SYNTHETIC EMERGENCY V2X
EMG-EVT-007667,AMB-20,AMBULANCE,8.4,0.48,18,44.1,33.0,11.0,22.0,CRITICAL,1,SYNTHETIC EMERGENCY V2X
EMG-EVT-007668,AMB-08,AMBULANCE,13.8,0.37,27,53.8,47.8,17.8,30.0,CRITICAL,1,SYNTHETIC EMERGENCY V2X
EMG-EVT-007669,POL-03,POLICE,14.2,0.57,27,35.6,56.3,18.2,38.1,CRITICAL,1,SYNTHETIC EMERGENCY V2X
EMG-EVT-007670,AMB-14,AMBULANCE,11.8,0.95,24,15.9,73.3,15.3,58.0,CRITICAL,1,SYNTHETIC EMERGENCY V2X
EMG-EVT-007671,AMB-19,AMBULANCE,2.7,0.63,4,30.7,10.1,3.3,6.8,CRITICAL,1,SYNTHETIC EMERGENCY V2X
EMG-EVT-007672,AMB-01,AMBULANCE,11.5,0.7,20,26.0,50.5,14.5,36.0,CRITICAL,1,SYNTHETIC EMERGENCY V2X
EMG-EVT-007673,POL-07,POLICE,5.0,0.73,10,23.2,24.9,6.5,18.4,CRITICAL,1,SYNTHETIC EMERGENCY V2X
EMG-EVT-007674,AMB-03,AMBULANCE,7.6,0.37,15,47.0,27.7,9.8,17.9,CRITICAL,1,SYNTHETIC EMERGENCY V2X
EMG-EVT-007675,AMB-06,AMBULANCE,12.8,0.52,23,41.6,46.1,16.3,29.8,CRITICAL,1,SYNTHETIC EMERGENCY V2X
EMG-EVT-007676,FIRE-01,FIRE_TRUCK,5.0,0.28,9,50.7,16.7,6.4,10.3,CRITICAL,1,SYNTHETIC EMERGENCY V2X
EMG-EVT-007677,AMB-09,AMBULANCE,4.2,0.66,10,28.9,20.7,5.6,15.1,CRITICAL,1,SYNTHETIC EMERGENCY V2X
EMG-EVT-007678,AMB-04,AMBULANCE,4.2,0.6,8,33.1,17.2,5.4,11.8,CRITICAL,1,SYNTHETIC EMERGENCY V2X
EMG-EVT-007679,AMB-05,AMBULANCE,10.2,0.41,19,44.5,36.6,13.0,23.6,CRITICAL,1,SYNTHETIC EMERGENCY V2X
EMG-EVT-007680,AMB-17,AMBULANCE,3.1,0.69,6,26.7,14.2,4.0,10.2,CRITICAL,1,SYNTHETIC EMERGENCY V2X
EMG-EVT-007681,FIRE-02,FIRE_TRUCK,8.7,0.37,15,47.9,28.9,11.0,17.9,CRITICAL,1,SYNTHETIC EMERGENCY V2X
EMG-EVT-007682,AMB-07,AMBULANCE,14.8,0.76,27,23.3,70.5,18.8,51.7,CRITICAL,1,SYNTHETIC EMERGENCY V2X
EMG-EVT-007683,AMB-13,AMBULANCE,3.9,0.79,7,24.8,17.8,5.0,12.8,CRITICAL,1,SYNTHETIC EMERGENCY V2X
EMG-EVT-007684,AMB-17,AMBULANCE,3.5,0.76,9,27.4,18.5,4.7,13.8,CRITICAL,1,SYNTHETIC EMERGENCY V2X
EMG-EVT-007685,AMB-07,AMBULANCE,3.4,0.89,9,16.0,23.5,4.6,18.9,CRITICAL,1,SYNTHETIC EMERGENCY V2X
EMG-EVT-007686,AMB-04,AMBULANCE,5.9,0.27,12,57.0,20.6,7.6,13.0,CRITICAL,1,SYNTHETIC EMERGENCY V2X
EMG-EVT-007687,FIRE-04,FIRE_TRUCK,9.3,0.65,19,34.2,39.1,12.0,27.1,CRITICAL,1,SYNTHETIC EMERGENCY V2X
EMG-EVT-007688,AMB-15,AMBULANCE,13.8,0.66,26,33.8,55.7,17.7,38.0,CRITICAL,1,SYNTHETIC EMERGENCY V2X
EMG-EVT-007689,AMB-17,AMBULANCE,13.5,0.34,27,47.5,49.5,17.4,32.1,CRITICAL,1,SYNTHETIC EMERGENCY V2X
EMG-EVT-007690,AMB-15,AMBULANCE,5.5,0.27,11,54.0,19.3,7.1,12.2,CRITICAL,1,SYNTHETIC EMERGENCY V2X
EMG-EVT-007691,AMB-04,AMBULANCE,11.2,0.71,20,25.0,50.9,14.2,36.7,CRITICAL,1,SYNTHETIC EMERGENCY V2X
EMG-EVT-007692,AMB-01,AMBULANCE,8.9,0.76,17,31.3,37.5,11.4,26.1,CRITICAL,1,SYNTHETIC EMERGENCY V2X
EMG-EVT-007693,AMB-07,AMBULANCE,10.0,0.97,21,16.2,62.2,13.0,49.2,CRITICAL,1,SYNTHETIC EMERGENCY V2X
EMG-EVT-007694,AMB-19,AMBULANCE,14.3,0.22,26,63.2,44.8,18.2,26.6,CRITICAL,1,SYNTHETIC EMERGENCY V2X
EMG-EVT-007695,FIRE-10,FIRE_TRUCK,13.4,0.28,24,52.1,44.2,17.0,27.2,CRITICAL,1,SYNTHETIC EMERGENCY V2X
EMG-EVT-007696,POL-04,POLICE,11.7,0.92,22,12.6,82.1,15.0,67.1,CRITICAL,1,SYNTHETIC EMERGENCY V2X
EMG-EVT-007697,POL-10,POLICE,12.6,0.9,25,17.0,74.5,16.2,58.3,CRITICAL,1,SYNTHETIC EMERGENCY V2X
EMG-EVT-007698,AMB-17,AMBULANCE,13.5,0.29,26,55.5,45.8,17.3,28.5,CRITICAL,1,SYNTHETIC EMERGENCY V2X
EMG-EVT-007699,AMB-03,AMBULANCE,11.3,0.77,20,21.1,56.1,14.3,41.8,CRITICAL,1,SYNTHETIC EMERGENCY V2X
EMG-EVT-007700,FIRE-04,FIRE_TRUCK,12.1,0.31,21,48.7,40.1,15.3,24.8,CRITICAL,1,SYNTHETIC EMERGENCY V2X
EMG-EVT-007701,AMB-06,AMBULANCE,7.9,0.76,17,22.8,41.2,10.3,30.9,CRITICAL,1,SYNTHETIC EMERGENCY V2X
EMG-EVT-007702,FIRE-01,FIRE_TRUCK,6.7,0.47,15,46.0,26.7,8.8,17.9,CRITICAL,1,SYNTHETIC EMERGENCY V2X
EMG-EVT-007703,POL-06,POLICE,4.5,0.92,9,21.1,23.6,5.8,17.8,CRITICAL,1,SYNTHETIC EMERGENCY V2X
EMG-EVT-007704,AMB-16,AMBULANCE,14.1,0.69,27,25.7,65.3,18.1,47.2,CRITICAL,1,SYNTHETIC EMERGENCY V2X
EMG-EVT-007705,FIRE-04,FIRE_TRUCK,3.7,0.91,6,18.6,19.1,4.6,14.5,CRITICAL,1,SYNTHETIC EMERGENCY V2X
EMG-EVT-007706,AMB-04,AMBULANCE,13.9,0.7,27,34.2,56.8,17.9,38.9,CRITICAL,1,SYNTHETIC EMERGENCY V2X
EMG-EVT-007707,FIRE-09,FIRE_TRUCK,15.2,0.84,28,25.9,68.8,19.4,49.4,CRITICAL,1,SYNTHETIC EMERGENCY V2X
EMG-EVT-007708,FIRE-01,FIRE_TRUCK,3.4,0.6,9,39.0,16.0,4.6,11.4,CRITICAL,1,SYNTHETIC EMERGENCY V2X
EMG-EVT-007709,POL-07,POLICE,7.7,0.93,13,13.0,51.1,9.7,41.4,CRITICAL,1,SYNTHETIC EMERGENCY V2X
EMG-EVT-007710,POL-04,POLICE,2.8,0.34,6,48.3,10.7,3.7,7.0,HIGH,1,SYNTHETIC EMERGENCY V2X
EMG-EVT-007711,AMB-04,AMBULANCE,4.7,0.96,10,11.0,37.6,6.1,31.5,CRITICAL,1,SYNTHETIC EMERGENCY V2X
EMG-EVT-007712,AMB-01,AMBULANCE,3.0,0.37,8,48.5,13.3,4.1,9.2,CRITICAL,1,SYNTHETIC EMERGENCY V2X
EMG-EVT-007713,AMB-09,AMBULANCE,9.0,0.83,16,22.4,43.3,11.4,31.9,CRITICAL,1,SYNTHETIC EMERGENCY V2X
EMG-EVT-007714,AMB-16,AMBULANCE,3.0,0.72,5,24.1,13.5,3.8,9.7,CRITICAL,1,SYNTHETIC EMERGENCY V2X
EMG-EVT-007715,AMB-03,AMBULANCE,3.6,0.97,8,12.5,26.9,4.7,22.2,CRITICAL,1,SYNTHETIC EMERGENCY V2X
EMG-EVT-007716,AMB-12,AMBULANCE,10.7,0.44,20,48.5,37.2,13.7,23.5,CRITICAL,1,SYNTHETIC EMERGENCY V2X
EMG-EVT-007717,AMB-11,AMBULANCE,11.0,0.22,20,57.7,35.4,14.0,21.4,CRITICAL,1,SYNTHETIC EMERGENCY V2X
EMG-EVT-007718,FIRE-01,FIRE_TRUCK,5.3,0.81,10,25.3,24.6,6.8,17.8,CRITICAL,1,SYNTHETIC EMERGENCY V2X
EMG-EVT-007719,FIRE-07,FIRE_TRUCK,9.1,0.42,16,50.5,30.0,11.5,18.5,CRITICAL,1,SYNTHETIC EMERGENCY V2X
EMG-EVT-007720,AMB-07,AMBULANCE,9.9,0.35,17,47.2,33.0,12.5,20.5,CRITICAL,1,SYNTHETIC EMERGENCY V2X
EMG-EVT-007721,AMB-18,AMBULANCE,12.7,0.8,24,19.3,68.3,16.3,52.0,CRITICAL,1,SYNTHETIC EMERGENCY V2X
EMG-EVT-007722,AMB-17,AMBULANCE,15.4,0.61,27,33.0,60.4,19.5,40.9,CRITICAL,1,SYNTHETIC EMERGENCY V2X
EMG-EVT-007723,AMB-12,AMBULANCE,15.8,0.69,29,30.8,65.6,20.1,45.5,CRITICAL,1,SYNTHETIC EMERGENCY V2X
EMG-EVT-007724,AMB-18,AMBULANCE,6.2,0.96,11,10.0,50.4,7.9,42.5,CRITICAL,1,SYNTHETIC EMERGENCY V2X
EMG-EVT-007725,AMB-14,AMBULANCE,5.7,0.61,11,32.6,23.7,7.3,16.4,CRITICAL,1,SYNTHETIC EMERGENCY V2X
EMG-EVT-007726,AMB-03,AMBULANCE,9.4,0.73,18,24.2,44.9,12.1,32.8,CRITICAL,1,SYNTHETIC EMERGENCY V2X
EMG-EVT-007727,FIRE-10,FIRE_TRUCK,11.3,0.55,20,38.9,41.4,14.3,27.1,CRITICAL,1,SYNTHETIC EMERGENCY V2X
EMG-EVT-007728,AMB-06,AMBULANCE,4.4,0.93,9,15.2,28.2,5.7,22.5,CRITICAL,1,SYNTHETIC EMERGENCY V2X
EMG-EVT-007729,AMB-13,AMBULANCE,11.1,0.72,19,28.7,46.0,14.0,32.0,CRITICAL,1,SYNTHETIC EMERGENCY V2X
EMG-EVT-007730,AMB-11,AMBULANCE,10.7,0.52,20,41.2,39.6,13.7,25.9,CRITICAL,1,SYNTHETIC EMERGENCY V2X
EMG-EVT-007731,POL-07,POLICE,5.5,0.67,11,30.6,24.0,7.1,16.9,CRITICAL,1,SYNTHETIC EMERGENCY V2X
EMG-EVT-007732,AMB-06,AMBULANCE,9.1,0.24,18,54.1,31.7,11.7,20.0,CRITICAL,1,SYNTHETIC EMERGENCY V2X
EMG-EVT-007733,AMB-14,AMBULANCE,14.8,0.25,26,56.8,46.8,18.7,28.1,CRITICAL,1,SYNTHETIC EMERGENCY V2X
EMG-EVT-007734,AMB-10,AMBULANCE,8.5,0.32,15,50.2,28.2,10.8,17.4,CRITICAL,1,SYNTHETIC EMERGENCY V2X
EMG-EVT-007735,FIRE-08,FIRE_TRUCK,2.4,0.77,5,25.9,11.6,3.1,8.5,HIGH,1,SYNTHETIC EMERGENCY V2X
EMG-EVT-007736,AMB-08,AMBULANCE,9.1,0.24,17,55.5,30.2,11.6,18.6,CRITICAL,1,SYNTHETIC EMERGENCY V2X
EMG-EVT-007737,FIRE-01,FIRE_TRUCK,9.3,0.81,19,27.2,43.3,12.0,31.3,CRITICAL,1,SYNTHETIC EMERGENCY V2X
EMG-EVT-007738,AMB-04,AMBULANCE,15.8,0.9,31,16.2,95.7,20.3,75.4,CRITICAL,1,SYNTHETIC EMERGENCY V2X
EMG-EVT-007739,AMB-01,AMBULANCE,14.2,0.9,25,22.9,67.2,18.0,49.2,CRITICAL,1,SYNTHETIC EMERGENCY V2X
EMG-EVT-007740,AMB-01,AMBULANCE,13.2,0.73,26,25.7,62.0,17.0,45.0,CRITICAL,1,SYNTHETIC EMERGENCY V2X
EMG-EVT-007741,POL-06,POLICE,8.9,0.52,19,38.6,36.6,11.6,25.0,CRITICAL,1,SYNTHETIC EMERGENCY V2X
EMG-EVT-007742,FIRE-10,FIRE_TRUCK,15.7,0.49,28,37.7,58.6,19.9,38.7,CRITICAL,1,SYNTHETIC EMERGENCY V2X
EMG-EVT-007743,FIRE-04,FIRE_TRUCK,14.0,0.32,26,53.7,46.8,17.9,28.9,CRITICAL,1,SYNTHETIC EMERGENCY V2X
EMG-EVT-007744,AMB-20,AMBULANCE,5.2,0.89,12,17.0,32.8,6.9,25.9,CRITICAL,1,SYNTHETIC EMERGENCY V2X
EMG-EVT-007745,AMB-06,AMBULANCE,14.0,0.39,27,51.2,48.8,18.0,30.8,CRITICAL,1,SYNTHETIC EMERGENCY V2X
EMG-EVT-007746,FIRE-09,FIRE_TRUCK,12.0,0.83,23,27.1,54.2,15.4,38.8,CRITICAL,1,SYNTHETIC EMERGENCY V2X
EMG-EVT-007747,FIRE-04,FIRE_TRUCK,4.1,0.22,10,58.0,16.2,5.5,10.7,CRITICAL,1,SYNTHETIC EMERGENCY V2X
EMG-EVT-007748,FIRE-04,FIRE_TRUCK,8.9,0.5,17,46.0,32.0,11.4,20.6,CRITICAL,1,SYNTHETIC EMERGENCY V2X
EMG-EVT-007749,AMB-17,AMBULANCE,9.0,0.7,18,34.4,37.3,11.6,25.7,CRITICAL,1,SYNTHETIC EMERGENCY V2X
EMG-EVT-007750,POL-01,POLICE,12.7,0.81,23,20.3,65.1,16.2,48.9,CRITICAL,1,SYNTHETIC EMERGENCY V2X
EMG-EVT-007751,AMB-01,AMBULANCE,15.0,0.55,30,41.0,58.0,19.4,38.6,CRITICAL,1,SYNTHETIC EMERGENCY V2X
EMG-EVT-007752,FIRE-07,FIRE_TRUCK,14.3,0.91,25,17.4,79.3,18.1,61.2,CRITICAL,1,SYNTHETIC EMERGENCY V2X
EMG-EVT-007753,FIRE-10,FIRE_TRUCK,12.4,0.52,24,44.2,45.6,15.9,29.7,CRITICAL,1,SYNTHETIC EMERGENCY V2X
EMG-EVT-007754,AMB-09,AMBULANCE,11.9,0.92,23,18.7,65.8,15.3,50.5,CRITICAL,1,SYNTHETIC EMERGENCY V2X
EMG-EVT-007755,AMB-16,AMBULANCE,10.2,0.67,18,29.5,42.3,12.9,29.4,CRITICAL,1,SYNTHETIC EMERGENCY V2X
EMG-EVT-007756,AMB-20,AMBULANCE,8.0,0.88,16,22.3,40.7,10.3,30.4,CRITICAL,1,SYNTHETIC EMERGENCY V2X
EMG-EVT-007757,AMB-10,AMBULANCE,15.1,0.55,27,42.1,53.9,19.2,34.7,CRITICAL,1,SYNTHETIC EMERGENCY V2X
EMG-EVT-007758,POL-04,POLICE,5.5,0.74,12,26.6,26.8,7.2,19.6,CRITICAL,1,SYNTHETIC EMERGENCY V2X
EMG-EVT-007759,FIRE-01,FIRE_TRUCK,2.3,0.21,7,63.6,10.6,3.2,7.4,HIGH,1,SYNTHETIC EMERGENCY V2X
EMG-EVT-007760,POL-01,POLICE,9.9,0.28,17,56.4,30.9,12.5,18.4,CRITICAL,1,SYNTHETIC EMERGENCY V2X
EMG-EVT-007761,FIRE-09,FIRE_TRUCK,6.5,0.3,14,53.3,24.1,8.5,15.6,CRITICAL,1,SYNTHETIC EMERGENCY V2X
EMG-EVT-007762,AMB-16,AMBULANCE,15.0,0.76,29,25.2,70.5,19.3,51.2,CRITICAL,1,SYNTHETIC EMERGENCY V2X
EMG-EVT-007763,AMB-09,AMBULANCE,10.0,0.5,21,39.1,40.5,13.0,27.5,CRITICAL,1,SYNTHETIC EMERGENCY V2X
EMG-EVT-007764,AMB-06,AMBULANCE,13.0,0.51,23,45.2,44.9,16.5,28.4,CRITICAL,1,SYNTHETIC EMERGENCY V2X
EMG-EVT-007765,AMB-15,AMBULANCE,10.4,0.25,20,53.1,35.8,13.3,22.5,CRITICAL,1,SYNTHETIC EMERGENCY V2X
EMG-EVT-007766,AMB-12,AMBULANCE,12.4,0.65,22,33.6,48.5,15.7,32.8,CRITICAL,1,SYNTHETIC EMERGENCY V2X
EMG-EVT-007767,AMB-03,AMBULANCE,11.9,0.48,24,41.9,45.8,15.4,30.4,CRITICAL,1,SYNTHETIC EMERGENCY V2X
EMG-EVT-007768,FIRE-06,FIRE_TRUCK,15.6,0.83,29,21.0,79.4,19.9,59.5,CRITICAL,1,SYNTHETIC EMERGENCY V2X
EMG-EVT-007769,FIRE-03,FIRE_TRUCK,4.5,0.24,8,53.1,14.7,5.7,9.0,CRITICAL,1,SYNTHETIC EMERGENCY V2X
EMG-EVT-007770,AMB-08,AMBULANCE,2.0,0.81,4,27.7,9.1,2.6,6.5,CRITICAL,1,SYNTHETIC EMERGENCY V2X
EMG-EVT-007771,AMB-08,AMBULANCE,9.8,0.82,19,25.8,45.6,12.6,33.0,CRITICAL,1,SYNTHETIC EMERGENCY V2X
EMG-EVT-007772,AMB-14,AMBULANCE,8.0,0.75,15,28.4,34.9,10.2,24.7,CRITICAL,1,SYNTHETIC EMERGENCY V2X
EMG-EVT-007773,FIRE-01,FIRE_TRUCK,12.5,0.58,24,40.4,47.4,16.0,31.4,CRITICAL,1,SYNTHETIC EMERGENCY V2X
EMG-EVT-007774,AMB-17,AMBULANCE,6.3,0.9,12,18.4,34.9,8.1,26.8,CRITICAL,1,SYNTHETIC EMERGENCY V2X
EMG-EVT-007775,FIRE-09,FIRE_TRUCK,12.0,0.79,21,20.2,60.8,15.2,45.6,CRITICAL,1,SYNTHETIC EMERGENCY V2X
EMG-EVT-007776,AMB-11,AMBULANCE,8.5,0.65,15,37.8,31.5,10.8,20.7,CRITICAL,1,SYNTHETIC EMERGENCY V2X
EMG-EVT-007777,AMB-13,AMBULANCE,8.1,0.24,16,60.2,27.3,10.4,16.9,CRITICAL,1,SYNTHETIC EMERGENCY V2X
EMG-EVT-007778,FIRE-04,FIRE_TRUCK,11.8,0.92,22,21.4,59.5,15.1,44.4,CRITICAL,1,SYNTHETIC EMERGENCY V2X
EMG-EVT-007779,POL-01,POLICE,5.0,0.94,11,17.4,30.4,6.6,23.8,CRITICAL,1,SYNTHETIC EMERGENCY V2X
EMG-EVT-007780,FIRE-05,FIRE_TRUCK,13.0,0.56,26,35.8,53.0,16.8,36.2,CRITICAL,1,SYNTHETIC EMERGENCY V2X
EMG-EVT-007781,FIRE-03,FIRE_TRUCK,7.0,0.31,14,56.7,24.2,9.0,15.2,CRITICAL,1,SYNTHETIC EMERGENCY V2X
EMG-EVT-007782,AMB-15,AMBULANCE,2.5,0.5,4,44.9,8.1,3.1,5.0,CRITICAL,1,SYNTHETIC EMERGENCY V2X
EMG-EVT-007783,AMB-05,AMBULANCE,7.9,0.22,17,63.2,27.9,10.3,17.6,CRITICAL,1,SYNTHETIC EMERGENCY V2X
EMG-EVT-007784,FIRE-03,FIRE_TRUCK,9.0,0.57,17,41.2,33.5,11.5,22.0,CRITICAL,1,SYNTHETIC EMERGENCY V2X
EMG-EVT-007785,AMB-17,AMBULANCE,8.9,0.79,19,20.5,48.8,11.6,37.2,CRITICAL,1,SYNTHETIC EMERGENCY V2X
EMG-EVT-007786,AMB-10,AMBULANCE,12.6,0.55,24,40.6,47.4,16.1,31.3,CRITICAL,1,SYNTHETIC EMERGENCY V2X
EMG-EVT-007787,AMB-16,AMBULANCE,8.4,0.28,15,58.4,26.6,10.7,15.9,CRITICAL,1,SYNTHETIC EMERGENCY V2X
EMG-EVT-007788,AMB-05,AMBULANCE,13.7,0.52,27,45.2,50.6,17.6,33.0,CRITICAL,1,SYNTHETIC EMERGENCY V2X
EMG-EVT-007789,AMB-03,AMBULANCE,9.2,0.38,17,44.9,32.7,11.7,21.0,CRITICAL,1,SYNTHETIC EMERGENCY V2X
EMG-EVT-007790,AMB-08,AMBULANCE,6.5,0.27,14,60.5,23.2,8.5,14.7,CRITICAL,1,SYNTHETIC EMERGENCY V2X
EMG-EVT-007791,AMB-05,AMBULANCE,5.4,0.21,9,60.7,16.1,6.8,9.3,CRITICAL,1,SYNTHETIC EMERGENCY V2X
EMG-EVT-007792,POL-03,POLICE,14.0,0.89,27,17.4,80.7,18.0,62.7,CRITICAL,1,SYNTHETIC EMERGENCY V2X
EMG-EVT-007793,AMB-07,AMBULANCE,13.2,0.31,23,49.5,43.6,16.7,26.9,CRITICAL,1,SYNTHETIC EMERGENCY V2X
EMG-EVT-007794,AMB-04,AMBULANCE,4.0,0.43,10,48.3,17.0,5.4,11.6,CRITICAL,1,SYNTHETIC EMERGENCY V2X
EMG-EVT-007795,FIRE-04,FIRE_TRUCK,4.7,0.44,8,46.5,15.7,5.9,9.8,CRITICAL,1,SYNTHETIC EMERGENCY V2X
EMG-EVT-007796,POL-02,POLICE,2.6,0.97,7,15.7,18.3,3.5,14.8,CRITICAL,1,SYNTHETIC EMERGENCY V2X
EMG-EVT-007797,AMB-18,AMBULANCE,11.9,0.45,22,48.2,41.2,15.2,26.0,CRITICAL,1,SYNTHETIC EMERGENCY V2X
EMG-EVT-007798,AMB-14,AMBULANCE,10.7,0.32,21,57.1,36.4,13.8,22.6,CRITICAL,1,SYNTHETIC EMERGENCY V2X
EMG-EVT-007799,AMB-19,AMBULANCE,7.5,0.82,14,26.7,33.7,9.6,24.1,CRITICAL,1,SYNTHETIC EMERGENCY V2X
EMG-EVT-007800,AMB-06,AMBULANCE,2.3,0.5,5,46.4,9.0,3.0,6.0,CRITICAL,1,SYNTHETIC EMERGENCY V2X
EMG-EVT-007801,AMB-01,AMBULANCE,8.7,0.52,15,43.7,29.9,11.0,18.9,CRITICAL,1,SYNTHETIC EMERGENCY V2X
EMG-EVT-007802,AMB-07,AMBULANCE,9.7,0.92,19,19.8,52.2,12.5,39.7,CRITICAL,1,SYNTHETIC EMERGENCY V2X
EMG-EVT-007803,AMB-19,AMBULANCE,14.3,0.43,28,45.1,52.6,18.4,34.2,CRITICAL,1,SYNTHETIC EMERGENCY V2X
EMG-EVT-007804,AMB-04,AMBULANCE,14.9,0.36,29,54.1,51.3,19.2,32.1,CRITICAL,1,SYNTHETIC EMERGENCY V2X
EMG-EVT-007805,AMB-02,AMBULANCE,3.6,0.31,9,49.1,15.2,4.8,10.4,CRITICAL,1,SYNTHETIC EMERGENCY V2X
EMG-EVT-007806,POL-09,POLICE,8.9,0.42,17,41.9,33.1,11.4,21.7,CRITICAL,1,SYNTHETIC EMERGENCY V2X
EMG-EVT-007807,AMB-02,AMBULANCE,3.3,0.79,6,27.6,14.4,4.2,10.2,CRITICAL,1,SYNTHETIC EMERGENCY V2X
EMG-EVT-007808,POL-08,POLICE,6.3,0.41,14,51.9,24.1,8.3,15.8,CRITICAL,1,SYNTHETIC EMERGENCY V2X
EMG-EVT-007809,AMB-17,AMBULANCE,9.1,0.34,17,56.5,30.1,11.6,18.5,CRITICAL,1,SYNTHETIC EMERGENCY V2X
EMG-EVT-007810,POL-10,POLICE,4.4,0.29,10,50.5,17.2,5.8,11.4,CRITICAL,1,SYNTHETIC EMERGENCY V2X
EMG-EVT-007811,AMB-02,AMBULANCE,6.5,0.22,13,56.2,22.5,8.4,14.1,CRITICAL,1,SYNTHETIC EMERGENCY V2X
EMG-EVT-007812,AMB-16,AMBULANCE,9.4,0.78,17,25.9,42.2,12.0,30.2,CRITICAL,1,SYNTHETIC EMERGENCY V2X
EMG-EVT-007813,POL-06,POLICE,12.0,0.72,22,32.2,48.8,15.3,33.5,CRITICAL,1,SYNTHETIC EMERGENCY V2X
EMG-EVT-007814,AMB-14,AMBULANCE,14.0,0.44,25,49.8,46.9,17.8,29.1,CRITICAL,1,SYNTHETIC EMERGENCY V2X
EMG-EVT-007815,AMB-11,AMBULANCE,5.6,0.72,13,25.2,28.9,7.4,21.5,CRITICAL,1,SYNTHETIC EMERGENCY V2X
EMG-EVT-007816,AMB-11,AMBULANCE,3.5,0.37,8,54.3,13.5,4.6,8.9,CRITICAL,1,SYNTHETIC EMERGENCY V2X
EMG-EVT-007817,AMB-06,AMBULANCE,15.7,0.65,31,31.8,66.8,20.2,46.6,CRITICAL,1,SYNTHETIC EMERGENCY V2X
EMG-EVT-007818,AMB-03,AMBULANCE,2.6,0.38,7,46.9,11.7,3.5,8.2,CRITICAL,1,SYNTHETIC EMERGENCY V2X
EMG-EVT-007819,AMB-20,AMBULANCE,13.7,0.48,26,47.2,48.6,17.5,31.1,CRITICAL,1,SYNTHETIC EMERGENCY V2X
EMG-EVT-007820,FIRE-07,FIRE_TRUCK,3.7,0.61,8,39.2,15.3,4.8,10.5,CRITICAL,1,SYNTHETIC EMERGENCY V2X
EMG-EVT-007821,AMB-04,AMBULANCE,14.1,0.81,26,20.9,71.7,18.0,53.7,CRITICAL,1,SYNTHETIC EMERGENCY V2X
EMG-EVT-007822,AMB-07,AMBULANCE,12.7,0.9,22,14.1,80.4,16.1,64.3,CRITICAL,1,SYNTHETIC EMERGENCY V2X
EMG-EVT-007823,AMB-05,AMBULANCE,10.1,0.46,18,48.4,34.1,12.8,21.3,CRITICAL,1,SYNTHETIC EMERGENCY V2X
EMG-EVT-007824,AMB-05,AMBULANCE,6.3,0.88,13,20.5,34.0,8.2,25.8,CRITICAL,1,SYNTHETIC EMERGENCY V2X
EMG-EVT-007825,FIRE-07,FIRE_TRUCK,8.5,0.7,17,31.5,36.6,11.0,25.6,CRITICAL,1,SYNTHETIC EMERGENCY V2X
EMG-EVT-007826,AMB-17,AMBULANCE,11.1,0.45,21,47.2,39.3,14.2,25.1,CRITICAL,1,SYNTHETIC EMERGENCY V2X
EMG-EVT-007827,AMB-12,AMBULANCE,4.6,0.24,8,54.8,14.6,5.8,8.8,CRITICAL,1,SYNTHETIC EMERGENCY V2X
EMG-EVT-007828,AMB-09,AMBULANCE,1.7,0.96,4,19.1,10.1,2.3,7.8,CRITICAL,1,SYNTHETIC EMERGENCY V2X
EMG-EVT-007829,AMB-19,AMBULANCE,5.4,0.38,11,50.7,19.6,7.0,12.6,CRITICAL,1,SYNTHETIC EMERGENCY V2X
EMG-EVT-007830,AMB-05,AMBULANCE,1.5,0.83,3,17.3,8.8,2.0,6.8,CRITICAL,1,SYNTHETIC EMERGENCY V2X
EMG-EVT-007831,AMB-12,AMBULANCE,15.6,0.33,31,50.9,55.6,20.1,35.5,CRITICAL,1,SYNTHETIC EMERGENCY V2X
EMG-EVT-007832,POL-05,POLICE,9.3,0.91,18,18.3,52.1,11.9,40.2,CRITICAL,1,SYNTHETIC EMERGENCY V2X
EMG-EVT-007833,AMB-04,AMBULANCE,5.6,0.38,10,50.8,18.6,7.1,11.5,CRITICAL,1,SYNTHETIC EMERGENCY V2X
EMG-EVT-007834,AMB-06,AMBULANCE,1.7,0.74,6,25.6,11.2,2.5,8.7,CRITICAL,1,SYNTHETIC EMERGENCY V2X
EMG-EVT-007835,AMB-14,AMBULANCE,11.2,0.95,21,10.4,89.8,14.3,75.5,CRITICAL,1,SYNTHETIC EMERGENCY V2X
EMG-EVT-007836,AMB-19,AMBULANCE,7.0,0.4,14,44.7,26.2,9.0,17.2,CRITICAL,1,SYNTHETIC EMERGENCY V2X
EMG-EVT-007837,AMB-15,AMBULANCE,9.5,0.61,20,37.8,39.1,12.4,26.7,CRITICAL,1,SYNTHETIC EMERGENCY V2X
EMG-EVT-007838,AMB-08,AMBULANCE,14.1,0.37,28,47.4,51.4,18.2,33.2,CRITICAL,1,SYNTHETIC EMERGENCY V2X
EMG-EVT-007839,AMB-10,AMBULANCE,2.3,0.42,4,41.9,8.1,2.9,5.2,CRITICAL,1,SYNTHETIC EMERGENCY V2X
EMG-EVT-007840,FIRE-03,FIRE_TRUCK,12.6,0.97,23,17.8,70.1,16.0,54.1,CRITICAL,1,SYNTHETIC EMERGENCY V2X
EMG-EVT-007841,AMB-15,AMBULANCE,4.3,0.26,8,55.3,14.3,5.5,8.8,CRITICAL,1,SYNTHETIC EMERGENCY V2X
EMG-EVT-007842,POL-08,POLICE,10.4,0.66,18,30.1,42.3,13.1,29.2,CRITICAL,1,SYNTHETIC EMERGENCY V2X
EMG-EVT-007843,AMB-02,AMBULANCE,11.6,0.44,20,40.8,41.1,14.7,26.4,CRITICAL,1,SYNTHETIC EMERGENCY V2X
EMG-EVT-007844,AMB-08,AMBULANCE,14.2,0.22,27,63.5,45.8,18.2,27.6,CRITICAL,1,SYNTHETIC EMERGENCY V2X
EMG-EVT-007845,AMB-11,AMBULANCE,13.9,0.42,25,49.7,46.8,17.7,29.1,CRITICAL,1,SYNTHETIC EMERGENCY V2X
EMG-EVT-007846,AMB-05,AMBULANCE,9.8,0.88,18,21.6,48.8,12.5,36.3,CRITICAL,1,SYNTHETIC EMERGENCY V2X
EMG-EVT-007847,AMB-08,AMBULANCE,3.8,0.3,6,54.1,11.4,4.7,6.7,CRITICAL,1,SYNTHETIC EMERGENCY V2X
EMG-EVT-007848,POL-06,POLICE,4.1,0.85,9,22.0,22.0,5.4,16.6,CRITICAL,1,SYNTHETIC EMERGENCY V2X
EMG-EVT-007849,AMB-03,AMBULANCE,12.1,0.81,24,22.0,61.8,15.6,46.2,CRITICAL,1,SYNTHETIC EMERGENCY V2X
EMG-EVT-007850,AMB-02,AMBULANCE,8.7,0.37,16,53.1,29.0,11.1,17.9,CRITICAL,1,SYNTHETIC EMERGENCY V2X
EMG-EVT-007851,AMB-07,AMBULANCE,5.8,0.86,11,20.2,30.4,7.4,23.0,CRITICAL,1,SYNTHETIC EMERGENCY V2X
EMG-EVT-007852,AMB-08,AMBULANCE,13.6,0.89,25,22.1,66.9,17.3,49.6,CRITICAL,1,SYNTHETIC EMERGENCY V2X
EMG-EVT-007853,AMB-02,AMBULANCE,3.3,0.24,6,55.7,10.8,4.2,6.6,CRITICAL,1,SYNTHETIC EMERGENCY V2X
EMG-EVT-007854,AMB-20,AMBULANCE,8.0,0.54,17,36.0,33.7,10.4,23.3,CRITICAL,1,SYNTHETIC EMERGENCY V2X
EMG-EVT-007855,FIRE-08,FIRE_TRUCK,7.0,0.81,15,19.4,39.6,9.1,30.5,CRITICAL,1,SYNTHETIC EMERGENCY V2X
EMG-EVT-007856,AMB-06,AMBULANCE,3.8,0.63,6,34.9,13.7,4.7,9.0,CRITICAL,1,SYNTHETIC EMERGENCY V2X
EMG-EVT-007857,FIRE-07,FIRE_TRUCK,12.6,0.56,25,40.3,48.8,16.2,32.6,CRITICAL,1,SYNTHETIC EMERGENCY V2X
EMG-EVT-007858,AMB-09,AMBULANCE,8.7,0.81,17,19.2,47.6,11.2,36.4,CRITICAL,1,SYNTHETIC EMERGENCY V2X
EMG-EVT-007859,AMB-02,AMBULANCE,10.8,0.9,22,14.5,71.1,14.0,57.1,CRITICAL,1,SYNTHETIC EMERGENCY V2X
EMG-EVT-007860,AMB-02,AMBULANCE,5.4,0.72,10,26.9,24.0,6.9,17.1,CRITICAL,1,SYNTHETIC EMERGENCY V2X
EMG-EVT-007861,FIRE-05,FIRE_TRUCK,4.5,0.76,11,27.8,22.9,6.0,16.9,CRITICAL,1,SYNTHETIC EMERGENCY V2X
EMG-EVT-007862,POL-04,POLICE,6.4,0.49,14,44.8,25.4,8.4,17.0,CRITICAL,1,SYNTHETIC EMERGENCY V2X
EMG-EVT-007863,FIRE-10,FIRE_TRUCK,2.1,0.25,3,57.3,5.8,2.6,3.2,HIGH,1,SYNTHETIC EMERGENCY V2X
EMG-EVT-007864,AMB-09,AMBULANCE,5.5,0.57,10,38.3,20.6,7.0,13.6,CRITICAL,1,SYNTHETIC EMERGENCY V2X
EMG-EVT-007865,AMB-14,AMBULANCE,5.6,0.9,12,22.8,29.1,7.3,21.8,CRITICAL,1,SYNTHETIC EMERGENCY V2X
EMG-EVT-007866,AMB-07,AMBULANCE,10.0,0.76,21,26.4,47.9,13.0,34.9,CRITICAL,1,SYNTHETIC EMERGENCY V2X
EMG-EVT-007867,AMB-12,AMBULANCE,8.9,0.26,18,52.1,31.8,11.5,20.3,CRITICAL,1,SYNTHETIC EMERGENCY V2X
EMG-EVT-007868,AMB-19,AMBULANCE,5.7,0.56,12,34.2,24.4,7.4,17.0,CRITICAL,1,SYNTHETIC EMERGENCY V2X
EMG-EVT-007869,AMB-17,AMBULANCE,3.1,0.75,5,23.7,13.8,3.9,9.9,CRITICAL,1,SYNTHETIC EMERGENCY V2X
EMG-EVT-007870,AMB-01,AMBULANCE,14.3,0.69,27,35.1,56.8,18.3,38.5,CRITICAL,1,SYNTHETIC EMERGENCY V2X
EMG-EVT-007871,FIRE-06,FIRE_TRUCK,9.1,0.21,17,59.7,29.5,11.6,17.9,CRITICAL,1,SYNTHETIC EMERGENCY V2X
EMG-EVT-007872,AMB-18,AMBULANCE,8.2,0.76,14,28.7,33.9,10.3,23.6,CRITICAL,1,SYNTHETIC EMERGENCY V2X
EMG-EVT-007873,AMB-09,AMBULANCE,11.8,0.8,21,25.1,53.4,15.0,38.4,CRITICAL,1,SYNTHETIC EMERGENCY V2X
EMG-EVT-007874,AMB-07,AMBULANCE,9.2,0.38,17,45.6,32.5,11.7,20.8,CRITICAL,1,SYNTHETIC EMERGENCY V2X
EMG-EVT-007875,AMB-19,AMBULANCE,15.6,0.81,29,24.2,73.5,19.9,53.6,CRITICAL,1,SYNTHETIC EMERGENCY V2X
EMG-EVT-007876,FIRE-04,FIRE_TRUCK,13.2,0.93,25,11.6,98.3,16.9,81.4,CRITICAL,1,SYNTHETIC EMERGENCY V2X
EMG-EVT-007877,FIRE-09,FIRE_TRUCK,3.8,0.41,6,47.4,12.0,4.7,7.3,HIGH,1,SYNTHETIC EMERGENCY V2X
EMG-EVT-007878,AMB-02,AMBULANCE,4.2,0.97,10,17.5,26.4,5.6,20.8,CRITICAL,1,SYNTHETIC EMERGENCY V2X
EMG-EVT-007879,FIRE-01,FIRE_TRUCK,7.2,0.32,12,51.8,22.7,9.1,13.6,CRITICAL,1,SYNTHETIC EMERGENCY V2X
EMG-EVT-007880,AMB-02,AMBULANCE,9.4,0.25,16,57.1,29.1,11.9,17.2,CRITICAL,1,SYNTHETIC EMERGENCY V2X
EMG-EVT-007881,POL-01,POLICE,5.1,0.31,9,50.9,16.8,6.5,10.3,CRITICAL,1,SYNTHETIC EMERGENCY V2X
EMG-EVT-007882,AMB-05,AMBULANCE,6.8,0.24,15,55.2,25.4,8.9,16.5,CRITICAL,1,SYNTHETIC EMERGENCY V2X
EMG-EVT-007883,FIRE-07,FIRE_TRUCK,4.1,0.61,10,33.5,19.3,5.5,13.8,CRITICAL,1,SYNTHETIC EMERGENCY V2X
EMG-EVT-007884,AMB-05,AMBULANCE,11.1,0.78,19,27.1,47.4,14.0,33.4,CRITICAL,1,SYNTHETIC EMERGENCY V2X
EMG-EVT-007885,AMB-06,AMBULANCE,14.6,0.61,27,34.9,57.5,18.6,38.9,CRITICAL,1,SYNTHETIC EMERGENCY V2X
EMG-EVT-007886,FIRE-01,FIRE_TRUCK,9.8,0.78,17,22.1,47.0,12.4,34.6,CRITICAL,1,SYNTHETIC EMERGENCY V2X
EMG-EVT-007887,AMB-14,AMBULANCE,15.5,0.6,29,35.6,60.9,19.8,41.1,CRITICAL,1,SYNTHETIC EMERGENCY V2X
EMG-EVT-007888,AMB-12,AMBULANCE,3.2,0.76,6,30.0,13.6,4.1,9.5,CRITICAL,1,SYNTHETIC EMERGENCY V2X
EMG-EVT-007889,AMB-10,AMBULANCE,2.3,0.46,6,43.7,10.4,3.1,7.3,CRITICAL,1,SYNTHETIC EMERGENCY V2X
EMG-EVT-007890,AMB-01,AMBULANCE,14.6,0.5,28,43.8,53.6,18.7,34.9,CRITICAL,1,SYNTHETIC EMERGENCY V2X
EMG-EVT-007891,AMB-15,AMBULANCE,5.9,0.76,13,24.7,29.9,7.7,22.2,CRITICAL,1,SYNTHETIC EMERGENCY V2X
EMG-EVT-007892,FIRE-01,FIRE_TRUCK,5.0,0.63,10,32.6,21.2,6.5,14.7,CRITICAL,1,SYNTHETIC EMERGENCY V2X
EMG-EVT-007893,FIRE-06,FIRE_TRUCK,2.2,0.54,4,35.8,8.5,2.8,5.7,HIGH,1,SYNTHETIC EMERGENCY V2X
EMG-EVT-007894,AMB-20,AMBULANCE,2.9,0.68,7,29.3,14.3,3.9,10.4,CRITICAL,1,SYNTHETIC EMERGENCY V2X
EMG-EVT-007895,AMB-17,AMBULANCE,1.8,0.4,5,52.9,8.0,2.5,5.5,CRITICAL,1,SYNTHETIC EMERGENCY V2X
EMG-EVT-007896,AMB-20,AMBULANCE,11.1,0.37,22,48.3,40.2,14.3,25.9,CRITICAL,1,SYNTHETIC EMERGENCY V2X
EMG-EVT-007897,POL-02,POLICE,13.9,0.34,27,48.9,49.5,17.9,31.6,CRITICAL,1,SYNTHETIC EMERGENCY V2X
EMG-EVT-007898,AMB-07,AMBULANCE,12.6,0.7,22,30.6,51.1,15.9,35.2,CRITICAL,1,SYNTHETIC EMERGENCY V2X
EMG-EVT-007899,AMB-11,AMBULANCE,3.5,0.82,6,25.0,15.6,4.4,11.2,CRITICAL,1,SYNTHETIC EMERGENCY V2X
EMG-EVT-007900,AMB-11,AMBULANCE,6.4,0.21,13,55.2,22.6,8.3,14.3,CRITICAL,1,SYNTHETIC EMERGENCY V2X
EMG-EVT-007901,AMB-16,AMBULANCE,12.4,0.32,25,49.9,44.9,16.0,28.9,CRITICAL,1,SYNTHETIC EMERGENCY V2X
EMG-EVT-007902,FIRE-01,FIRE_TRUCK,1.6,0.93,2,11.9,10.5,2.0,8.5,HIGH,1,SYNTHETIC EMERGENCY V2X
EMG-EVT-007903,FIRE-09,FIRE_TRUCK,5.7,0.24,11,61.0,18.8,7.3,11.5,CRITICAL,1,SYNTHETIC EMERGENCY V2X
EMG-EVT-007904,FIRE-05,FIRE_TRUCK,3.0,0.25,5,52.7,9.4,3.8,5.6,HIGH,1,SYNTHETIC EMERGENCY V2X
EMG-EVT-007905,FIRE-01,FIRE_TRUCK,11.0,0.77,21,28.1,48.7,14.1,34.6,CRITICAL,1,SYNTHETIC EMERGENCY V2X
EMG-EVT-007906,AMB-20,AMBULANCE,7.3,0.73,13,31.1,29.7,9.3,20.4,CRITICAL,1,SYNTHETIC EMERGENCY V2X
EMG-EVT-007907,AMB-13,AMBULANCE,9.0,0.73,16,26.6,39.5,11.4,28.1,CRITICAL,1,SYNTHETIC EMERGENCY V2X
EMG-EVT-007908,AMB-13,AMBULANCE,2.5,0.24,4,54.5,7.6,3.1,4.5,CRITICAL,1,SYNTHETIC EMERGENCY V2X
EMG-EVT-007909,AMB-06,AMBULANCE,11.1,0.67,20,35.7,42.7,14.1,28.6,CRITICAL,1,SYNTHETIC EMERGENCY V2X
EMG-EVT-007910,AMB-03,AMBULANCE,8.1,0.37,15,53.7,27.1,10.3,16.8,CRITICAL,1,SYNTHETIC EMERGENCY V2X
EMG-EVT-007911,AMB-12,AMBULANCE,9.0,0.47,16,43.6,31.6,11.4,20.2,CRITICAL,1,SYNTHETIC EMERGENCY V2X
EMG-EVT-007912,AMB-04,AMBULANCE,15.5,0.88,30,22.8,76.8,19.9,56.9,CRITICAL,1,SYNTHETIC EMERGENCY V2X
EMG-EVT-007913,AMB-18,AMBULANCE,2.7,0.67,6,30.7,12.5,3.5,9.0,CRITICAL,1,SYNTHETIC EMERGENCY V2X
EMG-EVT-007914,FIRE-09,FIRE_TRUCK,1.9,0.66,5,30.0,9.8,2.6,7.2,HIGH,1,SYNTHETIC EMERGENCY V2X
EMG-EVT-007915,FIRE-09,FIRE_TRUCK,13.6,0.45,25,48.2,46.9,17.3,29.6,CRITICAL,1,SYNTHETIC EMERGENCY V2X
EMG-EVT-007916,AMB-14,AMBULANCE,11.7,0.44,21,50.2,39.2,14.9,24.3,CRITICAL,1,SYNTHETIC EMERGENCY V2X
EMG-EVT-007917,FIRE-09,FIRE_TRUCK,8.2,0.52,16,38.6,31.9,10.5,21.4,CRITICAL,1,SYNTHETIC EMERGENCY V2X
EMG-EVT-007918,FIRE-05,FIRE_TRUCK,12.6,0.3,22,58.8,39.3,15.9,23.4,CRITICAL,1,SYNTHETIC EMERGENCY V2X
EMG-EVT-007919,AMB-15,AMBULANCE,15.1,0.57,30,33.6,63.0,19.5,43.5,CRITICAL,1,SYNTHETIC EMERGENCY V2X
EMG-EVT-007920,AMB-06,AMBULANCE,10.2,0.35,20,48.0,36.8,13.1,23.7,CRITICAL,1,SYNTHETIC EMERGENCY V2X
EMG-EVT-007921,AMB-01,AMBULANCE,3.1,0.32,7,50.9,12.1,4.1,8.0,CRITICAL,1,SYNTHETIC EMERGENCY V2X
EMG-EVT-007922,AMB-15,AMBULANCE,10.6,0.57,19,41.2,38.2,13.5,24.7,CRITICAL,1,SYNTHETIC EMERGENCY V2X
EMG-EVT-007923,AMB-13,AMBULANCE,4.6,0.49,8,44.4,15.8,5.8,10.0,CRITICAL,1,SYNTHETIC EMERGENCY V2X
EMG-EVT-007924,AMB-16,AMBULANCE,13.7,0.42,25,42.6,49.3,17.4,31.9,CRITICAL,1,SYNTHETIC EMERGENCY V2X
EMG-EVT-007925,FIRE-08,FIRE_TRUCK,13.7,0.42,27,41.8,52.1,17.6,34.5,CRITICAL,1,SYNTHETIC EMERGENCY V2X
EMG-EVT-007926,AMB-10,AMBULANCE,7.6,0.53,13,44.2,25.9,9.6,16.3,CRITICAL,1,SYNTHETIC EMERGENCY V2X
EMG-EVT-007927,AMB-05,AMBULANCE,5.8,0.28,10,51.8,18.7,7.3,11.4,CRITICAL,1,SYNTHETIC EMERGENCY V2X
EMG-EVT-007928,AMB-02,AMBULANCE,9.9,0.55,18,36.9,37.7,12.6,25.1,CRITICAL,1,SYNTHETIC EMERGENCY V2X
EMG-EVT-007929,FIRE-09,FIRE_TRUCK,5.6,0.48,10,41.6,20.1,7.1,13.0,CRITICAL,1,SYNTHETIC EMERGENCY V2X
EMG-EVT-007930,POL-08,POLICE,11.8,0.75,23,30.3,51.0,15.2,35.8,CRITICAL,1,SYNTHETIC EMERGENCY V2X
EMG-EVT-007931,AMB-04,AMBULANCE,5.8,0.68,13,32.1,26.4,7.6,18.8,CRITICAL,1,SYNTHETIC EMERGENCY V2X
EMG-EVT-007932,AMB-13,AMBULANCE,12.2,0.42,24,45.9,44.7,15.7,29.0,CRITICAL,1,SYNTHETIC EMERGENCY V2X
EMG-EVT-007933,FIRE-05,FIRE_TRUCK,1.7,0.77,4,30.5,8.1,2.3,5.8,HIGH,1,SYNTHETIC EMERGENCY V2X
EMG-EVT-007934,AMB-06,AMBULANCE,5.0,0.85,10,24.3,24.3,6.5,17.8,CRITICAL,1,SYNTHETIC EMERGENCY V2X
EMG-EVT-007935,POL-04,POLICE,14.8,0.64,28,31.4,61.9,18.9,43.0,CRITICAL,1,SYNTHETIC EMERGENCY V2X
EMG-EVT-007936,AMB-10,AMBULANCE,12.2,0.73,23,31.6,50.8,15.6,35.2,CRITICAL,1,SYNTHETIC EMERGENCY V2X
EMG-EVT-007937,AMB-02,AMBULANCE,7.1,0.78,13,29.2,30.2,9.0,21.2,CRITICAL,1,SYNTHETIC EMERGENCY V2X
EMG-EVT-007938,FIRE-10,FIRE_TRUCK,12.5,0.97,25,18.4,70.8,16.1,54.7,CRITICAL,1,SYNTHETIC EMERGENCY V2X
EMG-EVT-007939,AMB-01,AMBULANCE,11.8,0.48,21,43.7,41.4,15.0,26.4,CRITICAL,1,SYNTHETIC EMERGENCY V2X
EMG-EVT-007940,AMB-17,AMBULANCE,1.6,0.73,5,31.6,9.0,2.2,6.8,CRITICAL,1,SYNTHETIC EMERGENCY V2X
EMG-EVT-007941,AMB-19,AMBULANCE,8.6,0.38,16,46.6,30.3,11.0,19.3,CRITICAL,1,SYNTHETIC EMERGENCY V2X
EMG-EVT-007942,AMB-19,AMBULANCE,8.2,0.22,17,58.2,28.9,10.6,18.3,CRITICAL,1,SYNTHETIC EMERGENCY V2X
EMG-EVT-007943,AMB-20,AMBULANCE,13.0,0.35,23,47.2,44.1,16.5,27.6,CRITICAL,1,SYNTHETIC EMERGENCY V2X
EMG-EVT-007944,AMB-10,AMBULANCE,13.7,0.62,25,34.8,53.6,17.4,36.2,CRITICAL,1,SYNTHETIC EMERGENCY V2X
EMG-EVT-007945,AMB-04,AMBULANCE,6.7,0.93,15,20.2,37.9,8.8,29.1,CRITICAL,1,SYNTHETIC EMERGENCY V2X
EMG-EVT-007946,POL-03,POLICE,5.9,0.37,13,46.1,23.3,7.7,15.6,CRITICAL,1,SYNTHETIC EMERGENCY V2X
EMG-EVT-007947,AMB-01,AMBULANCE,15.7,0.84,30,26.5,71.5,20.1,51.4,CRITICAL,1,SYNTHETIC EMERGENCY V2X
EMG-EVT-007948,FIRE-04,FIRE_TRUCK,13.6,0.93,26,18.1,76.3,17.4,58.9,CRITICAL,1,SYNTHETIC EMERGENCY V2X
EMG-EVT-007949,AMB-16,AMBULANCE,15.7,0.41,31,48.5,56.6,20.2,36.4,CRITICAL,1,SYNTHETIC EMERGENCY V2X
EMG-EVT-007950,AMB-16,AMBULANCE,11.5,0.81,21,24.9,52.9,14.6,38.3,CRITICAL,1,SYNTHETIC EMERGENCY V2X
EMG-EVT-007951,AMB-12,AMBULANCE,9.5,0.78,18,24.5,44.9,12.2,32.7,CRITICAL,1,SYNTHETIC EMERGENCY V2X
EMG-EVT-007952,AMB-02,AMBULANCE,11.9,0.58,23,39.3,45.8,15.3,30.5,CRITICAL,1,SYNTHETIC EMERGENCY V2X
EMG-EVT-007953,AMB-05,AMBULANCE,9.3,0.32,18,55.8,31.6,11.9,19.7,CRITICAL,1,SYNTHETIC EMERGENCY V2X
EMG-EVT-007954,AMB-19,AMBULANCE,7.2,0.74,13,30.5,29.8,9.2,20.6,CRITICAL,1,SYNTHETIC EMERGENCY V2X
EMG-EVT-007955,AMB-13,AMBULANCE,5.8,0.79,11,21.0,29.8,7.4,22.4,CRITICAL,1,SYNTHETIC EMERGENCY V2X
EMG-EVT-007956,AMB-13,AMBULANCE,15.9,0.23,31,60.7,52.9,20.4,32.5,CRITICAL,1,SYNTHETIC EMERGENCY V2X
EMG-EVT-007957,AMB-09,AMBULANCE,5.3,0.45,11,40.7,21.0,6.9,14.1,CRITICAL,1,SYNTHETIC EMERGENCY V2X
EMG-EVT-007958,AMB-14,AMBULANCE,8.0,0.83,14,18.4,42.9,10.1,32.8,CRITICAL,1,SYNTHETIC EMERGENCY V2X
EMG-EVT-007959,FIRE-01,FIRE_TRUCK,14.6,0.69,29,29.8,64.2,18.8,45.4,CRITICAL,1,SYNTHETIC EMERGENCY V2X
EMG-EVT-007960,FIRE-10,FIRE_TRUCK,1.6,0.95,3,10.6,12.7,2.0,10.7,CRITICAL,1,SYNTHETIC EMERGENCY V2X
EMG-EVT-007961,AMB-01,AMBULANCE,14.2,0.72,28,25.2,67.4,18.3,49.1,CRITICAL,1,SYNTHETIC EMERGENCY V2X
EMG-EVT-007962,FIRE-04,FIRE_TRUCK,10.8,0.61,21,36.9,42.8,13.9,28.9,CRITICAL,1,SYNTHETIC EMERGENCY V2X
EMG-EVT-007963,AMB-15,AMBULANCE,7.2,0.52,12,41.7,24.8,9.1,15.7,CRITICAL,1,SYNTHETIC EMERGENCY V2X
EMG-EVT-007964,AMB-09,AMBULANCE,2.3,0.79,5,21.3,12.5,3.0,9.5,CRITICAL,1,SYNTHETIC EMERGENCY V2X
EMG-EVT-007965,AMB-14,AMBULANCE,12.4,0.46,22,39.6,45.2,15.7,29.5,CRITICAL,1,SYNTHETIC EMERGENCY V2X
EMG-EVT-007966,AMB-11,AMBULANCE,5.3,0.27,10,57.0,17.6,6.8,10.8,CRITICAL,1,SYNTHETIC EMERGENCY V2X
EMG-EVT-007967,FIRE-01,FIRE_TRUCK,15.5,0.29,30,50.6,54.4,19.9,34.5,CRITICAL,1,SYNTHETIC EMERGENCY V2X
EMG-EVT-007968,AMB-06,AMBULANCE,1.8,0.24,5,54.4,8.0,2.5,5.5,CRITICAL,1,SYNTHETIC EMERGENCY V2X
EMG-EVT-007969,FIRE-07,FIRE_TRUCK,15.5,0.76,30,29.2,67.8,19.9,47.9,CRITICAL,1,SYNTHETIC EMERGENCY V2X
EMG-EVT-007970,FIRE-06,FIRE_TRUCK,2.2,0.36,4,45.4,7.7,2.8,4.9,HIGH,1,SYNTHETIC EMERGENCY V2X
EMG-EVT-007971,AMB-20,AMBULANCE,3.6,0.74,9,28.7,18.3,4.8,13.5,CRITICAL,1,SYNTHETIC EMERGENCY V2X
EMG-EVT-007972,FIRE-04,FIRE_TRUCK,10.2,0.9,19,21.3,51.5,13.0,38.5,CRITICAL,1,SYNTHETIC EMERGENCY V2X
EMG-EVT-007973,FIRE-02,FIRE_TRUCK,2.0,0.68,3,29.2,7.7,2.5,5.2,HIGH,1,SYNTHETIC EMERGENCY V2X
EMG-EVT-007974,AMB-01,AMBULANCE,4.3,0.39,10,44.6,17.8,5.7,12.1,CRITICAL,1,SYNTHETIC EMERGENCY V2X
EMG-EVT-007975,AMB-02,AMBULANCE,3.9,0.32,8,53.2,14.0,5.1,8.9,CRITICAL,1,SYNTHETIC EMERGENCY V2X
EMG-EVT-007976,FIRE-09,FIRE_TRUCK,11.2,0.46,20,45.9,38.6,14.2,24.4,CRITICAL,1,SYNTHETIC EMERGENCY V2X
EMG-EVT-007977,FIRE-05,FIRE_TRUCK,5.9,0.39,11,49.3,20.4,7.5,12.9,CRITICAL,1,SYNTHETIC EMERGENCY V2X
EMG-EVT-007978,AMB-02,AMBULANCE,3.9,0.72,10,33.6,19.0,5.3,13.7,CRITICAL,1,SYNTHETIC EMERGENCY V2X
EMG-EVT-007979,AMB-19,AMBULANCE,7.5,0.51,16,43.3,29.6,9.8,19.8,CRITICAL,1,SYNTHETIC EMERGENCY V2X
EMG-EVT-007980,AMB-18,AMBULANCE,14.8,0.79,28,20.4,77.1,18.9,58.2,CRITICAL,1,SYNTHETIC EMERGENCY V2X
EMG-EVT-007981,AMB-02,AMBULANCE,9.3,0.78,18,26.0,43.1,11.9,31.2,CRITICAL,1,SYNTHETIC EMERGENCY V2X
EMG-EVT-007982,AMB-04,AMBULANCE,9.4,0.31,17,57.3,30.2,12.0,18.2,CRITICAL,1,SYNTHETIC EMERGENCY V2X
EMG-EVT-007983,AMB-07,AMBULANCE,9.0,0.74,19,25.1,44.3,11.7,32.6,CRITICAL,1,SYNTHETIC EMERGENCY V2X
EMG-EVT-007984,POL-05,POLICE,6.5,0.33,14,52.6,24.2,8.5,15.7,CRITICAL,1,SYNTHETIC EMERGENCY V2X
EMG-EVT-007985,AMB-16,AMBULANCE,10.9,0.57,22,36.6,44.3,14.1,30.2,CRITICAL,1,SYNTHETIC EMERGENCY V2X
EMG-EVT-007986,AMB-16,AMBULANCE,14.1,0.63,26,33.0,56.8,18.0,38.8,CRITICAL,1,SYNTHETIC EMERGENCY V2X
EMG-EVT-007987,AMB-02,AMBULANCE,8.2,0.26,14,52.7,26.1,10.3,15.8,CRITICAL,1,SYNTHETIC EMERGENCY V2X
EMG-EVT-007988,AMB-20,AMBULANCE,6.3,0.38,12,46.3,22.6,8.1,14.5,CRITICAL,1,SYNTHETIC EMERGENCY V2X
EMG-EVT-007989,POL-04,POLICE,2.4,0.63,4,36.0,8.8,3.0,5.8,HIGH,1,SYNTHETIC EMERGENCY V2X
EMG-EVT-007990,AMB-19,AMBULANCE,12.0,0.93,22,14.6,75.7,15.3,60.4,CRITICAL,1,SYNTHETIC EMERGENCY V2X
EMG-EVT-007991,AMB-20,AMBULANCE,14.9,0.9,28,16.2,88.8,19.1,69.7,CRITICAL,1,SYNTHETIC EMERGENCY V2X
EMG-EVT-007992,AMB-02,AMBULANCE,6.7,0.74,15,28.7,32.0,8.8,23.2,CRITICAL,1,SYNTHETIC EMERGENCY V2X
EMG-EVT-007993,AMB-05,AMBULANCE,10.3,0.68,19,35.4,40.3,13.1,27.2,CRITICAL,1,SYNTHETIC EMERGENCY V2X
EMG-EVT-007994,AMB-14,AMBULANCE,6.8,0.5,13,39.4,26.0,8.7,17.3,CRITICAL,1,SYNTHETIC EMERGENCY V2X
EMG-EVT-007995,AMB-06,AMBULANCE,6.2,0.98,14,12.4,46.8,8.2,38.6,CRITICAL,1,SYNTHETIC EMERGENCY V2X
EMG-EVT-007996,AMB-07,AMBULANCE,11.6,0.46,21,41.8,41.9,14.8,27.1,CRITICAL,1,SYNTHETIC EMERGENCY V2X
EMG-EVT-007997,AMB-10,AMBULANCE,12.0,0.31,21,49.3,39.8,15.2,24.6,CRITICAL,1,SYNTHETIC EMERGENCY V2X
EMG-EVT-007998,AMB-03,AMBULANCE,12.7,0.56,23,38.8,47.2,16.2,31.0,CRITICAL,1,SYNTHETIC EMERGENCY V2X
EMG-EVT-007999,POL-06,POLICE,4.2,0.29,8,56.9,14.0,5.4,8.6,CRITICAL,1,SYNTHETIC EMERGENCY V2X
EMG-EVT-008000,AMB-17,AMBULANCE,14.0,0.3,26,57.4,45.8,17.9,27.9,CRITICAL,1,SYNTHETIC EMERGENCY V2X
EMG-EVT-008001,FIRE-01,FIRE_TRUCK,11.2,0.44,21,47.4,39.4,14.3,25.1,CRITICAL,1,SYNTHETIC EMERGENCY V2X
EMG-EVT-008002,FIRE-07,FIRE_TRUCK,15.4,0.88,29,16.0,92.5,19.7,72.8,CRITICAL,1,SYNTHETIC EMERGENCY V2X
EMG-EVT-008003,FIRE-03,FIRE_TRUCK,15.7,0.88,30,17.4,90.1,20.1,70.0,CRITICAL,1,SYNTHETIC EMERGENCY V2X
EMG-EVT-008004,AMB-03,AMBULANCE,1.6,0.54,4,44.4,7.0,2.1,4.9,CRITICAL,1,SYNTHETIC EMERGENCY V2X
EMG-EVT-008005,FIRE-07,FIRE_TRUCK,1.8,0.37,3,44.8,6.0,2.3,3.7,HIGH,1,SYNTHETIC EMERGENCY V2X
EMG-EVT-008006,AMB-11,AMBULANCE,4.0,0.7,9,29.0,19.1,5.3,13.8,CRITICAL,1,SYNTHETIC EMERGENCY V2X
EMG-EVT-008007,AMB-16,AMBULANCE,10.8,0.34,19,53.1,35.0,13.7,21.3,CRITICAL,1,SYNTHETIC EMERGENCY V2X
EMG-EVT-008008,FIRE-05,FIRE_TRUCK,8.5,0.94,15,18.1,46.2,10.8,35.4,CRITICAL,1,SYNTHETIC EMERGENCY V2X
EMG-EVT-008009,AMB-04,AMBULANCE,7.7,0.69,14,27.5,33.6,9.8,23.8,CRITICAL,1,SYNTHETIC EMERGENCY V2X
EMG-EVT-008010,FIRE-07,FIRE_TRUCK,15.8,0.56,28,33.5,61.9,20.0,41.9,CRITICAL,1,SYNTHETIC EMERGENCY V2X
EMG-EVT-008011,FIRE-02,FIRE_TRUCK,8.6,0.34,17,48.0,31.1,11.1,20.0,CRITICAL,1,SYNTHETIC EMERGENCY V2X
EMG-EVT-008012,FIRE-03,FIRE_TRUCK,2.3,0.98,7,10.0,22.2,3.2,19.0,CRITICAL,1,SYNTHETIC EMERGENCY V2X
EMG-EVT-008013,AMB-18,AMBULANCE,4.5,0.72,11,25.4,23.8,6.0,17.8,CRITICAL,1,SYNTHETIC EMERGENCY V2X
EMG-EVT-008014,AMB-17,AMBULANCE,12.1,0.43,22,47.1,41.8,15.4,26.4,CRITICAL,1,SYNTHETIC EMERGENCY V2X
EMG-EVT-008015,AMB-19,AMBULANCE,1.6,0.27,3,58.8,5.2,2.0,3.2,CRITICAL,1,SYNTHETIC EMERGENCY V2X
EMG-EVT-008016,AMB-12,AMBULANCE,4.3,0.22,7,62.5,12.5,5.4,7.1,CRITICAL,1,SYNTHETIC EMERGENCY V2X
EMG-EVT-008017,AMB-09,AMBULANCE,9.2,0.49,19,39.5,36.8,11.9,24.9,CRITICAL,1,SYNTHETIC EMERGENCY V2X
EMG-EVT-008018,AMB-12,AMBULANCE,11.9,0.42,23,50.9,41.6,15.3,26.3,CRITICAL,1,SYNTHETIC EMERGENCY V2X
EMG-EVT-008019,AMB-02,AMBULANCE,13.4,0.72,24,33.6,52.7,17.0,35.7,CRITICAL,1,SYNTHETIC EMERGENCY V2X
EMG-EVT-008020,AMB-06,AMBULANCE,12.0,0.96,22,18.0,66.4,15.3,51.1,CRITICAL,1,SYNTHETIC EMERGENCY V2X
EMG-EVT-008021,AMB-15,AMBULANCE,14.9,0.86,29,21.3,76.8,19.2,57.6,CRITICAL,1,SYNTHETIC EMERGENCY V2X
EMG-EVT-008022,AMB-04,AMBULANCE,11.1,0.83,20,22.4,53.7,14.1,39.6,CRITICAL,1,SYNTHETIC EMERGENCY V2X
EMG-EVT-008023,AMB-03,AMBULANCE,15.3,0.92,27,17.9,83.7,19.4,64.3,CRITICAL,1,SYNTHETIC EMERGENCY V2X
EMG-EVT-008024,AMB-03,AMBULANCE,9.0,0.88,18,17.8,51.9,11.6,40.3,CRITICAL,1,SYNTHETIC EMERGENCY V2X
EMG-EVT-008025,AMB-06,AMBULANCE,15.6,0.84,31,17.1,91.9,20.1,71.8,CRITICAL,1,SYNTHETIC EMERGENCY V2X
EMG-EVT-008026,FIRE-08,FIRE_TRUCK,12.9,0.73,26,31.4,55.8,16.7,39.1,CRITICAL,1,SYNTHETIC EMERGENCY V2X
EMG-EVT-008027,AMB-03,AMBULANCE,15.7,0.89,31,18.9,87.0,20.2,66.8,CRITICAL,1,SYNTHETIC EMERGENCY V2X
EMG-EVT-008028,FIRE-04,FIRE_TRUCK,15.3,0.53,27,36.3,57.7,19.4,38.3,CRITICAL,1,SYNTHETIC EMERGENCY V2X
EMG-EVT-008029,AMB-10,AMBULANCE,8.4,0.44,15,48.0,28.5,10.7,17.8,CRITICAL,1,SYNTHETIC EMERGENCY V2X
EMG-EVT-008030,AMB-11,AMBULANCE,8.7,0.61,15,37.7,31.8,11.0,20.8,CRITICAL,1,SYNTHETIC EMERGENCY V2X
EMG-EVT-008031,AMB-16,AMBULANCE,7.1,0.46,12,47.2,23.4,8.9,14.5,CRITICAL,1,SYNTHETIC EMERGENCY V2X
EMG-EVT-008032,AMB-17,AMBULANCE,7.0,0.82,15,26.2,34.0,9.1,24.9,CRITICAL,1,SYNTHETIC EMERGENCY V2X
EMG-EVT-008033,AMB-19,AMBULANCE,1.7,0.96,4,18.6,10.3,2.3,8.0,CRITICAL,1,SYNTHETIC EMERGENCY V2X
EMG-EVT-008034,AMB-14,AMBULANCE,13.8,0.59,26,33.6,55.8,17.7,38.1,CRITICAL,1,SYNTHETIC EMERGENCY V2X
EMG-EVT-008035,FIRE-08,FIRE_TRUCK,5.5,0.33,9,51.6,17.2,6.9,10.3,CRITICAL,1,SYNTHETIC EMERGENCY V2X
EMG-EVT-008036,FIRE-08,FIRE_TRUCK,13.7,0.96,25,15.2,84.1,17.4,66.7,CRITICAL,1,SYNTHETIC EMERGENCY V2X
EMG-EVT-008037,POL-04,POLICE,10.3,0.96,21,11.8,77.6,13.3,64.3,CRITICAL,1,SYNTHETIC EMERGENCY V2X
EMG-EVT-008038,AMB-18,AMBULANCE,1.9,0.62,5,35.6,9.2,2.6,6.6,CRITICAL,1,SYNTHETIC EMERGENCY V2X
EMG-EVT-008039,FIRE-04,FIRE_TRUCK,9.4,0.83,19,19.9,51.1,12.2,38.9,CRITICAL,1,SYNTHETIC EMERGENCY V2X
EMG-EVT-008040,AMB-11,AMBULANCE,14.5,0.79,26,21.5,71.7,18.4,53.3,CRITICAL,1,SYNTHETIC EMERGENCY V2X
EMG-EVT-008041,FIRE-01,FIRE_TRUCK,15.6,0.98,29,10.0,128.4,19.9,108.5,CRITICAL,1,SYNTHETIC EMERGENCY V2X
EMG-EVT-008042,AMB-08,AMBULANCE,9.8,0.26,19,52.9,33.9,12.6,21.3,CRITICAL,1,SYNTHETIC EMERGENCY V2X
EMG-EVT-008043,AMB-08,AMBULANCE,5.7,0.86,13,19.1,33.5,7.5,26.0,CRITICAL,1,SYNTHETIC EMERGENCY V2X
EMG-EVT-008044,POL-07,POLICE,10.9,0.52,21,42.1,40.7,14.0,26.7,CRITICAL,1,SYNTHETIC EMERGENCY V2X
EMG-EVT-008045,FIRE-04,FIRE_TRUCK,8.2,0.95,14,11.1,61.1,10.3,50.8,CRITICAL,1,SYNTHETIC EMERGENCY V2X
EMG-EVT-008046,AMB-13,AMBULANCE,13.4,0.96,25,19.1,72.1,17.1,55.0,CRITICAL,1,SYNTHETIC EMERGENCY V2X
EMG-EVT-008047,AMB-17,AMBULANCE,5.4,0.87,9,17.6,29.2,6.8,22.4,CRITICAL,1,SYNTHETIC EMERGENCY V2X
EMG-EVT-008048,AMB-17,AMBULANCE,14.3,0.89,28,22.9,71.1,18.4,52.7,CRITICAL,1,SYNTHETIC EMERGENCY V2X
EMG-EVT-008049,FIRE-01,FIRE_TRUCK,10.3,0.95,18,13.3,68.1,13.0,55.1,CRITICAL,1,SYNTHETIC EMERGENCY V2X
EMG-EVT-008050,FIRE-04,FIRE_TRUCK,13.4,0.53,25,41.0,49.6,17.1,32.5,CRITICAL,1,SYNTHETIC EMERGENCY V2X
EMG-EVT-008051,FIRE-09,FIRE_TRUCK,6.7,0.59,12,33.0,26.6,8.5,18.1,CRITICAL,1,SYNTHETIC EMERGENCY V2X
EMG-EVT-008052,POL-01,POLICE,7.7,0.79,14,27.2,33.8,9.8,24.0,CRITICAL,1,SYNTHETIC EMERGENCY V2X
EMG-EVT-008053,FIRE-10,FIRE_TRUCK,14.9,0.5,29,43.0,55.6,19.2,36.4,CRITICAL,1,SYNTHETIC EMERGENCY V2X
EMG-EVT-008054,AMB-04,AMBULANCE,9.3,0.78,17,28.4,40.0,11.8,28.2,CRITICAL,1,SYNTHETIC EMERGENCY V2X
EMG-EVT-008055,AMB-09,AMBULANCE,2.4,0.76,4,24.2,10.8,3.0,7.8,CRITICAL,1,SYNTHETIC EMERGENCY V2X
EMG-EVT-008056,AMB-11,AMBULANCE,4.4,0.3,10,55.8,16.7,5.8,10.9,CRITICAL,1,SYNTHETIC EMERGENCY V2X
EMG-EVT-008057,FIRE-09,FIRE_TRUCK,2.1,0.21,6,54.9,9.5,2.9,6.6,HIGH,1,SYNTHETIC EMERGENCY V2X
EMG-EVT-008058,AMB-13,AMBULANCE,4.5,0.47,11,39.4,20.1,6.0,14.1,CRITICAL,1,SYNTHETIC EMERGENCY V2X
EMG-EVT-008059,POL-10,POLICE,13.9,0.56,25,42.1,49.8,17.7,32.1,CRITICAL,1,SYNTHETIC EMERGENCY V2X
EMG-EVT-008060,AMB-19,AMBULANCE,12.3,0.6,23,33.9,49.4,15.7,33.7,CRITICAL,1,SYNTHETIC EMERGENCY V2X
EMG-EVT-008061,AMB-01,AMBULANCE,10.4,0.35,19,52.3,34.7,13.2,21.5,CRITICAL,1,SYNTHETIC EMERGENCY V2X
EMG-EVT-008062,FIRE-05,FIRE_TRUCK,5.6,0.94,11,18.8,31.1,7.2,23.9,CRITICAL,1,SYNTHETIC EMERGENCY V2X
EMG-EVT-008063,AMB-20,AMBULANCE,11.8,0.24,21,56.3,37.8,15.0,22.8,CRITICAL,1,SYNTHETIC EMERGENCY V2X
EMG-EVT-008064,AMB-20,AMBULANCE,3.9,0.7,9,32.4,18.0,5.2,12.8,CRITICAL,1,SYNTHETIC EMERGENCY V2X
EMG-EVT-008065,AMB-12,AMBULANCE,11.1,0.93,20,11.8,80.4,14.1,66.3,CRITICAL,1,SYNTHETIC EMERGENCY V2X
EMG-EVT-008066,AMB-06,AMBULANCE,12.0,0.88,23,20.9,62.0,15.4,46.6,CRITICAL,1,SYNTHETIC EMERGENCY V2X
EMG-EVT-008067,FIRE-07,FIRE_TRUCK,10.5,0.83,20,17.3,60.4,13.5,46.9,CRITICAL,1,SYNTHETIC EMERGENCY V2X
EMG-EVT-008068,FIRE-08,FIRE_TRUCK,14.7,0.61,28,31.9,61.2,18.8,42.4,CRITICAL,1,SYNTHETIC EMERGENCY V2X
EMG-EVT-008069,AMB-09,AMBULANCE,2.0,0.91,3,16.0,11.1,2.5,8.6,CRITICAL,1,SYNTHETIC EMERGENCY V2X
EMG-EVT-008070,FIRE-04,FIRE_TRUCK,4.3,0.67,7,33.2,16.2,5.4,10.8,CRITICAL,1,SYNTHETIC EMERGENCY V2X
EMG-EVT-008071,AMB-05,AMBULANCE,9.6,0.52,20,38.6,38.9,12.5,26.4,CRITICAL,1,SYNTHETIC EMERGENCY V2X
EMG-EVT-008072,AMB-14,AMBULANCE,10.2,0.29,20,56.4,34.9,13.1,21.8,CRITICAL,1,SYNTHETIC EMERGENCY V2X
EMG-EVT-008073,AMB-16,AMBULANCE,13.3,0.92,23,19.6,68.3,16.8,51.5,CRITICAL,1,SYNTHETIC EMERGENCY V2X
EMG-EVT-008074,POL-01,POLICE,10.7,0.51,20,37.7,41.0,13.7,27.3,CRITICAL,1,SYNTHETIC EMERGENCY V2X
EMG-EVT-008075,AMB-03,AMBULANCE,15.1,0.46,30,40.0,58.7,19.5,39.2,CRITICAL,1,SYNTHETIC EMERGENCY V2X
EMG-EVT-008076,AMB-08,AMBULANCE,12.8,0.66,26,37.3,51.8,16.6,35.2,CRITICAL,1,SYNTHETIC EMERGENCY V2X
EMG-EVT-008077,AMB-19,AMBULANCE,15.7,0.77,31,26.8,72.3,20.2,52.1,CRITICAL,1,SYNTHETIC EMERGENCY V2X
EMG-EVT-008078,FIRE-01,FIRE_TRUCK,9.1,0.32,19,52.5,33.2,11.8,21.4,CRITICAL,1,SYNTHETIC EMERGENCY V2X
EMG-EVT-008079,AMB-08,AMBULANCE,8.3,0.61,17,31.6,36.2,10.8,25.4,CRITICAL,1,SYNTHETIC EMERGENCY V2X
EMG-EVT-008080,AMB-12,AMBULANCE,14.1,0.27,27,53.8,48.1,18.1,30.0,CRITICAL,1,SYNTHETIC EMERGENCY V2X
EMG-EVT-008081,AMB-10,AMBULANCE,6.3,0.22,12,59.4,20.8,8.1,12.7,CRITICAL,1,SYNTHETIC EMERGENCY V2X
EMG-EVT-008082,FIRE-02,FIRE_TRUCK,12.8,0.87,25,20.6,67.3,16.5,50.8,CRITICAL,1,SYNTHETIC EMERGENCY V2X
EMG-EVT-008083,POL-06,POLICE,16.0,0.93,28,15.9,94.0,20.3,73.7,CRITICAL,1,SYNTHETIC EMERGENCY V2X
EMG-EVT-008084,FIRE-03,FIRE_TRUCK,11.8,0.5,22,41.9,43.3,15.1,28.2,CRITICAL,1,SYNTHETIC EMERGENCY V2X
EMG-EVT-008085,FIRE-07,FIRE_TRUCK,2.4,0.21,5,55.0,8.6,3.1,5.5,HIGH,1,SYNTHETIC EMERGENCY V2X
EMG-EVT-008086,AMB-05,AMBULANCE,9.4,0.81,19,18.5,53.3,12.2,41.1,CRITICAL,1,SYNTHETIC EMERGENCY V2X
EMG-EVT-008087,FIRE-07,FIRE_TRUCK,2.7,0.27,5,53.4,9.0,3.4,5.6,HIGH,1,SYNTHETIC EMERGENCY V2X
EMG-EVT-008088,AMB-06,AMBULANCE,5.1,0.9,10,20.9,26.6,6.6,20.0,CRITICAL,1,SYNTHETIC EMERGENCY V2X
EMG-EVT-008089,FIRE-04,FIRE_TRUCK,5.0,0.96,12,13.2,37.1,6.7,30.4,CRITICAL,1,SYNTHETIC EMERGENCY V2X
EMG-EVT-008090,POL-01,POLICE,2.2,0.77,6,24.6,12.6,3.0,9.6,CRITICAL,1,SYNTHETIC EMERGENCY V2X
EMG-EVT-008091,AMB-02,AMBULANCE,15.4,0.73,27,24.5,70.1,19.5,50.6,CRITICAL,1,SYNTHETIC EMERGENCY V2X
EMG-EVT-008092,AMB-15,AMBULANCE,5.7,0.86,10,22.9,26.9,7.2,19.7,CRITICAL,1,SYNTHETIC EMERGENCY V2X
EMG-EVT-008093,AMB-11,AMBULANCE,11.8,0.36,23,48.6,42.2,15.2,27.0,CRITICAL,1,SYNTHETIC EMERGENCY V2X
EMG-EVT-008094,AMB-13,AMBULANCE,8.2,0.94,14,19.7,41.8,10.3,31.5,CRITICAL,1,SYNTHETIC EMERGENCY V2X
EMG-EVT-008095,AMB-14,AMBULANCE,13.6,0.45,25,46.1,47.7,17.3,30.4,CRITICAL,1,SYNTHETIC EMERGENCY V2X
EMG-EVT-008096,AMB-06,AMBULANCE,6.2,0.84,14,24.9,31.7,8.2,23.5,CRITICAL,1,SYNTHETIC EMERGENCY V2X
EMG-EVT-008097,AMB-04,AMBULANCE,7.7,0.86,16,19.9,42.4,10.0,32.4,CRITICAL,1,SYNTHETIC EMERGENCY V2X
EMG-EVT-008098,AMB-16,AMBULANCE,7.3,0.46,15,45.8,27.6,9.5,18.1,CRITICAL,1,SYNTHETIC EMERGENCY V2X
EMG-EVT-008099,FIRE-10,FIRE_TRUCK,13.6,0.33,26,55.1,46.0,17.4,28.6,CRITICAL,1,SYNTHETIC EMERGENCY V2X
EMG-EVT-008100,AMB-06,AMBULANCE,10.3,0.31,19,57.0,33.6,13.1,20.5,CRITICAL,1,SYNTHETIC EMERGENCY V2X
EMG-EVT-008101,AMB-03,AMBULANCE,7.3,0.83,13,17.8,40.2,9.3,30.9,CRITICAL,1,SYNTHETIC EMERGENCY V2X
EMG-EVT-008102,POL-02,POLICE,8.6,0.73,17,29.2,38.1,11.1,27.0,CRITICAL,1,SYNTHETIC EMERGENCY V2X
EMG-EVT-008103,AMB-08,AMBULANCE,12.2,0.91,21,15.8,71.5,15.4,56.1,CRITICAL,1,SYNTHETIC EMERGENCY V2X
EMG-EVT-008104,POL-03,POLICE,14.6,0.21,26,61.1,45.5,18.5,27.0,CRITICAL,1,SYNTHETIC EMERGENCY V2X
EMG-EVT-008105,AMB-02,AMBULANCE,13.8,0.89,24,21.3,67.7,17.5,50.2,CRITICAL,1,SYNTHETIC EMERGENCY V2X
EMG-EVT-008106,FIRE-07,FIRE_TRUCK,9.8,0.88,18,16.7,56.8,12.5,44.3,CRITICAL,1,SYNTHETIC EMERGENCY V2X
EMG-EVT-008107,AMB-16,AMBULANCE,15.0,0.5,27,37.6,56.3,19.1,37.2,CRITICAL,1,SYNTHETIC EMERGENCY V2X
EMG-EVT-008108,AMB-02,AMBULANCE,13.3,0.2,26,62.3,44.0,17.1,26.9,CRITICAL,1,SYNTHETIC EMERGENCY V2X
EMG-EVT-008109,AMB-02,AMBULANCE,4.9,0.74,10,32.1,21.2,6.3,14.9,CRITICAL,1,SYNTHETIC EMERGENCY V2X
EMG-EVT-008110,POL-05,POLICE,13.3,0.72,24,32.1,53.7,16.9,36.8,CRITICAL,1,SYNTHETIC EMERGENCY V2X
EMG-EVT-008111,AMB-04,AMBULANCE,12.6,0.72,25,24.1,61.4,16.2,45.2,CRITICAL,1,SYNTHETIC EMERGENCY V2X
EMG-EVT-008112,AMB-07,AMBULANCE,5.5,0.26,9,55.7,16.7,6.9,9.8,CRITICAL,1,SYNTHETIC EMERGENCY V2X
EMG-EVT-008113,AMB-10,AMBULANCE,10.8,0.92,20,21.7,53.9,13.8,40.1,CRITICAL,1,SYNTHETIC EMERGENCY V2X
EMG-EVT-008114,POL-07,POLICE,9.2,0.97,18,11.4,70.0,11.8,58.2,CRITICAL,1,SYNTHETIC EMERGENCY V2X
EMG-EVT-008115,AMB-20,AMBULANCE,3.4,0.71,7,25.4,16.4,4.4,12.0,CRITICAL,1,SYNTHETIC EMERGENCY V2X
EMG-EVT-008116,FIRE-10,FIRE_TRUCK,4.7,0.85,11,17.6,29.2,6.2,23.0,CRITICAL,1,SYNTHETIC EMERGENCY V2X
EMG-EVT-008117,AMB-04,AMBULANCE,8.4,0.68,16,29.1,36.5,10.8,25.7,CRITICAL,1,SYNTHETIC EMERGENCY V2X
EMG-EVT-008118,AMB-07,AMBULANCE,2.6,0.63,6,35.8,11.6,3.4,8.2,CRITICAL,1,SYNTHETIC EMERGENCY V2X
EMG-EVT-008119,AMB-11,AMBULANCE,5.8,0.36,12,55.3,20.7,7.5,13.2,CRITICAL,1,SYNTHETIC EMERGENCY V2X
EMG-EVT-008120,AMB-12,AMBULANCE,9.3,0.39,16,43.9,31.9,11.7,20.2,CRITICAL,1,SYNTHETIC EMERGENCY V2X
EMG-EVT-008121,AMB-03,AMBULANCE,4.3,0.36,9,48.7,16.1,5.6,10.5,CRITICAL,1,SYNTHETIC EMERGENCY V2X
EMG-EVT-008122,AMB-13,AMBULANCE,9.4,0.94,18,12.4,67.1,12.1,55.0,CRITICAL,1,SYNTHETIC EMERGENCY V2X
EMG-EVT-008123,AMB-11,AMBULANCE,2.8,0.97,6,10.0,24.0,3.7,20.3,CRITICAL,1,SYNTHETIC EMERGENCY V2X
EMG-EVT-008124,POL-06,POLICE,11.3,0.59,22,35.2,45.7,14.5,31.2,CRITICAL,1,SYNTHETIC EMERGENCY V2X
EMG-EVT-008125,AMB-20,AMBULANCE,7.1,0.9,13,18.5,38.6,9.0,29.6,CRITICAL,1,SYNTHETIC EMERGENCY V2X
EMG-EVT-008126,AMB-16,AMBULANCE,9.9,0.3,18,53.9,32.6,12.6,20.0,CRITICAL,1,SYNTHETIC EMERGENCY V2X
EMG-EVT-008127,AMB-16,AMBULANCE,15.4,0.94,29,11.0,118.8,19.7,99.1,CRITICAL,1,SYNTHETIC EMERGENCY V2X
EMG-EVT-008128,POL-07,POLICE,9.0,0.9,19,20.2,49.5,11.7,37.8,CRITICAL,1,SYNTHETIC EMERGENCY V2X
EMG-EVT-008129,AMB-01,AMBULANCE,3.6,0.53,9,35.9,16.8,4.8,12.0,CRITICAL,1,SYNTHETIC EMERGENCY V2X
EMG-EVT-008130,FIRE-05,FIRE_TRUCK,14.0,0.54,27,38.1,54.4,18.0,36.4,CRITICAL,1,SYNTHETIC EMERGENCY V2X
EMG-EVT-008131,FIRE-03,FIRE_TRUCK,3.3,0.9,7,14.4,22.1,4.3,17.8,CRITICAL,1,SYNTHETIC EMERGENCY V2X
EMG-EVT-008132,AMB-16,AMBULANCE,13.2,0.59,25,40.6,49.5,16.9,32.6,CRITICAL,1,SYNTHETIC EMERGENCY V2X
EMG-EVT-008133,AMB-11,AMBULANCE,1.7,0.65,5,34.4,9.0,2.4,6.6,CRITICAL,1,SYNTHETIC EMERGENCY V2X
EMG-EVT-008134,AMB-20,AMBULANCE,12.1,0.75,21,27.7,51.4,15.3,36.1,CRITICAL,1,SYNTHETIC EMERGENCY V2X
EMG-EVT-008135,AMB-16,AMBULANCE,5.0,0.32,10,54.8,17.5,6.5,11.0,CRITICAL,1,SYNTHETIC EMERGENCY V2X
EMG-EVT-008136,AMB-07,AMBULANCE,12.7,0.62,22,33.5,49.1,16.1,33.0,CRITICAL,1,SYNTHETIC EMERGENCY V2X
EMG-EVT-008137,FIRE-02,FIRE_TRUCK,2.2,0.45,6,47.9,10.0,3.0,7.0,HIGH,1,SYNTHETIC EMERGENCY V2X
EMG-EVT-008138,FIRE-04,FIRE_TRUCK,10.0,0.93,20,13.4,68.8,12.9,55.9,CRITICAL,1,SYNTHETIC EMERGENCY V2X
EMG-EVT-008139,AMB-03,AMBULANCE,5.3,0.55,10,37.9,20.4,6.8,13.6,CRITICAL,1,SYNTHETIC EMERGENCY V2X
EMG-EVT-008140,AMB-02,AMBULANCE,4.4,0.82,9,25.2,21.3,5.7,15.6,CRITICAL,1,SYNTHETIC EMERGENCY V2X
EMG-EVT-008141,AMB-10,AMBULANCE,8.7,0.88,17,15.9,53.2,11.2,42.0,CRITICAL,1,SYNTHETIC EMERGENCY V2X
EMG-EVT-008142,AMB-06,AMBULANCE,7.1,0.7,12,26.2,30.7,8.9,21.8,CRITICAL,1,SYNTHETIC EMERGENCY V2X
EMG-EVT-008143,AMB-13,AMBULANCE,4.7,0.71,10,25.2,23.2,6.1,17.1,CRITICAL,1,SYNTHETIC EMERGENCY V2X
EMG-EVT-008144,AMB-05,AMBULANCE,8.7,0.39,17,48.7,31.1,11.2,19.9,CRITICAL,1,SYNTHETIC EMERGENCY V2X
EMG-EVT-008145,AMB-04,AMBULANCE,2.7,0.83,7,20.6,16.3,3.6,12.7,CRITICAL,1,SYNTHETIC EMERGENCY V2X
EMG-EVT-008146,AMB-13,AMBULANCE,12.4,0.93,24,12.9,86.5,15.9,70.6,CRITICAL,1,SYNTHETIC EMERGENCY V2X
EMG-EVT-008147,AMB-17,AMBULANCE,10.1,0.98,20,17.3,59.0,13.0,46.0,CRITICAL,1,SYNTHETIC EMERGENCY V2X
EMG-EVT-008148,AMB-16,AMBULANCE,8.0,0.79,16,21.1,41.9,10.3,31.6,CRITICAL,1,SYNTHETIC EMERGENCY V2X
EMG-EVT-008149,AMB-09,AMBULANCE,12.7,0.34,24,50.6,43.9,16.3,27.6,CRITICAL,1,SYNTHETIC EMERGENCY V2X
EMG-EVT-008150,AMB-05,AMBULANCE,9.7,0.36,18,52.6,32.7,12.4,20.3,CRITICAL,1,SYNTHETIC EMERGENCY V2X
EMG-EVT-008151,AMB-09,AMBULANCE,12.8,0.85,24,23.3,61.8,16.4,45.4,CRITICAL,1,SYNTHETIC EMERGENCY V2X
EMG-EVT-008152,FIRE-05,FIRE_TRUCK,2.2,0.49,3,44.1,6.6,2.7,3.9,HIGH,1,SYNTHETIC EMERGENCY V2X
EMG-EVT-008153,POL-10,POLICE,13.6,0.71,26,24.5,64.5,17.4,47.1,CRITICAL,1,SYNTHETIC EMERGENCY V2X
EMG-EVT-008154,AMB-01,AMBULANCE,1.9,0.7,4,29.8,8.6,2.5,6.1,CRITICAL,1,SYNTHETIC EMERGENCY V2X
EMG-EVT-008155,AMB-16,AMBULANCE,16.0,0.82,30,26.0,72.9,20.5,52.4,CRITICAL,1,SYNTHETIC EMERGENCY V2X
EMG-EVT-008156,AMB-16,AMBULANCE,12.2,0.76,23,25.6,56.2,15.6,40.6,CRITICAL,1,SYNTHETIC EMERGENCY V2X
EMG-EVT-008157,AMB-02,AMBULANCE,10.7,0.35,19,53.2,34.9,13.6,21.3,CRITICAL,1,SYNTHETIC EMERGENCY V2X
EMG-EVT-008158,AMB-01,AMBULANCE,2.5,0.5,7,38.0,12.3,3.4,8.9,CRITICAL,1,SYNTHETIC EMERGENCY V2X
EMG-EVT-008159,POL-06,POLICE,13.5,0.46,27,46.2,49.9,17.4,32.5,CRITICAL,1,SYNTHETIC EMERGENCY V2X
EMG-EVT-008160,AMB-14,AMBULANCE,2.5,0.97,4,10.9,18.6,3.1,15.5,CRITICAL,1,SYNTHETIC EMERGENCY V2X
EMG-EVT-008161,AMB-16,AMBULANCE,12.3,0.68,22,33.0,48.8,15.6,33.2,CRITICAL,1,SYNTHETIC EMERGENCY V2X
EMG-EVT-008162,FIRE-06,FIRE_TRUCK,12.7,0.35,25,55.3,43.8,16.4,27.4,CRITICAL,1,SYNTHETIC EMERGENCY V2X
EMG-EVT-008163,AMB-01,AMBULANCE,11.8,0.25,22,56.6,38.9,15.1,23.8,CRITICAL,1,SYNTHETIC EMERGENCY V2X
EMG-EVT-008164,AMB-15,AMBULANCE,10.8,0.76,22,27.7,49.8,14.0,35.8,CRITICAL,1,SYNTHETIC EMERGENCY V2X
EMG-EVT-008165,AMB-11,AMBULANCE,13.8,0.69,25,25.8,62.1,17.6,44.5,CRITICAL,1,SYNTHETIC EMERGENCY V2X
EMG-EVT-008166,POL-03,POLICE,3.3,0.26,6,61.2,10.4,4.2,6.2,HIGH,1,SYNTHETIC EMERGENCY V2X
EMG-EVT-008167,AMB-17,AMBULANCE,7.7,0.73,16,30.5,34.3,10.0,24.3,CRITICAL,1,SYNTHETIC EMERGENCY V2X
EMG-EVT-008168,AMB-05,AMBULANCE,8.1,0.94,16,11.8,60.4,10.4,50.0,CRITICAL,1,SYNTHETIC EMERGENCY V2X
EMG-EVT-008169,AMB-14,AMBULANCE,12.8,0.41,25,48.1,46.0,16.5,29.5,CRITICAL,1,SYNTHETIC EMERGENCY V2X
EMG-EVT-008170,AMB-11,AMBULANCE,13.0,0.9,24,19.1,69.6,16.6,53.0,CRITICAL,1,SYNTHETIC EMERGENCY V2X
EMG-EVT-008171,POL-06,POLICE,4.9,0.67,10,28.2,22.4,6.3,16.1,CRITICAL,1,SYNTHETIC EMERGENCY V2X
EMG-EVT-008172,FIRE-09,FIRE_TRUCK,12.7,0.86,23,15.9,75.5,16.2,59.3,CRITICAL,1,SYNTHETIC EMERGENCY V2X
EMG-EVT-008173,AMB-09,AMBULANCE,3.2,0.73,7,26.4,15.7,4.2,11.5,CRITICAL,1,SYNTHETIC EMERGENCY V2X
EMG-EVT-008174,AMB-13,AMBULANCE,13.3,0.78,23,21.1,65.4,16.8,48.6,CRITICAL,1,SYNTHETIC EMERGENCY V2X
EMG-EVT-008175,FIRE-01,FIRE_TRUCK,10.0,0.44,21,43.9,38.9,13.0,25.9,CRITICAL,1,SYNTHETIC EMERGENCY V2X
EMG-EVT-008176,FIRE-02,FIRE_TRUCK,11.3,0.29,20,49.6,37.7,14.3,23.4,CRITICAL,1,SYNTHETIC EMERGENCY V2X
EMG-EVT-008177,AMB-12,AMBULANCE,4.0,0.25,10,52.2,16.6,5.4,11.2,CRITICAL,1,SYNTHETIC EMERGENCY V2X
EMG-EVT-008178,FIRE-07,FIRE_TRUCK,3.7,0.59,8,35.1,15.9,4.8,11.1,CRITICAL,1,SYNTHETIC EMERGENCY V2X
EMG-EVT-008179,FIRE-03,FIRE_TRUCK,8.7,0.63,15,33.5,33.6,11.0,22.6,CRITICAL,1,SYNTHETIC EMERGENCY V2X
EMG-EVT-008180,FIRE-09,FIRE_TRUCK,1.8,0.61,3,34.7,6.7,2.3,4.4,HIGH,1,SYNTHETIC EMERGENCY V2X
EMG-EVT-008181,AMB-03,AMBULANCE,1.6,0.78,5,29.7,9.2,2.2,7.0,CRITICAL,1,SYNTHETIC EMERGENCY V2X
EMG-EVT-008182,AMB-01,AMBULANCE,12.7,0.87,22,15.3,76.2,16.1,60.1,CRITICAL,1,SYNTHETIC EMERGENCY V2X
EMG-EVT-008183,AMB-10,AMBULANCE,9.2,0.46,18,41.9,34.8,11.8,23.0,CRITICAL,1,SYNTHETIC EMERGENCY V2X
EMG-EVT-008184,AMB-13,AMBULANCE,10.4,0.69,18,35.4,39.2,13.1,26.1,CRITICAL,1,SYNTHETIC EMERGENCY V2X
EMG-EVT-008185,AMB-01,AMBULANCE,15.7,0.86,31,24.7,75.3,20.2,55.1,CRITICAL,1,SYNTHETIC EMERGENCY V2X
EMG-EVT-008186,FIRE-07,FIRE_TRUCK,7.5,0.74,13,23.2,35.0,9.5,25.5,CRITICAL,1,SYNTHETIC EMERGENCY V2X
EMG-EVT-008187,AMB-08,AMBULANCE,2.1,0.28,6,52.5,9.6,2.9,6.7,CRITICAL,1,SYNTHETIC EMERGENCY V2X
EMG-EVT-008188,FIRE-08,FIRE_TRUCK,11.3,0.74,23,30.0,50.2,14.6,35.6,CRITICAL,1,SYNTHETIC EMERGENCY V2X
EMG-EVT-008189,AMB-10,AMBULANCE,8.1,0.3,14,53.7,25.9,10.2,15.7,CRITICAL,1,SYNTHETIC EMERGENCY V2X
EMG-EVT-008190,AMB-02,AMBULANCE,11.5,0.24,21,59.9,36.7,14.6,22.1,CRITICAL,1,SYNTHETIC EMERGENCY V2X
EMG-EVT-008191,FIRE-05,FIRE_TRUCK,4.2,0.72,9,29.4,19.4,5.5,13.9,CRITICAL,1,SYNTHETIC EMERGENCY V2X
EMG-EVT-008192,AMB-18,AMBULANCE,2.6,0.21,6,60.7,9.8,3.4,6.4,CRITICAL,1,SYNTHETIC EMERGENCY V2X
EMG-EVT-008193,FIRE-09,FIRE_TRUCK,10.3,0.42,20,45.9,37.5,13.2,24.3,CRITICAL,1,SYNTHETIC EMERGENCY V2X
EMG-EVT-008194,FIRE-09,FIRE_TRUCK,12.4,0.5,23,39.1,46.6,15.8,30.8,CRITICAL,1,SYNTHETIC EMERGENCY V2X
EMG-EVT-008195,AMB-18,AMBULANCE,3.7,0.37,7,50.9,12.8,4.7,8.1,CRITICAL,1,SYNTHETIC EMERGENCY V2X
EMG-EVT-008196,POL-03,POLICE,6.7,0.32,14,55.5,24.0,8.7,15.3,CRITICAL,1,SYNTHETIC EMERGENCY V2X
EMG-EVT-008197,AMB-14,AMBULANCE,12.4,0.95,23,16.3,73.2,15.8,57.4,CRITICAL,1,SYNTHETIC EMERGENCY V2X
EMG-EVT-008198,AMB-17,AMBULANCE,5.1,0.95,12,18.6,30.9,6.8,24.1,CRITICAL,1,SYNTHETIC EMERGENCY V2X
EMG-EVT-008199,FIRE-08,FIRE_TRUCK,9.0,0.9,18,17.6,52.3,11.6,40.7,CRITICAL,1,SYNTHETIC EMERGENCY V2X
EMG-EVT-008200,AMB-20,AMBULANCE,8.3,0.43,14,41.6,28.8,10.5,18.3,CRITICAL,1,SYNTHETIC EMERGENCY V2X
EMG-EVT-008201,AMB-03,AMBULANCE,7.9,0.71,15,31.9,32.9,10.1,22.8,CRITICAL,1,SYNTHETIC EMERGENCY V2X
EMG-EVT-008202,FIRE-06,FIRE_TRUCK,15.5,0.28,28,54.2,50.8,19.7,31.1,CRITICAL,1,SYNTHETIC EMERGENCY V2X
EMG-EVT-008203,FIRE-04,FIRE_TRUCK,13.0,0.94,25,11.4,98.4,16.7,81.7,CRITICAL,1,SYNTHETIC EMERGENCY V2X
EMG-EVT-008204,AMB-11,AMBULANCE,4.8,0.5,11,41.4,20.2,6.3,13.9,CRITICAL,1,SYNTHETIC EMERGENCY V2X
EMG-EVT-008205,AMB-09,AMBULANCE,15.5,0.89,29,23.0,75.2,19.8,55.4,CRITICAL,1,SYNTHETIC EMERGENCY V2X
EMG-EVT-008206,AMB-17,AMBULANCE,4.7,0.24,8,56.6,14.6,5.9,8.7,CRITICAL,1,SYNTHETIC EMERGENCY V2X
EMG-EVT-008207,AMB-11,AMBULANCE,2.0,0.8,3,23.1,8.8,2.5,6.3,CRITICAL,1,SYNTHETIC EMERGENCY V2X
EMG-EVT-008208,AMB-17,AMBULANCE,15.9,0.37,31,48.5,56.9,20.4,36.5,CRITICAL,1,SYNTHETIC EMERGENCY V2X
EMG-EVT-008209,AMB-06,AMBULANCE,7.8,0.47,15,41.8,29.2,10.0,19.2,CRITICAL,1,SYNTHETIC EMERGENCY V2X
EMG-EVT-008210,AMB-05,AMBULANCE,7.8,0.39,15,45.0,28.4,10.0,18.4,CRITICAL,1,SYNTHETIC EMERGENCY V2X
EMG-EVT-008211,AMB-06,AMBULANCE,10.3,0.46,21,48.9,37.8,13.3,24.5,CRITICAL,1,SYNTHETIC EMERGENCY V2X
EMG-EVT-008212,AMB-19,AMBULANCE,14.0,0.7,27,27.7,62.7,18.0,44.7,CRITICAL,1,SYNTHETIC EMERGENCY V2X
EMG-EVT-008213,AMB-18,AMBULANCE,1.5,0.57,4,42.6,6.9,2.0,4.9,CRITICAL,1,SYNTHETIC EMERGENCY V2X
EMG-EVT-008214,AMB-05,AMBULANCE,11.2,0.76,21,21.7,56.2,14.3,41.9,CRITICAL,1,SYNTHETIC EMERGENCY V2X
EMG-EVT-008215,POL-10,POLICE,14.6,0.33,29,57.1,50.1,18.8,31.3,CRITICAL,1,SYNTHETIC EMERGENCY V2X
EMG-EVT-008216,AMB-08,AMBULANCE,9.0,0.75,18,26.8,41.7,11.6,30.1,CRITICAL,1,SYNTHETIC EMERGENCY V2X
EMG-EVT-008217,POL-09,POLICE,10.9,0.22,20,58.4,35.2,13.9,21.3,CRITICAL,1,SYNTHETIC EMERGENCY V2X
EMG-EVT-008218,AMB-12,AMBULANCE,6.6,0.95,11,17.0,36.5,8.3,28.2,CRITICAL,1,SYNTHETIC EMERGENCY V2X
EMG-EVT-008219,AMB-15,AMBULANCE,2.1,0.75,3,23.4,9.0,2.6,6.4,CRITICAL,1,SYNTHETIC EMERGENCY V2X
EMG-EVT-008220,AMB-05,AMBULANCE,9.6,0.21,20,59.4,33.7,12.5,21.2,CRITICAL,1,SYNTHETIC EMERGENCY V2X
EMG-EVT-008221,AMB-16,AMBULANCE,10.2,0.74,19,22.8,49.6,13.0,36.6,CRITICAL,1,SYNTHETIC EMERGENCY V2X
EMG-EVT-008222,AMB-06,AMBULANCE,15.8,0.9,29,18.7,85.5,20.1,65.4,CRITICAL,1,SYNTHETIC EMERGENCY V2X
EMG-EVT-008223,POL-04,POLICE,15.2,0.52,28,36.0,58.9,19.4,39.5,CRITICAL,1,SYNTHETIC EMERGENCY V2X
EMG-EVT-008224,AMB-17,AMBULANCE,7.8,0.49,15,45.1,28.4,10.0,18.4,CRITICAL,1,SYNTHETIC EMERGENCY V2X
EMG-EVT-008225,AMB-04,AMBULANCE,5.1,0.73,9,32.4,20.2,6.5,13.7,CRITICAL,1,SYNTHETIC EMERGENCY V2X
EMG-EVT-008226,AMB-12,AMBULANCE,4.8,0.65,8,30.9,18.9,6.0,12.9,CRITICAL,1,SYNTHETIC EMERGENCY V2X
EMG-EVT-008227,AMB-07,AMBULANCE,4.4,0.38,10,54.0,16.9,5.8,11.1,CRITICAL,1,SYNTHETIC EMERGENCY V2X
EMG-EVT-008228,AMB-19,AMBULANCE,15.0,0.79,28,24.5,70.3,19.2,51.1,CRITICAL,1,SYNTHETIC EMERGENCY V2X
EMG-EVT-008229,AMB-04,AMBULANCE,5.9,0.82,10,25.6,25.8,7.4,18.4,CRITICAL,1,SYNTHETIC EMERGENCY V2X
EMG-EVT-008230,AMB-12,AMBULANCE,4.7,0.98,8,10.1,37.5,5.9,31.6,CRITICAL,1,SYNTHETIC EMERGENCY V2X
EMG-EVT-008231,AMB-05,AMBULANCE,13.9,0.83,28,24.9,67.1,18.0,49.1,CRITICAL,1,SYNTHETIC EMERGENCY V2X
EMG-EVT-008232,AMB-16,AMBULANCE,15.1,0.73,30,23.6,74.4,19.5,54.9,CRITICAL,1,SYNTHETIC EMERGENCY V2X
EMG-EVT-008233,FIRE-06,FIRE_TRUCK,10.9,0.77,22,26.1,51.5,14.1,37.4,CRITICAL,1,SYNTHETIC EMERGENCY V2X
EMG-EVT-008234,AMB-01,AMBULANCE,12.5,0.6,23,38.6,47.0,15.9,31.1,CRITICAL,1,SYNTHETIC EMERGENCY V2X
EMG-EVT-008235,AMB-03,AMBULANCE,5.9,0.3,11,50.3,20.2,7.5,12.7,CRITICAL,1,SYNTHETIC EMERGENCY V2X
EMG-EVT-008236,FIRE-10,FIRE_TRUCK,4.3,0.5,9,46.5,16.3,5.6,10.7,CRITICAL,1,SYNTHETIC EMERGENCY V2X
EMG-EVT-008237,FIRE-03,FIRE_TRUCK,13.3,0.98,23,13.5,86.7,16.8,69.9,CRITICAL,1,SYNTHETIC EMERGENCY V2X
EMG-EVT-008238,AMB-15,AMBULANCE,11.4,0.48,21,40.5,42.1,14.5,27.6,CRITICAL,1,SYNTHETIC EMERGENCY V2X
EMG-EVT-008239,AMB-09,AMBULANCE,12.7,0.4,24,45.7,45.5,16.3,29.2,CRITICAL,1,SYNTHETIC EMERGENCY V2X
EMG-EVT-008240,FIRE-05,FIRE_TRUCK,1.5,0.54,5,42.1,8.1,2.1,6.0,HIGH,1,SYNTHETIC EMERGENCY V2X
EMG-EVT-008241,AMB-04,AMBULANCE,12.3,0.31,23,50.5,42.2,15.7,26.5,CRITICAL,1,SYNTHETIC EMERGENCY V2X
EMG-EVT-008242,AMB-08,AMBULANCE,7.0,0.7,12,34.9,26.4,8.8,17.6,CRITICAL,1,SYNTHETIC EMERGENCY V2X
EMG-EVT-008243,AMB-14,AMBULANCE,11.2,0.39,22,46.7,40.8,14.4,26.4,CRITICAL,1,SYNTHETIC EMERGENCY V2X
EMG-EVT-008244,FIRE-03,FIRE_TRUCK,9.7,0.47,17,40.0,34.9,12.3,22.6,CRITICAL,1,SYNTHETIC EMERGENCY V2X
EMG-EVT-008245,AMB-04,AMBULANCE,7.1,0.83,13,18.7,38.4,9.0,29.4,CRITICAL,1,SYNTHETIC EMERGENCY V2X
EMG-EVT-008246,POL-05,POLICE,10.6,0.92,22,13.4,73.9,13.8,60.1,CRITICAL,1,SYNTHETIC EMERGENCY V2X
EMG-EVT-008247,FIRE-04,FIRE_TRUCK,12.8,0.6,23,41.0,46.3,16.3,30.0,CRITICAL,1,SYNTHETIC EMERGENCY V2X
EMG-EVT-008248,AMB-15,AMBULANCE,14.5,0.81,28,20.9,75.2,18.6,56.6,CRITICAL,1,SYNTHETIC EMERGENCY V2X
EMG-EVT-008249,POL-10,POLICE,6.0,0.87,13,21.0,32.7,7.8,24.9,CRITICAL,1,SYNTHETIC EMERGENCY V2X
EMG-EVT-008250,AMB-15,AMBULANCE,6.8,0.24,14,60.8,23.5,8.8,14.7,CRITICAL,1,SYNTHETIC EMERGENCY V2X
EMG-EVT-008251,AMB-07,AMBULANCE,2.6,0.82,6,26.8,13.0,3.4,9.6,CRITICAL,1,SYNTHETIC EMERGENCY V2X
EMG-EVT-008252,AMB-03,AMBULANCE,11.7,0.67,23,29.7,51.2,15.1,36.1,CRITICAL,1,SYNTHETIC EMERGENCY V2X
EMG-EVT-008253,AMB-12,AMBULANCE,6.4,0.97,11,10.0,51.6,8.1,43.5,CRITICAL,1,SYNTHETIC EMERGENCY V2X
EMG-EVT-008254,AMB-06,AMBULANCE,6.5,0.29,13,52.5,23.0,8.4,14.6,CRITICAL,1,SYNTHETIC EMERGENCY V2X
EMG-EVT-008255,AMB-08,AMBULANCE,9.6,0.25,17,59.2,30.1,12.2,17.9,CRITICAL,1,SYNTHETIC EMERGENCY V2X
EMG-EVT-008256,AMB-07,AMBULANCE,5.7,0.93,12,18.7,32.7,7.4,25.3,CRITICAL,1,SYNTHETIC EMERGENCY V2X
EMG-EVT-008257,AMB-17,AMBULANCE,6.8,0.7,14,25.1,33.1,8.8,24.3,CRITICAL,1,SYNTHETIC EMERGENCY V2X
EMG-EVT-008258,AMB-14,AMBULANCE,11.4,0.73,21,28.0,49.6,14.5,35.1,CRITICAL,1,SYNTHETIC EMERGENCY V2X
EMG-EVT-008259,AMB-11,AMBULANCE,14.9,0.43,26,41.4,52.8,18.9,33.9,CRITICAL,1,SYNTHETIC EMERGENCY V2X
EMG-EVT-008260,AMB-01,AMBULANCE,10.2,0.41,19,43.9,36.7,13.0,23.7,CRITICAL,1,SYNTHETIC EMERGENCY V2X
EMG-EVT-008261,FIRE-06,FIRE_TRUCK,5.4,0.68,11,30.2,23.9,7.0,16.9,CRITICAL,1,SYNTHETIC EMERGENCY V2X
EMG-EVT-008262,AMB-20,AMBULANCE,8.0,0.94,17,15.7,51.0,10.4,40.6,CRITICAL,1,SYNTHETIC EMERGENCY V2X
EMG-EVT-008263,FIRE-10,FIRE_TRUCK,6.0,0.27,10,51.7,19.0,7.5,11.5,CRITICAL,1,SYNTHETIC EMERGENCY V2X
EMG-EVT-008264,AMB-01,AMBULANCE,10.0,0.39,21,44.0,38.8,13.0,25.8,CRITICAL,1,SYNTHETIC EMERGENCY V2X
EMG-EVT-008265,AMB-02,AMBULANCE,2.4,0.81,4,21.4,11.5,3.0,8.5,CRITICAL,1,SYNTHETIC EMERGENCY V2X
EMG-EVT-008266,AMB-14,AMBULANCE,12.2,0.36,24,51.4,43.0,15.7,27.3,CRITICAL,1,SYNTHETIC EMERGENCY V2X
EMG-EVT-008267,AMB-03,AMBULANCE,13.2,0.24,24,55.0,43.2,16.8,26.4,CRITICAL,1,SYNTHETIC EMERGENCY V2X
EMG-EVT-008268,FIRE-03,FIRE_TRUCK,5.2,0.45,12,44.8,21.4,6.9,14.5,CRITICAL,1,SYNTHETIC EMERGENCY V2X
EMG-EVT-008269,AMB-09,AMBULANCE,8.4,0.93,15,18.9,44.7,10.7,34.0,CRITICAL,1,SYNTHETIC EMERGENCY V2X
EMG-EVT-008270,AMB-18,AMBULANCE,3.3,0.68,8,27.5,16.8,4.4,12.4,CRITICAL,1,SYNTHETIC EMERGENCY V2X
EMG-EVT-008271,FIRE-07,FIRE_TRUCK,15.4,0.61,28,40.1,56.6,19.6,37.0,CRITICAL,1,SYNTHETIC EMERGENCY V2X
EMG-EVT-008272,FIRE-09,FIRE_TRUCK,9.8,0.69,19,31.8,41.3,12.6,28.7,CRITICAL,1,SYNTHETIC EMERGENCY V2X
EMG-EVT-008273,AMB-12,AMBULANCE,2.0,0.89,4,17.1,11.8,2.6,9.2,CRITICAL,1,SYNTHETIC EMERGENCY V2X
EMG-EVT-008274,AMB-13,AMBULANCE,9.7,0.86,17,15.5,57.9,12.3,45.6,CRITICAL,1,SYNTHETIC EMERGENCY V2X
EMG-EVT-008275,AMB-03,AMBULANCE,14.9,0.81,26,19.1,78.0,18.9,59.1,CRITICAL,1,SYNTHETIC EMERGENCY V2X
EMG-EVT-008276,FIRE-09,FIRE_TRUCK,15.4,0.98,28,13.3,103.1,19.6,83.5,CRITICAL,1,SYNTHETIC EMERGENCY V2X
EMG-EVT-008277,AMB-11,AMBULANCE,9.1,0.96,18,11.4,69.5,11.7,57.8,CRITICAL,1,SYNTHETIC EMERGENCY V2X
EMG-EVT-008278,AMB-15,AMBULANCE,7.3,0.67,13,33.5,28.7,9.3,19.4,CRITICAL,1,SYNTHETIC EMERGENCY V2X
EMG-EVT-008279,AMB-07,AMBULANCE,7.1,0.36,14,47.3,25.8,9.1,16.7,CRITICAL,1,SYNTHETIC EMERGENCY V2X
EMG-EVT-008280,AMB-10,AMBULANCE,7.7,0.64,16,37.9,31.4,10.0,21.4,CRITICAL,1,SYNTHETIC EMERGENCY V2X
EMG-EVT-008281,AMB-14,AMBULANCE,8.4,0.69,15,31.9,33.8,10.7,23.1,CRITICAL,1,SYNTHETIC EMERGENCY V2X
EMG-EVT-008282,AMB-11,AMBULANCE,9.9,0.45,20,47.3,36.6,12.8,23.8,CRITICAL,1,SYNTHETIC EMERGENCY V2X
EMG-EVT-008283,AMB-06,AMBULANCE,8.3,0.69,14,27.9,34.6,10.5,24.1,CRITICAL,1,SYNTHETIC EMERGENCY V2X
EMG-EVT-008284,AMB-08,AMBULANCE,2.8,0.45,6,43.9,11.0,3.7,7.3,CRITICAL,1,SYNTHETIC EMERGENCY V2X
EMG-EVT-008285,FIRE-05,FIRE_TRUCK,3.5,0.56,9,37.9,16.3,4.7,11.6,CRITICAL,1,SYNTHETIC EMERGENCY V2X
EMG-EVT-008286,AMB-15,AMBULANCE,9.8,0.4,17,43.9,33.8,12.4,21.4,CRITICAL,1,SYNTHETIC EMERGENCY V2X
EMG-EVT-008287,AMB-18,AMBULANCE,15.5,0.32,29,49.8,53.5,19.8,33.7,CRITICAL,1,SYNTHETIC EMERGENCY V2X
EMG-EVT-008288,FIRE-01,FIRE_TRUCK,2.6,0.29,5,52.7,9.0,3.3,5.7,HIGH,1,SYNTHETIC EMERGENCY V2X
EMG-EVT-008289,FIRE-04,FIRE_TRUCK,9.1,0.97,17,10.6,71.9,11.6,60.3,CRITICAL,1,SYNTHETIC EMERGENCY V2X
EMG-EVT-008290,AMB-02,AMBULANCE,10.5,0.62,20,35.3,41.8,13.5,28.3,CRITICAL,1,SYNTHETIC EMERGENCY V2X
EMG-EVT-008291,AMB-04,AMBULANCE,10.0,0.34,20,51.5,35.7,12.9,22.8,CRITICAL,1,SYNTHETIC EMERGENCY V2X
EMG-EVT-008292,AMB-09,AMBULANCE,15.3,0.97,28,13.4,102.1,19.5,82.6,CRITICAL,1,SYNTHETIC EMERGENCY V2X
EMG-EVT-008293,AMB-20,AMBULANCE,10.1,0.97,19,16.6,59.3,12.9,46.4,CRITICAL,1,SYNTHETIC EMERGENCY V2X
EMG-EVT-008294,AMB-03,AMBULANCE,11.9,0.44,22,47.3,41.5,15.2,26.3,CRITICAL,1,SYNTHETIC EMERGENCY V2X
EMG-EVT-008295,AMB-04,AMBULANCE,9.5,0.47,17,45.8,32.8,12.1,20.7,CRITICAL,1,SYNTHETIC EMERGENCY V2X
EMG-EVT-008296,AMB-04,AMBULANCE,14.3,0.5,25,45.2,49.0,18.1,30.9,CRITICAL,1,SYNTHETIC EMERGENCY V2X
EMG-EVT-008297,FIRE-05,FIRE_TRUCK,5.6,0.45,12,41.6,22.5,7.3,15.2,CRITICAL,1,SYNTHETIC EMERGENCY V2X
EMG-EVT-008298,AMB-10,AMBULANCE,12.0,0.61,22,37.3,45.7,15.3,30.4,CRITICAL,1,SYNTHETIC EMERGENCY V2X
EMG-EVT-008299,FIRE-08,FIRE_TRUCK,8.6,0.68,16,29.1,36.9,11.0,25.9,CRITICAL,1,SYNTHETIC EMERGENCY V2X
EMG-EVT-008300,POL-05,POLICE,12.2,0.88,24,15.5,76.0,15.7,60.3,CRITICAL,1,SYNTHETIC EMERGENCY V2X
EMG-EVT-008301,AMB-09,AMBULANCE,3.0,0.68,6,34.4,12.4,3.9,8.5,CRITICAL,1,SYNTHETIC EMERGENCY V2X
EMG-EVT-008302,AMB-08,AMBULANCE,8.1,0.42,17,49.3,30.3,10.5,19.8,CRITICAL,1,SYNTHETIC EMERGENCY V2X
EMG-EVT-008303,AMB-14,AMBULANCE,9.5,0.78,17,24.1,44.1,12.1,32.0,CRITICAL,1,SYNTHETIC EMERGENCY V2X
EMG-EVT-008304,FIRE-01,FIRE_TRUCK,4.3,0.28,7,54.1,13.2,5.4,7.8,CRITICAL,1,SYNTHETIC EMERGENCY V2X
EMG-EVT-008305,AMB-16,AMBULANCE,13.1,0.25,25,58.8,43.4,16.8,26.6,CRITICAL,1,SYNTHETIC EMERGENCY V2X
EMG-EVT-008306,FIRE-06,FIRE_TRUCK,3.1,0.97,5,15.7,17.8,3.9,13.9,CRITICAL,1,SYNTHETIC EMERGENCY V2X
EMG-EVT-008307,AMB-09,AMBULANCE,7.9,0.25,15,54.6,26.7,10.1,16.6,CRITICAL,1,SYNTHETIC EMERGENCY V2X
EMG-EVT-008308,AMB-04,AMBULANCE,11.7,0.45,21,47.4,40.0,14.9,25.1,CRITICAL,1,SYNTHETIC EMERGENCY V2X
EMG-EVT-008309,AMB-01,AMBULANCE,2.9,0.55,6,35.6,12.1,3.8,8.3,CRITICAL,1,SYNTHETIC EMERGENCY V2X
EMG-EVT-008310,AMB-03,AMBULANCE,14.0,0.61,28,35.1,57.5,18.1,39.4,CRITICAL,1,SYNTHETIC EMERGENCY V2X
EMG-EVT-008311,AMB-17,AMBULANCE,13.5,0.78,27,25.9,63.7,17.4,46.3,CRITICAL,1,SYNTHETIC EMERGENCY V2X
EMG-EVT-008312,AMB-20,AMBULANCE,10.8,0.25,22,54.8,38.2,14.0,24.2,CRITICAL,1,SYNTHETIC EMERGENCY V2X
EMG-EVT-008313,AMB-19,AMBULANCE,9.6,0.79,19,20.5,50.9,12.4,38.5,CRITICAL,1,SYNTHETIC EMERGENCY V2X
EMG-EVT-008314,AMB-14,AMBULANCE,12.2,0.42,22,48.2,41.6,15.5,26.1,CRITICAL,1,SYNTHETIC EMERGENCY V2X
EMG-EVT-008315,AMB-08,AMBULANCE,1.8,0.84,5,19.2,11.6,2.5,9.1,CRITICAL,1,SYNTHETIC EMERGENCY V2X
EMG-EVT-008316,FIRE-06,FIRE_TRUCK,3.3,0.53,6,39.8,12.2,4.2,8.0,CRITICAL,1,SYNTHETIC EMERGENCY V2X
EMG-EVT-008317,AMB-16,AMBULANCE,3.9,0.51,8,43.7,15.0,5.1,9.9,CRITICAL,1,SYNTHETIC EMERGENCY V2X
EMG-EVT-008318,FIRE-03,FIRE_TRUCK,3.8,0.36,9,45.6,15.8,5.0,10.8,CRITICAL,1,SYNTHETIC EMERGENCY V2X
EMG-EVT-008319,FIRE-04,FIRE_TRUCK,5.2,0.25,10,53.3,17.9,6.7,11.2,CRITICAL,1,SYNTHETIC EMERGENCY V2X
EMG-EVT-008320,FIRE-06,FIRE_TRUCK,2.7,0.25,5,55.2,8.9,3.4,5.5,HIGH,1,SYNTHETIC EMERGENCY V2X
EMG-EVT-008321,AMB-10,AMBULANCE,8.5,0.9,15,20.3,43.1,10.8,32.3,CRITICAL,1,SYNTHETIC EMERGENCY V2X
EMG-EVT-008322,AMB-06,AMBULANCE,10.9,0.49,20,38.3,41.1,13.9,27.2,CRITICAL,1,SYNTHETIC EMERGENCY V2X
EMG-EVT-008323,AMB-14,AMBULANCE,1.7,0.57,5,40.6,8.5,2.4,6.1,CRITICAL,1,SYNTHETIC EMERGENCY V2X
EMG-EVT-008324,AMB-10,AMBULANCE,9.8,0.48,18,46.3,34.3,12.5,21.8,CRITICAL,1,SYNTHETIC EMERGENCY V2X
EMG-EVT-008325,AMB-08,AMBULANCE,5.4,0.77,10,20.9,27.5,6.9,20.6,CRITICAL,1,SYNTHETIC EMERGENCY V2X
EMG-EVT-008326,FIRE-09,FIRE_TRUCK,2.0,0.25,6,54.4,9.4,2.8,6.6,HIGH,1,SYNTHETIC EMERGENCY V2X
EMG-EVT-008327,AMB-06,AMBULANCE,15.1,0.73,28,28.0,66.0,19.3,46.7,CRITICAL,1,SYNTHETIC EMERGENCY V2X
EMG-EVT-008328,AMB-15,AMBULANCE,6.1,0.41,13,51.0,22.8,8.0,14.8,CRITICAL,1,SYNTHETIC EMERGENCY V2X
EMG-EVT-008329,FIRE-04,FIRE_TRUCK,14.9,0.7,29,34.7,60.6,19.2,41.4,CRITICAL,1,SYNTHETIC EMERGENCY V2X
EMG-EVT-008330,AMB-13,AMBULANCE,2.1,0.47,5,41.1,9.1,2.8,6.3,CRITICAL,1,SYNTHETIC EMERGENCY V2X
EMG-EVT-008331,AMB-01,AMBULANCE,5.3,0.38,9,47.0,17.6,6.7,10.9,CRITICAL,1,SYNTHETIC EMERGENCY V2X
EMG-EVT-008332,FIRE-05,FIRE_TRUCK,6.1,0.46,10,48.6,19.5,7.7,11.8,CRITICAL,1,SYNTHETIC EMERGENCY V2X
EMG-EVT-008333,AMB-12,AMBULANCE,15.6,0.76,29,24.4,73.2,19.9,53.3,CRITICAL,1,SYNTHETIC EMERGENCY V2X
EMG-EVT-008334,AMB-14,AMBULANCE,8.6,0.86,17,22.9,42.9,11.1,31.8,CRITICAL,1,SYNTHETIC EMERGENCY V2X
EMG-EVT-008335,FIRE-05,FIRE_TRUCK,12.8,0.86,24,20.4,66.4,16.4,50.0,CRITICAL,1,SYNTHETIC EMERGENCY V2X
EMG-EVT-008336,AMB-01,AMBULANCE,13.2,0.33,24,51.4,44.2,16.8,27.4,CRITICAL,1,SYNTHETIC EMERGENCY V2X
EMG-EVT-008337,AMB-08,AMBULANCE,10.7,0.34,22,55.1,38.1,13.9,24.2,CRITICAL,1,SYNTHETIC EMERGENCY V2X
EMG-EVT-008338,AMB-15,AMBULANCE,3.7,0.59,9,37.4,16.7,4.9,11.8,CRITICAL,1,SYNTHETIC EMERGENCY V2X
EMG-EVT-008339,AMB-03,AMBULANCE,6.1,0.65,13,33.8,26.4,8.0,18.4,CRITICAL,1,SYNTHETIC EMERGENCY V2X
EMG-EVT-008340,POL-04,POLICE,9.9,0.85,17,26.0,43.2,12.5,30.7,CRITICAL,1,SYNTHETIC EMERGENCY V2X
EMG-EVT-008341,POL-06,POLICE,12.6,0.26,22,53.0,40.7,15.9,24.8,CRITICAL,1,SYNTHETIC EMERGENCY V2X
EMG-EVT-008342,AMB-10,AMBULANCE,12.9,0.69,23,28.5,54.8,16.4,38.4,CRITICAL,1,SYNTHETIC EMERGENCY V2X
EMG-EVT-008343,AMB-14,AMBULANCE,15.8,0.33,28,54.5,51.0,20.0,31.0,CRITICAL,1,SYNTHETIC EMERGENCY V2X
EMG-EVT-008344,AMB-18,AMBULANCE,15.0,0.23,27,55.0,48.8,19.1,29.7,CRITICAL,1,SYNTHETIC EMERGENCY V2X
EMG-EVT-008345,AMB-09,AMBULANCE,6.1,0.77,12,25.9,28.5,7.9,20.6,CRITICAL,1,SYNTHETIC EMERGENCY V2X
EMG-EVT-008346,AMB-16,AMBULANCE,2.7,0.67,7,34.0,13.2,3.6,9.6,CRITICAL,1,SYNTHETIC EMERGENCY V2X
EMG-EVT-008347,AMB-13,AMBULANCE,5.3,0.36,10,54.3,17.9,6.8,11.1,CRITICAL,1,SYNTHETIC EMERGENCY V2X
EMG-EVT-008348,AMB-04,AMBULANCE,2.4,0.43,4,47.3,7.8,3.0,4.8,CRITICAL,1,SYNTHETIC EMERGENCY V2X
EMG-EVT-008349,FIRE-09,FIRE_TRUCK,2.7,0.8,5,24.7,12.6,3.4,9.2,CRITICAL,1,SYNTHETIC EMERGENCY V2X
EMG-EVT-008350,AMB-18,AMBULANCE,3.2,0.38,6,48.9,11.1,4.1,7.0,CRITICAL,1,SYNTHETIC EMERGENCY V2X
EMG-EVT-008351,AMB-02,AMBULANCE,6.5,0.85,12,21.0,33.0,8.3,24.7,CRITICAL,1,SYNTHETIC EMERGENCY V2X
EMG-EVT-008352,AMB-14,AMBULANCE,10.4,0.79,18,25.9,45.7,13.1,32.6,CRITICAL,1,SYNTHETIC EMERGENCY V2X
EMG-EVT-008353,AMB-19,AMBULANCE,4.0,0.62,10,33.9,19.1,5.4,13.7,CRITICAL,1,SYNTHETIC EMERGENCY V2X
EMG-EVT-008354,FIRE-02,FIRE_TRUCK,13.3,0.2,23,56.1,41.8,16.8,25.0,CRITICAL,1,SYNTHETIC EMERGENCY V2X
EMG-EVT-008355,AMB-02,AMBULANCE,8.9,0.97,17,13.1,61.2,11.4,49.8,CRITICAL,1,SYNTHETIC EMERGENCY V2X
EMG-EVT-008356,FIRE-10,FIRE_TRUCK,2.2,0.41,5,43.0,9.1,2.9,6.2,HIGH,1,SYNTHETIC EMERGENCY V2X
EMG-EVT-008357,AMB-09,AMBULANCE,11.7,0.76,22,24.7,54.8,15.0,39.8,CRITICAL,1,SYNTHETIC EMERGENCY V2X
EMG-EVT-008358,AMB-06,AMBULANCE,9.7,0.48,19,43.4,36.2,12.5,23.7,CRITICAL,1,SYNTHETIC EMERGENCY V2X
EMG-EVT-008359,AMB-09,AMBULANCE,7.4,0.24,14,56.2,24.7,9.5,15.2,CRITICAL,1,SYNTHETIC EMERGENCY V2X
EMG-EVT-008360,AMB-16,AMBULANCE,2.5,0.38,7,44.9,11.7,3.4,8.3,CRITICAL,1,SYNTHETIC EMERGENCY V2X
EMG-EVT-008361,AMB-06,AMBULANCE,8.2,0.76,14,29.9,33.3,10.3,23.0,CRITICAL,1,SYNTHETIC EMERGENCY V2X
EMG-EVT-008362,AMB-03,AMBULANCE,13.1,0.6,25,38.0,50.7,16.8,33.9,CRITICAL,1,SYNTHETIC EMERGENCY V2X
EMG-EVT-008363,AMB-03,AMBULANCE,11.8,0.92,23,19.3,64.3,15.2,49.1,CRITICAL,1,SYNTHETIC EMERGENCY V2X
EMG-EVT-008364,FIRE-07,FIRE_TRUCK,10.5,0.97,21,15.1,66.9,13.6,53.3,CRITICAL,1,SYNTHETIC EMERGENCY V2X
EMG-EVT-008365,AMB-10,AMBULANCE,7.1,0.55,13,37.5,27.0,9.0,18.0,CRITICAL,1,SYNTHETIC EMERGENCY V2X
EMG-EVT-008366,POL-04,POLICE,15.2,0.63,29,37.3,59.3,19.5,39.8,CRITICAL,1,SYNTHETIC EMERGENCY V2X
EMG-EVT-008367,AMB-19,AMBULANCE,3.3,0.58,7,35.5,14.0,4.3,9.7,CRITICAL,1,SYNTHETIC EMERGENCY V2X
EMG-EVT-008368,FIRE-06,FIRE_TRUCK,14.1,0.39,27,47.2,50.3,18.1,32.2,CRITICAL,1,SYNTHETIC EMERGENCY V2X
EMG-EVT-008369,AMB-15,AMBULANCE,13.8,0.29,25,52.0,45.9,17.6,28.3,CRITICAL,1,SYNTHETIC EMERGENCY V2X
EMG-EVT-008370,AMB-02,AMBULANCE,8.3,0.68,17,29.9,37.1,10.8,26.3,CRITICAL,1,SYNTHETIC EMERGENCY V2X
EMG-EVT-008371,AMB-18,AMBULANCE,7.2,0.92,13,12.0,51.6,9.2,42.4,CRITICAL,1,SYNTHETIC EMERGENCY V2X
EMG-EVT-008372,FIRE-02,FIRE_TRUCK,3.1,0.73,5,30.5,12.1,3.9,8.2,CRITICAL,1,SYNTHETIC EMERGENCY V2X
EMG-EVT-008373,AMB-12,AMBULANCE,12.4,0.22,22,55.6,39.8,15.7,24.1,CRITICAL,1,SYNTHETIC EMERGENCY V2X
EMG-EVT-008374,AMB-02,AMBULANCE,15.0,0.74,27,26.9,65.9,19.1,46.8,CRITICAL,1,SYNTHETIC EMERGENCY V2X
EMG-EVT-008375,AMB-11,AMBULANCE,14.8,0.62,27,37.3,56.2,18.8,37.4,CRITICAL,1,SYNTHETIC EMERGENCY V2X
EMG-EVT-008376,POL-08,POLICE,14.5,0.77,29,28.8,65.0,18.7,46.3,CRITICAL,1,SYNTHETIC EMERGENCY V2X
EMG-EVT-008377,FIRE-08,FIRE_TRUCK,6.6,0.3,11,52.0,20.8,8.3,12.5,CRITICAL,1,SYNTHETIC EMERGENCY V2X
EMG-EVT-008378,AMB-19,AMBULANCE,6.2,0.47,12,43.5,23.0,8.0,15.0,CRITICAL,1,SYNTHETIC EMERGENCY V2X
EMG-EVT-008379,AMB-20,AMBULANCE,11.7,0.8,24,24.8,57.1,15.2,41.9,CRITICAL,1,SYNTHETIC EMERGENCY V2X
EMG-EVT-008380,AMB-03,AMBULANCE,3.2,0.64,8,32.5,15.5,4.3,11.2,CRITICAL,1,SYNTHETIC EMERGENCY V2X
EMG-EVT-008381,FIRE-04,FIRE_TRUCK,13.9,0.61,26,40.1,52.0,17.8,34.2,CRITICAL,1,SYNTHETIC EMERGENCY V2X
EMG-EVT-008382,AMB-03,AMBULANCE,9.4,0.83,18,21.9,47.4,12.1,35.3,CRITICAL,1,SYNTHETIC EMERGENCY V2X
EMG-EVT-008383,AMB-15,AMBULANCE,15.5,0.61,27,32.8,60.8,19.6,41.2,CRITICAL,1,SYNTHETIC EMERGENCY V2X
EMG-EVT-008384,AMB-07,AMBULANCE,5.6,0.87,12,21.9,29.7,7.3,22.4,CRITICAL,1,SYNTHETIC EMERGENCY V2X
EMG-EVT-008385,AMB-09,AMBULANCE,5.7,0.74,12,28.4,26.4,7.4,19.0,CRITICAL,1,SYNTHETIC EMERGENCY V2X
EMG-EVT-008386,FIRE-01,FIRE_TRUCK,14.9,0.4,29,50.1,52.6,19.2,33.4,CRITICAL,1,SYNTHETIC EMERGENCY V2X
EMG-EVT-008387,AMB-02,AMBULANCE,12.1,0.37,23,50.2,42.1,15.5,26.6,CRITICAL,1,SYNTHETIC EMERGENCY V2X
EMG-EVT-008388,AMB-11,AMBULANCE,8.3,0.58,17,39.2,33.1,10.8,22.3,CRITICAL,1,SYNTHETIC EMERGENCY V2X
EMG-EVT-008389,AMB-12,AMBULANCE,13.5,0.52,25,37.1,51.8,17.2,34.6,CRITICAL,1,SYNTHETIC EMERGENCY V2X
EMG-EVT-008390,AMB-13,AMBULANCE,4.1,0.82,9,26.6,20.0,5.4,14.6,CRITICAL,1,SYNTHETIC EMERGENCY V2X
EMG-EVT-008391,AMB-16,AMBULANCE,12.9,0.92,23,18.7,69.0,16.4,52.6,CRITICAL,1,SYNTHETIC EMERGENCY V2X
EMG-EVT-008392,AMB-19,AMBULANCE,2.6,0.85,7,16.9,17.6,3.5,14.1,CRITICAL,1,SYNTHETIC EMERGENCY V2X
EMG-EVT-008393,POL-05,POLICE,13.4,0.28,25,53.0,45.2,17.1,28.1,CRITICAL,1,SYNTHETIC EMERGENCY V2X
EMG-EVT-008394,AMB-12,AMBULANCE,4.5,0.4,9,43.4,17.0,5.8,11.2,CRITICAL,1,SYNTHETIC EMERGENCY V2X
EMG-EVT-008395,AMB-20,AMBULANCE,5.5,0.48,9,41.6,18.7,6.9,11.8,CRITICAL,1,SYNTHETIC EMERGENCY V2X
EMG-EVT-008396,FIRE-03,FIRE_TRUCK,14.7,0.81,28,26.9,66.4,18.8,47.6,CRITICAL,1,SYNTHETIC EMERGENCY V2X
EMG-EVT-008397,FIRE-06,FIRE_TRUCK,10.4,0.69,18,25.7,45.9,13.1,32.8,CRITICAL,1,SYNTHETIC EMERGENCY V2X
EMG-EVT-008398,POL-08,POLICE,5.7,0.49,10,41.8,20.2,7.2,13.0,CRITICAL,1,SYNTHETIC EMERGENCY V2X
EMG-EVT-008399,FIRE-04,FIRE_TRUCK,6.3,0.78,14,27.3,30.6,8.3,22.3,CRITICAL,1,SYNTHETIC EMERGENCY V2X
EMG-EVT-008400,AMB-11,AMBULANCE,8.9,0.86,17,19.6,47.6,11.4,36.2,CRITICAL,1,SYNTHETIC EMERGENCY V2X
EMG-EVT-008401,AMB-02,AMBULANCE,14.0,0.29,25,50.2,46.7,17.8,28.9,CRITICAL,1,SYNTHETIC EMERGENCY V2X
EMG-EVT-008402,AMB-08,AMBULANCE,9.1,0.93,19,20.2,49.8,11.8,38.0,CRITICAL,1,SYNTHETIC EMERGENCY V2X
EMG-EVT-008403,AMB-07,AMBULANCE,2.2,0.94,3,18.8,10.6,2.7,7.9,CRITICAL,1,SYNTHETIC EMERGENCY V2X
EMG-EVT-008404,AMB-18,AMBULANCE,8.9,0.63,19,33.9,38.6,11.6,27.0,CRITICAL,1,SYNTHETIC EMERGENCY V2X
EMG-EVT-008405,AMB-15,AMBULANCE,13.3,0.7,23,27.4,56.7,16.8,39.9,CRITICAL,1,SYNTHETIC EMERGENCY V2X
EMG-EVT-008406,FIRE-03,FIRE_TRUCK,2.7,0.76,5,21.9,13.4,3.4,10.0,CRITICAL,1,SYNTHETIC EMERGENCY V2X
EMG-EVT-008407,AMB-15,AMBULANCE,15.0,0.53,29,43.5,55.5,19.3,36.2,CRITICAL,1,SYNTHETIC EMERGENCY V2X
EMG-EVT-008408,AMB-17,AMBULANCE,15.5,0.5,28,43.9,54.8,19.7,35.1,CRITICAL,1,SYNTHETIC EMERGENCY V2X
EMG-EVT-008409,AMB-17,AMBULANCE,9.1,0.24,19,62.3,31.6,11.8,19.8,CRITICAL,1,SYNTHETIC EMERGENCY V2X
EMG-EVT-008410,AMB-10,AMBULANCE,3.1,0.24,6,56.7,10.5,4.0,6.5,CRITICAL,1,SYNTHETIC EMERGENCY V2X
EMG-EVT-008411,AMB-13,AMBULANCE,7.2,0.67,13,32.4,28.9,9.2,19.7,CRITICAL,1,SYNTHETIC EMERGENCY V2X
EMG-EVT-008412,AMB-18,AMBULANCE,10.8,0.8,19,22.0,52.3,13.7,38.6,CRITICAL,1,SYNTHETIC EMERGENCY V2X
EMG-EVT-008413,AMB-16,AMBULANCE,11.7,0.31,22,53.4,39.5,15.0,24.5,CRITICAL,1,SYNTHETIC EMERGENCY V2X
EMG-EVT-008414,AMB-05,AMBULANCE,4.8,0.67,10,30.3,21.5,6.2,15.3,CRITICAL,1,SYNTHETIC EMERGENCY V2X
EMG-EVT-008415,AMB-08,AMBULANCE,16.0,0.41,28,45.4,54.7,20.3,34.4,CRITICAL,1,SYNTHETIC EMERGENCY V2X
EMG-EVT-008416,FIRE-03,FIRE_TRUCK,4.6,0.8,11,24.2,24.6,6.1,18.5,CRITICAL,1,SYNTHETIC EMERGENCY V2X
EMG-EVT-008417,FIRE-02,FIRE_TRUCK,14.6,0.24,26,60.1,45.8,18.5,27.3,CRITICAL,1,SYNTHETIC EMERGENCY V2X
EMG-EVT-008418,AMB-13,AMBULANCE,7.9,0.52,16,45.7,29.6,10.2,19.4,CRITICAL,1,SYNTHETIC EMERGENCY V2X
EMG-EVT-008419,FIRE-08,FIRE_TRUCK,6.4,0.3,12,50.8,22.0,8.2,13.8,CRITICAL,1,SYNTHETIC EMERGENCY V2X
EMG-EVT-008420,POL-07,POLICE,5.0,0.28,12,54.9,19.9,6.7,13.2,CRITICAL,1,SYNTHETIC EMERGENCY V2X
EMG-EVT-008421,AMB-13,AMBULANCE,12.5,0.66,25,32.1,53.4,16.1,37.3,CRITICAL,1,SYNTHETIC EMERGENCY V2X
EMG-EVT-008422,AMB-06,AMBULANCE,4.1,0.32,9,55.4,15.2,5.4,9.8,CRITICAL,1,SYNTHETIC EMERGENCY V2X
EMG-EVT-008423,AMB-07,AMBULANCE,4.7,0.46,10,45.1,18.3,6.1,12.2,CRITICAL,1,SYNTHETIC EMERGENCY V2X
EMG-EVT-008424,AMB-09,AMBULANCE,13.9,0.2,27,64.6,45.3,17.9,27.4,CRITICAL,1,SYNTHETIC EMERGENCY V2X
EMG-EVT-008425,POL-08,POLICE,3.8,0.96,7,12.0,27.4,4.8,22.6,CRITICAL,1,SYNTHETIC EMERGENCY V2X
EMG-EVT-008426,AMB-17,AMBULANCE,7.4,0.54,13,43.9,25.7,9.4,16.3,CRITICAL,1,SYNTHETIC EMERGENCY V2X
EMG-EVT-008427,FIRE-03,FIRE_TRUCK,5.3,0.31,11,57.2,18.8,6.9,11.9,CRITICAL,1,SYNTHETIC EMERGENCY V2X
EMG-EVT-008428,AMB-17,AMBULANCE,1.8,0.46,6,48.4,9.4,2.6,6.8,CRITICAL,1,SYNTHETIC EMERGENCY V2X
EMG-EVT-008429,POL-09,POLICE,13.7,0.64,26,31.0,57.7,17.5,40.2,CRITICAL,1,SYNTHETIC EMERGENCY V2X
EMG-EVT-008430,AMB-13,AMBULANCE,11.8,0.8,21,27.0,51.4,15.0,36.4,CRITICAL,1,SYNTHETIC EMERGENCY V2X
EMG-EVT-008431,POL-09,POLICE,10.3,0.61,20,32.8,42.8,13.2,29.6,CRITICAL,1,SYNTHETIC EMERGENCY V2X
EMG-EVT-008432,AMB-19,AMBULANCE,9.0,0.3,16,50.6,29.9,11.4,18.5,CRITICAL,1,SYNTHETIC EMERGENCY V2X
EMG-EVT-008433,AMB-20,AMBULANCE,5.7,0.43,11,41.6,21.4,7.3,14.1,CRITICAL,1,SYNTHETIC EMERGENCY V2X
EMG-EVT-008434,AMB-17,AMBULANCE,1.7,0.35,4,49.2,6.9,2.3,4.6,CRITICAL,1,SYNTHETIC EMERGENCY V2X
EMG-EVT-008435,POL-05,POLICE,2.2,0.32,3,49.7,6.3,2.7,3.6,HIGH,1,SYNTHETIC EMERGENCY V2X
EMG-EVT-008436,POL-01,POLICE,9.3,0.9,18,21.7,47.3,11.9,35.4,CRITICAL,1,SYNTHETIC EMERGENCY V2X
EMG-EVT-008437,AMB-18,AMBULANCE,13.6,0.92,26,20.3,71.4,17.4,54.0,CRITICAL,1,SYNTHETIC EMERGENCY V2X
EMG-EVT-008438,AMB-16,AMBULANCE,12.9,0.41,26,42.5,49.4,16.7,32.7,CRITICAL,1,SYNTHETIC EMERGENCY V2X
EMG-EVT-008439,AMB-20,AMBULANCE,11.8,0.79,21,23.2,55.7,15.0,40.7,CRITICAL,1,SYNTHETIC EMERGENCY V2X
EMG-EVT-008440,AMB-19,AMBULANCE,12.4,0.33,25,50.2,44.8,16.0,28.8,CRITICAL,1,SYNTHETIC EMERGENCY V2X
EMG-EVT-008441,AMB-07,AMBULANCE,5.0,0.4,10,52.4,17.7,6.5,11.2,CRITICAL,1,SYNTHETIC EMERGENCY V2X
EMG-EVT-008442,AMB-02,AMBULANCE,7.3,0.24,13,55.2,23.5,9.3,14.2,CRITICAL,1,SYNTHETIC EMERGENCY V2X
EMG-EVT-008443,AMB-18,AMBULANCE,2.1,0.7,4,33.1,8.6,2.7,5.9,CRITICAL,1,SYNTHETIC EMERGENCY V2X
EMG-EVT-008444,AMB-06,AMBULANCE,4.6,0.21,8,58.1,14.4,5.8,8.6,CRITICAL,1,SYNTHETIC EMERGENCY V2X
EMG-EVT-008445,FIRE-05,FIRE_TRUCK,1.7,0.71,5,30.8,9.3,2.4,6.9,HIGH,1,SYNTHETIC EMERGENCY V2X
EMG-EVT-008446,AMB-13,AMBULANCE,13.2,0.7,23,25.4,58.8,16.7,42.1,CRITICAL,1,SYNTHETIC EMERGENCY V2X
EMG-EVT-008447,AMB-18,AMBULANCE,2.3,0.68,4,27.3,9.9,2.9,7.0,CRITICAL,1,SYNTHETIC EMERGENCY V2X
EMG-EVT-008448,AMB-10,AMBULANCE,11.1,0.81,20,23.4,52.5,14.1,38.4,CRITICAL,1,SYNTHETIC EMERGENCY V2X
EMG-EVT-008449,AMB-06,AMBULANCE,9.5,0.95,18,13.0,65.4,12.2,53.2,CRITICAL,1,SYNTHETIC EMERGENCY V2X
EMG-EVT-008450,FIRE-07,FIRE_TRUCK,11.7,0.21,21,59.2,37.1,14.9,22.2,CRITICAL,1,SYNTHETIC EMERGENCY V2X
EMG-EVT-008451,AMB-11,AMBULANCE,14.7,0.87,28,20.9,75.8,18.8,57.0,CRITICAL,1,SYNTHETIC EMERGENCY V2X
EMG-EVT-008452,AMB-17,AMBULANCE,6.9,0.91,15,15.4,44.9,9.0,35.9,CRITICAL,1,SYNTHETIC EMERGENCY V2X
EMG-EVT-008453,FIRE-01,FIRE_TRUCK,8.5,0.29,17,56.5,29.4,11.0,18.4,CRITICAL,1,SYNTHETIC EMERGENCY V2X
EMG-EVT-008454,FIRE-07,FIRE_TRUCK,5.4,0.71,10,27.4,23.8,6.9,16.9,CRITICAL,1,SYNTHETIC EMERGENCY V2X
EMG-EVT-008455,AMB-06,AMBULANCE,2.4,0.72,5,24.6,11.9,3.1,8.8,CRITICAL,1,SYNTHETIC EMERGENCY V2X
EMG-EVT-008456,AMB-19,AMBULANCE,4.2,0.9,8,15.7,25.7,5.4,20.3,CRITICAL,1,SYNTHETIC EMERGENCY V2X
EMG-EVT-008457,FIRE-01,FIRE_TRUCK,2.9,0.8,8,22.2,17.4,4.0,13.4,CRITICAL,1,SYNTHETIC EMERGENCY V2X
EMG-EVT-008458,AMB-01,AMBULANCE,15.2,0.52,30,39.0,59.4,19.6,39.8,CRITICAL,1,SYNTHETIC EMERGENCY V2X
EMG-EVT-008459,AMB-11,AMBULANCE,3.3,0.5,8,38.3,14.8,4.4,10.4,CRITICAL,1,SYNTHETIC EMERGENCY V2X
EMG-EVT-008460,POL-03,POLICE,13.7,0.47,24,43.9,47.5,17.3,30.2,CRITICAL,1,SYNTHETIC EMERGENCY V2X
EMG-EVT-008461,POL-10,POLICE,13.9,0.95,28,13.1,97.3,18.0,79.3,CRITICAL,1,SYNTHETIC EMERGENCY V2X
EMG-EVT-008462,AMB-20,AMBULANCE,9.8,0.64,19,33.6,40.3,12.6,27.7,CRITICAL,1,SYNTHETIC EMERGENCY V2X
EMG-EVT-008463,AMB-20,AMBULANCE,8.2,0.55,15,37.4,31.2,10.4,20.8,CRITICAL,1,SYNTHETIC EMERGENCY V2X
EMG-EVT-008464,AMB-17,AMBULANCE,15.5,0.79,27,24.5,70.4,19.6,50.8,CRITICAL,1,SYNTHETIC EMERGENCY V2X
EMG-EVT-008465,FIRE-04,FIRE_TRUCK,9.9,0.65,18,34.1,39.0,12.6,26.4,CRITICAL,1,SYNTHETIC EMERGENCY V2X
EMG-EVT-008466,AMB-06,AMBULANCE,9.2,0.51,18,39.2,35.7,11.8,23.9,CRITICAL,1,SYNTHETIC EMERGENCY V2X
EMG-EVT-008467,AMB-12,AMBULANCE,9.0,0.8,16,25.6,40.3,11.4,28.9,CRITICAL,1,SYNTHETIC EMERGENCY V2X
EMG-EVT-008468,AMB-08,AMBULANCE,12.9,0.37,25,49.6,45.6,16.6,29.0,CRITICAL,1,SYNTHETIC EMERGENCY V2X
EMG-EVT-008469,AMB-08,AMBULANCE,1.6,0.67,3,27.2,7.1,2.0,5.1,CRITICAL,1,SYNTHETIC EMERGENCY V2X
EMG-EVT-008470,FIRE-09,FIRE_TRUCK,1.7,0.78,3,28.9,7.1,2.2,4.9,HIGH,1,SYNTHETIC EMERGENCY V2X
EMG-EVT-008471,AMB-19,AMBULANCE,11.8,0.92,22,14.6,74.9,15.1,59.8,CRITICAL,1,SYNTHETIC EMERGENCY V2X
EMG-EVT-008472,AMB-11,AMBULANCE,11.5,0.43,23,50.8,41.2,14.8,26.4,CRITICAL,1,SYNTHETIC EMERGENCY V2X
EMG-EVT-008473,AMB-06,AMBULANCE,3.4,0.92,7,11.8,25.7,4.4,21.3,CRITICAL,1,SYNTHETIC EMERGENCY V2X
EMG-EVT-008474,AMB-20,AMBULANCE,10.6,0.82,22,25.4,51.4,13.8,37.6,CRITICAL,1,SYNTHETIC EMERGENCY V2X
EMG-EVT-008475,FIRE-05,FIRE_TRUCK,13.5,0.48,24,46.1,46.4,17.1,29.3,CRITICAL,1,SYNTHETIC EMERGENCY V2X
EMG-EVT-008476,AMB-03,AMBULANCE,13.6,0.71,25,29.8,57.4,17.3,40.1,CRITICAL,1,SYNTHETIC EMERGENCY V2X
EMG-EVT-008477,AMB-16,AMBULANCE,8.6,0.94,17,14.4,56.2,11.1,45.1,CRITICAL,1,SYNTHETIC EMERGENCY V2X
EMG-EVT-008478,POL-09,POLICE,4.7,0.76,9,27.3,21.1,6.0,15.1,CRITICAL,1,SYNTHETIC EMERGENCY V2X
EMG-EVT-008479,AMB-02,AMBULANCE,5.8,0.83,13,19.7,33.3,7.6,25.7,CRITICAL,1,SYNTHETIC EMERGENCY V2X
EMG-EVT-008480,AMB-16,AMBULANCE,4.4,0.21,8,58.7,14.1,5.6,8.5,CRITICAL,1,SYNTHETIC EMERGENCY V2X
EMG-EVT-008481,AMB-15,AMBULANCE,10.7,0.26,22,60.4,37.0,13.9,23.1,CRITICAL,1,SYNTHETIC EMERGENCY V2X
EMG-EVT-008482,AMB-13,AMBULANCE,5.2,0.45,12,49.0,20.8,6.9,13.9,CRITICAL,1,SYNTHETIC EMERGENCY V2X
EMG-EVT-008483,POL-05,POLICE,13.8,0.67,27,28.3,61.7,17.8,43.9,CRITICAL,1,SYNTHETIC EMERGENCY V2X
EMG-EVT-008484,AMB-19,AMBULANCE,11.8,0.69,22,31.7,48.7,15.1,33.6,CRITICAL,1,SYNTHETIC EMERGENCY V2X
EMG-EVT-008485,AMB-10,AMBULANCE,6.1,0.5,13,45.4,23.7,8.0,15.7,CRITICAL,1,SYNTHETIC EMERGENCY V2X
EMG-EVT-008486,FIRE-02,FIRE_TRUCK,3.3,0.56,5,38.7,11.1,4.1,7.0,HIGH,1,SYNTHETIC EMERGENCY V2X
EMG-EVT-008487,AMB-12,AMBULANCE,14.6,0.49,27,47.0,51.0,18.6,32.4,CRITICAL,1,SYNTHETIC EMERGENCY V2X
EMG-EVT-008488,AMB-13,AMBULANCE,6.0,0.88,11,24.2,28.1,7.6,20.5,CRITICAL,1,SYNTHETIC EMERGENCY V2X
EMG-EVT-008489,AMB-04,AMBULANCE,15.5,0.92,30,19.8,83.0,19.9,63.1,CRITICAL,1,SYNTHETIC EMERGENCY V2X
EMG-EVT-008490,FIRE-01,FIRE_TRUCK,13.9,0.77,25,27.0,60.9,17.7,43.2,CRITICAL,1,SYNTHETIC EMERGENCY V2X
EMG-EVT-008491,FIRE-10,FIRE_TRUCK,3.9,0.5,10,45.6,17.1,5.3,11.8,CRITICAL,1,SYNTHETIC EMERGENCY V2X
EMG-EVT-008492,AMB-17,AMBULANCE,2.7,0.89,6,16.9,16.8,3.5,13.3,CRITICAL,1,SYNTHETIC EMERGENCY V2X
EMG-EVT-008493,FIRE-08,FIRE_TRUCK,9.7,0.36,17,49.7,32.1,12.3,19.8,CRITICAL,1,SYNTHETIC EMERGENCY V2X
EMG-EVT-008494,POL-02,POLICE,4.9,0.92,9,15.9,29.3,6.2,23.1,CRITICAL,1,SYNTHETIC EMERGENCY V2X
EMG-EVT-008495,AMB-05,AMBULANCE,14.5,0.49,29,44.7,54.3,18.7,35.6,CRITICAL,1,SYNTHETIC EMERGENCY V2X
EMG-EVT-008496,AMB-16,AMBULANCE,6.0,0.86,12,17.9,34.5,7.7,26.8,CRITICAL,1,SYNTHETIC EMERGENCY V2X
EMG-EVT-008497,AMB-15,AMBULANCE,7.3,0.83,14,18.5,40.5,9.4,31.1,CRITICAL,1,SYNTHETIC EMERGENCY V2X
EMG-EVT-008498,POL-07,POLICE,5.6,0.51,13,42.6,23.5,7.4,16.1,CRITICAL,1,SYNTHETIC EMERGENCY V2X
EMG-EVT-008499,AMB-17,AMBULANCE,12.4,0.32,24,55.9,42.1,15.9,26.2,CRITICAL,1,SYNTHETIC EMERGENCY V2X
EMG-EVT-008500,AMB-02,AMBULANCE,15.6,0.56,28,39.5,57.3,19.8,37.5,CRITICAL,1,SYNTHETIC EMERGENCY V2X
EMG-EVT-008501,AMB-04,AMBULANCE,5.2,0.3,11,53.7,19.0,6.8,12.2,CRITICAL,1,SYNTHETIC EMERGENCY V2X
EMG-EVT-008502,AMB-16,AMBULANCE,11.9,0.55,23,40.7,45.1,15.3,29.8,CRITICAL,1,SYNTHETIC EMERGENCY V2X
EMG-EVT-008503,AMB-16,AMBULANCE,3.8,0.92,8,13.3,26.7,4.9,21.8,CRITICAL,1,SYNTHETIC EMERGENCY V2X
EMG-EVT-008504,AMB-02,AMBULANCE,3.9,0.85,8,16.4,23.9,5.1,18.8,CRITICAL,1,SYNTHETIC EMERGENCY V2X
EMG-EVT-008505,AMB-20,AMBULANCE,13.6,0.43,27,43.4,51.2,17.5,33.7,CRITICAL,1,SYNTHETIC EMERGENCY V2X
EMG-EVT-008506,AMB-10,AMBULANCE,5.8,0.98,10,12.5,39.8,7.3,32.5,CRITICAL,1,SYNTHETIC EMERGENCY V2X
EMG-EVT-008507,AMB-20,AMBULANCE,15.8,0.45,28,43.1,55.6,20.0,35.6,CRITICAL,1,SYNTHETIC EMERGENCY V2X
EMG-EVT-008508,AMB-06,AMBULANCE,4.4,0.65,9,34.4,18.5,5.7,12.8,CRITICAL,1,SYNTHETIC EMERGENCY V2X
EMG-EVT-008509,FIRE-01,FIRE_TRUCK,15.5,0.3,28,55.4,50.4,19.7,30.7,CRITICAL,1,SYNTHETIC EMERGENCY V2X
EMG-EVT-008510,AMB-20,AMBULANCE,6.7,0.57,15,38.5,28.4,8.8,19.6,CRITICAL,1,SYNTHETIC EMERGENCY V2X
EMG-EVT-008511,AMB-02,AMBULANCE,6.1,0.46,12,42.0,23.1,7.9,15.2,CRITICAL,1,SYNTHETIC EMERGENCY V2X
EMG-EVT-008512,AMB-17,AMBULANCE,9.9,0.22,19,55.9,33.4,12.7,20.7,CRITICAL,1,SYNTHETIC EMERGENCY V2X
EMG-EVT-008513,AMB-07,AMBULANCE,14.9,0.24,27,54.4,48.8,19.0,29.8,CRITICAL,1,SYNTHETIC EMERGENCY V2X
EMG-EVT-008514,AMB-05,AMBULANCE,9.0,0.47,17,48.7,31.5,11.5,20.0,CRITICAL,1,SYNTHETIC EMERGENCY V2X
EMG-EVT-008515,FIRE-05,FIRE_TRUCK,13.5,0.69,24,31.1,54.8,17.1,37.7,CRITICAL,1,SYNTHETIC EMERGENCY V2X
EMG-EVT-008516,AMB-12,AMBULANCE,10.6,0.87,19,24.5,48.8,13.5,35.3,CRITICAL,1,SYNTHETIC EMERGENCY V2X
EMG-EVT-008517,AMB-17,AMBULANCE,13.4,0.97,27,18.1,76.8,17.3,59.5,CRITICAL,1,SYNTHETIC EMERGENCY V2X
EMG-EVT-008518,POL-05,POLICE,12.8,0.38,25,53.2,44.4,16.5,27.9,CRITICAL,1,SYNTHETIC EMERGENCY V2X
EMG-EVT-008519,AMB-08,AMBULANCE,8.6,0.6,15,32.3,34.0,10.9,23.1,CRITICAL,1,SYNTHETIC EMERGENCY V2X
EMG-EVT-008520,AMB-11,AMBULANCE,6.0,0.24,13,56.8,21.9,7.8,14.1,CRITICAL,1,SYNTHETIC EMERGENCY V2X
EMG-EVT-008521,AMB-20,AMBULANCE,11.7,0.24,23,53.4,40.7,15.1,25.6,CRITICAL,1,SYNTHETIC EMERGENCY V2X
EMG-EVT-008522,AMB-17,AMBULANCE,3.5,0.77,9,26.9,18.6,4.7,13.9,CRITICAL,1,SYNTHETIC EMERGENCY V2X
EMG-EVT-008523,AMB-14,AMBULANCE,10.8,0.98,19,10.2,86.3,13.7,72.6,CRITICAL,1,SYNTHETIC EMERGENCY V2X
EMG-EVT-008524,AMB-13,AMBULANCE,14.9,0.91,28,16.4,88.1,19.1,69.0,CRITICAL,1,SYNTHETIC EMERGENCY V2X
EMG-EVT-008525,AMB-01,AMBULANCE,8.2,0.77,14,28.4,34.1,10.3,23.8,CRITICAL,1,SYNTHETIC EMERGENCY V2X
EMG-EVT-008526,FIRE-03,FIRE_TRUCK,2.1,0.2,6,55.3,9.5,2.9,6.6,HIGH,1,SYNTHETIC EMERGENCY V2X
EMG-EVT-008527,AMB-05,AMBULANCE,15.9,0.94,28,18.2,86.0,20.1,65.9,CRITICAL,1,SYNTHETIC EMERGENCY V2X
EMG-EVT-008528,AMB-12,AMBULANCE,5.8,0.39,10,46.3,19.5,7.3,12.2,CRITICAL,1,SYNTHETIC EMERGENCY V2X
EMG-EVT-008529,AMB-11,AMBULANCE,9.0,0.93,16,13.9,58.0,11.4,46.6,CRITICAL,1,SYNTHETIC EMERGENCY V2X
EMG-EVT-008530,AMB-15,AMBULANCE,12.4,0.96,23,11.8,90.7,15.8,74.9,CRITICAL,1,SYNTHETIC EMERGENCY V2X
EMG-EVT-008531,AMB-15,AMBULANCE,13.8,0.29,26,51.8,47.2,17.7,29.5,CRITICAL,1,SYNTHETIC EMERGENCY V2X
EMG-EVT-008532,POL-01,POLICE,2.0,0.69,6,27.2,11.6,2.8,8.8,HIGH,1,SYNTHETIC EMERGENCY V2X
EMG-EVT-008533,POL-09,POLICE,9.0,0.46,17,39.8,34.0,11.5,22.5,CRITICAL,1,SYNTHETIC EMERGENCY V2X
EMG-EVT-008534,AMB-01,AMBULANCE,6.8,0.27,15,59.3,24.9,8.9,16.0,CRITICAL,1,SYNTHETIC EMERGENCY V2X
EMG-EVT-008535,AMB-03,AMBULANCE,5.0,0.48,9,38.3,18.6,6.4,12.2,CRITICAL,1,SYNTHETIC EMERGENCY V2X
EMG-EVT-008536,FIRE-01,FIRE_TRUCK,4.6,0.37,9,51.5,16.2,5.9,10.3,CRITICAL,1,SYNTHETIC EMERGENCY V2X
EMG-EVT-008537,POL-10,POLICE,2.0,0.78,4,25.1,9.6,2.6,7.0,HIGH,1,SYNTHETIC EMERGENCY V2X
EMG-EVT-008538,FIRE-07,FIRE_TRUCK,13.1,0.34,24,53.7,43.4,16.7,26.7,CRITICAL,1,SYNTHETIC EMERGENCY V2X
EMG-EVT-008539,AMB-08,AMBULANCE,2.4,0.88,7,19.7,15.7,3.3,12.4,CRITICAL,1,SYNTHETIC EMERGENCY V2X
EMG-EVT-008540,AMB-10,AMBULANCE,15.8,0.87,28,18.8,84.0,20.0,64.0,CRITICAL,1,SYNTHETIC EMERGENCY V2X
EMG-EVT-008541,AMB-17,AMBULANCE,8.6,0.28,18,58.7,30.4,11.2,19.2,CRITICAL,1,SYNTHETIC EMERGENCY V2X
EMG-EVT-008542,AMB-19,AMBULANCE,11.7,0.72,24,26.0,55.8,15.2,40.6,CRITICAL,1,SYNTHETIC EMERGENCY V2X
EMG-EVT-008543,AMB-01,AMBULANCE,3.4,0.31,7,55.9,12.0,4.4,7.6,CRITICAL,1,SYNTHETIC EMERGENCY V2X
EMG-EVT-008544,AMB-06,AMBULANCE,6.3,0.62,13,32.4,27.3,8.2,19.1,CRITICAL,1,SYNTHETIC EMERGENCY V2X
EMG-EVT-008545,AMB-12,AMBULANCE,4.2,0.56,8,33.5,17.1,5.4,11.7,CRITICAL,1,SYNTHETIC EMERGENCY V2X
EMG-EVT-008546,AMB-18,AMBULANCE,10.5,0.47,18,41.0,37.0,13.3,23.7,CRITICAL,1,SYNTHETIC EMERGENCY V2X
EMG-EVT-008547,AMB-13,AMBULANCE,4.2,0.68,8,31.5,17.6,5.4,12.2,CRITICAL,1,SYNTHETIC EMERGENCY V2X
EMG-EVT-008548,FIRE-06,FIRE_TRUCK,11.1,0.71,20,27.7,48.0,14.1,33.9,CRITICAL,1,SYNTHETIC EMERGENCY V2X
EMG-EVT-008549,AMB-20,AMBULANCE,8.5,0.4,15,43.7,29.7,10.8,18.9,CRITICAL,1,SYNTHETIC EMERGENCY V2X
EMG-EVT-008550,AMB-03,AMBULANCE,5.1,0.72,10,32.7,21.4,6.6,14.8,CRITICAL,1,SYNTHETIC EMERGENCY V2X
EMG-EVT-008551,AMB-11,AMBULANCE,14.5,0.26,26,53.2,47.6,18.4,29.2,CRITICAL,1,SYNTHETIC EMERGENCY V2X
EMG-EVT-008552,AMB-16,AMBULANCE,12.0,0.52,23,36.3,47.4,15.4,32.0,CRITICAL,1,SYNTHETIC EMERGENCY V2X
EMG-EVT-008553,AMB-20,AMBULANCE,10.2,0.47,20,41.4,38.8,13.1,25.7,CRITICAL,1,SYNTHETIC EMERGENCY V2X
EMG-EVT-008554,AMB-02,AMBULANCE,15.3,0.33,29,52.9,52.2,19.6,32.6,CRITICAL,1,SYNTHETIC EMERGENCY V2X
EMG-EVT-008555,AMB-01,AMBULANCE,14.6,0.32,29,55.4,50.6,18.8,31.8,CRITICAL,1,SYNTHETIC EMERGENCY V2X
EMG-EVT-008556,AMB-09,AMBULANCE,2.3,0.25,5,56.4,8.4,3.0,5.4,CRITICAL,1,SYNTHETIC EMERGENCY V2X
EMG-EVT-008557,FIRE-06,FIRE_TRUCK,8.3,0.36,16,52.3,28.7,10.7,18.0,CRITICAL,1,SYNTHETIC EMERGENCY V2X
EMG-EVT-008558,AMB-10,AMBULANCE,13.4,0.88,25,14.9,84.0,17.1,66.9,CRITICAL,1,SYNTHETIC EMERGENCY V2X
EMG-EVT-008559,POL-06,POLICE,14.3,0.42,28,46.7,52.0,18.4,33.6,CRITICAL,1,SYNTHETIC EMERGENCY V2X
EMG-EVT-008560,AMB-05,AMBULANCE,8.4,0.25,16,55.5,28.3,10.8,17.5,CRITICAL,1,SYNTHETIC EMERGENCY V2X
EMG-EVT-008561,POL-03,POLICE,7.2,0.63,15,36.6,29.8,9.4,20.4,CRITICAL,1,SYNTHETIC EMERGENCY V2X
EMG-EVT-008562,FIRE-06,FIRE_TRUCK,13.2,0.87,24,19.6,69.2,16.8,52.4,CRITICAL,1,SYNTHETIC EMERGENCY V2X
EMG-EVT-008563,AMB-01,AMBULANCE,3.1,0.8,7,22.4,16.7,4.1,12.6,CRITICAL,1,SYNTHETIC EMERGENCY V2X
EMG-EVT-008564,POL-06,POLICE,10.9,0.77,21,21.3,55.9,14.0,41.9,CRITICAL,1,SYNTHETIC EMERGENCY V2X
EMG-EVT-008565,AMB-09,AMBULANCE,1.7,0.71,4,25.6,8.8,2.3,6.5,CRITICAL,1,SYNTHETIC EMERGENCY V2X
EMG-EVT-008566,AMB-16,AMBULANCE,10.2,0.23,20,61.8,33.9,13.1,20.8,CRITICAL,1,SYNTHETIC EMERGENCY V2X
EMG-EVT-008567,AMB-11,AMBULANCE,6.6,0.57,13,37.7,26.1,8.5,17.6,CRITICAL,1,SYNTHETIC EMERGENCY V2X
EMG-EVT-008568,AMB-11,AMBULANCE,3.5,0.95,6,14.9,21.3,4.4,16.9,CRITICAL,1,SYNTHETIC EMERGENCY V2X
EMG-EVT-008569,POL-04,POLICE,14.8,0.55,29,37.8,58.3,19.0,39.3,CRITICAL,1,SYNTHETIC EMERGENCY V2X
EMG-EVT-008570,POL-07,POLICE,2.0,0.85,3,24.6,8.5,2.5,6.0,HIGH,1,SYNTHETIC EMERGENCY V2X
EMG-EVT-008571,AMB-19,AMBULANCE,4.4,0.46,9,46.3,16.5,5.7,10.8,CRITICAL,1,SYNTHETIC EMERGENCY V2X
EMG-EVT-008572,AMB-15,AMBULANCE,9.8,0.62,18,31.9,40.0,12.5,27.5,CRITICAL,1,SYNTHETIC EMERGENCY V2X
EMG-EVT-008573,FIRE-04,FIRE_TRUCK,4.6,0.92,11,12.5,35.3,6.1,29.2,CRITICAL,1,SYNTHETIC EMERGENCY V2X
EMG-EVT-008574,AMB-13,AMBULANCE,13.5,0.81,27,25.2,64.5,17.4,47.1,CRITICAL,1,SYNTHETIC EMERGENCY V2X
EMG-EVT-008575,AMB-20,AMBULANCE,13.3,0.89,25,22.3,65.8,17.0,48.8,CRITICAL,1,SYNTHETIC EMERGENCY V2X
EMG-EVT-008576,POL-03,POLICE,2.9,0.62,5,33.2,11.2,3.7,7.5,HIGH,1,SYNTHETIC EMERGENCY V2X
EMG-EVT-008577,FIRE-07,FIRE_TRUCK,9.5,0.38,18,47.7,33.5,12.2,21.3,CRITICAL,1,SYNTHETIC EMERGENCY V2X
EMG-EVT-008578,POL-10,POLICE,4.3,0.46,9,42.8,16.8,5.6,11.2,CRITICAL,1,SYNTHETIC EMERGENCY V2X
EMG-EVT-008579,FIRE-07,FIRE_TRUCK,4.6,0.72,11,28.4,22.9,6.1,16.8,CRITICAL,1,SYNTHETIC EMERGENCY V2X
EMG-EVT-008580,AMB-04,AMBULANCE,10.2,0.93,19,20.7,52.4,13.0,39.4,CRITICAL,1,SYNTHETIC EMERGENCY V2X
EMG-EVT-008581,AMB-10,AMBULANCE,5.5,0.34,11,52.6,19.5,7.1,12.4,CRITICAL,1,SYNTHETIC EMERGENCY V2X
EMG-EVT-008582,FIRE-04,FIRE_TRUCK,4.8,0.78,10,28.4,22.1,6.2,15.9,CRITICAL,1,SYNTHETIC EMERGENCY V2X
EMG-EVT-008583,AMB-17,AMBULANCE,13.6,0.39,25,46.2,47.7,17.3,30.4,CRITICAL,1,SYNTHETIC EMERGENCY V2X
EMG-EVT-008584,AMB-14,AMBULANCE,15.2,0.68,28,26.7,67.8,19.4,48.4,CRITICAL,1,SYNTHETIC EMERGENCY V2X
EMG-EVT-008585,AMB-07,AMBULANCE,8.4,0.61,18,40.0,34.2,11.0,23.2,CRITICAL,1,SYNTHETIC EMERGENCY V2X
EMG-EVT-008586,AMB-10,AMBULANCE,6.8,0.61,12,39.7,24.7,8.6,16.1,CRITICAL,1,SYNTHETIC EMERGENCY V2X
EMG-EVT-008587,AMB-13,AMBULANCE,11.3,0.22,21,55.3,37.5,14.4,23.1,CRITICAL,1,SYNTHETIC EMERGENCY V2X
EMG-EVT-008588,AMB-07,AMBULANCE,10.4,0.9,18,19.1,54.3,13.1,41.2,CRITICAL,1,SYNTHETIC EMERGENCY V2X
EMG-EVT-008589,POL-09,POLICE,4.3,0.42,10,42.0,18.1,5.7,12.4,CRITICAL,1,SYNTHETIC EMERGENCY V2X
EMG-EVT-008590,AMB-15,AMBULANCE,2.7,0.93,6,15.8,17.5,3.5,14.0,CRITICAL,1,SYNTHETIC EMERGENCY V2X
EMG-EVT-008591,POL-09,POLICE,3.8,0.54,6,34.7,13.8,4.7,9.1,CRITICAL,1,SYNTHETIC EMERGENCY V2X
EMG-EVT-008592,AMB-18,AMBULANCE,3.0,0.4,5,47.2,9.8,3.8,6.0,CRITICAL,1,SYNTHETIC EMERGENCY V2X
EMG-EVT-008593,AMB-17,AMBULANCE,5.3,0.59,12,36.8,23.0,7.0,16.0,CRITICAL,1,SYNTHETIC EMERGENCY V2X
EMG-EVT-008594,AMB-14,AMBULANCE,12.6,0.78,22,25.0,56.6,15.9,40.7,CRITICAL,1,SYNTHETIC EMERGENCY V2X
EMG-EVT-008595,POL-02,POLICE,4.0,0.38,8,44.3,15.0,5.2,9.8,CRITICAL,1,SYNTHETIC EMERGENCY V2X
EMG-EVT-008596,AMB-16,AMBULANCE,13.4,0.68,25,33.3,54.1,17.1,37.0,CRITICAL,1,SYNTHETIC EMERGENCY V2X
EMG-EVT-008597,AMB-13,AMBULANCE,6.1,0.8,11,19.3,32.2,7.8,24.4,CRITICAL,1,SYNTHETIC EMERGENCY V2X
EMG-EVT-008598,AMB-18,AMBULANCE,5.9,0.91,13,20.1,33.2,7.7,25.5,CRITICAL,1,SYNTHETIC EMERGENCY V2X
EMG-EVT-008599,POL-09,POLICE,14.8,0.56,26,33.8,57.5,18.7,38.8,CRITICAL,1,SYNTHETIC EMERGENCY V2X
EMG-EVT-008600,POL-09,POLICE,8.9,0.4,18,47.7,32.8,11.5,21.3,CRITICAL,1,SYNTHETIC EMERGENCY V2X
EMG-EVT-008601,AMB-14,AMBULANCE,8.0,0.97,17,17.3,48.1,10.4,37.7,CRITICAL,1,SYNTHETIC EMERGENCY V2X
EMG-EVT-008602,AMB-09,AMBULANCE,7.0,0.5,15,41.6,28.1,9.1,19.0,CRITICAL,1,SYNTHETIC EMERGENCY V2X
EMG-EVT-008603,FIRE-08,FIRE_TRUCK,4.5,0.76,10,25.7,22.5,5.9,16.6,CRITICAL,1,SYNTHETIC EMERGENCY V2X
EMG-EVT-008604,FIRE-09,FIRE_TRUCK,15.3,0.75,29,29.0,66.5,19.6,46.9,CRITICAL,1,SYNTHETIC EMERGENCY V2X
EMG-EVT-008605,POL-01,POLICE,4.0,0.31,9,48.6,15.7,5.3,10.4,CRITICAL,1,SYNTHETIC EMERGENCY V2X
EMG-EVT-008606,FIRE-01,FIRE_TRUCK,6.4,0.57,12,41.5,23.7,8.2,15.5,CRITICAL,1,SYNTHETIC EMERGENCY V2X
EMG-EVT-008607,AMB-17,AMBULANCE,10.2,0.51,21,37.4,41.6,13.2,28.4,CRITICAL,1,SYNTHETIC EMERGENCY V2X
EMG-EVT-008608,AMB-16,AMBULANCE,5.6,0.83,11,26.7,25.8,7.2,18.6,CRITICAL,1,SYNTHETIC EMERGENCY V2X
EMG-EVT-008609,AMB-12,AMBULANCE,5.8,0.37,13,48.0,22.8,7.6,15.2,CRITICAL,1,SYNTHETIC EMERGENCY V2X
EMG-EVT-008610,AMB-02,AMBULANCE,3.8,0.75,9,26.6,19.4,5.0,14.4,CRITICAL,1,SYNTHETIC EMERGENCY V2X
EMG-EVT-008611,AMB-16,AMBULANCE,9.5,0.31,18,49.3,33.2,12.2,21.0,CRITICAL,1,SYNTHETIC EMERGENCY V2X
EMG-EVT-008612,POL-10,POLICE,8.1,0.26,15,52.9,27.2,10.3,16.9,CRITICAL,1,SYNTHETIC EMERGENCY V2X
EMG-EVT-008613,AMB-16,AMBULANCE,8.5,0.88,16,20.6,44.0,10.9,33.1,CRITICAL,1,SYNTHETIC EMERGENCY V2X
EMG-EVT-008614,FIRE-02,FIRE_TRUCK,10.0,0.89,19,23.2,48.7,12.8,35.9,CRITICAL,1,SYNTHETIC EMERGENCY V2X
EMG-EVT-008615,POL-10,POLICE,6.0,0.85,13,25.9,29.5,7.8,21.7,CRITICAL,1,SYNTHETIC EMERGENCY V2X
EMG-EVT-008616,POL-01,POLICE,7.0,0.8,13,21.2,35.4,8.9,26.5,CRITICAL,1,SYNTHETIC EMERGENCY V2X
EMG-EVT-008617,AMB-07,AMBULANCE,5.1,0.28,9,51.4,16.8,6.5,10.3,CRITICAL,1,SYNTHETIC EMERGENCY V2X
EMG-EVT-008618,AMB-20,AMBULANCE,8.7,0.71,18,26.2,41.5,11.3,30.2,CRITICAL,1,SYNTHETIC EMERGENCY V2X
EMG-EVT-008619,FIRE-01,FIRE_TRUCK,1.6,0.31,4,51.6,6.7,2.1,4.6,HIGH,1,SYNTHETIC EMERGENCY V2X
EMG-EVT-008620,AMB-02,AMBULANCE,9.6,0.65,20,33.4,41.2,12.5,28.7,CRITICAL,1,SYNTHETIC EMERGENCY V2X
EMG-EVT-008621,FIRE-10,FIRE_TRUCK,12.4,0.21,23,61.8,39.6,15.8,23.8,CRITICAL,1,SYNTHETIC EMERGENCY V2X
EMG-EVT-008622,FIRE-01,FIRE_TRUCK,5.9,0.74,12,29.7,26.3,7.6,18.7,CRITICAL,1,SYNTHETIC EMERGENCY V2X
EMG-EVT-008623,FIRE-02,FIRE_TRUCK,12.5,0.76,24,29.4,54.3,16.0,38.3,CRITICAL,1,SYNTHETIC EMERGENCY V2X
EMG-EVT-008624,POL-06,POLICE,10.1,0.79,20,24.2,49.0,13.0,36.0,CRITICAL,1,SYNTHETIC EMERGENCY V2X
EMG-EVT-008625,AMB-08,AMBULANCE,2.1,0.7,4,29.7,9.0,2.7,6.3,CRITICAL,1,SYNTHETIC EMERGENCY V2X
EMG-EVT-008626,AMB-05,AMBULANCE,4.4,0.79,9,28.9,19.9,5.7,14.2,CRITICAL,1,SYNTHETIC EMERGENCY V2X
EMG-EVT-008627,AMB-08,AMBULANCE,2.8,0.58,5,39.1,10.3,3.6,6.7,CRITICAL,1,SYNTHETIC EMERGENCY V2X
EMG-EVT-008628,AMB-06,AMBULANCE,9.0,0.87,18,21.8,46.4,11.6,34.8,CRITICAL,1,SYNTHETIC EMERGENCY V2X
EMG-EVT-008629,AMB-20,AMBULANCE,15.8,0.59,29,36.5,60.8,20.1,40.7,CRITICAL,1,SYNTHETIC EMERGENCY V2X
EMG-EVT-008630,AMB-18,AMBULANCE,4.6,0.55,11,35.2,21.0,6.1,14.9,CRITICAL,1,SYNTHETIC EMERGENCY V2X
EMG-EVT-008631,FIRE-06,FIRE_TRUCK,7.7,0.81,14,26.2,34.4,9.8,24.6,CRITICAL,1,SYNTHETIC EMERGENCY V2X
EMG-EVT-008632,POL-01,POLICE,7.6,0.4,13,52.7,24.3,9.6,14.7,CRITICAL,1,SYNTHETIC EMERGENCY V2X
EMG-EVT-008633,POL-08,POLICE,9.0,0.81,18,19.7,49.0,11.6,37.4,CRITICAL,1,SYNTHETIC EMERGENCY V2X
EMG-EVT-008634,POL-09,POLICE,13.3,0.98,25,13.3,90.0,17.0,73.0,CRITICAL,1,SYNTHETIC EMERGENCY V2X
EMG-EVT-008635,POL-01,POLICE,2.8,0.8,7,26.3,14.8,3.8,11.0,CRITICAL,1,SYNTHETIC EMERGENCY V2X
EMG-EVT-008636,AMB-18,AMBULANCE,7.4,0.84,16,25.0,37.0,9.7,27.3,CRITICAL,1,SYNTHETIC EMERGENCY V2X
EMG-EVT-008637,FIRE-08,FIRE_TRUCK,5.8,0.69,11,33.5,23.6,7.4,16.2,CRITICAL,1,SYNTHETIC EMERGENCY V2X
EMG-EVT-008638,AMB-19,AMBULANCE,3.3,0.41,8,51.1,13.5,4.4,9.1,CRITICAL,1,SYNTHETIC EMERGENCY V2X
EMG-EVT-008639,AMB-06,AMBULANCE,8.3,0.3,15,52.4,27.5,10.6,16.9,CRITICAL,1,SYNTHETIC EMERGENCY V2X
EMG-EVT-008640,AMB-16,AMBULANCE,9.3,0.24,19,56.0,32.8,12.0,20.8,CRITICAL,1,SYNTHETIC EMERGENCY V2X
EMG-EVT-008641,FIRE-10,FIRE_TRUCK,7.6,0.94,13,17.7,41.4,9.6,31.8,CRITICAL,1,SYNTHETIC EMERGENCY V2X
EMG-EVT-008642,AMB-09,AMBULANCE,10.0,0.93,21,19.4,56.1,13.0,43.1,CRITICAL,1,SYNTHETIC EMERGENCY V2X
EMG-EVT-008643,AMB-15,AMBULANCE,1.8,0.28,5,53.1,8.0,2.5,5.5,CRITICAL,1,SYNTHETIC EMERGENCY V2X
EMG-EVT-008644,POL-02,POLICE,9.9,0.96,17,18.7,52.2,12.5,39.7,CRITICAL,1,SYNTHETIC EMERGENCY V2X
EMG-EVT-008645,AMB-10,AMBULANCE,13.8,0.32,24,56.2,43.5,17.5,26.0,CRITICAL,1,SYNTHETIC EMERGENCY V2X
EMG-EVT-008646,AMB-12,AMBULANCE,14.1,0.73,25,23.2,66.5,17.9,48.6,CRITICAL,1,SYNTHETIC EMERGENCY V2X
EMG-EVT-008647,AMB-10,AMBULANCE,11.6,0.47,23,44.0,43.4,15.0,28.4,CRITICAL,1,SYNTHETIC EMERGENCY V2X
EMG-EVT-008648,AMB-10,AMBULANCE,15.8,0.5,29,44.5,56.1,20.1,36.0,CRITICAL,1,SYNTHETIC EMERGENCY V2X
EMG-EVT-008649,AMB-13,AMBULANCE,6.1,0.26,13,52.4,22.6,8.0,14.6,CRITICAL,1,SYNTHETIC EMERGENCY V2X
EMG-EVT-008650,AMB-10,AMBULANCE,7.0,0.57,14,37.1,28.1,9.0,19.1,CRITICAL,1,SYNTHETIC EMERGENCY V2X
EMG-EVT-008651,AMB-20,AMBULANCE,7.2,0.24,15,56.3,25.7,9.4,16.3,CRITICAL,1,SYNTHETIC EMERGENCY V2X
EMG-EVT-008652,AMB-17,AMBULANCE,15.2,0.52,28,42.5,55.1,19.4,35.7,CRITICAL,1,SYNTHETIC EMERGENCY V2X
EMG-EVT-008653,AMB-02,AMBULANCE,2.9,0.83,7,24.3,15.6,3.9,11.7,CRITICAL,1,SYNTHETIC EMERGENCY V2X
EMG-EVT-008654,AMB-02,AMBULANCE,11.8,0.64,22,33.2,47.7,15.1,32.6,CRITICAL,1,SYNTHETIC EMERGENCY V2X
EMG-EVT-008655,AMB-09,AMBULANCE,4.9,0.63,8,32.8,18.6,6.1,12.5,CRITICAL,1,SYNTHETIC EMERGENCY V2X
EMG-EVT-008656,AMB-20,AMBULANCE,3.8,0.71,8,26.2,18.3,4.9,13.4,CRITICAL,1,SYNTHETIC EMERGENCY V2X
EMG-EVT-008657,AMB-14,AMBULANCE,15.7,0.26,30,53.6,53.6,20.1,33.5,CRITICAL,1,SYNTHETIC EMERGENCY V2X
EMG-EVT-008658,POL-04,POLICE,9.1,0.32,18,47.8,33.0,11.7,21.3,CRITICAL,1,SYNTHETIC EMERGENCY V2X
EMG-EVT-008659,FIRE-08,FIRE_TRUCK,5.8,0.55,13,34.3,25.7,7.6,18.1,CRITICAL,1,SYNTHETIC EMERGENCY V2X
EMG-EVT-008660,FIRE-10,FIRE_TRUCK,10.9,0.97,20,18.2,59.9,13.9,46.0,CRITICAL,1,SYNTHETIC EMERGENCY V2X
EMG-EVT-008661,AMB-16,AMBULANCE,10.4,0.46,19,47.1,36.0,13.2,22.8,CRITICAL,1,SYNTHETIC EMERGENCY V2X
EMG-EVT-008662,AMB-19,AMBULANCE,7.2,0.55,14,41.3,27.3,9.3,18.0,CRITICAL,1,SYNTHETIC EMERGENCY V2X
EMG-EVT-008663,AMB-04,AMBULANCE,7.3,0.53,14,43.7,26.8,9.4,17.4,CRITICAL,1,SYNTHETIC EMERGENCY V2X
EMG-EVT-008664,AMB-03,AMBULANCE,4.4,0.43,9,46.3,16.5,5.7,10.8,CRITICAL,1,SYNTHETIC EMERGENCY V2X
EMG-EVT-008665,POL-04,POLICE,7.1,0.62,13,34.4,28.0,9.0,19.0,CRITICAL,1,SYNTHETIC EMERGENCY V2X
EMG-EVT-008666,FIRE-04,FIRE_TRUCK,15.6,0.7,29,28.8,67.3,19.9,47.4,CRITICAL,1,SYNTHETIC EMERGENCY V2X
EMG-EVT-008667,AMB-08,AMBULANCE,12.0,0.84,21,20.6,60.2,15.2,45.0,CRITICAL,1,SYNTHETIC EMERGENCY V2X
EMG-EVT-008668,AMB-05,AMBULANCE,11.6,0.7,22,26.6,52.6,14.9,37.7,CRITICAL,1,SYNTHETIC EMERGENCY V2X
EMG-EVT-008669,POL-09,POLICE,14.3,0.29,27,56.0,47.7,18.3,29.4,CRITICAL,1,SYNTHETIC EMERGENCY V2X
EMG-EVT-008670,AMB-06,AMBULANCE,14.3,0.91,28,16.9,84.4,18.4,66.0,CRITICAL,1,SYNTHETIC EMERGENCY V2X
EMG-EVT-008671,AMB-11,AMBULANCE,12.0,0.64,24,32.1,51.2,15.5,35.7,CRITICAL,1,SYNTHETIC EMERGENCY V2X
EMG-EVT-008672,AMB-05,AMBULANCE,5.1,0.87,11,24.8,25.5,6.7,18.8,CRITICAL,1,SYNTHETIC EMERGENCY V2X
EMG-EVT-008673,AMB-14,AMBULANCE,9.8,0.81,17,25.0,43.9,12.4,31.5,CRITICAL,1,SYNTHETIC EMERGENCY V2X
EMG-EVT-008674,AMB-15,AMBULANCE,15.3,0.46,27,45.6,52.5,19.4,33.1,CRITICAL,1,SYNTHETIC EMERGENCY V2X
EMG-EVT-008675,AMB-04,AMBULANCE,11.5,0.84,20,23.3,53.6,14.5,39.1,CRITICAL,1,SYNTHETIC EMERGENCY V2X
EMG-EVT-008676,FIRE-08,FIRE_TRUCK,14.5,0.76,27,31.4,60.1,18.5,41.6,CRITICAL,1,SYNTHETIC EMERGENCY V2X
EMG-EVT-008677,AMB-02,AMBULANCE,12.1,0.34,21,49.5,39.9,15.3,24.6,CRITICAL,1,SYNTHETIC EMERGENCY V2X
EMG-EVT-008678,AMB-07,AMBULANCE,3.8,0.89,9,20.0,22.2,5.0,17.2,CRITICAL,1,SYNTHETIC EMERGENCY V2X
EMG-EVT-008679,FIRE-04,FIRE_TRUCK,11.8,0.49,24,43.3,45.2,15.3,29.9,CRITICAL,1,SYNTHETIC EMERGENCY V2X
EMG-EVT-008680,AMB-19,AMBULANCE,8.1,0.33,17,55.4,29.2,10.5,18.7,CRITICAL,1,SYNTHETIC EMERGENCY V2X
EMG-EVT-008681,AMB-10,AMBULANCE,11.4,0.41,21,50.9,38.6,14.5,24.1,CRITICAL,1,SYNTHETIC EMERGENCY V2X
EMG-EVT-008682,AMB-12,AMBULANCE,6.7,0.81,14,23.0,34.3,8.7,25.6,CRITICAL,1,SYNTHETIC EMERGENCY V2X
EMG-EVT-008683,AMB-19,AMBULANCE,7.7,0.72,16,30.7,34.2,10.0,24.2,CRITICAL,1,SYNTHETIC EMERGENCY V2X
EMG-EVT-008684,AMB-13,AMBULANCE,6.0,0.6,10,37.1,21.7,7.5,14.2,CRITICAL,1,SYNTHETIC EMERGENCY V2X
EMG-EVT-008685,AMB-10,AMBULANCE,3.1,0.5,7,38.5,13.2,4.1,9.1,CRITICAL,1,SYNTHETIC EMERGENCY V2X
EMG-EVT-008686,AMB-04,AMBULANCE,14.7,0.63,29,33.8,60.9,18.9,42.0,CRITICAL,1,SYNTHETIC EMERGENCY V2X
EMG-EVT-008687,AMB-07,AMBULANCE,4.5,0.63,8,34.8,17.4,5.7,11.7,CRITICAL,1,SYNTHETIC EMERGENCY V2X
EMG-EVT-008688,AMB-10,AMBULANCE,5.7,0.22,12,59.4,20.2,7.4,12.8,CRITICAL,1,SYNTHETIC EMERGENCY V2X
EMG-EVT-008689,AMB-16,AMBULANCE,4.1,0.56,8,36.5,16.3,5.3,11.0,CRITICAL,1,SYNTHETIC EMERGENCY V2X
EMG-EVT-008690,AMB-15,AMBULANCE,11.1,0.28,19,54.3,35.1,14.0,21.1,CRITICAL,1,SYNTHETIC EMERGENCY V2X
EMG-EVT-008691,FIRE-08,FIRE_TRUCK,5.7,0.26,12,53.5,20.8,7.4,13.4,CRITICAL,1,SYNTHETIC EMERGENCY V2X
EMG-EVT-008692,FIRE-02,FIRE_TRUCK,4.0,0.32,8,51.8,14.2,5.2,9.0,CRITICAL,1,SYNTHETIC EMERGENCY V2X
EMG-EVT-008693,AMB-03,AMBULANCE,2.4,0.44,5,44.1,9.3,3.1,6.2,CRITICAL,1,SYNTHETIC EMERGENCY V2X
EMG-EVT-008694,AMB-13,AMBULANCE,15.1,0.28,27,50.7,50.3,19.2,31.1,CRITICAL,1,SYNTHETIC EMERGENCY V2X
EMG-EVT-008695,AMB-02,AMBULANCE,9.6,0.42,18,45.9,34.1,12.3,21.8,CRITICAL,1,SYNTHETIC EMERGENCY V2X
EMG-EVT-008696,AMB-01,AMBULANCE,15.1,0.51,29,39.1,58.0,19.4,38.6,CRITICAL,1,SYNTHETIC EMERGENCY V2X
EMG-EVT-008697,FIRE-06,FIRE_TRUCK,11.3,0.21,20,55.3,36.3,14.3,22.0,CRITICAL,1,SYNTHETIC EMERGENCY V2X
EMG-EVT-008698,AMB-16,AMBULANCE,10.6,0.49,20,47.0,37.5,13.6,23.9,CRITICAL,1,SYNTHETIC EMERGENCY V2X
EMG-EVT-008699,AMB-09,AMBULANCE,4.0,0.51,10,39.7,18.0,5.4,12.6,CRITICAL,1,SYNTHETIC EMERGENCY V2X
EMG-EVT-008700,AMB-11,AMBULANCE,8.6,0.22,16,56.3,28.4,11.0,17.4,CRITICAL,1,SYNTHETIC EMERGENCY V2X
EMG-EVT-008701,AMB-19,AMBULANCE,10.7,0.68,21,35.3,43.4,13.8,29.6,CRITICAL,1,SYNTHETIC EMERGENCY V2X
EMG-EVT-008702,AMB-03,AMBULANCE,1.9,0.74,6,25.0,11.8,2.7,9.1,CRITICAL,1,SYNTHETIC EMERGENCY V2X
EMG-EVT-008703,AMB-14,AMBULANCE,12.8,0.46,26,44.9,48.3,16.6,31.7,CRITICAL,1,SYNTHETIC EMERGENCY V2X
EMG-EVT-008704,AMB-20,AMBULANCE,2.2,0.73,4,26.6,9.8,2.8,7.0,CRITICAL,1,SYNTHETIC EMERGENCY V2X
EMG-EVT-008705,AMB-17,AMBULANCE,10.2,0.53,20,41.1,38.9,13.1,25.8,CRITICAL,1,SYNTHETIC EMERGENCY V2X
EMG-EVT-008706,FIRE-01,FIRE_TRUCK,15.9,0.54,31,34.8,64.6,20.4,44.2,CRITICAL,1,SYNTHETIC EMERGENCY V2X
EMG-EVT-008707,AMB-05,AMBULANCE,7.5,0.65,15,31.0,32.5,9.7,22.8,CRITICAL,1,SYNTHETIC EMERGENCY V2X
EMG-EVT-008708,AMB-01,AMBULANCE,13.1,0.66,24,36.3,50.5,16.7,33.8,CRITICAL,1,SYNTHETIC EMERGENCY V2X
EMG-EVT-008709,AMB-14,AMBULANCE,3.2,0.9,8,15.0,22.4,4.3,18.1,CRITICAL,1,SYNTHETIC EMERGENCY V2X
EMG-EVT-008710,FIRE-06,FIRE_TRUCK,13.3,0.68,23,31.3,53.1,16.8,36.3,CRITICAL,1,SYNTHETIC EMERGENCY V2X
EMG-EVT-008711,AMB-12,AMBULANCE,12.3,0.85,23,23.8,58.6,15.7,42.9,CRITICAL,1,SYNTHETIC EMERGENCY V2X
EMG-EVT-008712,AMB-01,AMBULANCE,7.8,0.83,16,26.2,37.1,10.1,27.0,CRITICAL,1,SYNTHETIC EMERGENCY V2X
EMG-EVT-008713,AMB-17,AMBULANCE,2.7,0.44,7,44.3,12.1,3.6,8.5,CRITICAL,1,SYNTHETIC EMERGENCY V2X
EMG-EVT-008714,AMB-14,AMBULANCE,12.5,0.97,22,16.3,72.4,15.8,56.6,CRITICAL,1,SYNTHETIC EMERGENCY V2X
EMG-EVT-008715,AMB-17,AMBULANCE,13.5,0.81,27,26.8,62.6,17.4,45.2,CRITICAL,1,SYNTHETIC EMERGENCY V2X
EMG-EVT-008716,FIRE-01,FIRE_TRUCK,15.1,0.94,30,13.0,105.7,19.5,86.2,CRITICAL,1,SYNTHETIC EMERGENCY V2X
EMG-EVT-008717,FIRE-04,FIRE_TRUCK,7.8,0.54,15,37.4,30.5,10.0,20.5,CRITICAL,1,SYNTHETIC EMERGENCY V2X
EMG-EVT-008718,AMB-08,AMBULANCE,6.5,0.49,14,44.1,25.6,8.5,17.1,CRITICAL,1,SYNTHETIC EMERGENCY V2X
EMG-EVT-008719,AMB-04,AMBULANCE,15.9,0.44,29,49.6,54.0,20.2,33.8,CRITICAL,1,SYNTHETIC EMERGENCY V2X
EMG-EVT-008720,AMB-02,AMBULANCE,10.3,0.41,21,46.9,38.4,13.3,25.1,CRITICAL,1,SYNTHETIC EMERGENCY V2X
EMG-EVT-008721,AMB-16,AMBULANCE,3.4,0.28,9,58.3,14.3,4.6,9.7,CRITICAL,1,SYNTHETIC EMERGENCY V2X
EMG-EVT-008722,AMB-16,AMBULANCE,3.7,0.98,6,10.0,29.4,4.6,24.8,CRITICAL,1,SYNTHETIC EMERGENCY V2X
EMG-EVT-008723,FIRE-10,FIRE_TRUCK,4.7,0.31,8,53.2,14.9,5.9,9.0,CRITICAL,1,SYNTHETIC EMERGENCY V2X
EMG-EVT-008724,AMB-02,AMBULANCE,11.7,0.37,22,50.4,40.3,15.0,25.3,CRITICAL,1,SYNTHETIC EMERGENCY V2X
EMG-EVT-008725,AMB-18,AMBULANCE,13.5,0.25,26,58.3,45.1,17.3,27.8,CRITICAL,1,SYNTHETIC EMERGENCY V2X
EMG-EVT-008726,AMB-10,AMBULANCE,2.3,0.42,7,49.6,11.2,3.2,8.0,CRITICAL,1,SYNTHETIC EMERGENCY V2X
EMG-EVT-008727,FIRE-09,FIRE_TRUCK,5.7,0.84,12,17.7,33.7,7.4,26.3,CRITICAL,1,SYNTHETIC EMERGENCY V2X
EMG-EVT-008728,FIRE-02,FIRE_TRUCK,1.6,0.35,3,56.0,5.3,2.0,3.3,HIGH,1,SYNTHETIC EMERGENCY V2X
EMG-EVT-008729,AMB-16,AMBULANCE,15.0,0.53,29,38.8,58.0,19.3,38.7,CRITICAL,1,SYNTHETIC EMERGENCY V2X
EMG-EVT-008730,AMB-02,AMBULANCE,8.6,0.51,15,39.8,31.0,10.9,20.1,CRITICAL,1,SYNTHETIC EMERGENCY V2X
EMG-EVT-008731,AMB-15,AMBULANCE,11.8,0.48,24,47.2,43.8,15.3,28.5,CRITICAL,1,SYNTHETIC EMERGENCY V2X
EMG-EVT-008732,AMB-07,AMBULANCE,2.3,0.25,4,54.7,7.3,2.9,4.4,CRITICAL,1,SYNTHETIC EMERGENCY V2X
EMG-EVT-008733,FIRE-09,FIRE_TRUCK,12.6,0.42,25,50.2,45.1,16.2,28.9,CRITICAL,1,SYNTHETIC EMERGENCY V2X
EMG-EVT-008734,AMB-05,AMBULANCE,5.3,0.72,9,31.3,21.0,6.7,14.3,CRITICAL,1,SYNTHETIC EMERGENCY V2X
EMG-EVT-008735,AMB-09,AMBULANCE,6.6,0.4,12,47.7,22.7,8.4,14.3,CRITICAL,1,SYNTHETIC EMERGENCY V2X
EMG-EVT-008736,FIRE-02,FIRE_TRUCK,9.5,0.67,17,34.4,37.0,12.1,24.9,CRITICAL,1,SYNTHETIC EMERGENCY V2X
EMG-EVT-008737,FIRE-07,FIRE_TRUCK,6.8,0.29,12,50.3,22.5,8.6,13.9,CRITICAL,1,SYNTHETIC EMERGENCY V2X
EMG-EVT-008738,AMB-11,AMBULANCE,9.7,0.4,17,50.7,31.9,12.3,19.6,CRITICAL,1,SYNTHETIC EMERGENCY V2X
EMG-EVT-008739,FIRE-07,FIRE_TRUCK,2.1,0.61,3,31.4,7.6,2.6,5.0,HIGH,1,SYNTHETIC EMERGENCY V2X
EMG-EVT-008740,AMB-09,AMBULANCE,10.6,0.82,22,20.5,57.4,13.8,43.6,CRITICAL,1,SYNTHETIC EMERGENCY V2X
EMG-EVT-008741,FIRE-04,FIRE_TRUCK,13.1,0.45,24,43.8,46.7,16.7,30.0,CRITICAL,1,SYNTHETIC EMERGENCY V2X
EMG-EVT-008742,AMB-08,AMBULANCE,6.3,0.42,14,46.8,24.9,8.3,16.6,CRITICAL,1,SYNTHETIC EMERGENCY V2X
EMG-EVT-008743,FIRE-09,FIRE_TRUCK,14.5,0.63,27,32.7,59.0,18.5,40.5,CRITICAL,1,SYNTHETIC EMERGENCY V2X
EMG-EVT-008744,AMB-19,AMBULANCE,7.2,0.32,13,48.2,24.6,9.2,15.4,CRITICAL,1,SYNTHETIC EMERGENCY V2X
EMG-EVT-008745,AMB-11,AMBULANCE,2.3,0.53,7,44.9,11.5,3.2,8.3,CRITICAL,1,SYNTHETIC EMERGENCY V2X
EMG-EVT-008746,AMB-04,AMBULANCE,7.2,0.28,15,54.6,25.9,9.4,16.5,CRITICAL,1,SYNTHETIC EMERGENCY V2X
EMG-EVT-008747,FIRE-08,FIRE_TRUCK,15.3,0.53,30,43.6,57.1,19.7,37.4,CRITICAL,1,SYNTHETIC EMERGENCY V2X
EMG-EVT-008748,AMB-17,AMBULANCE,13.6,0.83,27,22.6,68.5,17.5,51.0,CRITICAL,1,SYNTHETIC EMERGENCY V2X
EMG-EVT-008749,FIRE-06,FIRE_TRUCK,1.6,0.29,2,53.5,4.2,2.0,2.2,HIGH,0,SYNTHETIC EMERGENCY V2X
EMG-EVT-008750,FIRE-07,FIRE_TRUCK,14.9,0.92,27,18.6,80.5,19.0,61.5,CRITICAL,1,SYNTHETIC EMERGENCY V2X
EMG-EVT-008751,AMB-08,AMBULANCE,1.7,0.71,5,26.0,9.9,2.4,7.5,CRITICAL,1,SYNTHETIC EMERGENCY V2X
EMG-EVT-008752,AMB-07,AMBULANCE,15.0,0.87,27,22.2,72.9,19.1,53.8,CRITICAL,1,SYNTHETIC EMERGENCY V2X
EMG-EVT-008753,FIRE-01,FIRE_TRUCK,5.3,0.4,11,46.5,20.0,6.9,13.1,CRITICAL,1,SYNTHETIC EMERGENCY V2X
EMG-EVT-008754,FIRE-06,FIRE_TRUCK,3.1,0.63,5,33.7,11.5,3.9,7.6,HIGH,1,SYNTHETIC EMERGENCY V2X
EMG-EVT-008755,POL-01,POLICE,9.2,0.56,17,38.4,34.8,11.7,23.1,CRITICAL,1,SYNTHETIC EMERGENCY V2X
EMG-EVT-008756,FIRE-06,FIRE_TRUCK,8.5,0.89,17,18.4,48.1,11.0,37.1,CRITICAL,1,SYNTHETIC EMERGENCY V2X
EMG-EVT-008757,AMB-19,AMBULANCE,15.4,0.9,27,14.4,96.6,19.5,77.1,CRITICAL,1,SYNTHETIC EMERGENCY V2X
EMG-EVT-008758,AMB-12,AMBULANCE,9.4,0.39,16,48.7,30.8,11.9,18.9,CRITICAL,1,SYNTHETIC EMERGENCY V2X
EMG-EVT-008759,AMB-16,AMBULANCE,11.8,0.55,23,35.3,47.7,15.2,32.5,CRITICAL,1,SYNTHETIC EMERGENCY V2X
EMG-EVT-008760,AMB-20,AMBULANCE,13.1,0.65,23,33.4,51.1,16.6,34.5,CRITICAL,1,SYNTHETIC EMERGENCY V2X
EMG-EVT-008761,FIRE-08,FIRE_TRUCK,2.3,0.77,6,28.5,12.0,3.1,8.9,HIGH,1,SYNTHETIC EMERGENCY V2X
EMG-EVT-008762,FIRE-06,FIRE_TRUCK,13.1,0.62,24,37.5,49.8,16.7,33.1,CRITICAL,1,SYNTHETIC EMERGENCY V2X
EMG-EVT-008763,AMB-19,AMBULANCE,16.0,0.31,30,55.7,53.2,20.5,32.7,CRITICAL,1,SYNTHETIC EMERGENCY V2X
EMG-EVT-008764,FIRE-10,FIRE_TRUCK,4.0,0.53,9,40.1,16.8,5.3,11.5,CRITICAL,1,SYNTHETIC EMERGENCY V2X
EMG-EVT-008765,AMB-14,AMBULANCE,4.0,0.54,8,37.9,15.9,5.2,10.7,CRITICAL,1,SYNTHETIC EMERGENCY V2X
EMG-EVT-008766,AMB-16,AMBULANCE,6.6,0.69,12,27.9,28.6,8.4,20.2,CRITICAL,1,SYNTHETIC EMERGENCY V2X
EMG-EVT-008767,AMB-12,AMBULANCE,9.9,0.37,17,50.5,32.2,12.5,19.7,CRITICAL,1,SYNTHETIC EMERGENCY V2X
EMG-EVT-008768,AMB-11,AMBULANCE,14.5,0.69,26,29.5,60.7,18.4,42.3,CRITICAL,1,SYNTHETIC EMERGENCY V2X
EMG-EVT-008769,FIRE-07,FIRE_TRUCK,7.1,0.25,15,55.9,25.6,9.2,16.4,CRITICAL,1,SYNTHETIC EMERGENCY V2X
EMG-EVT-008770,AMB-07,AMBULANCE,15.2,0.56,29,35.5,60.5,19.5,41.0,CRITICAL,1,SYNTHETIC EMERGENCY V2X
EMG-EVT-008771,AMB-11,AMBULANCE,11.8,0.26,23,56.5,40.1,15.2,24.9,CRITICAL,1,SYNTHETIC EMERGENCY V2X
EMG-EVT-008772,AMB-03,AMBULANCE,14.8,0.49,28,46.7,52.6,18.9,33.7,CRITICAL,1,SYNTHETIC EMERGENCY V2X
EMG-EVT-008773,AMB-15,AMBULANCE,4.1,0.9,7,21.2,20.0,5.2,14.8,CRITICAL,1,SYNTHETIC EMERGENCY V2X
EMG-EVT-008774,AMB-08,AMBULANCE,2.4,0.89,6,17.0,15.7,3.2,12.5,CRITICAL,1,SYNTHETIC EMERGENCY V2X
EMG-EVT-008775,AMB-03,AMBULANCE,4.7,0.91,8,12.6,32.0,5.9,26.1,CRITICAL,1,SYNTHETIC EMERGENCY V2X
EMG-EVT-008776,FIRE-08,FIRE_TRUCK,6.3,0.29,14,51.5,24.1,8.3,15.8,CRITICAL,1,SYNTHETIC EMERGENCY V2X
EMG-EVT-008777,AMB-06,AMBULANCE,13.3,0.32,26,56.1,45.4,17.1,28.3,CRITICAL,1,SYNTHETIC EMERGENCY V2X
EMG-EVT-008778,FIRE-06,FIRE_TRUCK,9.0,0.38,16,51.3,29.7,11.4,18.3,CRITICAL,1,SYNTHETIC EMERGENCY V2X
EMG-EVT-008779,AMB-05,AMBULANCE,4.2,0.28,10,56.9,16.4,5.6,10.8,CRITICAL,1,SYNTHETIC EMERGENCY V2X
EMG-EVT-008780,FIRE-06,FIRE_TRUCK,13.0,0.3,26,50.1,46.8,16.8,30.0,CRITICAL,1,SYNTHETIC EMERGENCY V2X
EMG-EVT-008781,AMB-10,AMBULANCE,5.1,0.92,11,20.1,28.4,6.7,21.7,CRITICAL,1,SYNTHETIC EMERGENCY V2X
EMG-EVT-008782,AMB-08,AMBULANCE,1.9,0.88,3,15.9,10.8,2.4,8.4,CRITICAL,1,SYNTHETIC EMERGENCY V2X
EMG-EVT-008783,AMB-14,AMBULANCE,9.2,0.58,18,39.4,35.6,11.8,23.8,CRITICAL,1,SYNTHETIC EMERGENCY V2X
EMG-EVT-008784,AMB-04,AMBULANCE,8.3,0.96,15,10.0,67.8,10.6,57.2,CRITICAL,1,SYNTHETIC EMERGENCY V2X
EMG-EVT-008785,AMB-01,AMBULANCE,11.6,0.31,21,56.0,37.6,14.8,22.8,CRITICAL,1,SYNTHETIC EMERGENCY V2X
EMG-EVT-008786,AMB-18,AMBULANCE,11.6,0.78,22,20.3,60.7,14.9,45.8,CRITICAL,1,SYNTHETIC EMERGENCY V2X
EMG-EVT-008787,AMB-02,AMBULANCE,8.9,0.51,16,41.8,32.0,11.3,20.7,CRITICAL,1,SYNTHETIC EMERGENCY V2X
EMG-EVT-008788,AMB-19,AMBULANCE,8.9,0.84,19,21.3,47.9,11.6,36.3,CRITICAL,1,SYNTHETIC EMERGENCY V2X
EMG-EVT-008789,AMB-18,AMBULANCE,15.2,0.5,30,37.4,60.4,19.6,40.8,CRITICAL,1,SYNTHETIC EMERGENCY V2X
EMG-EVT-008790,AMB-15,AMBULANCE,7.3,0.88,13,23.3,34.4,9.3,25.1,CRITICAL,1,SYNTHETIC EMERGENCY V2X
EMG-EVT-008791,AMB-15,AMBULANCE,9.9,0.9,19,17.7,56.4,12.7,43.7,CRITICAL,1,SYNTHETIC EMERGENCY V2X
EMG-EVT-008792,FIRE-10,FIRE_TRUCK,2.7,0.32,6,54.9,10.2,3.5,6.7,HIGH,1,SYNTHETIC EMERGENCY V2X
EMG-EVT-008793,AMB-01,AMBULANCE,15.7,0.33,30,50.2,54.8,20.1,34.7,CRITICAL,1,SYNTHETIC EMERGENCY V2X
EMG-EVT-008794,AMB-14,AMBULANCE,9.6,0.29,17,58.0,30.3,12.2,18.1,CRITICAL,1,SYNTHETIC EMERGENCY V2X
EMG-EVT-008795,AMB-06,AMBULANCE,5.6,0.61,12,31.5,25.1,7.3,17.8,CRITICAL,1,SYNTHETIC EMERGENCY V2X
EMG-EVT-008796,AMB-05,AMBULANCE,6.9,0.58,15,33.1,30.5,9.0,21.5,CRITICAL,1,SYNTHETIC EMERGENCY V2X
EMG-EVT-008797,FIRE-04,FIRE_TRUCK,3.5,0.87,8,15.5,23.1,4.6,18.5,CRITICAL,1,SYNTHETIC EMERGENCY V2X
EMG-EVT-008798,AMB-05,AMBULANCE,5.5,0.47,11,44.9,20.5,7.1,13.4,CRITICAL,1,SYNTHETIC EMERGENCY V2X
EMG-EVT-008799,AMB-05,AMBULANCE,7.2,0.52,12,36.3,26.3,9.1,17.2,CRITICAL,1,SYNTHETIC EMERGENCY V2X
EMG-EVT-008800,FIRE-04,FIRE_TRUCK,2.3,0.25,7,54.0,11.0,3.2,7.8,HIGH,1,SYNTHETIC EMERGENCY V2X
EMG-EVT-008801,AMB-08,AMBULANCE,5.5,0.55,10,37.8,20.7,7.0,13.7,CRITICAL,1,SYNTHETIC EMERGENCY V2X
EMG-EVT-008802,AMB-04,AMBULANCE,4.0,0.4,9,45.1,16.1,5.3,10.8,CRITICAL,1,SYNTHETIC EMERGENCY V2X
EMG-EVT-008803,AMB-19,AMBULANCE,14.1,0.32,26,48.9,48.5,18.0,30.5,CRITICAL,1,SYNTHETIC EMERGENCY V2X
EMG-EVT-008804,AMB-01,AMBULANCE,12.0,0.58,24,37.7,47.9,15.5,32.4,CRITICAL,1,SYNTHETIC EMERGENCY V2X
EMG-EVT-008805,AMB-01,AMBULANCE,12.9,0.7,26,27.8,59.0,16.7,42.3,CRITICAL,1,SYNTHETIC EMERGENCY V2X
EMG-EVT-008806,AMB-13,AMBULANCE,4.3,0.54,8,42.9,15.6,5.5,10.1,CRITICAL,1,SYNTHETIC EMERGENCY V2X
EMG-EVT-008807,AMB-08,AMBULANCE,6.0,0.45,13,47.1,23.2,7.8,15.4,CRITICAL,1,SYNTHETIC EMERGENCY V2X
EMG-EVT-008808,AMB-07,AMBULANCE,5.5,0.35,9,50.1,17.4,6.9,10.5,CRITICAL,1,SYNTHETIC EMERGENCY V2X
EMG-EVT-008809,FIRE-02,FIRE_TRUCK,9.6,0.43,18,47.7,33.7,12.3,21.4,CRITICAL,1,SYNTHETIC EMERGENCY V2X
EMG-EVT-008810,AMB-14,AMBULANCE,3.4,0.47,6,45.6,11.7,4.3,7.4,CRITICAL,1,SYNTHETIC EMERGENCY V2X
EMG-EVT-008811,AMB-14,AMBULANCE,5.6,0.71,11,24.9,26.7,7.2,19.5,CRITICAL,1,SYNTHETIC EMERGENCY V2X
EMG-EVT-008812,FIRE-04,FIRE_TRUCK,3.8,0.77,7,27.7,16.6,4.8,11.8,CRITICAL,1,SYNTHETIC EMERGENCY V2X
EMG-EVT-008813,AMB-15,AMBULANCE,3.1,0.92,8,12.4,24.6,4.2,20.4,CRITICAL,1,SYNTHETIC EMERGENCY V2X
EMG-EVT-008814,AMB-12,AMBULANCE,2.9,0.71,7,28.2,14.6,3.9,10.7,CRITICAL,1,SYNTHETIC EMERGENCY V2X
EMG-EVT-008815,POL-01,POLICE,5.7,0.98,12,12.4,42.0,7.4,34.6,CRITICAL,1,SYNTHETIC EMERGENCY V2X
EMG-EVT-008816,AMB-19,AMBULANCE,5.3,0.95,11,17.3,31.6,6.9,24.7,CRITICAL,1,SYNTHETIC EMERGENCY V2X
EMG-EVT-008817,AMB-19,AMBULANCE,8.3,0.32,14,51.4,26.5,10.5,16.0,CRITICAL,1,SYNTHETIC EMERGENCY V2X
EMG-EVT-008818,AMB-01,AMBULANCE,7.5,0.88,16,19.9,41.8,9.8,32.0,CRITICAL,1,SYNTHETIC EMERGENCY V2X
EMG-EVT-008819,AMB-13,AMBULANCE,3.7,0.22,6,62.8,10.7,4.6,6.1,CRITICAL,1,SYNTHETIC EMERGENCY V2X
EMG-EVT-008820,AMB-08,AMBULANCE,14.0,0.23,28,57.1,48.3,18.1,30.2,CRITICAL,1,SYNTHETIC EMERGENCY V2X
EMG-EVT-008821,AMB-05,AMBULANCE,10.1,0.21,19,56.9,33.5,12.9,20.6,CRITICAL,1,SYNTHETIC EMERGENCY V2X
EMG-EVT-008822,AMB-15,AMBULANCE,15.2,0.24,27,53.4,49.5,19.3,30.2,CRITICAL,1,SYNTHETIC EMERGENCY V2X
EMG-EVT-008823,AMB-07,AMBULANCE,15.2,0.89,28,17.7,85.1,19.4,65.7,CRITICAL,1,SYNTHETIC EMERGENCY V2X
EMG-EVT-008824,POL-10,POLICE,10.9,0.75,19,24.9,49.1,13.8,35.3,CRITICAL,1,SYNTHETIC EMERGENCY V2X
EMG-EVT-008825,FIRE-07,FIRE_TRUCK,14.0,0.38,27,45.5,50.9,18.0,32.9,CRITICAL,1,SYNTHETIC EMERGENCY V2X
EMG-EVT-008826,AMB-14,AMBULANCE,10.0,0.39,20,48.6,36.3,12.9,23.4,CRITICAL,1,SYNTHETIC EMERGENCY V2X
EMG-EVT-008827,FIRE-06,FIRE_TRUCK,13.8,0.48,27,41.1,52.5,17.8,34.7,CRITICAL,1,SYNTHETIC EMERGENCY V2X
EMG-EVT-008828,AMB-04,AMBULANCE,14.7,0.57,26,36.7,55.2,18.6,36.6,CRITICAL,1,SYNTHETIC EMERGENCY V2X
EMG-EVT-008829,AMB-20,AMBULANCE,10.0,0.49,18,42.1,35.9,12.7,23.2,CRITICAL,1,SYNTHETIC EMERGENCY V2X
EMG-EVT-008830,FIRE-03,FIRE_TRUCK,8.8,0.29,18,56.5,30.9,11.4,19.5,CRITICAL,1,SYNTHETIC EMERGENCY V2X
EMG-EVT-008831,AMB-16,AMBULANCE,9.9,0.92,17,17.6,54.1,12.5,41.6,CRITICAL,1,SYNTHETIC EMERGENCY V2X
EMG-EVT-008832,FIRE-09,FIRE_TRUCK,6.4,0.82,13,21.9,33.1,8.3,24.8,CRITICAL,1,SYNTHETIC EMERGENCY V2X
EMG-EVT-008833,AMB-04,AMBULANCE,15.0,0.58,28,33.3,60.6,19.2,41.4,CRITICAL,1,SYNTHETIC EMERGENCY V2X
EMG-EVT-008834,AMB-05,AMBULANCE,1.7,0.27,5,60.3,7.7,2.4,5.3,CRITICAL,1,SYNTHETIC EMERGENCY V2X
EMG-EVT-008835,AMB-16,AMBULANCE,4.0,0.27,8,57.4,13.8,5.2,8.6,CRITICAL,1,SYNTHETIC EMERGENCY V2X
EMG-EVT-008836,FIRE-10,FIRE_TRUCK,8.8,0.5,16,41.7,31.9,11.2,20.7,CRITICAL,1,SYNTHETIC EMERGENCY V2X
EMG-EVT-008837,AMB-19,AMBULANCE,8.3,0.82,16,20.9,43.0,10.7,32.3,CRITICAL,1,SYNTHETIC EMERGENCY V2X
EMG-EVT-008838,AMB-20,AMBULANCE,8.3,0.76,15,24.8,38.1,10.6,27.5,CRITICAL,1,SYNTHETIC EMERGENCY V2X
EMG-EVT-008839,AMB-07,AMBULANCE,12.2,0.43,22,46.7,42.1,15.5,26.6,CRITICAL,1,SYNTHETIC EMERGENCY V2X
EMG-EVT-008840,FIRE-01,FIRE_TRUCK,13.0,0.65,23,37.4,48.5,16.5,32.0,CRITICAL,1,SYNTHETIC EMERGENCY V2X
EMG-EVT-008841,AMB-05,AMBULANCE,5.9,0.34,13,47.0,23.1,7.7,15.4,CRITICAL,1,SYNTHETIC EMERGENCY V2X
EMG-EVT-008842,FIRE-04,FIRE_TRUCK,10.1,0.56,19,42.4,37.1,12.9,24.2,CRITICAL,1,SYNTHETIC EMERGENCY V2X
EMG-EVT-008843,AMB-16,AMBULANCE,11.2,0.23,22,63.1,37.0,14.4,22.6,CRITICAL,1,SYNTHETIC EMERGENCY V2X
EMG-EVT-008844,POL-02,POLICE,5.8,0.54,13,40.2,24.3,7.6,16.7,CRITICAL,1,SYNTHETIC EMERGENCY V2X
EMG-EVT-008845,POL-08,POLICE,14.0,0.88,26,23.3,67.3,17.9,49.4,CRITICAL,1,SYNTHETIC EMERGENCY V2X
EMG-EVT-008846,AMB-02,AMBULANCE,1.7,0.45,4,45.2,7.1,2.3,4.8,CRITICAL,1,SYNTHETIC EMERGENCY V2X
EMG-EVT-008847,AMB-12,AMBULANCE,3.8,0.68,8,28.7,17.5,4.9,12.6,CRITICAL,1,SYNTHETIC EMERGENCY V2X
EMG-EVT-008848,AMB-19,AMBULANCE,10.3,0.29,19,52.8,34.5,13.1,21.4,CRITICAL,1,SYNTHETIC EMERGENCY V2X
EMG-EVT-008849,AMB-15,AMBULANCE,15.9,0.94,31,19.8,85.4,20.4,65.0,CRITICAL,1,SYNTHETIC EMERGENCY V2X
EMG-EVT-008850,AMB-05,AMBULANCE,4.9,0.77,10,26.1,23.3,6.3,17.0,CRITICAL,1,SYNTHETIC EMERGENCY V2X
EMG-EVT-008851,FIRE-03,FIRE_TRUCK,3.2,0.23,6,56.5,10.6,4.1,6.5,HIGH,1,SYNTHETIC EMERGENCY V2X
EMG-EVT-008852,AMB-09,AMBULANCE,3.8,0.96,8,18.1,22.2,4.9,17.3,CRITICAL,1,SYNTHETIC EMERGENCY V2X
EMG-EVT-008853,AMB-02,AMBULANCE,13.2,0.46,23,42.6,46.2,16.7,29.5,CRITICAL,1,SYNTHETIC EMERGENCY V2X
EMG-EVT-008854,AMB-01,AMBULANCE,15.6,0.4,31,47.9,56.7,20.1,36.6,CRITICAL,1,SYNTHETIC EMERGENCY V2X
EMG-EVT-008855,AMB-20,AMBULANCE,5.7,0.49,12,43.1,22.3,7.4,14.9,CRITICAL,1,SYNTHETIC EMERGENCY V2X
EMG-EVT-008856,AMB-04,AMBULANCE,7.7,0.96,14,14.4,48.9,9.8,39.1,CRITICAL,1,SYNTHETIC EMERGENCY V2X
EMG-EVT-008857,FIRE-04,FIRE_TRUCK,3.0,0.71,7,27.1,15.0,4.0,11.0,CRITICAL,1,SYNTHETIC EMERGENCY V2X
EMG-EVT-008858,FIRE-08,FIRE_TRUCK,14.5,0.98,29,13.5,99.2,18.7,80.5,CRITICAL,1,SYNTHETIC EMERGENCY V2X
EMG-EVT-008859,FIRE-10,FIRE_TRUCK,8.3,0.77,14,24.3,37.3,10.5,26.8,CRITICAL,1,SYNTHETIC EMERGENCY V2X
EMG-EVT-008860,AMB-09,AMBULANCE,5.4,0.32,10,52.9,18.1,6.9,11.2,CRITICAL,1,SYNTHETIC EMERGENCY V2X
EMG-EVT-008861,AMB-03,AMBULANCE,10.1,0.24,20,58.2,34.4,13.0,21.4,CRITICAL,1,SYNTHETIC EMERGENCY V2X
EMG-EVT-008862,FIRE-05,FIRE_TRUCK,10.7,0.21,20,56.5,35.4,13.7,21.7,CRITICAL,1,SYNTHETIC EMERGENCY V2X
EMG-EVT-008863,AMB-06,AMBULANCE,13.2,0.53,24,42.8,47.3,16.8,30.5,CRITICAL,1,SYNTHETIC EMERGENCY V2X
EMG-EVT-008864,AMB-14,AMBULANCE,8.8,0.23,18,55.9,31.0,11.4,19.6,CRITICAL,1,SYNTHETIC EMERGENCY V2X
EMG-EVT-008865,FIRE-07,FIRE_TRUCK,6.4,0.37,11,48.5,21.1,8.1,13.0,CRITICAL,1,SYNTHETIC EMERGENCY V2X
EMG-EVT-008866,AMB-08,AMBULANCE,15.7,0.31,29,57.5,51.2,20.0,31.2,CRITICAL,1,SYNTHETIC EMERGENCY V2X
EMG-EVT-008867,AMB-06,AMBULANCE,3.6,0.92,9,17.6,23.1,4.8,18.3,CRITICAL,1,SYNTHETIC EMERGENCY V2X
EMG-EVT-008868,POL-01,POLICE,10.9,0.31,19,52.6,35.2,13.8,21.4,CRITICAL,1,SYNTHETIC EMERGENCY V2X
EMG-EVT-008869,AMB-01,AMBULANCE,4.2,0.9,7,19.9,21.1,5.3,15.8,CRITICAL,1,SYNTHETIC EMERGENCY V2X
EMG-EVT-008870,AMB-05,AMBULANCE,4.6,0.94,8,14.7,28.4,5.8,22.6,CRITICAL,1,SYNTHETIC EMERGENCY V2X
EMG-EVT-008871,AMB-09,AMBULANCE,4.1,0.74,7,27.2,17.4,5.2,12.2,CRITICAL,1,SYNTHETIC EMERGENCY V2X
EMG-EVT-008872,FIRE-03,FIRE_TRUCK,9.3,0.73,18,27.6,41.8,11.9,29.9,CRITICAL,1,SYNTHETIC EMERGENCY V2X
EMG-EVT-008873,POL-02,POLICE,15.7,0.26,31,54.7,54.4,20.2,34.2,CRITICAL,1,SYNTHETIC EMERGENCY V2X
EMG-EVT-008874,AMB-18,AMBULANCE,11.2,0.53,20,42.4,39.8,14.2,25.6,CRITICAL,1,SYNTHETIC EMERGENCY V2X
EMG-EVT-008875,FIRE-06,FIRE_TRUCK,7.3,0.93,15,17.3,43.3,9.5,33.8,CRITICAL,1,SYNTHETIC EMERGENCY V2X
EMG-EVT-008876,AMB-15,AMBULANCE,14.2,0.74,27,28.5,62.3,18.2,44.1,CRITICAL,1,SYNTHETIC EMERGENCY V2X
EMG-EVT-008877,AMB-03,AMBULANCE,13.3,0.91,24,15.8,79.3,16.9,62.4,CRITICAL,1,SYNTHETIC EMERGENCY V2X
EMG-EVT-008878,AMB-16,AMBULANCE,1.6,0.58,5,34.0,8.8,2.2,6.6,CRITICAL,1,SYNTHETIC EMERGENCY V2X
EMG-EVT-008879,POL-06,POLICE,11.0,0.71,20,32.4,44.4,14.0,30.4,CRITICAL,1,SYNTHETIC EMERGENCY V2X
EMG-EVT-008880,POL-01,POLICE,6.2,0.35,12,51.9,21.6,8.0,13.6,CRITICAL,1,SYNTHETIC EMERGENCY V2X
EMG-EVT-008881,AMB-08,AMBULANCE,6.1,0.97,11,10.4,48.4,7.8,40.6,CRITICAL,1,SYNTHETIC EMERGENCY V2X
EMG-EVT-008882,AMB-18,AMBULANCE,3.5,0.67,8,27.6,17.2,4.6,12.6,CRITICAL,1,SYNTHETIC EMERGENCY V2X
EMG-EVT-008883,AMB-11,AMBULANCE,8.6,0.59,15,37.2,31.9,10.9,21.0,CRITICAL,1,SYNTHETIC EMERGENCY V2X
EMG-EVT-008884,AMB-15,AMBULANCE,10.8,0.71,21,24.5,51.6,13.9,37.7,CRITICAL,1,SYNTHETIC EMERGENCY V2X
EMG-EVT-008885,AMB-04,AMBULANCE,2.3,0.34,4,56.2,7.3,2.9,4.4,CRITICAL,1,SYNTHETIC EMERGENCY V2X
EMG-EVT-008886,AMB-02,AMBULANCE,12.9,0.79,24,20.4,66.7,16.5,50.2,CRITICAL,1,SYNTHETIC EMERGENCY V2X
EMG-EVT-008887,AMB-11,AMBULANCE,4.6,0.59,10,36.2,19.6,6.0,13.6,CRITICAL,1,SYNTHETIC EMERGENCY V2X
EMG-EVT-008888,AMB-14,AMBULANCE,8.1,0.45,14,41.2,28.6,10.2,18.4,CRITICAL,1,SYNTHETIC EMERGENCY V2X
EMG-EVT-008889,FIRE-10,FIRE_TRUCK,1.7,0.63,4,34.9,7.7,2.3,5.4,HIGH,1,SYNTHETIC EMERGENCY V2X
EMG-EVT-008890,FIRE-08,FIRE_TRUCK,3.1,0.65,7,31.0,14.4,4.1,10.3,CRITICAL,1,SYNTHETIC EMERGENCY V2X
EMG-EVT-008891,FIRE-03,FIRE_TRUCK,13.2,0.41,24,50.7,44.4,16.8,27.6,CRITICAL,1,SYNTHETIC EMERGENCY V2X
EMG-EVT-008892,AMB-20,AMBULANCE,13.6,0.55,27,39.2,53.2,17.5,35.7,CRITICAL,1,SYNTHETIC EMERGENCY V2X
EMG-EVT-008893,FIRE-05,FIRE_TRUCK,12.1,0.31,21,52.4,39.1,15.3,23.8,CRITICAL,1,SYNTHETIC EMERGENCY V2X
EMG-EVT-008894,AMB-06,AMBULANCE,7.3,0.25,13,61.5,22.7,9.3,13.4,CRITICAL,1,SYNTHETIC EMERGENCY V2X
EMG-EVT-008895,AMB-02,AMBULANCE,8.9,0.37,17,47.5,31.6,11.4,20.2,CRITICAL,1,SYNTHETIC EMERGENCY V2X
EMG-EVT-008896,FIRE-02,FIRE_TRUCK,1.7,0.86,5,22.3,10.6,2.4,8.2,HIGH,1,SYNTHETIC EMERGENCY V2X
EMG-EVT-008897,AMB-02,AMBULANCE,15.9,0.63,30,35.1,63.2,20.3,42.9,CRITICAL,1,SYNTHETIC EMERGENCY V2X
EMG-EVT-008898,AMB-10,AMBULANCE,13.2,0.89,24,22.2,64.5,16.8,47.7,CRITICAL,1,SYNTHETIC EMERGENCY V2X
EMG-EVT-008899,AMB-02,AMBULANCE,5.2,0.85,11,24.8,25.8,6.8,19.0,CRITICAL,1,SYNTHETIC EMERGENCY V2X
EMG-EVT-008900,AMB-13,AMBULANCE,8.6,0.22,18,57.9,30.5,11.2,19.3,CRITICAL,1,SYNTHETIC EMERGENCY V2X
EMG-EVT-008901,AMB-10,AMBULANCE,10.2,0.21,21,61.0,35.2,13.2,22.0,CRITICAL,1,SYNTHETIC EMERGENCY V2X
EMG-EVT-008902,AMB-19,AMBULANCE,15.0,0.56,29,40.5,57.0,19.3,37.7,CRITICAL,1,SYNTHETIC EMERGENCY V2X
EMG-EVT-008903,AMB-14,AMBULANCE,1.8,0.56,3,37.2,6.5,2.3,4.2,CRITICAL,1,SYNTHETIC EMERGENCY V2X
EMG-EVT-008904,AMB-16,AMBULANCE,8.2,0.31,16,56.0,28.0,10.5,17.5,CRITICAL,1,SYNTHETIC EMERGENCY V2X
EMG-EVT-008905,FIRE-07,FIRE_TRUCK,13.3,0.51,23,36.8,49.3,16.8,32.5,CRITICAL,1,SYNTHETIC EMERGENCY V2X
EMG-EVT-008906,POL-07,POLICE,5.9,0.73,10,29.2,24.1,7.4,16.7,CRITICAL,1,SYNTHETIC EMERGENCY V2X
EMG-EVT-008907,AMB-14,AMBULANCE,9.7,0.89,20,21.8,50.7,12.6,38.1,CRITICAL,1,SYNTHETIC EMERGENCY V2X
EMG-EVT-008908,AMB-15,AMBULANCE,7.4,0.52,15,40.3,29.0,9.6,19.4,CRITICAL,1,SYNTHETIC EMERGENCY V2X
EMG-EVT-008909,FIRE-06,FIRE_TRUCK,5.2,0.65,11,34.0,22.4,6.8,15.6,CRITICAL,1,SYNTHETIC EMERGENCY V2X
EMG-EVT-008910,AMB-02,AMBULANCE,16.0,0.97,31,10.2,131.3,20.6,110.7,CRITICAL,1,SYNTHETIC EMERGENCY V2X
EMG-EVT-008911,AMB-12,AMBULANCE,7.0,0.63,14,30.3,30.7,9.0,21.7,CRITICAL,1,SYNTHETIC EMERGENCY V2X
EMG-EVT-008912,AMB-06,AMBULANCE,15.0,0.46,27,42.4,53.6,19.1,34.5,CRITICAL,1,SYNTHETIC EMERGENCY V2X
EMG-EVT-008913,AMB-20,AMBULANCE,15.7,0.73,28,30.1,64.9,19.9,45.0,CRITICAL,1,SYNTHETIC EMERGENCY V2X
EMG-EVT-008914,FIRE-02,FIRE_TRUCK,7.7,0.32,15,51.6,27.0,9.9,17.1,CRITICAL,1,SYNTHETIC EMERGENCY V2X
EMG-EVT-008915,FIRE-06,FIRE_TRUCK,11.4,0.76,21,28.6,49.1,14.5,34.6,CRITICAL,1,SYNTHETIC EMERGENCY V2X
EMG-EVT-008916,AMB-04,AMBULANCE,9.4,0.53,17,41.6,34.0,12.0,22.0,CRITICAL,1,SYNTHETIC EMERGENCY V2X
EMG-EVT-008917,FIRE-01,FIRE_TRUCK,12.2,0.56,22,34.3,47.7,15.5,32.2,CRITICAL,1,SYNTHETIC EMERGENCY V2X
EMG-EVT-008918,AMB-05,AMBULANCE,2.9,0.88,5,14.4,18.1,3.7,14.4,CRITICAL,1,SYNTHETIC EMERGENCY V2X
EMG-EVT-008919,AMB-06,AMBULANCE,9.6,0.66,18,36.5,37.4,12.3,25.1,CRITICAL,1,SYNTHETIC EMERGENCY V2X
EMG-EVT-008920,AMB-06,AMBULANCE,10.0,0.59,19,35.8,39.6,12.8,26.8,CRITICAL,1,SYNTHETIC EMERGENCY V2X
EMG-EVT-008921,POL-10,POLICE,5.5,0.29,9,57.9,16.5,6.9,9.6,CRITICAL,1,SYNTHETIC EMERGENCY V2X
EMG-EVT-008922,FIRE-03,FIRE_TRUCK,2.6,0.34,6,49.0,10.4,3.4,7.0,HIGH,1,SYNTHETIC EMERGENCY V2X
EMG-EVT-008923,FIRE-08,FIRE_TRUCK,3.8,0.82,9,17.9,23.5,5.0,18.5,CRITICAL,1,SYNTHETIC EMERGENCY V2X
EMG-EVT-008924,AMB-11,AMBULANCE,7.0,0.8,14,20.4,37.4,9.0,28.4,CRITICAL,1,SYNTHETIC EMERGENCY V2X
EMG-EVT-008925,AMB-15,AMBULANCE,8.6,0.28,18,51.3,31.7,11.2,20.5,CRITICAL,1,SYNTHETIC EMERGENCY V2X
EMG-EVT-008926,FIRE-03,FIRE_TRUCK,5.1,0.53,10,38.2,20.0,6.6,13.4,CRITICAL,1,SYNTHETIC EMERGENCY V2X
EMG-EVT-008927,AMB-03,AMBULANCE,2.6,0.34,6,51.6,10.2,3.4,6.8,CRITICAL,1,SYNTHETIC EMERGENCY V2X
EMG-EVT-008928,AMB-14,AMBULANCE,10.4,0.23,21,63.0,35.1,13.4,21.7,CRITICAL,1,SYNTHETIC EMERGENCY V2X
EMG-EVT-008929,POL-01,POLICE,6.4,0.75,12,24.8,29.9,8.2,21.7,CRITICAL,1,SYNTHETIC EMERGENCY V2X
EMG-EVT-008930,AMB-08,AMBULANCE,10.7,0.3,20,51.0,36.6,13.7,22.9,CRITICAL,1,SYNTHETIC EMERGENCY V2X
EMG-EVT-008931,AMB-17,AMBULANCE,4.5,0.88,8,17.9,24.7,5.7,19.0,CRITICAL,1,SYNTHETIC EMERGENCY V2X
EMG-EVT-008932,POL-06,POLICE,11.3,0.89,23,14.8,73.4,14.6,58.8,CRITICAL,1,SYNTHETIC EMERGENCY V2X
EMG-EVT-008933,AMB-05,AMBULANCE,7.8,0.49,14,41.0,28.2,9.9,18.3,CRITICAL,1,SYNTHETIC EMERGENCY V2X
EMG-EVT-008934,AMB-03,AMBULANCE,6.9,0.32,13,52.0,23.6,8.8,14.8,CRITICAL,1,SYNTHETIC EMERGENCY V2X
EMG-EVT-008935,AMB-19,AMBULANCE,2.2,0.21,3,61.6,5.7,2.7,3.0,CRITICAL,1,SYNTHETIC EMERGENCY V2X
EMG-EVT-008936,AMB-13,AMBULANCE,8.3,0.64,17,36.8,33.9,10.8,23.1,CRITICAL,1,SYNTHETIC EMERGENCY V2X
EMG-EVT-008937,AMB-13,AMBULANCE,12.9,0.51,26,43.1,49.2,16.7,32.5,CRITICAL,1,SYNTHETIC EMERGENCY V2X
EMG-EVT-008938,AMB-06,AMBULANCE,3.0,0.54,5,41.5,10.3,3.8,6.5,CRITICAL,1,SYNTHETIC EMERGENCY V2X
EMG-EVT-008939,AMB-08,AMBULANCE,5.2,0.61,10,37.2,20.4,6.7,13.7,CRITICAL,1,SYNTHETIC EMERGENCY V2X
EMG-EVT-008940,AMB-10,AMBULANCE,4.7,0.5,9,37.3,18.4,6.0,12.4,CRITICAL,1,SYNTHETIC EMERGENCY V2X
EMG-EVT-008941,AMB-07,AMBULANCE,9.4,0.9,16,14.2,58.9,11.9,47.0,CRITICAL,1,SYNTHETIC EMERGENCY V2X
EMG-EVT-008942,AMB-17,AMBULANCE,6.6,0.86,14,24.8,32.8,8.6,24.2,CRITICAL,1,SYNTHETIC EMERGENCY V2X
EMG-EVT-008943,AMB-01,AMBULANCE,3.5,0.88,7,18.1,20.0,4.5,15.5,CRITICAL,1,SYNTHETIC EMERGENCY V2X
EMG-EVT-008944,AMB-20,AMBULANCE,11.9,0.39,21,46.0,40.7,15.1,25.6,CRITICAL,1,SYNTHETIC EMERGENCY V2X
EMG-EVT-008945,AMB-07,AMBULANCE,14.7,0.9,28,20.3,77.0,18.8,58.2,CRITICAL,1,SYNTHETIC EMERGENCY V2X
EMG-EVT-008946,AMB-07,AMBULANCE,6.2,0.3,12,54.8,21.2,8.0,13.2,CRITICAL,1,SYNTHETIC EMERGENCY V2X
EMG-EVT-008947,AMB-10,AMBULANCE,7.6,0.67,13,32.0,29.9,9.6,20.3,CRITICAL,1,SYNTHETIC EMERGENCY V2X
EMG-EVT-008948,AMB-08,AMBULANCE,15.8,0.72,31,24.7,75.6,20.3,55.3,CRITICAL,1,SYNTHETIC EMERGENCY V2X
EMG-EVT-008949,FIRE-10,FIRE_TRUCK,1.5,0.53,3,42.3,5.7,2.0,3.7,HIGH,1,SYNTHETIC EMERGENCY V2X
EMG-EVT-008950,AMB-11,AMBULANCE,11.6,0.31,21,54.0,38.1,14.8,23.3,CRITICAL,1,SYNTHETIC EMERGENCY V2X
EMG-EVT-008951,AMB-15,AMBULANCE,11.7,0.22,21,62.1,36.5,14.9,21.6,CRITICAL,1,SYNTHETIC EMERGENCY V2X
EMG-EVT-008952,AMB-16,AMBULANCE,8.4,0.64,18,30.6,38.1,11.0,27.1,CRITICAL,1,SYNTHETIC EMERGENCY V2X
EMG-EVT-008953,AMB-03,AMBULANCE,9.5,0.88,19,21.3,49.6,12.3,37.3,CRITICAL,1,SYNTHETIC EMERGENCY V2X
EMG-EVT-008954,AMB-15,AMBULANCE,8.0,0.92,16,14.9,51.4,10.3,41.1,CRITICAL,1,SYNTHETIC EMERGENCY V2X
EMG-EVT-008955,POL-04,POLICE,14.1,0.61,28,34.8,57.9,18.2,39.7,CRITICAL,1,SYNTHETIC EMERGENCY V2X
EMG-EVT-008956,POL-06,POLICE,6.6,0.85,14,25.8,32.1,8.6,23.5,CRITICAL,1,SYNTHETIC EMERGENCY V2X
EMG-EVT-008957,AMB-08,AMBULANCE,2.2,0.9,5,20.2,12.5,2.9,9.6,CRITICAL,1,SYNTHETIC EMERGENCY V2X
EMG-EVT-008958,AMB-15,AMBULANCE,11.6,0.48,23,46.6,42.5,15.0,27.5,CRITICAL,1,SYNTHETIC EMERGENCY V2X
EMG-EVT-008959,POL-02,POLICE,4.2,0.87,9,23.2,21.7,5.5,16.2,CRITICAL,1,SYNTHETIC EMERGENCY V2X
EMG-EVT-008960,AMB-02,AMBULANCE,2.8,0.76,8,27.9,15.6,3.9,11.7,CRITICAL,1,SYNTHETIC EMERGENCY V2X
EMG-EVT-008961,AMB-01,AMBULANCE,11.0,0.89,19,19.2,57.2,13.9,43.3,CRITICAL,1,SYNTHETIC EMERGENCY V2X
EMG-EVT-008962,AMB-01,AMBULANCE,8.9,0.92,16,17.9,49.0,11.3,37.7,CRITICAL,1,SYNTHETIC EMERGENCY V2X
EMG-EVT-008963,AMB-16,AMBULANCE,10.1,0.85,20,20.4,53.7,13.0,40.7,CRITICAL,1,SYNTHETIC EMERGENCY V2X
EMG-EVT-008964,FIRE-02,FIRE_TRUCK,9.1,0.8,19,22.3,47.3,11.8,35.5,CRITICAL,1,SYNTHETIC EMERGENCY V2X
EMG-EVT-008965,AMB-17,AMBULANCE,11.3,0.35,23,49.8,41.2,14.6,26.6,CRITICAL,1,SYNTHETIC EMERGENCY V2X
EMG-EVT-008966,POL-03,POLICE,9.4,0.9,17,22.7,45.2,12.0,33.2,CRITICAL,1,SYNTHETIC EMERGENCY V2X
EMG-EVT-008967,POL-08,POLICE,14.5,0.89,27,23.6,69.3,18.5,50.8,CRITICAL,1,SYNTHETIC EMERGENCY V2X
EMG-EVT-008968,FIRE-10,FIRE_TRUCK,5.5,0.46,12,45.5,21.7,7.2,14.5,CRITICAL,1,SYNTHETIC EMERGENCY V2X
EMG-EVT-008969,AMB-05,AMBULANCE,6.5,0.88,11,23.8,29.6,8.2,21.4,CRITICAL,1,SYNTHETIC EMERGENCY V2X
EMG-EVT-008970,POL-04,POLICE,14.2,0.78,28,23.3,70.2,18.3,51.9,CRITICAL,1,SYNTHETIC EMERGENCY V2X
EMG-EVT-008971,FIRE-10,FIRE_TRUCK,1.6,0.64,2,30.8,5.5,2.0,3.5,HIGH,1,SYNTHETIC EMERGENCY V2X
EMG-EVT-008972,POL-01,POLICE,13.3,0.68,24,27.1,58.2,16.9,41.3,CRITICAL,1,SYNTHETIC EMERGENCY V2X
EMG-EVT-008973,AMB-03,AMBULANCE,14.5,0.36,27,50.6,49.6,18.5,31.1,CRITICAL,1,SYNTHETIC EMERGENCY V2X
EMG-EVT-008974,AMB-04,AMBULANCE,6.3,0.5,11,46.1,21.4,8.0,13.4,CRITICAL,1,SYNTHETIC EMERGENCY V2X
EMG-EVT-008975,POL-02,POLICE,5.3,0.35,11,52.7,19.2,6.9,12.3,CRITICAL,1,SYNTHETIC EMERGENCY V2X
EMG-EVT-008976,FIRE-10,FIRE_TRUCK,11.7,0.95,23,16.4,70.4,15.1,55.3,CRITICAL,1,SYNTHETIC EMERGENCY V2X
EMG-EVT-008977,AMB-18,AMBULANCE,1.7,0.89,4,19.7,10.0,2.3,7.7,CRITICAL,1,SYNTHETIC EMERGENCY V2X
EMG-EVT-008978,FIRE-07,FIRE_TRUCK,11.7,0.74,24,31.0,51.4,15.2,36.2,CRITICAL,1,SYNTHETIC EMERGENCY V2X
EMG-EVT-008979,AMB-11,AMBULANCE,11.3,0.73,23,30.1,50.1,14.6,35.5,CRITICAL,1,SYNTHETIC EMERGENCY V2X
EMG-EVT-008980,AMB-15,AMBULANCE,2.0,0.44,5,42.1,8.9,2.7,6.2,CRITICAL,1,SYNTHETIC EMERGENCY V2X
EMG-EVT-008981,AMB-03,AMBULANCE,15.3,0.78,27,30.2,62.8,19.4,43.4,CRITICAL,1,SYNTHETIC EMERGENCY V2X
EMG-EVT-008982,FIRE-01,FIRE_TRUCK,9.8,0.52,19,38.2,38.2,12.6,25.6,CRITICAL,1,SYNTHETIC EMERGENCY V2X
EMG-EVT-008983,AMB-06,AMBULANCE,13.8,0.95,24,19.0,72.4,17.5,54.9,CRITICAL,1,SYNTHETIC EMERGENCY V2X
EMG-EVT-008984,FIRE-06,FIRE_TRUCK,2.0,0.67,5,34.1,9.5,2.7,6.8,HIGH,1,SYNTHETIC EMERGENCY V2X
EMG-EVT-008985,AMB-04,AMBULANCE,7.7,0.38,16,50.9,28.3,10.0,18.3,CRITICAL,1,SYNTHETIC EMERGENCY V2X
EMG-EVT-008986,AMB-04,AMBULANCE,14.8,0.35,29,50.2,52.5,19.0,33.5,CRITICAL,1,SYNTHETIC EMERGENCY V2X
EMG-EVT-008987,AMB-13,AMBULANCE,4.2,0.93,7,14.9,25.3,5.3,20.0,CRITICAL,1,SYNTHETIC EMERGENCY V2X
EMG-EVT-008988,AMB-20,AMBULANCE,7.1,0.43,12,47.3,23.4,8.9,14.5,CRITICAL,1,SYNTHETIC EMERGENCY V2X
EMG-EVT-008989,AMB-05,AMBULANCE,7.2,0.49,14,38.3,28.1,9.3,18.8,CRITICAL,1,SYNTHETIC EMERGENCY V2X
EMG-EVT-008990,AMB-08,AMBULANCE,4.6,0.49,10,39.2,19.0,6.0,13.0,CRITICAL,1,SYNTHETIC EMERGENCY V2X
EMG-EVT-008991,FIRE-01,FIRE_TRUCK,15.3,0.36,30,49.7,54.5,19.7,34.8,CRITICAL,1,SYNTHETIC EMERGENCY V2X
EMG-EVT-008992,AMB-05,AMBULANCE,2.4,0.4,4,45.2,8.0,3.0,5.0,CRITICAL,1,SYNTHETIC EMERGENCY V2X
EMG-EVT-008993,POL-07,POLICE,2.9,0.58,5,36.3,10.8,3.7,7.1,HIGH,1,SYNTHETIC EMERGENCY V2X
EMG-EVT-008994,AMB-05,AMBULANCE,14.3,0.42,28,48.0,51.5,18.4,33.1,CRITICAL,1,SYNTHETIC EMERGENCY V2X
EMG-EVT-008995,AMB-12,AMBULANCE,5.9,0.46,13,47.1,23.1,7.7,15.4,CRITICAL,1,SYNTHETIC EMERGENCY V2X
EMG-EVT-008996,FIRE-10,FIRE_TRUCK,6.0,0.87,11,15.3,36.7,7.6,29.1,CRITICAL,1,SYNTHETIC EMERGENCY V2X
EMG-EVT-008997,AMB-12,AMBULANCE,8.0,0.29,17,53.2,29.4,10.4,19.0,CRITICAL,1,SYNTHETIC EMERGENCY V2X
EMG-EVT-008998,AMB-15,AMBULANCE,5.0,0.56,10,36.6,20.2,6.5,13.7,CRITICAL,1,SYNTHETIC EMERGENCY V2X
EMG-EVT-008999,AMB-13,AMBULANCE,13.5,0.79,25,22.8,65.5,17.2,48.3,CRITICAL,1,SYNTHETIC EMERGENCY V2X
EMG-EVT-009000,AMB-05,AMBULANCE,11.1,0.81,22,23.2,55.1,14.3,40.8,CRITICAL,1,SYNTHETIC EMERGENCY V2X
EMG-EVT-009001,AMB-13,AMBULANCE,8.2,0.84,17,21.0,43.8,10.6,33.2,CRITICAL,1,SYNTHETIC EMERGENCY V2X
EMG-EVT-009002,POL-06,POLICE,12.1,0.22,24,54.2,42.2,15.6,26.6,CRITICAL,1,SYNTHETIC EMERGENCY V2X
EMG-EVT-009003,AMB-09,AMBULANCE,7.3,0.72,14,31.1,30.9,9.4,21.5,CRITICAL,1,SYNTHETIC EMERGENCY V2X
EMG-EVT-009004,AMB-18,AMBULANCE,2.7,0.7,5,32.0,11.1,3.4,7.7,CRITICAL,1,SYNTHETIC EMERGENCY V2X
EMG-EVT-009005,AMB-16,AMBULANCE,15.0,0.72,29,24.5,71.5,19.3,52.2,CRITICAL,1,SYNTHETIC EMERGENCY V2X
EMG-EVT-009006,AMB-18,AMBULANCE,8.0,0.27,17,54.1,29.3,10.4,18.9,CRITICAL,1,SYNTHETIC EMERGENCY V2X
EMG-EVT-009007,AMB-06,AMBULANCE,4.9,0.94,11,17.5,30.0,6.4,23.6,CRITICAL,1,SYNTHETIC EMERGENCY V2X
EMG-EVT-009008,FIRE-02,FIRE_TRUCK,5.2,0.36,11,47.1,19.8,6.8,13.0,CRITICAL,1,SYNTHETIC EMERGENCY V2X
EMG-EVT-009009,AMB-13,AMBULANCE,11.5,0.52,22,44.0,42.1,14.7,27.4,CRITICAL,1,SYNTHETIC EMERGENCY V2X
EMG-EVT-009010,AMB-10,AMBULANCE,4.3,0.92,8,19.8,22.6,5.5,17.1,CRITICAL,1,SYNTHETIC EMERGENCY V2X
EMG-EVT-009011,AMB-09,AMBULANCE,7.8,0.77,15,27.0,35.3,10.0,25.3,CRITICAL,1,SYNTHETIC EMERGENCY V2X
EMG-EVT-009012,AMB-07,AMBULANCE,8.4,0.8,15,24.8,38.3,10.7,27.6,CRITICAL,1,SYNTHETIC EMERGENCY V2X
EMG-EVT-009013,FIRE-05,FIRE_TRUCK,11.0,0.7,19,32.2,43.3,13.9,29.4,CRITICAL,1,SYNTHETIC EMERGENCY V2X
EMG-EVT-009014,AMB-19,AMBULANCE,13.8,0.38,24,52.4,44.6,17.5,27.1,CRITICAL,1,SYNTHETIC EMERGENCY V2X
EMG-EVT-009015,FIRE-08,FIRE_TRUCK,14.3,0.64,27,36.7,55.8,18.3,37.5,CRITICAL,1,SYNTHETIC EMERGENCY V2X
EMG-EVT-009016,FIRE-06,FIRE_TRUCK,15.9,0.57,29,34.9,62.1,20.2,41.9,CRITICAL,1,SYNTHETIC EMERGENCY V2X
EMG-EVT-009017,AMB-01,AMBULANCE,7.2,0.67,15,33.8,30.8,9.4,21.4,CRITICAL,1,SYNTHETIC EMERGENCY V2X
EMG-EVT-009018,AMB-04,AMBULANCE,14.3,0.59,26,35.7,55.2,18.2,37.0,CRITICAL,1,SYNTHETIC EMERGENCY V2X
EMG-EVT-009019,AMB-18,AMBULANCE,15.4,0.22,28,58.6,49.4,19.6,29.8,CRITICAL,1,SYNTHETIC EMERGENCY V2X
EMG-EVT-009020,FIRE-10,FIRE_TRUCK,7.7,0.87,14,22.6,37.2,9.8,27.4,CRITICAL,1,SYNTHETIC EMERGENCY V2X
EMG-EVT-009021,AMB-17,AMBULANCE,14.8,0.78,26,23.0,69.8,18.7,51.1,CRITICAL,1,SYNTHETIC EMERGENCY V2X
EMG-EVT-009022,AMB-01,AMBULANCE,11.4,0.98,23,14.4,75.1,14.7,60.4,CRITICAL,1,SYNTHETIC EMERGENCY V2X
EMG-EVT-009023,FIRE-05,FIRE_TRUCK,3.1,0.41,8,43.9,13.8,4.2,9.6,CRITICAL,1,SYNTHETIC EMERGENCY V2X
EMG-EVT-009024,AMB-17,AMBULANCE,5.7,0.39,13,45.9,23.1,7.5,15.6,CRITICAL,1,SYNTHETIC EMERGENCY V2X
EMG-EVT-009025,AMB-12,AMBULANCE,8.9,0.62,17,35.8,35.3,11.4,23.9,CRITICAL,1,SYNTHETIC EMERGENCY V2X
EMG-EVT-009026,AMB-07,AMBULANCE,2.0,0.55,4,38.7,7.9,2.6,5.3,CRITICAL,1,SYNTHETIC EMERGENCY V2X
EMG-EVT-009027,AMB-12,AMBULANCE,9.6,0.41,17,49.7,32.0,12.2,19.8,CRITICAL,1,SYNTHETIC EMERGENCY V2X
EMG-EVT-009028,AMB-15,AMBULANCE,9.9,0.61,20,33.6,41.7,12.8,28.9,CRITICAL,1,SYNTHETIC EMERGENCY V2X
EMG-EVT-009029,AMB-12,AMBULANCE,5.2,0.69,12,30.6,24.6,6.9,17.7,CRITICAL,1,SYNTHETIC EMERGENCY V2X
EMG-EVT-009030,FIRE-01,FIRE_TRUCK,9.9,0.73,19,31.2,41.8,12.7,29.1,CRITICAL,1,SYNTHETIC EMERGENCY V2X
EMG-EVT-009031,AMB-16,AMBULANCE,9.9,0.71,17,26.9,42.5,12.5,30.0,CRITICAL,1,SYNTHETIC EMERGENCY V2X
EMG-EVT-009032,AMB-07,AMBULANCE,2.7,0.59,5,35.3,10.6,3.4,7.2,CRITICAL,1,SYNTHETIC EMERGENCY V2X
EMG-EVT-009033,AMB-09,AMBULANCE,13.9,0.2,26,61.5,44.8,17.8,27.0,CRITICAL,1,SYNTHETIC EMERGENCY V2X
EMG-EVT-009034,AMB-03,AMBULANCE,2.7,0.21,6,57.5,10.0,3.5,6.5,CRITICAL,1,SYNTHETIC EMERGENCY V2X
EMG-EVT-009035,AMB-08,AMBULANCE,10.9,0.29,22,59.5,37.4,14.1,23.3,CRITICAL,1,SYNTHETIC EMERGENCY V2X
EMG-EVT-009036,FIRE-09,FIRE_TRUCK,6.4,0.22,12,56.4,21.2,8.2,13.0,CRITICAL,1,SYNTHETIC EMERGENCY V2X
EMG-EVT-009037,AMB-12,AMBULANCE,2.6,0.72,6,25.7,13.3,3.4,9.9,CRITICAL,1,SYNTHETIC EMERGENCY V2X
EMG-EVT-009038,POL-08,POLICE,13.1,0.97,24,15.3,80.2,16.7,63.5,CRITICAL,1,SYNTHETIC EMERGENCY V2X
EMG-EVT-009039,AMB-19,AMBULANCE,4.4,0.52,8,44.2,15.6,5.6,10.0,CRITICAL,1,SYNTHETIC EMERGENCY V2X
EMG-EVT-009040,AMB-02,AMBULANCE,10.7,0.7,22,28.5,48.9,13.9,35.0,CRITICAL,1,SYNTHETIC EMERGENCY V2X
EMG-EVT-009041,AMB-05,AMBULANCE,9.2,0.82,18,26.4,42.5,11.8,30.7,CRITICAL,1,SYNTHETIC EMERGENCY V2X
EMG-EVT-009042,FIRE-01,FIRE_TRUCK,14.5,0.46,27,41.2,53.5,18.5,35.0,CRITICAL,1,SYNTHETIC EMERGENCY V2X
EMG-EVT-009043,AMB-03,AMBULANCE,13.1,0.83,23,24.5,59.7,16.6,43.1,CRITICAL,1,SYNTHETIC EMERGENCY V2X
EMG-EVT-009044,AMB-13,AMBULANCE,12.0,0.25,23,52.7,41.3,15.4,25.9,CRITICAL,1,SYNTHETIC EMERGENCY V2X
EMG-EVT-009045,AMB-13,AMBULANCE,5.3,0.3,12,56.4,20.0,7.0,13.0,CRITICAL,1,SYNTHETIC EMERGENCY V2X
EMG-EVT-009046,FIRE-01,FIRE_TRUCK,14.9,0.69,26,33.8,57.6,18.9,38.7,CRITICAL,1,SYNTHETIC EMERGENCY V2X
EMG-EVT-009047,FIRE-10,FIRE_TRUCK,1.9,0.24,4,53.6,6.9,2.5,4.4,HIGH,1,SYNTHETIC EMERGENCY V2X
EMG-EVT-009048,AMB-04,AMBULANCE,9.4,0.95,18,18.4,52.3,12.1,40.2,CRITICAL,1,SYNTHETIC EMERGENCY V2X
EMG-EVT-009049,AMB-09,AMBULANCE,12.8,0.32,23,50.8,42.7,16.3,26.4,CRITICAL,1,SYNTHETIC EMERGENCY V2X
EMG-EVT-009050,POL-09,POLICE,2.5,0.75,6,27.7,12.6,3.3,9.3,CRITICAL,1,SYNTHETIC EMERGENCY V2X
EMG-EVT-009051,FIRE-10,FIRE_TRUCK,13.2,0.22,23,56.8,41.5,16.7,24.8,CRITICAL,1,SYNTHETIC EMERGENCY V2X
EMG-EVT-009052,AMB-06,AMBULANCE,11.4,0.6,23,31.2,49.5,14.7,34.8,CRITICAL,1,SYNTHETIC EMERGENCY V2X
EMG-EVT-009053,AMB-13,AMBULANCE,13.7,0.8,25,22.4,66.7,17.4,49.3,CRITICAL,1,SYNTHETIC EMERGENCY V2X
EMG-EVT-009054,AMB-13,AMBULANCE,6.1,0.52,10,45.3,20.1,7.7,12.4,CRITICAL,1,SYNTHETIC EMERGENCY V2X
EMG-EVT-009055,AMB-04,AMBULANCE,7.7,0.3,16,52.8,27.9,10.0,17.9,CRITICAL,1,SYNTHETIC EMERGENCY V2X
EMG-EVT-009056,AMB-12,AMBULANCE,8.2,0.3,14,53.0,26.1,10.3,15.8,CRITICAL,1,SYNTHETIC EMERGENCY V2X
EMG-EVT-009057,AMB-18,AMBULANCE,12.8,0.94,23,20.1,65.8,16.3,49.5,CRITICAL,1,SYNTHETIC EMERGENCY V2X
EMG-EVT-009058,AMB-06,AMBULANCE,8.5,0.77,18,27.0,40.5,11.1,29.4,CRITICAL,1,SYNTHETIC EMERGENCY V2X
EMG-EVT-009059,AMB-17,AMBULANCE,6.3,0.44,11,43.8,21.8,8.0,13.8,CRITICAL,1,SYNTHETIC EMERGENCY V2X
EMG-EVT-009060,FIRE-10,FIRE_TRUCK,9.8,0.96,17,17.7,53.6,12.4,41.2,CRITICAL,1,SYNTHETIC EMERGENCY V2X
EMG-EVT-009061,AMB-02,AMBULANCE,8.1,0.54,17,43.5,31.6,10.5,21.1,CRITICAL,1,SYNTHETIC EMERGENCY V2X
EMG-EVT-009062,POL-10,POLICE,3.4,0.89,8,14.1,24.1,4.5,19.6,CRITICAL,1,SYNTHETIC EMERGENCY V2X
EMG-EVT-009063,AMB-01,AMBULANCE,11.2,0.31,23,56.0,39.6,14.5,25.1,CRITICAL,1,SYNTHETIC EMERGENCY V2X
EMG-EVT-009064,POL-07,POLICE,13.9,0.54,28,36.1,56.7,18.0,38.7,CRITICAL,1,SYNTHETIC EMERGENCY V2X
EMG-EVT-009065,AMB-06,AMBULANCE,1.6,0.91,3,17.6,9.1,2.0,7.1,CRITICAL,1,SYNTHETIC EMERGENCY V2X
EMG-EVT-009066,FIRE-02,FIRE_TRUCK,4.6,0.54,11,43.7,19.5,6.1,13.4,CRITICAL,1,SYNTHETIC EMERGENCY V2X
EMG-EVT-009067,AMB-09,AMBULANCE,1.7,0.56,5,37.7,8.7,2.4,6.3,CRITICAL,1,SYNTHETIC EMERGENCY V2X
EMG-EVT-009068,FIRE-05,FIRE_TRUCK,12.6,0.42,22,49.5,41.7,15.9,25.8,CRITICAL,1,SYNTHETIC EMERGENCY V2X
EMG-EVT-009069,AMB-17,AMBULANCE,3.0,0.72,8,28.0,16.0,4.1,11.9,CRITICAL,1,SYNTHETIC EMERGENCY V2X
EMG-EVT-009070,AMB-04,AMBULANCE,2.5,0.31,5,53.8,8.8,3.2,5.6,CRITICAL,1,SYNTHETIC EMERGENCY V2X
EMG-EVT-009071,AMB-18,AMBULANCE,9.9,0.28,20,52.5,35.3,12.8,22.5,CRITICAL,1,SYNTHETIC EMERGENCY V2X
EMG-EVT-009072,AMB-15,AMBULANCE,11.0,0.55,21,40.7,41.4,14.1,27.3,CRITICAL,1,SYNTHETIC EMERGENCY V2X
EMG-EVT-009073,AMB-07,AMBULANCE,5.3,0.63,10,37.7,20.4,6.8,13.6,CRITICAL,1,SYNTHETIC EMERGENCY V2X
EMG-EVT-009074,AMB-17,AMBULANCE,7.4,0.63,15,31.5,32.1,9.6,22.5,CRITICAL,1,SYNTHETIC EMERGENCY V2X
EMG-EVT-009075,FIRE-02,FIRE_TRUCK,1.6,0.47,3,46.3,5.7,2.0,3.7,HIGH,1,SYNTHETIC EMERGENCY V2X
EMG-EVT-009076,POL-09,POLICE,14.0,0.88,26,20.9,71.4,17.9,53.5,CRITICAL,1,SYNTHETIC EMERGENCY V2X
EMG-EVT-009077,AMB-06,AMBULANCE,5.8,0.42,11,45.0,20.9,7.4,13.5,CRITICAL,1,SYNTHETIC EMERGENCY V2X
EMG-EVT-009078,AMB-13,AMBULANCE,13.4,0.63,27,29.4,59.7,17.3,42.4,CRITICAL,1,SYNTHETIC EMERGENCY V2X
EMG-EVT-009079,AMB-05,AMBULANCE,12.9,0.55,26,36.9,52.2,16.7,35.5,CRITICAL,1,SYNTHETIC EMERGENCY V2X
EMG-EVT-009080,FIRE-08,FIRE_TRUCK,5.7,0.63,10,38.6,20.9,7.2,13.7,CRITICAL,1,SYNTHETIC EMERGENCY V2X
EMG-EVT-009081,AMB-13,AMBULANCE,11.0,0.5,19,46.6,37.0,13.9,23.1,CRITICAL,1,SYNTHETIC EMERGENCY V2X
EMG-EVT-009082,AMB-03,AMBULANCE,14.0,0.85,28,17.7,81.1,18.1,63.0,CRITICAL,1,SYNTHETIC EMERGENCY V2X
EMG-EVT-009083,FIRE-01,FIRE_TRUCK,15.1,0.47,28,46.7,53.0,19.3,33.7,CRITICAL,1,SYNTHETIC EMERGENCY V2X
EMG-EVT-009084,FIRE-05,FIRE_TRUCK,4.7,0.69,11,26.7,23.8,6.2,17.6,CRITICAL,1,SYNTHETIC EMERGENCY V2X
EMG-EVT-009085,FIRE-10,FIRE_TRUCK,5.1,0.47,11,47.5,19.6,6.7,12.9,CRITICAL,1,SYNTHETIC EMERGENCY V2X
EMG-EVT-009086,AMB-20,AMBULANCE,9.9,0.59,20,39.8,38.9,12.8,26.1,CRITICAL,1,SYNTHETIC EMERGENCY V2X
EMG-EVT-009087,FIRE-07,FIRE_TRUCK,6.6,0.66,13,35.9,26.6,8.5,18.1,CRITICAL,1,SYNTHETIC EMERGENCY V2X
EMG-EVT-009088,AMB-17,AMBULANCE,7.4,0.56,13,37.6,27.4,9.4,18.0,CRITICAL,1,SYNTHETIC EMERGENCY V2X
EMG-EVT-009089,AMB-19,AMBULANCE,15.1,0.61,29,31.4,63.7,19.4,44.3,CRITICAL,1,SYNTHETIC EMERGENCY V2X
EMG-EVT-009090,AMB-13,AMBULANCE,5.9,0.97,11,10.0,48.6,7.5,41.1,CRITICAL,1,SYNTHETIC EMERGENCY V2X
EMG-EVT-009091,AMB-17,AMBULANCE,11.7,0.84,23,20.2,62.4,15.1,47.3,CRITICAL,1,SYNTHETIC EMERGENCY V2X
EMG-EVT-009092,POL-04,POLICE,6.9,0.95,13,11.2,52.6,8.8,43.8,CRITICAL,1,SYNTHETIC EMERGENCY V2X
EMG-EVT-009093,AMB-17,AMBULANCE,3.5,0.72,9,29.0,18.0,4.7,13.3,CRITICAL,1,SYNTHETIC EMERGENCY V2X
EMG-EVT-009094,AMB-19,AMBULANCE,2.7,0.93,5,14.9,16.9,3.4,13.5,CRITICAL,1,SYNTHETIC EMERGENCY V2X
EMG-EVT-009095,AMB-02,AMBULANCE,2.1,0.69,3,34.4,7.3,2.6,4.7,CRITICAL,1,SYNTHETIC EMERGENCY V2X
EMG-EVT-009096,FIRE-07,FIRE_TRUCK,6.0,0.22,12,55.7,20.9,7.7,13.2,CRITICAL,1,SYNTHETIC EMERGENCY V2X
EMG-EVT-009097,AMB-15,AMBULANCE,6.7,0.49,12,44.7,23.4,8.5,14.9,CRITICAL,1,SYNTHETIC EMERGENCY V2X
EMG-EVT-009098,FIRE-03,FIRE_TRUCK,7.3,0.44,15,49.3,26.9,9.5,17.4,CRITICAL,1,SYNTHETIC EMERGENCY V2X
EMG-EVT-009099,FIRE-01,FIRE_TRUCK,4.4,0.25,9,54.3,15.7,5.7,10.0,CRITICAL,1,SYNTHETIC EMERGENCY V2X
EMG-EVT-009100,AMB-07,AMBULANCE,14.2,0.47,26,38.9,53.1,18.1,35.0,CRITICAL,1,SYNTHETIC EMERGENCY V2X
EMG-EVT-009101,AMB-07,AMBULANCE,15.2,0.78,28,27.9,66.3,19.4,46.9,CRITICAL,1,SYNTHETIC EMERGENCY V2X
EMG-EVT-009102,AMB-09,AMBULANCE,13.7,0.62,27,39.1,53.4,17.6,35.8,CRITICAL,1,SYNTHETIC EMERGENCY V2X
EMG-EVT-009103,AMB-12,AMBULANCE,4.8,0.94,10,16.5,29.5,6.2,23.3,CRITICAL,1,SYNTHETIC EMERGENCY V2X
EMG-EVT-009104,AMB-14,AMBULANCE,8.0,0.89,14,18.3,43.0,10.1,32.9,CRITICAL,1,SYNTHETIC EMERGENCY V2X
EMG-EVT-009105,AMB-11,AMBULANCE,12.4,0.4,24,50.5,43.5,15.9,27.6,CRITICAL,1,SYNTHETIC EMERGENCY V2X
EMG-EVT-009106,AMB-10,AMBULANCE,3.6,0.44,6,49.9,11.5,4.5,7.0,CRITICAL,1,SYNTHETIC EMERGENCY V2X
EMG-EVT-009107,AMB-06,AMBULANCE,6.8,0.9,14,22.5,34.9,8.8,26.1,CRITICAL,1,SYNTHETIC EMERGENCY V2X
EMG-EVT-009108,AMB-02,AMBULANCE,3.1,0.65,6,36.2,12.3,4.0,8.3,CRITICAL,1,SYNTHETIC EMERGENCY V2X
EMG-EVT-009109,AMB-05,AMBULANCE,8.7,0.24,15,56.8,27.2,11.0,16.2,CRITICAL,1,SYNTHETIC EMERGENCY V2X
EMG-EVT-009110,FIRE-03,FIRE_TRUCK,4.4,0.39,7,48.6,13.8,5.5,8.3,CRITICAL,1,SYNTHETIC EMERGENCY V2X
EMG-EVT-009111,AMB-08,AMBULANCE,14.0,0.49,26,47.4,48.9,17.9,31.0,CRITICAL,1,SYNTHETIC EMERGENCY V2X
EMG-EVT-009112,AMB-15,AMBULANCE,2.5,0.43,6,46.9,10.4,3.3,7.1,CRITICAL,1,SYNTHETIC EMERGENCY V2X
EMG-EVT-009113,AMB-02,AMBULANCE,4.5,0.62,9,32.4,19.1,5.8,13.3,CRITICAL,1,SYNTHETIC EMERGENCY V2X
EMG-EVT-009114,AMB-17,AMBULANCE,2.1,0.8,3,23.7,8.9,2.6,6.3,CRITICAL,1,SYNTHETIC EMERGENCY V2X
EMG-EVT-009115,POL-10,POLICE,8.2,0.23,15,54.1,27.1,10.4,16.7,CRITICAL,1,SYNTHETIC EMERGENCY V2X
EMG-EVT-009116,AMB-13,AMBULANCE,3.4,0.97,6,13.4,22.4,4.3,18.1,CRITICAL,1,SYNTHETIC EMERGENCY V2X
EMG-EVT-009117,FIRE-02,FIRE_TRUCK,9.6,0.57,20,39.0,38.8,12.5,26.3,CRITICAL,1,SYNTHETIC EMERGENCY V2X
EMG-EVT-009118,POL-10,POLICE,9.6,0.3,19,53.1,33.6,12.4,21.2,CRITICAL,1,SYNTHETIC EMERGENCY V2X
EMG-EVT-009119,FIRE-06,FIRE_TRUCK,8.6,0.35,15,52.1,27.9,10.9,17.0,CRITICAL,1,SYNTHETIC EMERGENCY V2X
EMG-EVT-009120,AMB-15,AMBULANCE,2.0,0.54,5,39.9,9.0,2.7,6.3,CRITICAL,1,SYNTHETIC EMERGENCY V2X
EMG-EVT-009121,AMB-13,AMBULANCE,2.7,0.26,7,52.9,11.5,3.6,7.9,CRITICAL,1,SYNTHETIC EMERGENCY V2X
EMG-EVT-009122,AMB-14,AMBULANCE,6.9,0.41,14,43.6,26.3,8.9,17.4,CRITICAL,1,SYNTHETIC EMERGENCY V2X
EMG-EVT-009123,AMB-06,AMBULANCE,3.4,0.67,9,27.1,18.3,4.6,13.7,CRITICAL,1,SYNTHETIC EMERGENCY V2X
EMG-EVT-009124,AMB-02,AMBULANCE,14.1,0.9,25,13.4,93.1,17.9,75.2,CRITICAL,1,SYNTHETIC EMERGENCY V2X
EMG-EVT-009125,AMB-08,AMBULANCE,4.6,0.23,10,60.7,16.5,6.0,10.5,CRITICAL,1,SYNTHETIC EMERGENCY V2X
EMG-EVT-009126,AMB-04,AMBULANCE,2.4,0.59,5,31.7,10.5,3.1,7.4,CRITICAL,1,SYNTHETIC EMERGENCY V2X
EMG-EVT-009127,POL-05,POLICE,13.8,0.25,24,53.4,44.3,17.5,26.8,CRITICAL,1,SYNTHETIC EMERGENCY V2X
EMG-EVT-009128,AMB-07,AMBULANCE,15.2,0.42,27,51.2,50.2,19.3,30.9,CRITICAL,1,SYNTHETIC EMERGENCY V2X
EMG-EVT-009129,AMB-20,AMBULANCE,8.5,0.55,18,40.6,34.2,11.1,23.1,CRITICAL,1,SYNTHETIC EMERGENCY V2X
EMG-EVT-009130,AMB-07,AMBULANCE,12.7,0.29,23,50.7,42.6,16.2,26.4,CRITICAL,1,SYNTHETIC EMERGENCY V2X
EMG-EVT-009131,AMB-16,AMBULANCE,13.5,0.27,27,56.8,46.7,17.4,29.3,CRITICAL,1,SYNTHETIC EMERGENCY V2X
EMG-EVT-009132,AMB-08,AMBULANCE,12.1,0.57,22,42.2,43.6,15.4,28.2,CRITICAL,1,SYNTHETIC EMERGENCY V2X
EMG-EVT-009133,AMB-05,AMBULANCE,3.2,0.66,7,33.1,14.2,4.2,10.0,CRITICAL,1,SYNTHETIC EMERGENCY V2X
EMG-EVT-009134,AMB-08,AMBULANCE,9.9,0.6,18,38.7,36.9,12.6,24.3,CRITICAL,1,SYNTHETIC EMERGENCY V2X
EMG-EVT-009135,AMB-01,AMBULANCE,6.9,0.89,13,22.5,34.0,8.8,25.2,CRITICAL,1,SYNTHETIC EMERGENCY V2X
EMG-EVT-009136,AMB-12,AMBULANCE,5.8,0.57,13,42.6,23.8,7.6,16.2,CRITICAL,1,SYNTHETIC EMERGENCY V2X
EMG-EVT-009137,AMB-16,AMBULANCE,8.0,0.3,16,50.8,28.6,10.3,18.3,CRITICAL,1,SYNTHETIC EMERGENCY V2X
EMG-EVT-009138,AMB-09,AMBULANCE,5.7,0.97,13,10.8,47.3,7.5,39.8,CRITICAL,1,SYNTHETIC EMERGENCY V2X
EMG-EVT-009139,AMB-04,AMBULANCE,6.3,0.36,12,46.2,22.6,8.1,14.5,CRITICAL,1,SYNTHETIC EMERGENCY V2X
EMG-EVT-009140,AMB-02,AMBULANCE,13.5,0.4,25,46.3,47.5,17.2,30.3,CRITICAL,1,SYNTHETIC EMERGENCY V2X
EMG-EVT-009141,AMB-01,AMBULANCE,8.4,0.98,17,15.3,53.3,10.9,42.4,CRITICAL,1,SYNTHETIC EMERGENCY V2X
EMG-EVT-009142,AMB-13,AMBULANCE,10.3,0.9,18,19.5,53.3,13.0,40.3,CRITICAL,1,SYNTHETIC EMERGENCY V2X
EMG-EVT-009143,AMB-17,AMBULANCE,14.9,0.22,28,56.9,49.3,19.1,30.2,CRITICAL,1,SYNTHETIC EMERGENCY V2X
EMG-EVT-009144,AMB-11,AMBULANCE,12.6,0.87,24,17.2,72.8,16.1,56.7,CRITICAL,1,SYNTHETIC EMERGENCY V2X
EMG-EVT-009145,AMB-14,AMBULANCE,9.2,0.25,19,58.3,32.3,11.9,20.4,CRITICAL,1,SYNTHETIC EMERGENCY V2X
EMG-EVT-009146,POL-06,POLICE,13.8,0.73,25,29.1,58.5,17.6,40.9,CRITICAL,1,SYNTHETIC EMERGENCY V2X
EMG-EVT-009147,AMB-08,AMBULANCE,8.3,0.97,15,18.8,44.5,10.6,33.9,CRITICAL,1,SYNTHETIC EMERGENCY V2X
EMG-EVT-009148,FIRE-08,FIRE_TRUCK,12.1,0.35,21,53.2,38.8,15.3,23.5,CRITICAL,1,SYNTHETIC EMERGENCY V2X
EMG-EVT-009149,AMB-20,AMBULANCE,3.6,0.7,7,27.9,16.1,4.6,11.5,CRITICAL,1,SYNTHETIC EMERGENCY V2X
EMG-EVT-009150,POL-07,POLICE,2.9,0.36,5,50.2,9.5,3.7,5.8,HIGH,1,SYNTHETIC EMERGENCY V2X
EMG-EVT-009151,AMB-15,AMBULANCE,10.1,0.42,21,42.1,39.6,13.1,26.5,CRITICAL,1,SYNTHETIC EMERGENCY V2X
EMG-EVT-009152,FIRE-08,FIRE_TRUCK,8.5,0.97,17,13.3,58.7,11.0,47.7,CRITICAL,1,SYNTHETIC EMERGENCY V2X
EMG-EVT-009153,FIRE-09,FIRE_TRUCK,6.7,0.42,14,51.0,24.7,8.7,16.0,CRITICAL,1,SYNTHETIC EMERGENCY V2X
EMG-EVT-009154,AMB-02,AMBULANCE,13.0,0.79,24,24.0,61.3,16.6,44.7,CRITICAL,1,SYNTHETIC EMERGENCY V2X
EMG-EVT-009155,POL-01,POLICE,14.8,0.95,29,19.6,80.1,19.0,61.1,CRITICAL,1,SYNTHETIC EMERGENCY V2X
EMG-EVT-009156,AMB-11,AMBULANCE,14.2,0.37,26,51.7,47.7,18.1,29.6,CRITICAL,1,SYNTHETIC EMERGENCY V2X
EMG-EVT-009157,FIRE-04,FIRE_TRUCK,10.8,0.22,20,63.2,34.3,13.8,20.5,CRITICAL,1,SYNTHETIC EMERGENCY V2X
EMG-EVT-009158,AMB-02,AMBULANCE,7.4,0.35,14,52.7,25.2,9.5,15.7,CRITICAL,1,SYNTHETIC EMERGENCY V2X
EMG-EVT-009159,POL-05,POLICE,13.4,0.39,24,46.9,45.9,17.0,28.9,CRITICAL,1,SYNTHETIC EMERGENCY V2X
EMG-EVT-009160,AMB-18,AMBULANCE,12.7,0.32,22,50.4,41.5,16.1,25.4,CRITICAL,1,SYNTHETIC EMERGENCY V2X
EMG-EVT-009161,AMB-03,AMBULANCE,6.0,0.63,12,34.7,24.8,7.7,17.1,CRITICAL,1,SYNTHETIC EMERGENCY V2X
EMG-EVT-009162,AMB-06,AMBULANCE,5.1,0.58,10,39.7,19.7,6.6,13.1,CRITICAL,1,SYNTHETIC EMERGENCY V2X
EMG-EVT-009163,FIRE-09,FIRE_TRUCK,13.7,0.45,26,47.3,48.6,17.5,31.1,CRITICAL,1,SYNTHETIC EMERGENCY V2X
EMG-EVT-009164,AMB-07,AMBULANCE,4.8,0.27,8,56.8,14.7,6.0,8.7,CRITICAL,1,SYNTHETIC EMERGENCY V2X
EMG-EVT-009165,AMB-15,AMBULANCE,6.0,0.35,10,52.7,18.8,7.5,11.3,CRITICAL,1,SYNTHETIC EMERGENCY V2X
EMG-EVT-009166,AMB-11,AMBULANCE,1.7,0.62,3,35.4,6.5,2.2,4.3,CRITICAL,1,SYNTHETIC EMERGENCY V2X
EMG-EVT-009167,AMB-18,AMBULANCE,4.9,0.9,11,17.7,29.8,6.4,23.4,CRITICAL,1,SYNTHETIC EMERGENCY V2X
EMG-EVT-009168,AMB-01,AMBULANCE,2.8,0.27,6,56.8,10.2,3.7,6.5,CRITICAL,1,SYNTHETIC EMERGENCY V2X
EMG-EVT-009169,AMB-01,AMBULANCE,8.2,0.23,16,61.3,27.2,10.5,16.7,CRITICAL,1,SYNTHETIC EMERGENCY V2X
EMG-EVT-009170,FIRE-04,FIRE_TRUCK,8.7,0.89,16,21.5,43.5,11.1,32.4,CRITICAL,1,SYNTHETIC EMERGENCY V2X
EMG-EVT-009171,AMB-17,AMBULANCE,5.3,0.74,10,27.1,23.7,6.8,16.9,CRITICAL,1,SYNTHETIC EMERGENCY V2X
EMG-EVT-009172,AMB-08,AMBULANCE,9.2,0.71,17,33.0,37.1,11.7,25.4,CRITICAL,1,SYNTHETIC EMERGENCY V2X
EMG-EVT-009173,AMB-17,AMBULANCE,6.9,0.75,15,29.0,32.3,9.0,23.3,CRITICAL,1,SYNTHETIC EMERGENCY V2X
EMG-EVT-009174,AMB-20,AMBULANCE,10.7,0.46,21,47.0,38.9,13.8,25.1,CRITICAL,1,SYNTHETIC EMERGENCY V2X
EMG-EVT-009175,AMB-12,AMBULANCE,7.0,0.37,13,50.0,24.0,8.9,15.1,CRITICAL,1,SYNTHETIC EMERGENCY V2X
EMG-EVT-009176,FIRE-02,FIRE_TRUCK,4.1,0.49,8,39.7,15.8,5.3,10.5,CRITICAL,1,SYNTHETIC EMERGENCY V2X
EMG-EVT-009177,AMB-02,AMBULANCE,5.5,0.93,10,15.3,33.6,7.0,26.6,CRITICAL,1,SYNTHETIC EMERGENCY V2X
EMG-EVT-009178,AMB-19,AMBULANCE,14.9,0.52,29,38.5,58.0,19.2,38.8,CRITICAL,1,SYNTHETIC EMERGENCY V2X
EMG-EVT-009179,AMB-14,AMBULANCE,14.2,0.31,26,50.1,48.2,18.1,30.1,CRITICAL,1,SYNTHETIC EMERGENCY V2X
EMG-EVT-009180,AMB-07,AMBULANCE,2.7,0.22,6,59.2,9.9,3.5,6.4,CRITICAL,1,SYNTHETIC EMERGENCY V2X
EMG-EVT-009181,FIRE-08,FIRE_TRUCK,8.2,0.66,15,28.9,35.0,10.4,24.6,CRITICAL,1,SYNTHETIC EMERGENCY V2X
EMG-EVT-009182,AMB-12,AMBULANCE,14.1,0.44,27,45.4,51.0,18.1,32.9,CRITICAL,1,SYNTHETIC EMERGENCY V2X
EMG-EVT-009183,FIRE-09,FIRE_TRUCK,2.1,0.53,5,44.6,8.8,2.8,6.0,HIGH,1,SYNTHETIC EMERGENCY V2X
EMG-EVT-009184,POL-09,POLICE,13.8,0.96,25,18.2,75.5,17.6,57.9,CRITICAL,1,SYNTHETIC EMERGENCY V2X
EMG-EVT-009185,FIRE-07,FIRE_TRUCK,1.8,0.76,5,22.6,10.8,2.5,8.3,HIGH,1,SYNTHETIC EMERGENCY V2X
EMG-EVT-009186,AMB-12,AMBULANCE,15.5,0.78,28,26.8,68.3,19.7,48.6,CRITICAL,1,SYNTHETIC EMERGENCY V2X
EMG-EVT-009187,AMB-11,AMBULANCE,8.2,0.92,16,15.4,51.1,10.5,40.6,CRITICAL,1,SYNTHETIC EMERGENCY V2X
EMG-EVT-009188,FIRE-03,FIRE_TRUCK,7.4,0.31,15,51.9,26.6,9.6,17.0,CRITICAL,1,SYNTHETIC EMERGENCY V2X
EMG-EVT-009189,FIRE-06,FIRE_TRUCK,13.1,0.42,23,42.9,45.9,16.6,29.3,CRITICAL,1,SYNTHETIC EMERGENCY V2X
EMG-EVT-009190,POL-05,POLICE,9.6,0.73,19,31.1,41.3,12.4,28.9,CRITICAL,1,SYNTHETIC EMERGENCY V2X
EMG-EVT-009191,FIRE-06,FIRE_TRUCK,3.7,0.85,9,16.2,24.5,4.9,19.6,CRITICAL,1,SYNTHETIC EMERGENCY V2X
EMG-EVT-009192,FIRE-04,FIRE_TRUCK,15.6,0.2,28,63.9,48.2,19.8,28.4,CRITICAL,1,SYNTHETIC EMERGENCY V2X
EMG-EVT-009193,FIRE-01,FIRE_TRUCK,12.9,0.65,24,28.2,56.2,16.5,39.7,CRITICAL,1,SYNTHETIC EMERGENCY V2X
EMG-EVT-009194,POL-03,POLICE,6.8,0.84,12,22.0,32.9,8.6,24.3,CRITICAL,1,SYNTHETIC EMERGENCY V2X
EMG-EVT-009195,AMB-04,AMBULANCE,8.9,0.42,16,46.1,30.8,11.3,19.5,CRITICAL,1,SYNTHETIC EMERGENCY V2X
EMG-EVT-009196,AMB-07,AMBULANCE,14.6,0.42,29,50.9,52.0,18.8,33.2,CRITICAL,1,SYNTHETIC EMERGENCY V2X
EMG-EVT-009197,AMB-05,AMBULANCE,4.4,0.88,10,21.0,24.6,5.8,18.8,CRITICAL,1,SYNTHETIC EMERGENCY V2X
EMG-EVT-009198,POL-01,POLICE,13.1,0.77,24,25.8,59.3,16.7,42.6,CRITICAL,1,SYNTHETIC EMERGENCY V2X
EMG-EVT-009199,FIRE-06,FIRE_TRUCK,13.4,0.79,27,25.9,63.4,17.3,46.1,CRITICAL,1,SYNTHETIC EMERGENCY V2X
EMG-EVT-009200,FIRE-05,FIRE_TRUCK,6.8,0.82,15,20.2,38.2,8.9,29.3,CRITICAL,1,SYNTHETIC EMERGENCY V2X
EMG-EVT-009201,AMB-17,AMBULANCE,8.6,0.66,17,34.3,35.4,11.1,24.3,CRITICAL,1,SYNTHETIC EMERGENCY V2X
EMG-EVT-009202,AMB-09,AMBULANCE,4.8,0.66,8,35.0,17.8,6.0,11.8,CRITICAL,1,SYNTHETIC EMERGENCY V2X
EMG-EVT-009203,FIRE-07,FIRE_TRUCK,5.3,0.5,11,37.9,21.6,6.9,14.7,CRITICAL,1,SYNTHETIC EMERGENCY V2X
EMG-EVT-009204,AMB-11,AMBULANCE,13.4,0.55,27,41.3,51.9,17.3,34.6,CRITICAL,1,SYNTHETIC EMERGENCY V2X
EMG-EVT-009205,AMB-18,AMBULANCE,13.9,0.62,26,34.5,55.4,17.8,37.6,CRITICAL,1,SYNTHETIC EMERGENCY V2X
EMG-EVT-009206,AMB-14,AMBULANCE,8.9,0.53,19,39.1,36.5,11.6,24.9,CRITICAL,1,SYNTHETIC EMERGENCY V2X
EMG-EVT-009207,FIRE-04,FIRE_TRUCK,13.2,0.44,24,45.5,46.2,16.8,29.4,CRITICAL,1,SYNTHETIC EMERGENCY V2X
EMG-EVT-009208,AMB-13,AMBULANCE,13.0,0.21,25,57.5,43.6,16.7,26.9,CRITICAL,1,SYNTHETIC EMERGENCY V2X
EMG-EVT-009209,FIRE-04,FIRE_TRUCK,9.3,0.48,16,47.9,30.8,11.7,19.1,CRITICAL,1,SYNTHETIC EMERGENCY V2X
EMG-EVT-009210,AMB-12,AMBULANCE,5.6,0.58,12,35.8,23.8,7.3,16.5,CRITICAL,1,SYNTHETIC EMERGENCY V2X
EMG-EVT-009211,AMB-02,AMBULANCE,4.2,0.52,10,44.0,17.7,5.6,12.1,CRITICAL,1,SYNTHETIC EMERGENCY V2X
EMG-EVT-009212,FIRE-10,FIRE_TRUCK,14.9,0.43,29,48.8,53.1,19.2,33.9,CRITICAL,1,SYNTHETIC EMERGENCY V2X
EMG-EVT-009213,AMB-18,AMBULANCE,14.8,0.83,26,18.9,78.2,18.7,59.5,CRITICAL,1,SYNTHETIC EMERGENCY V2X
EMG-EVT-009214,POL-03,POLICE,15.3,0.41,27,45.8,52.4,19.4,33.0,CRITICAL,1,SYNTHETIC EMERGENCY V2X
EMG-EVT-009215,AMB-15,AMBULANCE,5.7,0.9,12,15.9,35.9,7.4,28.5,CRITICAL,1,SYNTHETIC EMERGENCY V2X
EMG-EVT-009216,AMB-15,AMBULANCE,5.9,0.76,12,31.4,25.7,7.6,18.1,CRITICAL,1,SYNTHETIC EMERGENCY V2X
EMG-EVT-009217,FIRE-03,FIRE_TRUCK,2.1,0.52,6,37.0,10.6,2.9,7.7,HIGH,1,SYNTHETIC EMERGENCY V2X
EMG-EVT-009218,AMB-12,AMBULANCE,15.2,0.74,30,24.5,73.2,19.6,53.6,CRITICAL,1,SYNTHETIC EMERGENCY V2X
EMG-EVT-009219,AMB-08,AMBULANCE,15.7,0.73,30,26.8,71.1,20.1,51.0,CRITICAL,1,SYNTHETIC EMERGENCY V2X
EMG-EVT-009220,AMB-19,AMBULANCE,2.9,0.89,6,22.6,14.9,3.8,11.1,CRITICAL,1,SYNTHETIC EMERGENCY V2X
EMG-EVT-009221,AMB-05,AMBULANCE,7.4,0.36,15,46.4,27.6,9.6,18.0,CRITICAL,1,SYNTHETIC EMERGENCY V2X
EMG-EVT-009222,FIRE-03,FIRE_TRUCK,15.6,0.75,29,25.5,71.5,19.9,51.6,CRITICAL,1,SYNTHETIC EMERGENCY V2X
EMG-EVT-009223,POL-10,POLICE,11.7,0.9,24,14.3,77.9,15.2,62.7,CRITICAL,1,SYNTHETIC EMERGENCY V2X
EMG-EVT-009224,AMB-16,AMBULANCE,13.2,0.31,26,51.1,46.7,17.0,29.7,CRITICAL,1,SYNTHETIC EMERGENCY V2X
EMG-EVT-009225,FIRE-10,FIRE_TRUCK,10.6,0.87,22,17.3,63.2,13.8,49.4,CRITICAL,1,SYNTHETIC EMERGENCY V2X
EMG-EVT-009226,FIRE-06,FIRE_TRUCK,14.4,0.2,26,64.7,44.6,18.3,26.3,CRITICAL,1,SYNTHETIC EMERGENCY V2X
EMG-EVT-009227,FIRE-04,FIRE_TRUCK,7.2,0.67,13,36.7,27.4,9.2,18.2,CRITICAL,1,SYNTHETIC EMERGENCY V2X
EMG-EVT-009228,POL-05,POLICE,10.4,0.47,21,45.8,38.8,13.4,25.4,CRITICAL,1,SYNTHETIC EMERGENCY V2X
EMG-EVT-009229,AMB-16,AMBULANCE,5.0,0.7,10,31.6,21.5,6.5,15.0,CRITICAL,1,SYNTHETIC EMERGENCY V2X
EMG-EVT-009230,AMB-18,AMBULANCE,3.8,0.24,8,59.8,13.4,4.9,8.5,CRITICAL,1,SYNTHETIC EMERGENCY V2X
EMG-EVT-009231,POL-01,POLICE,9.9,0.28,18,54.4,32.5,12.6,19.9,CRITICAL,1,SYNTHETIC EMERGENCY V2X
EMG-EVT-009232,POL-04,POLICE,4.4,0.68,10,32.6,20.1,5.8,14.3,CRITICAL,1,SYNTHETIC EMERGENCY V2X
EMG-EVT-009233,AMB-20,AMBULANCE,9.3,0.59,19,36.1,38.3,12.0,26.3,CRITICAL,1,SYNTHETIC EMERGENCY V2X
EMG-EVT-009234,AMB-08,AMBULANCE,14.5,0.88,27,17.2,83.0,18.5,64.5,CRITICAL,1,SYNTHETIC EMERGENCY V2X
EMG-EVT-009235,AMB-19,AMBULANCE,10.4,0.37,21,52.3,37.1,13.4,23.7,CRITICAL,1,SYNTHETIC EMERGENCY V2X
EMG-EVT-009236,AMB-15,AMBULANCE,4.0,0.3,10,50.6,16.7,5.4,11.3,CRITICAL,1,SYNTHETIC EMERGENCY V2X
EMG-EVT-009237,POL-02,POLICE,4.0,0.38,8,48.3,14.6,5.2,9.4,CRITICAL,1,SYNTHETIC EMERGENCY V2X
EMG-EVT-009238,AMB-02,AMBULANCE,6.3,0.41,14,49.2,24.5,8.3,16.2,CRITICAL,1,SYNTHETIC EMERGENCY V2X
EMG-EVT-009239,AMB-06,AMBULANCE,15.8,0.72,29,24.0,74.3,20.1,54.2,CRITICAL,1,SYNTHETIC EMERGENCY V2X
EMG-EVT-009240,AMB-04,AMBULANCE,2.2,0.46,5,42.3,9.1,2.9,6.2,CRITICAL,1,SYNTHETIC EMERGENCY V2X
EMG-EVT-009241,FIRE-02,FIRE_TRUCK,10.2,0.21,20,62.0,33.9,13.1,20.8,CRITICAL,1,SYNTHETIC EMERGENCY V2X
EMG-EVT-009242,AMB-02,AMBULANCE,5.1,0.75,12,25.9,26.2,6.8,19.4,CRITICAL,1,SYNTHETIC EMERGENCY V2X
EMG-EVT-009243,AMB-08,AMBULANCE,10.3,0.73,21,28.8,46.7,13.3,33.4,CRITICAL,1,SYNTHETIC EMERGENCY V2X
EMG-EVT-009244,AMB-12,AMBULANCE,13.8,0.7,24,29.7,56.7,17.5,39.2,CRITICAL,1,SYNTHETIC EMERGENCY V2X
EMG-EVT-009245,AMB-18,AMBULANCE,5.3,0.55,10,39.0,20.2,6.8,13.4,CRITICAL,1,SYNTHETIC EMERGENCY V2X
EMG-EVT-009246,POL-02,POLICE,13.6,0.84,24,23.8,63.1,17.2,45.9,CRITICAL,1,SYNTHETIC EMERGENCY V2X
EMG-EVT-009247,AMB-15,AMBULANCE,4.9,0.84,10,24.3,24.1,6.3,17.8,CRITICAL,1,SYNTHETIC EMERGENCY V2X
EMG-EVT-009248,AMB-08,AMBULANCE,3.5,0.84,6,20.9,17.2,4.4,12.8,CRITICAL,1,SYNTHETIC EMERGENCY V2X
EMG-EVT-009249,AMB-15,AMBULANCE,3.4,0.23,6,61.0,10.5,4.3,6.2,CRITICAL,1,SYNTHETIC EMERGENCY V2X
EMG-EVT-009250,POL-05,POLICE,10.2,0.38,20,45.1,37.6,13.1,24.5,CRITICAL,1,SYNTHETIC EMERGENCY V2X
EMG-EVT-009251,AMB-05,AMBULANCE,2.5,0.83,4,25.9,10.6,3.1,7.5,CRITICAL,1,SYNTHETIC EMERGENCY V2X
EMG-EVT-009252,FIRE-01,FIRE_TRUCK,11.6,0.67,21,29.7,48.6,14.8,33.8,CRITICAL,1,SYNTHETIC EMERGENCY V2X
EMG-EVT-009253,AMB-15,AMBULANCE,3.1,0.97,7,17.3,19.2,4.1,15.1,CRITICAL,1,SYNTHETIC EMERGENCY V2X
EMG-EVT-009254,AMB-20,AMBULANCE,6.0,0.46,13,47.4,23.2,7.8,15.4,CRITICAL,1,SYNTHETIC EMERGENCY V2X
EMG-EVT-009255,AMB-11,AMBULANCE,12.4,0.81,24,24.3,59.4,15.9,43.5,CRITICAL,1,SYNTHETIC EMERGENCY V2X
EMG-EVT-009256,AMB-19,AMBULANCE,4.5,0.57,9,35.5,18.4,5.8,12.6,CRITICAL,1,SYNTHETIC EMERGENCY V2X
EMG-EVT-009257,AMB-10,AMBULANCE,12.0,0.85,24,17.9,69.0,15.5,53.5,CRITICAL,1,SYNTHETIC EMERGENCY V2X
EMG-EVT-009258,AMB-15,AMBULANCE,4.2,0.95,7,16.7,23.5,5.3,18.2,CRITICAL,1,SYNTHETIC EMERGENCY V2X
EMG-EVT-009259,AMB-08,AMBULANCE,14.8,0.53,26,35.4,56.3,18.7,37.6,CRITICAL,1,SYNTHETIC EMERGENCY V2X
EMG-EVT-009260,AMB-05,AMBULANCE,2.7,0.57,4,36.4,9.3,3.3,6.0,CRITICAL,1,SYNTHETIC EMERGENCY V2X
EMG-EVT-009261,FIRE-04,FIRE_TRUCK,4.8,0.87,9,19.9,25.3,6.1,19.2,CRITICAL,1,SYNTHETIC EMERGENCY V2X
EMG-EVT-009262,AMB-03,AMBULANCE,6.9,0.46,13,45.6,24.7,8.8,15.9,CRITICAL,1,SYNTHETIC EMERGENCY V2X
EMG-EVT-009263,AMB-11,AMBULANCE,6.3,0.34,11,53.1,20.3,8.0,12.3,CRITICAL,1,SYNTHETIC EMERGENCY V2X
EMG-EVT-009264,AMB-14,AMBULANCE,15.2,0.3,30,56.3,52.2,19.6,32.6,CRITICAL,1,SYNTHETIC EMERGENCY V2X
EMG-EVT-009265,AMB-06,AMBULANCE,4.7,0.58,9,41.1,17.7,6.0,11.7,CRITICAL,1,SYNTHETIC EMERGENCY V2X
EMG-EVT-009266,FIRE-01,FIRE_TRUCK,14.8,0.97,29,15.5,92.1,19.0,73.1,CRITICAL,1,SYNTHETIC EMERGENCY V2X
EMG-EVT-009267,AMB-15,AMBULANCE,15.4,0.95,29,17.9,86.4,19.7,66.7,CRITICAL,1,SYNTHETIC EMERGENCY V2X
EMG-EVT-009268,AMB-07,AMBULANCE,5.5,0.84,9,20.1,27.2,6.9,20.3,CRITICAL,1,SYNTHETIC EMERGENCY V2X
EMG-EVT-009269,POL-07,POLICE,5.5,0.92,11,15.8,34.1,7.1,27.0,CRITICAL,1,SYNTHETIC EMERGENCY V2X
EMG-EVT-009270,AMB-11,AMBULANCE,1.6,0.93,4,12.7,12.4,2.1,10.3,CRITICAL,1,SYNTHETIC EMERGENCY V2X
EMG-EVT-009271,AMB-14,AMBULANCE,7.1,0.57,13,39.4,26.4,9.0,17.4,CRITICAL,1,SYNTHETIC EMERGENCY V2X
EMG-EVT-009272,FIRE-09,FIRE_TRUCK,6.2,0.89,13,20.7,33.6,8.1,25.5,CRITICAL,1,SYNTHETIC EMERGENCY V2X
EMG-EVT-009273,AMB-03,AMBULANCE,15.3,0.5,28,40.7,56.2,19.5,36.7,CRITICAL,1,SYNTHETIC EMERGENCY V2X
EMG-EVT-009274,FIRE-03,FIRE_TRUCK,12.8,0.91,24,19.1,69.0,16.4,52.6,CRITICAL,1,SYNTHETIC EMERGENCY V2X
EMG-EVT-009275,AMB-14,AMBULANCE,8.5,0.74,16,24.5,40.0,10.9,29.1,CRITICAL,1,SYNTHETIC EMERGENCY V2X
EMG-EVT-009276,AMB-20,AMBULANCE,10.8,0.5,22,46.8,40.2,14.0,26.2,CRITICAL,1,SYNTHETIC EMERGENCY V2X
EMG-EVT-009277,AMB-05,AMBULANCE,9.2,0.9,19,17.3,54.7,11.9,42.8,CRITICAL,1,SYNTHETIC EMERGENCY V2X
EMG-EVT-009278,AMB-09,AMBULANCE,8.3,0.56,16,36.9,32.7,10.7,22.0,CRITICAL,1,SYNTHETIC EMERGENCY V2X
EMG-EVT-009279,AMB-01,AMBULANCE,10.1,0.25,21,61.7,35.0,13.1,21.9,CRITICAL,1,SYNTHETIC EMERGENCY V2X
EMG-EVT-009280,AMB-13,AMBULANCE,13.2,0.52,25,36.6,51.6,16.9,34.7,CRITICAL,1,SYNTHETIC EMERGENCY V2X
EMG-EVT-009281,AMB-05,AMBULANCE,5.3,0.46,9,47.5,17.5,6.7,10.8,CRITICAL,1,SYNTHETIC EMERGENCY V2X
EMG-EVT-009282,FIRE-02,FIRE_TRUCK,9.6,0.37,19,51.5,34.0,12.4,21.6,CRITICAL,1,SYNTHETIC EMERGENCY V2X
EMG-EVT-009283,AMB-20,AMBULANCE,8.3,0.79,16,28.7,36.6,10.7,25.9,CRITICAL,1,SYNTHETIC EMERGENCY V2X
EMG-EVT-009284,AMB-18,AMBULANCE,7.9,0.74,14,25.7,35.2,10.0,25.2,CRITICAL,1,SYNTHETIC EMERGENCY V2X
EMG-EVT-009285,AMB-14,AMBULANCE,8.1,0.65,15,35.9,31.5,10.3,21.2,CRITICAL,1,SYNTHETIC EMERGENCY V2X
EMG-EVT-009286,POL-06,POLICE,2.2,0.33,5,54.4,8.4,2.9,5.5,HIGH,1,SYNTHETIC EMERGENCY V2X
EMG-EVT-009287,AMB-20,AMBULANCE,3.8,0.43,8,45.9,14.6,4.9,9.7,CRITICAL,1,SYNTHETIC EMERGENCY V2X
EMG-EVT-009288,POL-03,POLICE,3.0,0.86,5,22.6,14.0,3.8,10.2,CRITICAL,1,SYNTHETIC EMERGENCY V2X
EMG-EVT-009289,AMB-01,AMBULANCE,8.2,0.75,16,29.5,35.9,10.5,25.4,CRITICAL,1,SYNTHETIC EMERGENCY V2X
EMG-EVT-009290,FIRE-04,FIRE_TRUCK,1.5,0.4,5,49.7,7.8,2.1,5.7,HIGH,1,SYNTHETIC EMERGENCY V2X
EMG-EVT-009291,AMB-14,AMBULANCE,9.0,0.3,19,56.5,32.4,11.7,20.7,CRITICAL,1,SYNTHETIC EMERGENCY V2X
EMG-EVT-009292,AMB-10,AMBULANCE,11.2,0.53,22,39.9,43.2,14.4,28.8,CRITICAL,1,SYNTHETIC EMERGENCY V2X
EMG-EVT-009293,POL-04,POLICE,12.9,0.6,24,38.9,48.7,16.5,32.2,CRITICAL,1,SYNTHETIC EMERGENCY V2X
EMG-EVT-009294,AMB-12,AMBULANCE,15.4,0.9,29,21.4,78.0,19.7,58.3,CRITICAL,1,SYNTHETIC EMERGENCY V2X
EMG-EVT-009295,AMB-11,AMBULANCE,5.4,0.97,9,11.8,38.3,6.8,31.5,CRITICAL,1,SYNTHETIC EMERGENCY V2X
EMG-EVT-009296,FIRE-02,FIRE_TRUCK,13.2,0.27,26,50.9,46.8,17.0,29.8,CRITICAL,1,SYNTHETIC EMERGENCY V2X
EMG-EVT-009297,AMB-10,AMBULANCE,2.6,0.7,7,27.1,14.2,3.5,10.7,CRITICAL,1,SYNTHETIC EMERGENCY V2X
EMG-EVT-009298,AMB-18,AMBULANCE,3.1,0.87,8,20.5,18.7,4.2,14.5,CRITICAL,1,SYNTHETIC EMERGENCY V2X
EMG-EVT-009299,AMB-15,AMBULANCE,8.8,0.54,16,38.4,33.0,11.2,21.8,CRITICAL,1,SYNTHETIC EMERGENCY V2X
EMG-EVT-009300,AMB-04,AMBULANCE,6.4,0.33,14,57.1,23.5,8.4,15.1,CRITICAL,1,SYNTHETIC EMERGENCY V2X
EMG-EVT-009301,AMB-02,AMBULANCE,14.1,0.59,25,41.4,50.4,17.9,32.5,CRITICAL,1,SYNTHETIC EMERGENCY V2X
EMG-EVT-009302,POL-01,POLICE,12.2,0.41,22,46.5,42.1,15.5,26.6,CRITICAL,1,SYNTHETIC EMERGENCY V2X
EMG-EVT-009303,AMB-10,AMBULANCE,10.3,0.35,19,47.4,35.8,13.1,22.7,CRITICAL,1,SYNTHETIC EMERGENCY V2X
EMG-EVT-009304,AMB-04,AMBULANCE,9.7,0.69,19,27.2,44.2,12.5,31.7,CRITICAL,1,SYNTHETIC EMERGENCY V2X
EMG-EVT-009305,FIRE-08,FIRE_TRUCK,11.5,0.45,20,41.7,40.5,14.5,26.0,CRITICAL,1,SYNTHETIC EMERGENCY V2X
EMG-EVT-009306,AMB-19,AMBULANCE,3.6,0.4,7,50.1,12.7,4.6,8.1,CRITICAL,1,SYNTHETIC EMERGENCY V2X
EMG-EVT-009307,AMB-14,AMBULANCE,15.2,0.51,30,43.3,57.1,19.6,37.5,CRITICAL,1,SYNTHETIC EMERGENCY V2X
EMG-EVT-009308,AMB-01,AMBULANCE,3.3,0.6,8,35.9,15.1,4.4,10.7,CRITICAL,1,SYNTHETIC EMERGENCY V2X
EMG-EVT-009309,AMB-18,AMBULANCE,4.7,0.75,8,24.4,21.2,5.9,15.3,CRITICAL,1,SYNTHETIC EMERGENCY V2X
EMG-EVT-009310,AMB-18,AMBULANCE,14.6,0.64,28,34.0,59.4,18.7,40.7,CRITICAL,1,SYNTHETIC EMERGENCY V2X
EMG-EVT-009311,AMB-03,AMBULANCE,9.0,0.82,19,19.9,49.9,11.7,38.2,CRITICAL,1,SYNTHETIC EMERGENCY V2X
EMG-EVT-009312,AMB-03,AMBULANCE,5.6,0.21,13,64.0,20.9,7.4,13.5,CRITICAL,1,SYNTHETIC EMERGENCY V2X
EMG-EVT-009313,AMB-13,AMBULANCE,7.7,0.95,14,10.6,60.4,9.8,50.6,CRITICAL,1,SYNTHETIC EMERGENCY V2X
EMG-EVT-009314,FIRE-05,FIRE_TRUCK,3.1,0.23,5,54.3,9.4,3.9,5.5,HIGH,1,SYNTHETIC EMERGENCY V2X
EMG-EVT-009315,AMB-17,AMBULANCE,5.5,0.59,11,36.7,22.2,7.1,15.1,CRITICAL,1,SYNTHETIC EMERGENCY V2X
EMG-EVT-009316,AMB-17,AMBULANCE,12.2,0.87,21,17.7,66.6,15.4,51.2,CRITICAL,1,SYNTHETIC EMERGENCY V2X
EMG-EVT-009317,AMB-15,AMBULANCE,12.0,0.89,22,19.7,62.9,15.3,47.6,CRITICAL,1,SYNTHETIC EMERGENCY V2X
EMG-EVT-009318,AMB-01,AMBULANCE,13.0,0.4,23,52.5,42.5,16.5,26.0,CRITICAL,1,SYNTHETIC EMERGENCY V2X
EMG-EVT-009319,AMB-20,AMBULANCE,5.2,0.86,9,16.9,29.3,6.6,22.7,CRITICAL,1,SYNTHETIC EMERGENCY V2X
EMG-EVT-009320,FIRE-08,FIRE_TRUCK,6.3,0.69,14,35.0,27.6,8.3,19.3,CRITICAL,1,SYNTHETIC EMERGENCY V2X
EMG-EVT-009321,AMB-18,AMBULANCE,3.3,0.81,6,20.5,16.9,4.2,12.7,CRITICAL,1,SYNTHETIC EMERGENCY V2X
EMG-EVT-009322,POL-04,POLICE,3.3,0.29,6,51.5,11.0,4.2,6.8,HIGH,1,SYNTHETIC EMERGENCY V2X
EMG-EVT-009323,AMB-11,AMBULANCE,4.9,0.39,8,44.3,16.2,6.1,10.1,CRITICAL,1,SYNTHETIC EMERGENCY V2X
EMG-EVT-009324,AMB-06,AMBULANCE,3.7,0.37,8,47.2,14.3,4.8,9.5,CRITICAL,1,SYNTHETIC EMERGENCY V2X
EMG-EVT-009325,AMB-02,AMBULANCE,11.0,0.63,22,35.0,45.3,14.2,31.1,CRITICAL,1,SYNTHETIC EMERGENCY V2X
EMG-EVT-009326,POL-06,POLICE,7.1,0.85,15,25.4,34.8,9.2,25.6,CRITICAL,1,SYNTHETIC EMERGENCY V2X
EMG-EVT-009327,AMB-08,AMBULANCE,9.6,0.85,17,25.3,43.2,12.2,31.0,CRITICAL,1,SYNTHETIC EMERGENCY V2X
EMG-EVT-009328,AMB-14,AMBULANCE,5.0,0.86,9,19.8,26.0,6.4,19.6,CRITICAL,1,SYNTHETIC EMERGENCY V2X
EMG-EVT-009329,AMB-08,AMBULANCE,6.8,0.81,14,26.5,32.2,8.8,23.4,CRITICAL,1,SYNTHETIC EMERGENCY V2X
EMG-EVT-009330,FIRE-09,FIRE_TRUCK,6.8,0.59,14,40.5,26.9,8.8,18.1,CRITICAL,1,SYNTHETIC EMERGENCY V2X
EMG-EVT-009331,FIRE-04,FIRE_TRUCK,9.9,0.5,18,43.1,35.4,12.6,22.8,CRITICAL,1,SYNTHETIC EMERGENCY V2X
EMG-EVT-009332,POL-07,POLICE,5.6,0.35,12,47.6,21.5,7.3,14.2,CRITICAL,1,SYNTHETIC EMERGENCY V2X
EMG-EVT-009333,POL-06,POLICE,8.9,0.92,19,14.8,58.9,11.6,47.3,CRITICAL,1,SYNTHETIC EMERGENCY V2X
EMG-EVT-009334,FIRE-06,FIRE_TRUCK,5.6,0.9,11,19.2,30.7,7.2,23.5,CRITICAL,1,SYNTHETIC EMERGENCY V2X
EMG-EVT-009335,AMB-01,AMBULANCE,5.6,0.67,10,30.4,23.1,7.1,16.0,CRITICAL,1,SYNTHETIC EMERGENCY V2X
EMG-EVT-009336,AMB-03,AMBULANCE,5.4,0.98,10,10.0,44.4,6.9,37.5,CRITICAL,1,SYNTHETIC EMERGENCY V2X
EMG-EVT-009337,FIRE-08,FIRE_TRUCK,5.2,0.52,10,39.0,20.0,6.7,13.3,CRITICAL,1,SYNTHETIC EMERGENCY V2X
EMG-EVT-009338,FIRE-09,FIRE_TRUCK,14.3,0.74,28,29.4,62.8,18.4,44.4,CRITICAL,1,SYNTHETIC EMERGENCY V2X
EMG-EVT-009339,FIRE-06,FIRE_TRUCK,11.8,0.22,21,63.7,36.3,15.0,21.3,CRITICAL,1,SYNTHETIC EMERGENCY V2X
EMG-EVT-009340,AMB-16,AMBULANCE,12.2,0.69,21,31.5,48.4,15.4,33.0,CRITICAL,1,SYNTHETIC EMERGENCY V2X
EMG-EVT-009341,AMB-02,AMBULANCE,10.7,0.83,19,24.7,48.8,13.6,35.2,CRITICAL,1,SYNTHETIC EMERGENCY V2X
EMG-EVT-009342,AMB-05,AMBULANCE,1.6,0.53,4,37.7,7.3,2.1,5.2,CRITICAL,1,SYNTHETIC EMERGENCY V2X
EMG-EVT-009343,AMB-13,AMBULANCE,14.0,0.3,27,56.5,47.3,18.0,29.3,CRITICAL,1,SYNTHETIC EMERGENCY V2X
EMG-EVT-009344,FIRE-10,FIRE_TRUCK,8.4,0.48,18,45.5,32.7,11.0,21.7,CRITICAL,1,SYNTHETIC EMERGENCY V2X
EMG-EVT-009345,AMB-01,AMBULANCE,8.9,0.35,19,49.0,33.7,11.6,22.1,CRITICAL,1,SYNTHETIC EMERGENCY V2X
EMG-EVT-009346,POL-05,POLICE,5.2,0.78,9,27.7,22.1,6.6,15.5,CRITICAL,1,SYNTHETIC EMERGENCY V2X
EMG-EVT-009347,AMB-12,AMBULANCE,12.7,0.62,22,37.9,46.5,16.1,30.4,CRITICAL,1,SYNTHETIC EMERGENCY V2X
EMG-EVT-009348,AMB-05,AMBULANCE,16.0,0.93,31,19.6,86.2,20.6,65.6,CRITICAL,1,SYNTHETIC EMERGENCY V2X
EMG-EVT-009349,FIRE-01,FIRE_TRUCK,7.4,0.52,15,39.0,29.4,9.6,19.8,CRITICAL,1,SYNTHETIC EMERGENCY V2X
EMG-EVT-009350,FIRE-09,FIRE_TRUCK,2.5,0.49,4,46.0,8.1,3.1,5.0,HIGH,1,SYNTHETIC EMERGENCY V2X
EMG-EVT-009351,AMB-01,AMBULANCE,6.1,0.38,10,50.3,19.3,7.7,11.6,CRITICAL,1,SYNTHETIC EMERGENCY V2X
EMG-EVT-009352,AMB-02,AMBULANCE,10.9,0.37,20,53.3,36.3,13.9,22.4,CRITICAL,1,SYNTHETIC EMERGENCY V2X
EMG-EVT-009353,AMB-03,AMBULANCE,4.3,0.91,10,13.1,31.7,5.7,26.0,CRITICAL,1,SYNTHETIC EMERGENCY V2X
EMG-EVT-009354,AMB-19,AMBULANCE,6.4,0.54,11,35.6,24.0,8.1,15.9,CRITICAL,1,SYNTHETIC EMERGENCY V2X
EMG-EVT-009355,AMB-15,AMBULANCE,7.1,0.47,13,40.1,26.2,9.0,17.2,CRITICAL,1,SYNTHETIC EMERGENCY V2X
EMG-EVT-009356,AMB-07,AMBULANCE,6.9,0.66,15,34.9,29.9,9.0,20.9,CRITICAL,1,SYNTHETIC EMERGENCY V2X
EMG-EVT-009357,POL-05,POLICE,8.3,0.6,17,32.4,35.8,10.8,25.0,CRITICAL,1,SYNTHETIC EMERGENCY V2X
EMG-EVT-009358,POL-09,POLICE,4.6,0.44,8,47.7,15.4,5.8,9.6,CRITICAL,1,SYNTHETIC EMERGENCY V2X
EMG-EVT-009359,AMB-10,AMBULANCE,14.2,0.62,27,38.8,54.4,18.2,36.2,CRITICAL,1,SYNTHETIC EMERGENCY V2X
EMG-EVT-009360,AMB-07,AMBULANCE,5.8,0.8,11,27.8,25.7,7.4,18.3,CRITICAL,1,SYNTHETIC EMERGENCY V2X
EMG-EVT-009361,POL-06,POLICE,14.4,0.32,27,47.8,50.5,18.4,32.1,CRITICAL,1,SYNTHETIC EMERGENCY V2X
EMG-EVT-009362,AMB-18,AMBULANCE,2.2,0.85,3,22.0,9.6,2.7,6.9,CRITICAL,1,SYNTHETIC EMERGENCY V2X
EMG-EVT-009363,FIRE-03,FIRE_TRUCK,8.1,0.43,17,43.0,31.7,10.5,21.2,CRITICAL,1,SYNTHETIC EMERGENCY V2X
EMG-EVT-009364,AMB-18,AMBULANCE,9.8,0.88,19,24.1,47.2,12.6,34.6,CRITICAL,1,SYNTHETIC EMERGENCY V2X
EMG-EVT-009365,AMB-04,AMBULANCE,12.0,0.94,22,11.9,86.9,15.3,71.6,CRITICAL,1,SYNTHETIC EMERGENCY V2X
EMG-EVT-009366,AMB-03,AMBULANCE,8.8,0.31,17,55.8,29.9,11.3,18.6,CRITICAL,1,SYNTHETIC EMERGENCY V2X
EMG-EVT-009367,POL-07,POLICE,3.2,0.77,5,23.8,14.1,4.0,10.1,CRITICAL,1,SYNTHETIC EMERGENCY V2X
EMG-EVT-009368,POL-10,POLICE,11.7,0.49,23,42.0,44.3,15.1,29.2,CRITICAL,1,SYNTHETIC EMERGENCY V2X
EMG-EVT-009369,AMB-14,AMBULANCE,2.0,0.38,4,52.1,7.1,2.6,4.5,CRITICAL,1,SYNTHETIC EMERGENCY V2X
EMG-EVT-009370,AMB-17,AMBULANCE,7.9,0.35,15,53.3,26.9,10.1,16.8,CRITICAL,1,SYNTHETIC EMERGENCY V2X
EMG-EVT-009371,FIRE-08,FIRE_TRUCK,16.0,0.6,29,31.5,65.3,20.4,44.9,CRITICAL,1,SYNTHETIC EMERGENCY V2X
EMG-EVT-009372,AMB-19,AMBULANCE,6.3,0.95,14,16.8,39.3,8.3,31.0,CRITICAL,1,SYNTHETIC EMERGENCY V2X
EMG-EVT-009373,AMB-07,AMBULANCE,7.7,0.94,13,13.7,49.3,9.7,39.6,CRITICAL,1,SYNTHETIC EMERGENCY V2X
EMG-EVT-009374,AMB-09,AMBULANCE,8.3,0.3,15,55.3,27.0,10.6,16.4,CRITICAL,1,SYNTHETIC EMERGENCY V2X
EMG-EVT-009375,AMB-07,AMBULANCE,7.7,0.5,16,46.3,29.2,10.0,19.2,CRITICAL,1,SYNTHETIC EMERGENCY V2X
EMG-EVT-009376,AMB-01,AMBULANCE,8.9,0.77,16,23.6,41.8,11.3,30.5,CRITICAL,1,SYNTHETIC EMERGENCY V2X
EMG-EVT-009377,AMB-20,AMBULANCE,4.2,0.7,9,33.4,18.3,5.5,12.8,CRITICAL,1,SYNTHETIC EMERGENCY V2X
EMG-EVT-009378,AMB-10,AMBULANCE,12.3,0.29,24,53.3,42.6,15.8,26.8,CRITICAL,1,SYNTHETIC EMERGENCY V2X
EMG-EVT-009379,AMB-14,AMBULANCE,9.3,0.29,19,49.9,34.0,12.0,22.0,CRITICAL,1,SYNTHETIC EMERGENCY V2X
EMG-EVT-009380,AMB-14,AMBULANCE,8.6,0.33,16,52.2,29.1,11.0,18.1,CRITICAL,1,SYNTHETIC EMERGENCY V2X
EMG-EVT-009381,AMB-19,AMBULANCE,3.9,0.89,7,22.0,19.0,5.0,14.0,CRITICAL,1,SYNTHETIC EMERGENCY V2X
EMG-EVT-009382,FIRE-06,FIRE_TRUCK,11.8,0.96,22,15.1,73.3,15.1,58.2,CRITICAL,1,SYNTHETIC EMERGENCY V2X
EMG-EVT-009383,AMB-12,AMBULANCE,1.8,0.7,5,30.7,9.5,2.5,7.0,CRITICAL,1,SYNTHETIC EMERGENCY V2X
EMG-EVT-009384,AMB-02,AMBULANCE,15.0,0.47,30,41.4,57.7,19.4,38.3,CRITICAL,1,SYNTHETIC EMERGENCY V2X
EMG-EVT-009385,FIRE-05,FIRE_TRUCK,9.1,0.9,18,15.4,57.1,11.7,45.4,CRITICAL,1,SYNTHETIC EMERGENCY V2X
EMG-EVT-009386,FIRE-07,FIRE_TRUCK,7.2,0.53,12,40.5,25.1,9.1,16.0,CRITICAL,1,SYNTHETIC EMERGENCY V2X
EMG-EVT-009387,AMB-01,AMBULANCE,5.1,0.94,12,11.2,41.7,6.8,34.9,CRITICAL,1,SYNTHETIC EMERGENCY V2X
EMG-EVT-009388,AMB-20,AMBULANCE,3.4,0.69,9,28.1,18.1,4.6,13.5,CRITICAL,1,SYNTHETIC EMERGENCY V2X
EMG-EVT-009389,POL-02,POLICE,9.8,0.68,20,33.6,41.5,12.7,28.8,CRITICAL,1,SYNTHETIC EMERGENCY V2X
EMG-EVT-009390,POL-06,POLICE,4.6,0.58,9,39.5,17.8,5.9,11.9,CRITICAL,1,SYNTHETIC EMERGENCY V2X
EMG-EVT-009391,AMB-14,AMBULANCE,14.5,0.86,26,25.0,66.0,18.4,47.6,CRITICAL,1,SYNTHETIC EMERGENCY V2X
EMG-EVT-009392,FIRE-05,FIRE_TRUCK,15.1,0.75,29,31.5,63.6,19.4,44.2,CRITICAL,1,SYNTHETIC EMERGENCY V2X
EMG-EVT-009393,POL-08,POLICE,9.7,0.41,17,51.1,31.8,12.3,19.5,CRITICAL,1,SYNTHETIC EMERGENCY V2X
EMG-EVT-009394,AMB-18,AMBULANCE,15.3,0.68,28,28.9,65.4,19.5,45.9,CRITICAL,1,SYNTHETIC EMERGENCY V2X
EMG-EVT-009395,FIRE-01,FIRE_TRUCK,13.4,0.6,26,33.2,55.4,17.2,38.2,CRITICAL,1,SYNTHETIC EMERGENCY V2X
EMG-EVT-009396,AMB-04,AMBULANCE,6.3,0.36,12,46.6,22.5,8.1,14.4,CRITICAL,1,SYNTHETIC EMERGENCY V2X
EMG-EVT-009397,AMB-06,AMBULANCE,2.2,0.68,4,30.2,9.2,2.8,6.4,CRITICAL,1,SYNTHETIC EMERGENCY V2X
EMG-EVT-009398,FIRE-02,FIRE_TRUCK,6.9,0.94,14,10.9,54.8,8.9,45.9,CRITICAL,1,SYNTHETIC EMERGENCY V2X
EMG-EVT-009399,FIRE-05,FIRE_TRUCK,15.7,0.85,28,19.5,81.9,19.9,62.0,CRITICAL,1,SYNTHETIC EMERGENCY V2X
EMG-EVT-009400,AMB-18,AMBULANCE,2.1,0.7,6,32.8,11.0,2.9,8.1,CRITICAL,1,SYNTHETIC EMERGENCY V2X
EMG-EVT-009401,AMB-10,AMBULANCE,8.9,0.96,17,10.6,70.8,11.4,59.4,CRITICAL,1,SYNTHETIC EMERGENCY V2X
EMG-EVT-009402,AMB-18,AMBULANCE,8.4,0.79,15,21.6,41.3,10.7,30.6,CRITICAL,1,SYNTHETIC EMERGENCY V2X
EMG-EVT-009403,FIRE-06,FIRE_TRUCK,8.8,0.64,18,30.1,39.1,11.4,27.7,CRITICAL,1,SYNTHETIC EMERGENCY V2X
EMG-EVT-009404,AMB-04,AMBULANCE,15.9,0.87,30,20.0,83.7,20.3,63.4,CRITICAL,1,SYNTHETIC EMERGENCY V2X
EMG-EVT-009405,FIRE-05,FIRE_TRUCK,2.8,0.92,7,16.7,18.5,3.8,14.7,CRITICAL,1,SYNTHETIC EMERGENCY V2X
EMG-EVT-009406,FIRE-06,FIRE_TRUCK,5.1,0.61,11,38.8,21.1,6.7,14.4,CRITICAL,1,SYNTHETIC EMERGENCY V2X
EMG-EVT-009407,AMB-04,AMBULANCE,9.4,0.51,18,39.1,36.0,12.1,23.9,CRITICAL,1,SYNTHETIC EMERGENCY V2X
EMG-EVT-009408,AMB-17,AMBULANCE,10.8,0.84,22,19.1,60.3,14.0,46.3,CRITICAL,1,SYNTHETIC EMERGENCY V2X
EMG-EVT-009409,FIRE-10,FIRE_TRUCK,5.5,0.25,12,60.5,19.9,7.2,12.7,CRITICAL,1,SYNTHETIC EMERGENCY V2X
EMG-EVT-009410,AMB-09,AMBULANCE,9.5,0.63,18,38.7,36.3,12.2,24.1,CRITICAL,1,SYNTHETIC EMERGENCY V2X
EMG-EVT-009411,POL-07,POLICE,10.0,0.76,18,31.1,40.9,12.7,28.2,CRITICAL,1,SYNTHETIC EMERGENCY V2X
EMG-EVT-009412,AMB-06,AMBULANCE,2.8,0.51,6,45.9,10.9,3.7,7.2,CRITICAL,1,SYNTHETIC EMERGENCY V2X
EMG-EVT-009413,AMB-12,AMBULANCE,2.9,0.45,7,44.1,12.3,3.9,8.4,CRITICAL,1,SYNTHETIC EMERGENCY V2X
EMG-EVT-009414,FIRE-01,FIRE_TRUCK,4.8,0.26,8,53.1,15.0,6.0,9.0,CRITICAL,1,SYNTHETIC EMERGENCY V2X
EMG-EVT-009415,FIRE-08,FIRE_TRUCK,4.6,0.65,10,32.1,20.6,6.0,14.6,CRITICAL,1,SYNTHETIC EMERGENCY V2X
EMG-EVT-009416,AMB-08,AMBULANCE,2.3,0.52,6,44.2,10.3,3.1,7.2,CRITICAL,1,SYNTHETIC EMERGENCY V2X
EMG-EVT-009417,POL-07,POLICE,5.3,0.85,11,18.4,30.5,6.9,23.6,CRITICAL,1,SYNTHETIC EMERGENCY V2X
EMG-EVT-009418,AMB-15,AMBULANCE,9.4,0.55,16,41.8,32.7,11.9,20.8,CRITICAL,1,SYNTHETIC EMERGENCY V2X
EMG-EVT-009419,FIRE-09,FIRE_TRUCK,8.1,0.43,14,49.1,26.7,10.2,16.5,CRITICAL,1,SYNTHETIC EMERGENCY V2X
EMG-EVT-009420,AMB-20,AMBULANCE,14.1,0.55,25,34.1,54.8,17.9,36.9,CRITICAL,1,SYNTHETIC EMERGENCY V2X
EMG-EVT-009421,AMB-11,AMBULANCE,4.8,0.82,10,21.2,25.6,6.2,19.4,CRITICAL,1,SYNTHETIC EMERGENCY V2X
EMG-EVT-009422,AMB-02,AMBULANCE,7.6,0.74,13,31.2,30.2,9.6,20.6,CRITICAL,1,SYNTHETIC EMERGENCY V2X
EMG-EVT-009423,AMB-06,AMBULANCE,3.7,0.42,8,49.3,14.1,4.8,9.3,CRITICAL,1,SYNTHETIC EMERGENCY V2X
EMG-EVT-009424,FIRE-01,FIRE_TRUCK,9.2,0.53,19,37.5,37.5,11.9,25.6,CRITICAL,1,SYNTHETIC EMERGENCY V2X
EMG-EVT-009425,AMB-07,AMBULANCE,13.6,0.46,27,40.4,52.6,17.5,35.1,CRITICAL,1,SYNTHETIC EMERGENCY V2X
EMG-EVT-009426,AMB-03,AMBULANCE,6.2,0.3,11,56.1,19.8,7.9,11.9,CRITICAL,1,SYNTHETIC EMERGENCY V2X
EMG-EVT-009427,AMB-13,AMBULANCE,8.1,0.95,17,17.4,48.3,10.5,37.8,CRITICAL,1,SYNTHETIC EMERGENCY V2X
EMG-EVT-009428,FIRE-08,FIRE_TRUCK,9.0,0.29,19,49.7,33.7,11.7,22.0,CRITICAL,1,SYNTHETIC EMERGENCY V2X
EMG-EVT-009429,AMB-02,AMBULANCE,14.6,0.98,28,14.9,92.4,18.7,73.7,CRITICAL,1,SYNTHETIC EMERGENCY V2X
EMG-EVT-009430,FIRE-01,FIRE_TRUCK,13.8,0.98,27,15.1,87.2,17.8,69.4,CRITICAL,1,SYNTHETIC EMERGENCY V2X
EMG-EVT-009431,POL-05,POLICE,8.3,0.79,15,20.4,42.4,10.6,31.8,CRITICAL,1,SYNTHETIC EMERGENCY V2X
EMG-EVT-009432,AMB-19,AMBULANCE,4.3,0.77,8,29.9,18.2,5.5,12.7,CRITICAL,1,SYNTHETIC EMERGENCY V2X
EMG-EVT-009433,AMB-10,AMBULANCE,3.9,0.63,10,37.1,18.3,5.3,13.0,CRITICAL,1,SYNTHETIC EMERGENCY V2X
EMG-EVT-009434,AMB-01,AMBULANCE,7.2,0.69,14,28.0,32.2,9.3,22.9,CRITICAL,1,SYNTHETIC EMERGENCY V2X
EMG-EVT-009435,AMB-13,AMBULANCE,4.7,0.85,10,23.6,23.9,6.1,17.8,CRITICAL,1,SYNTHETIC EMERGENCY V2X
EMG-EVT-009436,AMB-05,AMBULANCE,12.8,0.77,25,29.8,55.8,16.5,39.3,CRITICAL,1,SYNTHETIC EMERGENCY V2X
EMG-EVT-009437,AMB-03,AMBULANCE,12.6,0.5,25,41.1,48.4,16.2,32.2,CRITICAL,1,SYNTHETIC EMERGENCY V2X
EMG-EVT-009438,FIRE-03,FIRE_TRUCK,8.4,0.35,15,46.2,28.9,10.7,18.2,CRITICAL,1,SYNTHETIC EMERGENCY V2X
EMG-EVT-009439,AMB-20,AMBULANCE,6.1,0.54,10,36.1,22.1,7.7,14.4,CRITICAL,1,SYNTHETIC EMERGENCY V2X
EMG-EVT-009440,FIRE-02,FIRE_TRUCK,5.7,0.84,13,18.3,34.3,7.5,26.8,CRITICAL,1,SYNTHETIC EMERGENCY V2X
EMG-EVT-009441,AMB-14,AMBULANCE,13.2,0.42,26,42.0,50.1,17.0,33.1,CRITICAL,1,SYNTHETIC EMERGENCY V2X
EMG-EVT-009442,AMB-06,AMBULANCE,4.5,0.74,8,30.2,18.5,5.7,12.8,CRITICAL,1,SYNTHETIC EMERGENCY V2X
EMG-EVT-009443,FIRE-01,FIRE_TRUCK,4.5,0.73,11,26.7,23.3,6.0,17.3,CRITICAL,1,SYNTHETIC EMERGENCY V2X
EMG-EVT-009444,POL-10,POLICE,3.4,0.77,8,27.5,17.0,4.5,12.5,CRITICAL,1,SYNTHETIC EMERGENCY V2X
EMG-EVT-009445,AMB-09,AMBULANCE,1.9,0.25,4,60.5,6.7,2.5,4.2,CRITICAL,1,SYNTHETIC EMERGENCY V2X
EMG-EVT-009446,AMB-15,AMBULANCE,2.9,0.58,5,42.1,10.1,3.7,6.4,CRITICAL,1,SYNTHETIC EMERGENCY V2X
EMG-EVT-009447,AMB-11,AMBULANCE,12.1,0.91,24,12.4,87.3,15.6,71.7,CRITICAL,1,SYNTHETIC EMERGENCY V2X
EMG-EVT-009448,FIRE-01,FIRE_TRUCK,9.5,0.43,18,47.6,33.6,12.2,21.4,CRITICAL,1,SYNTHETIC EMERGENCY V2X
EMG-EVT-009449,FIRE-07,FIRE_TRUCK,15.8,0.6,30,35.4,62.8,20.2,42.6,CRITICAL,1,SYNTHETIC EMERGENCY V2X
EMG-EVT-009450,AMB-13,AMBULANCE,7.2,0.71,15,29.7,32.5,9.4,23.1,CRITICAL,1,SYNTHETIC EMERGENCY V2X
EMG-EVT-009451,AMB-06,AMBULANCE,10.0,0.91,18,13.0,67.8,12.7,55.1,CRITICAL,1,SYNTHETIC EMERGENCY V2X
EMG-EVT-009452,AMB-15,AMBULANCE,13.0,0.3,23,57.9,41.1,16.5,24.6,CRITICAL,1,SYNTHETIC EMERGENCY V2X
EMG-EVT-009453,POL-05,POLICE,4.2,0.23,9,60.3,15.0,5.5,9.5,CRITICAL,1,SYNTHETIC EMERGENCY V2X
EMG-EVT-009454,AMB-18,AMBULANCE,1.8,0.51,3,39.0,6.4,2.3,4.1,CRITICAL,1,SYNTHETIC EMERGENCY V2X
EMG-EVT-009455,AMB-12,AMBULANCE,4.2,0.38,10,47.3,17.3,5.6,11.7,CRITICAL,1,SYNTHETIC EMERGENCY V2X
EMG-EVT-009456,AMB-02,AMBULANCE,12.0,0.93,24,14.7,77.8,15.5,62.3,CRITICAL,1,SYNTHETIC EMERGENCY V2X
EMG-EVT-009457,AMB-11,AMBULANCE,6.6,0.48,13,48.0,23.8,8.5,15.3,CRITICAL,1,SYNTHETIC EMERGENCY V2X
EMG-EVT-009458,AMB-03,AMBULANCE,1.7,0.45,4,46.5,7.0,2.3,4.7,CRITICAL,1,SYNTHETIC EMERGENCY V2X
EMG-EVT-009459,AMB-18,AMBULANCE,13.1,0.62,23,36.4,49.2,16.6,32.6,CRITICAL,1,SYNTHETIC EMERGENCY V2X
EMG-EVT-009460,AMB-20,AMBULANCE,11.5,0.7,23,29.8,50.8,14.8,36.0,CRITICAL,1,SYNTHETIC EMERGENCY V2X
EMG-EVT-009461,FIRE-10,FIRE_TRUCK,2.5,0.29,7,49.6,11.4,3.4,8.0,HIGH,1,SYNTHETIC EMERGENCY V2X
EMG-EVT-009462,FIRE-03,FIRE_TRUCK,5.0,0.23,9,58.5,15.9,6.4,9.5,CRITICAL,1,SYNTHETIC EMERGENCY V2X
EMG-EVT-009463,POL-05,POLICE,10.2,0.24,18,54.3,32.9,12.9,20.0,CRITICAL,1,SYNTHETIC EMERGENCY V2X
EMG-EVT-009464,AMB-03,AMBULANCE,8.1,0.57,14,38.1,29.6,10.2,19.4,CRITICAL,1,SYNTHETIC EMERGENCY V2X
EMG-EVT-009465,AMB-01,AMBULANCE,3.5,0.54,7,40.4,13.6,4.5,9.1,CRITICAL,1,SYNTHETIC EMERGENCY V2X
EMG-EVT-009466,AMB-20,AMBULANCE,2.9,0.81,7,20.6,16.8,3.9,12.9,CRITICAL,1,SYNTHETIC EMERGENCY V2X
EMG-EVT-009467,AMB-04,AMBULANCE,1.9,0.34,4,52.2,7.0,2.5,4.5,CRITICAL,1,SYNTHETIC EMERGENCY V2X
EMG-EVT-009468,POL-09,POLICE,10.7,0.37,21,47.9,38.6,13.8,24.8,CRITICAL,1,SYNTHETIC EMERGENCY V2X
EMG-EVT-009469,AMB-17,AMBULANCE,6.7,0.91,13,20.8,34.9,8.6,26.3,CRITICAL,1,SYNTHETIC EMERGENCY V2X
EMG-EVT-009470,FIRE-06,FIRE_TRUCK,4.3,0.37,7,51.8,13.4,5.4,8.0,CRITICAL,1,SYNTHETIC EMERGENCY V2X
EMG-EVT-009471,AMB-02,AMBULANCE,15.1,0.58,27,41.0,54.5,19.2,35.3,CRITICAL,1,SYNTHETIC EMERGENCY V2X
EMG-EVT-009472,AMB-02,AMBULANCE,9.2,0.83,16,20.3,46.4,11.6,34.8,CRITICAL,1,SYNTHETIC EMERGENCY V2X
EMG-EVT-009473,AMB-08,AMBULANCE,9.0,0.64,17,37.3,34.9,11.5,23.4,CRITICAL,1,SYNTHETIC EMERGENCY V2X
EMG-EVT-009474,POL-06,POLICE,13.4,0.89,27,14.2,89.0,17.3,71.7,CRITICAL,1,SYNTHETIC EMERGENCY V2X
EMG-EVT-009475,AMB-17,AMBULANCE,5.9,0.97,11,10.0,48.6,7.5,41.1,CRITICAL,1,SYNTHETIC EMERGENCY V2X
EMG-EVT-009476,AMB-12,AMBULANCE,14.5,0.37,28,44.8,53.0,18.6,34.4,CRITICAL,1,SYNTHETIC EMERGENCY V2X
EMG-EVT-009477,FIRE-08,FIRE_TRUCK,12.0,0.82,23,19.4,64.7,15.4,49.3,CRITICAL,1,SYNTHETIC EMERGENCY V2X
EMG-EVT-009478,AMB-07,AMBULANCE,11.7,0.21,23,57.0,39.9,15.1,24.8,CRITICAL,1,SYNTHETIC EMERGENCY V2X
EMG-EVT-009479,AMB-06,AMBULANCE,12.7,0.21,24,55.6,42.5,16.3,26.2,CRITICAL,1,SYNTHETIC EMERGENCY V2X
EMG-EVT-009480,AMB-16,AMBULANCE,10.6,0.85,20,18.1,59.1,13.6,45.5,CRITICAL,1,SYNTHETIC EMERGENCY V2X
EMG-EVT-009481,FIRE-08,FIRE_TRUCK,10.5,0.88,21,18.2,59.8,13.6,46.2,CRITICAL,1,SYNTHETIC EMERGENCY V2X
EMG-EVT-009482,AMB-11,AMBULANCE,5.7,0.71,12,26.2,27.5,7.4,20.1,CRITICAL,1,SYNTHETIC EMERGENCY V2X
EMG-EVT-009483,POL-04,POLICE,5.2,0.64,10,36.8,20.5,6.7,13.8,CRITICAL,1,SYNTHETIC EMERGENCY V2X
EMG-EVT-009484,FIRE-09,FIRE_TRUCK,3.3,0.71,5,33.5,11.9,4.1,7.8,HIGH,1,SYNTHETIC EMERGENCY V2X
EMG-EVT-009485,AMB-17,AMBULANCE,6.9,0.65,15,34.7,29.9,9.0,20.9,CRITICAL,1,SYNTHETIC EMERGENCY V2X
EMG-EVT-009486,POL-04,POLICE,5.0,0.37,9,50.7,16.7,6.4,10.3,CRITICAL,1,SYNTHETIC EMERGENCY V2X
EMG-EVT-009487,AMB-12,AMBULANCE,5.0,0.96,12,12.5,38.4,6.7,31.7,CRITICAL,1,SYNTHETIC EMERGENCY V2X
EMG-EVT-009488,AMB-12,AMBULANCE,3.4,0.48,8,40.7,14.6,4.5,10.1,CRITICAL,1,SYNTHETIC EMERGENCY V2X
EMG-EVT-009489,AMB-08,AMBULANCE,8.2,0.33,14,51.5,26.4,10.3,16.1,CRITICAL,1,SYNTHETIC EMERGENCY V2X
EMG-EVT-009490,AMB-10,AMBULANCE,6.3,0.26,11,53.3,20.3,8.0,12.3,CRITICAL,1,SYNTHETIC EMERGENCY V2X
EMG-EVT-009491,AMB-10,AMBULANCE,8.8,0.36,16,53.5,29.1,11.2,17.9,CRITICAL,1,SYNTHETIC EMERGENCY V2X
EMG-EVT-009492,FIRE-05,FIRE_TRUCK,15.3,0.47,30,41.7,58.0,19.7,38.3,CRITICAL,1,SYNTHETIC EMERGENCY V2X
EMG-EVT-009493,POL-05,POLICE,12.4,0.81,25,19.5,68.2,16.0,52.2,CRITICAL,1,SYNTHETIC EMERGENCY V2X
EMG-EVT-009494,POL-05,POLICE,7.9,0.32,17,48.2,30.2,10.3,19.9,CRITICAL,1,SYNTHETIC EMERGENCY V2X
EMG-EVT-009495,POL-03,POLICE,5.3,0.22,9,58.8,16.2,6.7,9.5,CRITICAL,1,SYNTHETIC EMERGENCY V2X
EMG-EVT-009496,AMB-01,AMBULANCE,12.9,0.44,23,44.0,45.2,16.4,28.8,CRITICAL,1,SYNTHETIC EMERGENCY V2X
EMG-EVT-009497,POL-06,POLICE,8.9,0.36,18,51.6,31.9,11.5,20.4,CRITICAL,1,SYNTHETIC EMERGENCY V2X
EMG-EVT-009498,AMB-19,AMBULANCE,14.3,0.64,25,31.0,57.7,18.1,39.6,CRITICAL,1,SYNTHETIC EMERGENCY V2X
EMG-EVT-009499,AMB-11,AMBULANCE,5.0,0.28,12,59.7,19.4,6.7,12.7,CRITICAL,1,SYNTHETIC EMERGENCY V2X
EMG-EVT-009500,POL-04,POLICE,1.7,0.8,5,19.4,11.3,2.4,8.9,HIGH,1,SYNTHETIC EMERGENCY V2X
EMG-EVT-009501,AMB-15,AMBULANCE,7.4,0.4,15,48.9,27.1,9.6,17.5,CRITICAL,1,SYNTHETIC EMERGENCY V2X
EMG-EVT-009502,AMB-04,AMBULANCE,13.8,0.73,24,30.3,56.1,17.5,38.6,CRITICAL,1,SYNTHETIC EMERGENCY V2X
EMG-EVT-009503,POL-10,POLICE,6.9,0.51,13,40.0,26.0,8.8,17.2,CRITICAL,1,SYNTHETIC EMERGENCY V2X
EMG-EVT-009504,AMB-01,AMBULANCE,2.7,0.84,7,20.9,16.2,3.6,12.6,CRITICAL,1,SYNTHETIC EMERGENCY V2X
EMG-EVT-009505,FIRE-10,FIRE_TRUCK,14.0,0.71,25,29.1,58.9,17.8,41.1,CRITICAL,1,SYNTHETIC EMERGENCY V2X
EMG-EVT-009506,AMB-06,AMBULANCE,7.2,0.7,12,26.2,30.9,9.1,21.8,CRITICAL,1,SYNTHETIC EMERGENCY V2X
EMG-EVT-009507,AMB-02,AMBULANCE,6.2,0.96,12,11.9,45.7,8.0,37.7,CRITICAL,1,SYNTHETIC EMERGENCY V2X
EMG-EVT-009508,AMB-19,AMBULANCE,15.0,0.85,30,18.7,84.1,19.4,64.7,CRITICAL,1,SYNTHETIC EMERGENCY V2X
EMG-EVT-009509,AMB-20,AMBULANCE,3.9,0.41,9,44.6,16.0,5.2,10.8,CRITICAL,1,SYNTHETIC EMERGENCY V2X
EMG-EVT-009510,FIRE-03,FIRE_TRUCK,7.8,0.83,14,20.2,40.0,9.9,30.1,CRITICAL,1,SYNTHETIC EMERGENCY V2X
EMG-EVT-009511,POL-03,POLICE,3.3,0.23,8,55.5,13.2,4.4,8.8,CRITICAL,1,SYNTHETIC EMERGENCY V2X
EMG-EVT-009512,AMB-12,AMBULANCE,3.6,0.41,6,47.4,11.8,4.5,7.3,CRITICAL,1,SYNTHETIC EMERGENCY V2X
EMG-EVT-009513,AMB-17,AMBULANCE,3.4,0.93,8,18.8,20.5,4.5,16.0,CRITICAL,1,SYNTHETIC EMERGENCY V2X
EMG-EVT-009514,AMB-20,AMBULANCE,11.7,0.81,22,25.3,54.1,15.0,39.1,CRITICAL,1,SYNTHETIC EMERGENCY V2X
EMG-EVT-009515,AMB-03,AMBULANCE,1.7,0.92,4,14.2,12.0,2.3,9.7,CRITICAL,1,SYNTHETIC EMERGENCY V2X
EMG-EVT-009516,AMB-06,AMBULANCE,8.6,0.45,15,40.3,30.8,10.9,19.9,CRITICAL,1,SYNTHETIC EMERGENCY V2X
EMG-EVT-009517,AMB-13,AMBULANCE,12.7,0.27,25,57.5,43.3,16.4,26.9,CRITICAL,1,SYNTHETIC EMERGENCY V2X
EMG-EVT-009518,FIRE-01,FIRE_TRUCK,9.4,0.86,18,16.9,55.0,12.1,42.9,CRITICAL,1,SYNTHETIC EMERGENCY V2X
EMG-EVT-009519,POL-03,POLICE,9.9,0.66,19,27.4,44.5,12.7,31.8,CRITICAL,1,SYNTHETIC EMERGENCY V2X
EMG-EVT-009520,AMB-15,AMBULANCE,15.9,0.3,28,54.4,51.1,20.1,31.0,CRITICAL,1,SYNTHETIC EMERGENCY V2X
EMG-EVT-009521,AMB-15,AMBULANCE,4.9,0.3,9,49.6,16.7,6.2,10.5,CRITICAL,1,SYNTHETIC EMERGENCY V2X
EMG-EVT-009522,AMB-15,AMBULANCE,7.2,0.47,15,44.2,27.8,9.4,18.4,CRITICAL,1,SYNTHETIC EMERGENCY V2X
EMG-EVT-009523,AMB-17,AMBULANCE,5.1,0.96,9,12.9,34.5,6.5,28.0,CRITICAL,1,SYNTHETIC EMERGENCY V2X
EMG-EVT-009524,AMB-16,AMBULANCE,11.0,0.39,19,50.3,35.9,13.9,22.0,CRITICAL,1,SYNTHETIC EMERGENCY V2X
EMG-EVT-009525,AMB-04,AMBULANCE,9.7,0.56,18,40.9,35.8,12.4,23.4,CRITICAL,1,SYNTHETIC EMERGENCY V2X
EMG-EVT-009526,AMB-17,AMBULANCE,3.0,0.71,8,32.7,15.1,4.1,11.0,CRITICAL,1,SYNTHETIC EMERGENCY V2X
EMG-EVT-009527,AMB-10,AMBULANCE,8.0,0.58,17,34.9,34.2,10.4,23.8,CRITICAL,1,SYNTHETIC EMERGENCY V2X
EMG-EVT-009528,AMB-13,AMBULANCE,9.4,0.46,18,47.8,33.4,12.1,21.3,CRITICAL,1,SYNTHETIC EMERGENCY V2X
EMG-EVT-009529,AMB-14,AMBULANCE,4.1,0.5,9,37.8,17.3,5.4,11.9,CRITICAL,1,SYNTHETIC EMERGENCY V2X
EMG-EVT-009530,FIRE-08,FIRE_TRUCK,11.5,0.85,23,19.3,63.4,14.8,48.6,CRITICAL,1,SYNTHETIC EMERGENCY V2X
EMG-EVT-009531,FIRE-09,FIRE_TRUCK,3.2,0.63,6,34.8,12.7,4.1,8.6,CRITICAL,1,SYNTHETIC EMERGENCY V2X
EMG-EVT-009532,AMB-13,AMBULANCE,6.1,0.8,12,24.8,29.2,7.9,21.3,CRITICAL,1,SYNTHETIC EMERGENCY V2X
EMG-EVT-009533,AMB-15,AMBULANCE,2.8,0.39,5,44.0,9.8,3.6,6.2,CRITICAL,1,SYNTHETIC EMERGENCY V2X
EMG-EVT-009534,POL-09,POLICE,3.0,0.44,8,46.2,13.5,4.1,9.4,CRITICAL,1,SYNTHETIC EMERGENCY V2X
EMG-EVT-009535,AMB-02,AMBULANCE,4.3,0.59,9,34.2,18.3,5.6,12.7,CRITICAL,1,SYNTHETIC EMERGENCY V2X
EMG-EVT-009536,AMB-16,AMBULANCE,8.0,0.74,15,23.3,38.6,10.2,28.4,CRITICAL,1,SYNTHETIC EMERGENCY V2X
EMG-EVT-009537,AMB-10,AMBULANCE,13.0,0.25,26,54.8,45.4,16.8,28.6,CRITICAL,1,SYNTHETIC EMERGENCY V2X
EMG-EVT-009538,AMB-16,AMBULANCE,3.8,0.71,8,29.9,17.2,4.9,12.3,CRITICAL,1,SYNTHETIC EMERGENCY V2X
EMG-EVT-009539,FIRE-02,FIRE_TRUCK,3.0,0.68,7,29.8,14.4,4.0,10.4,CRITICAL,1,SYNTHETIC EMERGENCY V2X
EMG-EVT-009540,AMB-08,AMBULANCE,14.7,0.54,28,43.1,54.1,18.8,35.3,CRITICAL,1,SYNTHETIC EMERGENCY V2X
EMG-EVT-009541,AMB-19,AMBULANCE,7.1,0.83,15,20.4,38.9,9.2,29.7,CRITICAL,1,SYNTHETIC EMERGENCY V2X
EMG-EVT-009542,AMB-01,AMBULANCE,14.0,0.21,28,63.8,46.8,18.1,28.7,CRITICAL,1,SYNTHETIC EMERGENCY V2X
EMG-EVT-009543,AMB-13,AMBULANCE,5.2,0.26,9,55.3,16.4,6.6,9.8,CRITICAL,1,SYNTHETIC EMERGENCY V2X
EMG-EVT-009544,AMB-19,AMBULANCE,15.5,0.46,27,40.8,55.2,19.6,35.6,CRITICAL,1,SYNTHETIC EMERGENCY V2X
EMG-EVT-009545,AMB-15,AMBULANCE,5.4,0.65,11,34.4,22.6,7.0,15.6,CRITICAL,1,SYNTHETIC EMERGENCY V2X
EMG-EVT-009546,AMB-04,AMBULANCE,6.2,0.84,11,25.2,28.0,7.9,20.1,CRITICAL,1,SYNTHETIC EMERGENCY V2X
EMG-EVT-009547,AMB-01,AMBULANCE,13.8,0.83,24,23.1,64.6,17.5,47.1,CRITICAL,1,SYNTHETIC EMERGENCY V2X
EMG-EVT-009548,FIRE-02,FIRE_TRUCK,14.4,0.74,27,28.7,62.5,18.4,44.1,CRITICAL,1,SYNTHETIC EMERGENCY V2X
EMG-EVT-009549,AMB-08,AMBULANCE,6.0,0.8,10,23.3,27.5,7.5,20.0,CRITICAL,1,SYNTHETIC EMERGENCY V2X
EMG-EVT-009550,AMB-20,AMBULANCE,12.9,0.4,23,53.0,42.2,16.4,25.8,CRITICAL,1,SYNTHETIC EMERGENCY V2X
EMG-EVT-009551,AMB-08,AMBULANCE,7.8,0.64,15,37.2,30.6,10.0,20.6,CRITICAL,1,SYNTHETIC EMERGENCY V2X
EMG-EVT-009552,AMB-19,AMBULANCE,2.2,0.71,4,33.1,8.8,2.8,6.0,CRITICAL,1,SYNTHETIC EMERGENCY V2X
EMG-EVT-009553,AMB-05,AMBULANCE,4.5,0.92,11,16.6,29.5,6.0,23.5,CRITICAL,1,SYNTHETIC EMERGENCY V2X
EMG-EVT-009554,FIRE-05,FIRE_TRUCK,10.5,0.42,18,42.4,36.5,13.3,23.2,CRITICAL,1,SYNTHETIC EMERGENCY V2X
EMG-EVT-009555,AMB-10,AMBULANCE,12.5,0.29,23,57.4,40.7,15.9,24.8,CRITICAL,1,SYNTHETIC EMERGENCY V2X
EMG-EVT-009556,AMB-08,AMBULANCE,7.8,0.22,15,55.7,26.4,10.0,16.4,CRITICAL,1,SYNTHETIC EMERGENCY V2X
EMG-EVT-009557,AMB-02,AMBULANCE,2.3,0.94,7,17.6,16.2,3.2,13.0,CRITICAL,1,SYNTHETIC EMERGENCY V2X
EMG-EVT-009558,AMB-18,AMBULANCE,15.7,0.94,29,15.8,94.4,20.0,74.4,CRITICAL,1,SYNTHETIC EMERGENCY V2X
EMG-EVT-009559,AMB-14,AMBULANCE,7.1,0.88,12,14.8,43.2,8.9,34.3,CRITICAL,1,SYNTHETIC EMERGENCY V2X
EMG-EVT-009560,AMB-11,AMBULANCE,1.8,0.44,4,49.5,7.0,2.4,4.6,CRITICAL,1,SYNTHETIC EMERGENCY V2X
EMG-EVT-009561,AMB-10,AMBULANCE,10.2,0.41,19,47.1,35.8,13.0,22.8,CRITICAL,1,SYNTHETIC EMERGENCY V2X
EMG-EVT-009562,FIRE-06,FIRE_TRUCK,9.1,0.82,17,21.0,46.4,11.6,34.8,CRITICAL,1,SYNTHETIC EMERGENCY V2X
EMG-EVT-009563,AMB-05,AMBULANCE,10.7,0.91,22,15.1,68.9,13.9,55.0,CRITICAL,1,SYNTHETIC EMERGENCY V2X
EMG-EVT-009564,AMB-17,AMBULANCE,14.2,0.44,28,40.7,54.5,18.3,36.2,CRITICAL,1,SYNTHETIC EMERGENCY V2X
EMG-EVT-009565,AMB-01,AMBULANCE,11.2,0.51,23,41.7,43.7,14.5,29.2,CRITICAL,1,SYNTHETIC EMERGENCY V2X
EMG-EVT-009566,AMB-13,AMBULANCE,5.6,0.97,10,16.5,32.4,7.1,25.3,CRITICAL,1,SYNTHETIC EMERGENCY V2X
EMG-EVT-009567,AMB-10,AMBULANCE,12.3,0.36,25,52.4,44.1,15.9,28.2,CRITICAL,1,SYNTHETIC EMERGENCY V2X
EMG-EVT-009568,AMB-09,AMBULANCE,11.1,0.57,22,35.6,45.1,14.3,30.8,CRITICAL,1,SYNTHETIC EMERGENCY V2X
EMG-EVT-009569,AMB-20,AMBULANCE,12.5,0.38,23,44.4,44.5,15.9,28.6,CRITICAL,1,SYNTHETIC EMERGENCY V2X
EMG-EVT-009570,AMB-13,AMBULANCE,2.9,0.29,8,55.0,12.8,4.0,8.8,CRITICAL,1,SYNTHETIC EMERGENCY V2X
EMG-EVT-009571,FIRE-05,FIRE_TRUCK,6.0,0.38,12,47.4,22.0,7.7,14.3,CRITICAL,1,SYNTHETIC EMERGENCY V2X
EMG-EVT-009572,AMB-16,AMBULANCE,11.2,0.69,21,34.6,44.6,14.3,30.3,CRITICAL,1,SYNTHETIC EMERGENCY V2X
EMG-EVT-009573,AMB-04,AMBULANCE,11.9,0.33,22,55.4,39.3,15.2,24.1,CRITICAL,1,SYNTHETIC EMERGENCY V2X
EMG-EVT-009574,FIRE-01,FIRE_TRUCK,7.8,0.38,15,52.9,26.8,10.0,16.8,CRITICAL,1,SYNTHETIC EMERGENCY V2X
EMG-EVT-009575,FIRE-06,FIRE_TRUCK,8.7,0.63,18,36.7,35.8,11.3,24.5,CRITICAL,1,SYNTHETIC EMERGENCY V2X
EMG-EVT-009576,AMB-14,AMBULANCE,8.6,0.61,15,39.9,30.9,10.9,20.0,CRITICAL,1,SYNTHETIC EMERGENCY V2X
EMG-EVT-009577,AMB-18,AMBULANCE,13.8,0.24,24,62.0,42.2,17.5,24.7,CRITICAL,1,SYNTHETIC EMERGENCY V2X
EMG-EVT-009578,AMB-10,AMBULANCE,2.2,0.81,4,21.7,10.9,2.8,8.1,CRITICAL,1,SYNTHETIC EMERGENCY V2X
EMG-EVT-009579,POL-07,POLICE,1.8,0.52,5,42.8,8.5,2.5,6.0,HIGH,1,SYNTHETIC EMERGENCY V2X
EMG-EVT-009580,AMB-05,AMBULANCE,4.5,0.54,10,34.7,19.8,5.9,13.9,CRITICAL,1,SYNTHETIC EMERGENCY V2X
EMG-EVT-009581,AMB-03,AMBULANCE,8.9,0.81,18,24.4,43.5,11.5,32.0,CRITICAL,1,SYNTHETIC EMERGENCY V2X
EMG-EVT-009582,FIRE-09,FIRE_TRUCK,11.2,0.23,22,57.5,38.1,14.4,23.7,CRITICAL,1,SYNTHETIC EMERGENCY V2X
EMG-EVT-009583,FIRE-03,FIRE_TRUCK,7.2,0.53,15,41.8,28.3,9.4,18.9,CRITICAL,1,SYNTHETIC EMERGENCY V2X
EMG-EVT-009584,FIRE-01,FIRE_TRUCK,13.7,0.29,24,50.5,45.1,17.3,27.8,CRITICAL,1,SYNTHETIC EMERGENCY V2X
EMG-EVT-009585,AMB-13,AMBULANCE,7.1,0.74,12,27.9,29.7,8.9,20.8,CRITICAL,1,SYNTHETIC EMERGENCY V2X
EMG-EVT-009586,AMB-09,AMBULANCE,12.9,0.46,25,41.8,48.5,16.6,31.9,CRITICAL,1,SYNTHETIC EMERGENCY V2X
EMG-EVT-009587,AMB-07,AMBULANCE,3.8,0.68,9,34.5,17.4,5.0,12.4,CRITICAL,1,SYNTHETIC EMERGENCY V2X
EMG-EVT-009588,FIRE-05,FIRE_TRUCK,8.9,0.37,18,49.0,32.5,11.5,21.0,CRITICAL,1,SYNTHETIC EMERGENCY V2X
EMG-EVT-009589,AMB-06,AMBULANCE,6.8,0.71,14,31.8,29.6,8.8,20.8,CRITICAL,1,SYNTHETIC EMERGENCY V2X
EMG-EVT-009590,FIRE-02,FIRE_TRUCK,2.1,0.34,6,53.1,9.6,2.9,6.7,HIGH,1,SYNTHETIC EMERGENCY V2X
EMG-EVT-009591,AMB-13,AMBULANCE,1.8,0.82,4,24.2,9.3,2.4,6.9,CRITICAL,1,SYNTHETIC EMERGENCY V2X
EMG-EVT-009592,AMB-08,AMBULANCE,15.6,0.22,29,59.9,50.4,19.9,30.5,CRITICAL,1,SYNTHETIC EMERGENCY V2X
EMG-EVT-009593,AMB-10,AMBULANCE,5.4,0.22,11,58.0,18.8,7.0,11.8,CRITICAL,1,SYNTHETIC EMERGENCY V2X
EMG-EVT-009594,AMB-11,AMBULANCE,3.6,0.41,6,46.6,11.8,4.5,7.3,CRITICAL,1,SYNTHETIC EMERGENCY V2X
EMG-EVT-009595,AMB-19,AMBULANCE,15.7,0.61,30,30.8,66.6,20.1,46.5,CRITICAL,1,SYNTHETIC EMERGENCY V2X
EMG-EVT-009596,POL-01,POLICE,8.0,0.48,14,41.8,28.3,10.1,18.2,CRITICAL,1,SYNTHETIC EMERGENCY V2X
EMG-EVT-009597,FIRE-01,FIRE_TRUCK,8.2,0.77,14,27.0,35.0,10.3,24.7,CRITICAL,1,SYNTHETIC EMERGENCY V2X
EMG-EVT-009598,AMB-10,AMBULANCE,5.2,0.65,9,32.3,20.5,6.6,13.9,CRITICAL,1,SYNTHETIC EMERGENCY V2X
EMG-EVT-009599,AMB-09,AMBULANCE,5.9,0.38,12,44.5,22.4,7.6,14.8,CRITICAL,1,SYNTHETIC EMERGENCY V2X
EMG-EVT-009600,POL-02,POLICE,6.6,0.74,14,28.4,30.7,8.6,22.1,CRITICAL,1,SYNTHETIC EMERGENCY V2X
EMG-EVT-009601,FIRE-06,FIRE_TRUCK,5.8,0.83,10,20.0,29.4,7.3,22.1,CRITICAL,1,SYNTHETIC EMERGENCY V2X
EMG-EVT-009602,AMB-01,AMBULANCE,8.1,0.53,16,40.7,31.1,10.4,20.7,CRITICAL,1,SYNTHETIC EMERGENCY V2X
EMG-EVT-009603,FIRE-01,FIRE_TRUCK,14.3,0.91,26,17.3,80.8,18.2,62.6,CRITICAL,1,SYNTHETIC EMERGENCY V2X
EMG-EVT-009604,FIRE-07,FIRE_TRUCK,14.6,0.91,29,19.9,78.8,18.8,60.0,CRITICAL,1,SYNTHETIC EMERGENCY V2X
EMG-EVT-009605,AMB-03,AMBULANCE,5.2,0.32,10,54.6,17.7,6.7,11.0,CRITICAL,1,SYNTHETIC EMERGENCY V2X
EMG-EVT-009606,AMB-09,AMBULANCE,3.8,0.34,8,47.8,14.4,4.9,9.5,CRITICAL,1,SYNTHETIC EMERGENCY V2X
EMG-EVT-009607,FIRE-03,FIRE_TRUCK,14.0,0.26,28,53.6,49.3,18.1,31.2,CRITICAL,1,SYNTHETIC EMERGENCY V2X
EMG-EVT-009608,AMB-17,AMBULANCE,4.0,0.94,10,11.9,32.2,5.4,26.8,CRITICAL,1,SYNTHETIC EMERGENCY V2X
EMG-EVT-009609,AMB-06,AMBULANCE,5.5,0.87,12,15.1,36.3,7.2,29.1,CRITICAL,1,SYNTHETIC EMERGENCY V2X
EMG-EVT-009610,FIRE-05,FIRE_TRUCK,13.0,0.72,25,27.7,58.2,16.7,41.5,CRITICAL,1,SYNTHETIC EMERGENCY V2X
EMG-EVT-009611,POL-03,POLICE,7.4,0.87,13,19.7,38.1,9.4,28.7,CRITICAL,1,SYNTHETIC EMERGENCY V2X
EMG-EVT-009612,AMB-13,AMBULANCE,14.7,0.86,27,25.3,67.3,18.7,48.6,CRITICAL,1,SYNTHETIC EMERGENCY V2X
EMG-EVT-009613,AMB-19,AMBULANCE,11.1,0.89,21,14.6,70.8,14.2,56.6,CRITICAL,1,SYNTHETIC EMERGENCY V2X
EMG-EVT-009614,AMB-17,AMBULANCE,5.4,0.76,11,28.6,24.5,7.0,17.5,CRITICAL,1,SYNTHETIC EMERGENCY V2X
EMG-EVT-009615,AMB-05,AMBULANCE,7.1,0.72,15,24.3,35.5,9.2,26.3,CRITICAL,1,SYNTHETIC EMERGENCY V2X
EMG-EVT-009616,AMB-01,AMBULANCE,2.3,0.84,4,21.9,11.1,2.9,8.2,CRITICAL,1,SYNTHETIC EMERGENCY V2X
EMG-EVT-009617,AMB-02,AMBULANCE,5.8,0.8,10,22.2,27.7,7.3,20.4,CRITICAL,1,SYNTHETIC EMERGENCY V2X
EMG-EVT-009618,AMB-20,AMBULANCE,15.2,0.25,27,59.4,47.8,19.3,28.5,CRITICAL,1,SYNTHETIC EMERGENCY V2X
EMG-EVT-009619,AMB-17,AMBULANCE,6.9,0.83,12,26.9,29.8,8.7,21.1,CRITICAL,1,SYNTHETIC EMERGENCY V2X
EMG-EVT-009620,AMB-01,AMBULANCE,9.3,0.43,16,45.0,31.6,11.7,19.9,CRITICAL,1,SYNTHETIC EMERGENCY V2X
EMG-EVT-009621,AMB-18,AMBULANCE,8.7,0.94,16,19.6,45.8,11.1,34.7,CRITICAL,1,SYNTHETIC EMERGENCY V2X
EMG-EVT-009622,FIRE-01,FIRE_TRUCK,10.7,0.83,19,19.6,55.6,13.6,42.0,CRITICAL,1,SYNTHETIC EMERGENCY V2X
EMG-EVT-009623,AMB-01,AMBULANCE,11.6,0.48,22,39.2,44.2,14.9,29.3,CRITICAL,1,SYNTHETIC EMERGENCY V2X
EMG-EVT-009624,FIRE-09,FIRE_TRUCK,4.4,0.96,8,16.1,26.0,5.6,20.4,CRITICAL,1,SYNTHETIC EMERGENCY V2X
EMG-EVT-009625,AMB-14,AMBULANCE,5.5,0.96,11,14.2,36.4,7.1,29.3,CRITICAL,1,SYNTHETIC EMERGENCY V2X
EMG-EVT-009626,FIRE-09,FIRE_TRUCK,11.6,0.97,20,13.0,77.5,14.7,62.8,CRITICAL,1,SYNTHETIC EMERGENCY V2X
EMG-EVT-009627,AMB-15,AMBULANCE,6.4,0.9,12,17.7,36.1,8.2,27.9,CRITICAL,1,SYNTHETIC EMERGENCY V2X
EMG-EVT-009628,AMB-01,AMBULANCE,15.8,0.27,29,55.7,51.8,20.1,31.7,CRITICAL,1,SYNTHETIC EMERGENCY V2X
EMG-EVT-009629,AMB-11,AMBULANCE,7.5,0.6,13,32.6,29.4,9.5,19.9,CRITICAL,1,SYNTHETIC EMERGENCY V2X
EMG-EVT-009630,AMB-20,AMBULANCE,6.0,0.53,12,44.9,22.4,7.7,14.7,CRITICAL,1,SYNTHETIC EMERGENCY V2X
EMG-EVT-009631,AMB-03,AMBULANCE,12.2,0.75,22,31.7,49.5,15.5,34.0,CRITICAL,1,SYNTHETIC EMERGENCY V2X
EMG-EVT-009632,AMB-14,AMBULANCE,8.8,0.88,16,22.8,42.4,11.2,31.2,CRITICAL,1,SYNTHETIC EMERGENCY V2X
EMG-EVT-009633,AMB-13,AMBULANCE,15.7,0.42,30,44.7,57.1,20.1,37.0,CRITICAL,1,SYNTHETIC EMERGENCY V2X
EMG-EVT-009634,AMB-13,AMBULANCE,5.6,0.71,11,30.6,24.2,7.2,17.0,CRITICAL,1,SYNTHETIC EMERGENCY V2X
EMG-EVT-009635,AMB-14,AMBULANCE,15.8,0.47,31,47.4,57.2,20.3,36.9,CRITICAL,1,SYNTHETIC EMERGENCY V2X
EMG-EVT-009636,FIRE-08,FIRE_TRUCK,8.7,0.42,17,44.6,32.1,11.2,20.9,CRITICAL,1,SYNTHETIC EMERGENCY V2X
EMG-EVT-009637,AMB-15,AMBULANCE,7.7,0.5,15,44.3,28.4,9.9,18.5,CRITICAL,1,SYNTHETIC EMERGENCY V2X
EMG-EVT-009638,POL-04,POLICE,11.6,0.93,22,11.5,86.9,14.9,72.0,CRITICAL,1,SYNTHETIC EMERGENCY V2X
EMG-EVT-009639,FIRE-07,FIRE_TRUCK,12.3,0.33,25,54.3,43.6,15.9,27.7,CRITICAL,1,SYNTHETIC EMERGENCY V2X
EMG-EVT-009640,AMB-13,AMBULANCE,9.6,0.23,20,61.8,33.3,12.5,20.8,CRITICAL,1,SYNTHETIC EMERGENCY V2X
EMG-EVT-009641,AMB-05,AMBULANCE,14.8,0.75,26,28.2,62.7,18.7,44.0,CRITICAL,1,SYNTHETIC EMERGENCY V2X
EMG-EVT-009642,AMB-13,AMBULANCE,3.3,0.31,7,54.5,12.0,4.3,7.7,CRITICAL,1,SYNTHETIC EMERGENCY V2X
EMG-EVT-009643,AMB-13,AMBULANCE,13.8,0.4,25,48.5,47.1,17.6,29.5,CRITICAL,1,SYNTHETIC EMERGENCY V2X
EMG-EVT-009644,FIRE-04,FIRE_TRUCK,6.7,0.24,14,61.7,23.3,8.7,14.6,CRITICAL,1,SYNTHETIC EMERGENCY V2X
EMG-EVT-009645,AMB-13,AMBULANCE,4.3,0.49,8,39.1,16.2,5.5,10.7,CRITICAL,1,SYNTHETIC EMERGENCY V2X
EMG-EVT-009646,AMB-15,AMBULANCE,10.2,0.64,19,34.9,40.3,13.0,27.3,CRITICAL,1,SYNTHETIC EMERGENCY V2X
EMG-EVT-009647,AMB-06,AMBULANCE,14.6,0.22,28,63.2,47.5,18.7,28.8,CRITICAL,1,SYNTHETIC EMERGENCY V2X
EMG-EVT-009648,AMB-01,AMBULANCE,12.1,0.7,23,27.0,54.5,15.5,39.0,CRITICAL,1,SYNTHETIC EMERGENCY V2X
EMG-EVT-009649,AMB-07,AMBULANCE,4.5,0.79,8,21.6,22.1,5.7,16.4,CRITICAL,1,SYNTHETIC EMERGENCY V2X
EMG-EVT-009650,AMB-11,AMBULANCE,14.6,0.7,29,25.3,69.4,18.8,50.6,CRITICAL,1,SYNTHETIC EMERGENCY V2X
EMG-EVT-009651,AMB-06,AMBULANCE,4.6,0.45,11,41.8,19.8,6.1,13.7,CRITICAL,1,SYNTHETIC EMERGENCY V2X
EMG-EVT-009652,AMB-06,AMBULANCE,5.8,0.95,11,11.7,42.9,7.4,35.5,CRITICAL,1,SYNTHETIC EMERGENCY V2X
EMG-EVT-009653,AMB-19,AMBULANCE,14.0,0.47,26,45.7,49.6,17.9,31.7,CRITICAL,1,SYNTHETIC EMERGENCY V2X
EMG-EVT-009654,AMB-06,AMBULANCE,15.9,0.34,28,53.8,51.3,20.1,31.2,CRITICAL,1,SYNTHETIC EMERGENCY V2X
EMG-EVT-009655,AMB-20,AMBULANCE,7.3,0.33,15,56.1,25.8,9.5,16.3,CRITICAL,1,SYNTHETIC EMERGENCY V2X
EMG-EVT-009656,POL-03,POLICE,11.8,0.8,21,25.8,52.6,15.0,37.6,CRITICAL,1,SYNTHETIC EMERGENCY V2X
EMG-EVT-009657,AMB-05,AMBULANCE,1.8,0.38,4,44.9,7.2,2.4,4.8,CRITICAL,1,SYNTHETIC EMERGENCY V2X
EMG-EVT-009658,AMB-07,AMBULANCE,15.1,0.36,27,55.0,48.9,19.2,29.7,CRITICAL,1,SYNTHETIC EMERGENCY V2X
EMG-EVT-009659,AMB-11,AMBULANCE,8.7,0.72,17,24.4,41.8,11.2,30.6,CRITICAL,1,SYNTHETIC EMERGENCY V2X
EMG-EVT-009660,FIRE-05,FIRE_TRUCK,11.0,0.48,22,47.1,40.4,14.2,26.2,CRITICAL,1,SYNTHETIC EMERGENCY V2X
EMG-EVT-009661,AMB-13,AMBULANCE,2.6,0.63,7,36.4,12.7,3.5,9.2,CRITICAL,1,SYNTHETIC EMERGENCY V2X
EMG-EVT-009662,AMB-06,AMBULANCE,3.6,0.27,8,54.6,13.6,4.7,8.9,CRITICAL,1,SYNTHETIC EMERGENCY V2X
EMG-EVT-009663,AMB-09,AMBULANCE,9.1,0.54,18,37.0,36.4,11.7,24.7,CRITICAL,1,SYNTHETIC EMERGENCY V2X
EMG-EVT-009664,FIRE-10,FIRE_TRUCK,3.6,0.45,9,40.4,16.1,4.8,11.3,CRITICAL,1,SYNTHETIC EMERGENCY V2X
EMG-EVT-009665,AMB-18,AMBULANCE,11.4,0.67,20,30.5,46.4,14.4,32.0,CRITICAL,1,SYNTHETIC EMERGENCY V2X
EMG-EVT-009666,AMB-16,AMBULANCE,3.9,0.86,10,19.3,24.1,5.3,18.8,CRITICAL,1,SYNTHETIC EMERGENCY V2X
EMG-EVT-009667,POL-01,POLICE,10.0,0.28,21,53.3,36.5,13.0,23.5,CRITICAL,1,SYNTHETIC EMERGENCY V2X
EMG-EVT-009668,AMB-05,AMBULANCE,8.2,0.42,16,47.9,29.5,10.5,19.0,CRITICAL,1,SYNTHETIC EMERGENCY V2X
EMG-EVT-009669,AMB-13,AMBULANCE,14.7,0.84,28,17.0,85.5,18.8,66.7,CRITICAL,1,SYNTHETIC EMERGENCY V2X
EMG-EVT-009670,AMB-11,AMBULANCE,8.7,0.54,18,40.5,34.5,11.3,23.2,CRITICAL,1,SYNTHETIC EMERGENCY V2X
EMG-EVT-009671,FIRE-02,FIRE_TRUCK,7.4,0.43,16,42.1,29.7,9.7,20.0,CRITICAL,1,SYNTHETIC EMERGENCY V2X
EMG-EVT-009672,FIRE-06,FIRE_TRUCK,5.3,0.51,9,42.7,18.2,6.7,11.5,CRITICAL,1,SYNTHETIC EMERGENCY V2X
EMG-EVT-009673,AMB-01,AMBULANCE,3.8,0.82,7,19.9,19.9,4.8,15.1,CRITICAL,1,SYNTHETIC EMERGENCY V2X
EMG-EVT-009674,POL-03,POLICE,7.7,0.86,16,15.4,49.2,10.0,39.2,CRITICAL,1,SYNTHETIC EMERGENCY V2X
EMG-EVT-009675,FIRE-06,FIRE_TRUCK,7.5,0.61,15,33.4,31.5,9.7,21.8,CRITICAL,1,SYNTHETIC EMERGENCY V2X
EMG-EVT-009676,FIRE-08,FIRE_TRUCK,7.0,0.26,15,56.4,25.4,9.1,16.3,CRITICAL,1,SYNTHETIC EMERGENCY V2X
EMG-EVT-009677,AMB-09,AMBULANCE,3.0,0.36,8,51.1,13.1,4.1,9.0,CRITICAL,1,SYNTHETIC EMERGENCY V2X
EMG-EVT-009678,AMB-03,AMBULANCE,4.8,0.92,11,12.2,36.8,6.3,30.5,CRITICAL,1,SYNTHETIC EMERGENCY V2X
EMG-EVT-009679,AMB-09,AMBULANCE,12.2,0.91,21,14.2,76.7,15.4,61.3,CRITICAL,1,SYNTHETIC EMERGENCY V2X
EMG-EVT-009680,AMB-04,AMBULANCE,14.5,0.36,27,53.1,48.8,18.5,30.3,CRITICAL,1,SYNTHETIC EMERGENCY V2X
EMG-EVT-009681,AMB-03,AMBULANCE,12.9,0.35,25,51.3,45.1,16.6,28.5,CRITICAL,1,SYNTHETIC EMERGENCY V2X
EMG-EVT-009682,AMB-14,AMBULANCE,7.5,0.73,14,30.0,31.8,9.6,22.2,CRITICAL,1,SYNTHETIC EMERGENCY V2X
EMG-EVT-009683,AMB-13,AMBULANCE,4.5,0.91,10,17.5,27.4,5.9,21.5,CRITICAL,1,SYNTHETIC EMERGENCY V2X
EMG-EVT-009684,AMB-03,AMBULANCE,7.4,0.63,16,32.3,32.9,9.7,23.2,CRITICAL,1,SYNTHETIC EMERGENCY V2X
EMG-EVT-009685,AMB-05,AMBULANCE,13.1,0.94,23,11.2,97.8,16.6,81.2,CRITICAL,1,SYNTHETIC EMERGENCY V2X
EMG-EVT-009686,AMB-17,AMBULANCE,11.4,0.8,22,23.6,55.4,14.6,40.8,CRITICAL,1,SYNTHETIC EMERGENCY V2X
EMG-EVT-009687,FIRE-03,FIRE_TRUCK,10.3,0.64,20,38.1,40.2,13.2,27.0,CRITICAL,1,SYNTHETIC EMERGENCY V2X
EMG-EVT-009688,AMB-01,AMBULANCE,12.3,0.55,23,34.8,48.8,15.7,33.1,CRITICAL,1,SYNTHETIC EMERGENCY V2X
EMG-EVT-009689,AMB-01,AMBULANCE,15.5,0.24,29,54.2,52.0,19.8,32.2,CRITICAL,1,SYNTHETIC EMERGENCY V2X
EMG-EVT-009690,POL-04,POLICE,11.9,0.54,21,36.6,44.7,15.1,29.6,CRITICAL,1,SYNTHETIC EMERGENCY V2X
EMG-EVT-009691,AMB-13,AMBULANCE,9.9,0.53,17,36.6,36.6,12.5,24.1,CRITICAL,1,SYNTHETIC EMERGENCY V2X
EMG-EVT-009692,FIRE-05,FIRE_TRUCK,3.6,0.79,9,23.9,19.8,4.8,15.0,CRITICAL,1,SYNTHETIC EMERGENCY V2X
EMG-EVT-009693,POL-01,POLICE,4.0,0.6,7,35.7,15.1,5.1,10.0,CRITICAL,1,SYNTHETIC EMERGENCY V2X
EMG-EVT-009694,AMB-20,AMBULANCE,5.4,0.73,11,33.2,23.0,7.0,16.0,CRITICAL,1,SYNTHETIC EMERGENCY V2X
EMG-EVT-009695,AMB-03,AMBULANCE,10.7,0.82,20,25.3,49.4,13.7,35.7,CRITICAL,1,SYNTHETIC EMERGENCY V2X
EMG-EVT-009696,AMB-10,AMBULANCE,11.2,0.52,21,40.6,41.8,14.3,27.5,CRITICAL,1,SYNTHETIC EMERGENCY V2X
EMG-EVT-009697,AMB-04,AMBULANCE,13.5,0.5,24,42.5,47.9,17.1,30.8,CRITICAL,1,SYNTHETIC EMERGENCY V2X
EMG-EVT-009698,AMB-03,AMBULANCE,11.1,0.22,20,62.3,34.7,14.1,20.6,CRITICAL,1,SYNTHETIC EMERGENCY V2X
EMG-EVT-009699,AMB-09,AMBULANCE,15.0,0.45,30,48.5,54.6,19.4,35.2,CRITICAL,1,SYNTHETIC EMERGENCY V2X
EMG-EVT-009700,AMB-18,AMBULANCE,15.9,0.37,31,48.5,56.9,20.4,36.5,CRITICAL,1,SYNTHETIC EMERGENCY V2X
EMG-EVT-009701,AMB-07,AMBULANCE,6.3,0.53,12,40.2,23.8,8.1,15.7,CRITICAL,1,SYNTHETIC EMERGENCY V2X
EMG-EVT-009702,AMB-20,AMBULANCE,7.8,0.69,14,33.2,30.9,9.9,21.0,CRITICAL,1,SYNTHETIC EMERGENCY V2X
EMG-EVT-009703,FIRE-03,FIRE_TRUCK,5.5,0.37,12,45.1,21.7,7.2,14.5,CRITICAL,1,SYNTHETIC EMERGENCY V2X
EMG-EVT-009704,AMB-19,AMBULANCE,2.9,0.74,6,28.8,13.2,3.8,9.4,CRITICAL,1,SYNTHETIC EMERGENCY V2X
EMG-EVT-009705,AMB-16,AMBULANCE,7.1,0.45,15,42.6,28.0,9.2,18.8,CRITICAL,1,SYNTHETIC EMERGENCY V2X
EMG-EVT-009706,AMB-14,AMBULANCE,12.6,0.88,23,20.3,64.8,16.0,48.8,CRITICAL,1,SYNTHETIC EMERGENCY V2X
EMG-EVT-009707,AMB-04,AMBULANCE,6.8,0.83,13,22.0,34.1,8.7,25.4,CRITICAL,1,SYNTHETIC EMERGENCY V2X
EMG-EVT-009708,AMB-10,AMBULANCE,4.2,0.31,9,52.0,15.6,5.5,10.1,CRITICAL,1,SYNTHETIC EMERGENCY V2X
EMG-EVT-009709,FIRE-09,FIRE_TRUCK,15.1,0.89,30,22.6,76.1,19.5,56.6,CRITICAL,1,SYNTHETIC EMERGENCY V2X
EMG-EVT-009710,POL-06,POLICE,11.9,0.76,23,26.0,55.1,15.3,39.8,CRITICAL,1,SYNTHETIC EMERGENCY V2X
EMG-EVT-009711,POL-05,POLICE,3.7,0.6,8,38.2,15.4,4.8,10.6,CRITICAL,1,SYNTHETIC EMERGENCY V2X
EMG-EVT-009712,AMB-14,AMBULANCE,14.3,0.72,25,32.4,56.5,18.1,38.4,CRITICAL,1,SYNTHETIC EMERGENCY V2X
EMG-EVT-009713,FIRE-01,FIRE_TRUCK,8.8,0.55,16,39.5,32.6,11.2,21.4,CRITICAL,1,SYNTHETIC EMERGENCY V2X
EMG-EVT-009714,AMB-03,AMBULANCE,3.2,0.74,8,31.9,15.6,4.3,11.3,CRITICAL,1,SYNTHETIC EMERGENCY V2X
EMG-EVT-009715,AMB-17,AMBULANCE,2.4,0.31,5,51.4,8.8,3.1,5.7,CRITICAL,1,SYNTHETIC EMERGENCY V2X
EMG-EVT-009716,POL-07,POLICE,3.4,0.8,6,24.2,15.6,4.3,11.3,CRITICAL,1,SYNTHETIC EMERGENCY V2X
EMG-EVT-009717,FIRE-01,FIRE_TRUCK,12.9,0.85,26,20.4,69.1,16.7,52.4,CRITICAL,1,SYNTHETIC EMERGENCY V2X
EMG-EVT-009718,AMB-17,AMBULANCE,12.6,0.4,25,48.0,45.8,16.2,29.6,CRITICAL,1,SYNTHETIC EMERGENCY V2X
EMG-EVT-009719,FIRE-06,FIRE_TRUCK,11.1,0.38,19,46.4,37.2,14.0,23.2,CRITICAL,1,SYNTHETIC EMERGENCY V2X
EMG-EVT-009720,AMB-10,AMBULANCE,1.6,0.57,4,41.0,7.1,2.1,5.0,CRITICAL,1,SYNTHETIC EMERGENCY V2X
EMG-EVT-009721,AMB-12,AMBULANCE,10.4,0.31,19,55.9,34.0,13.2,20.8,CRITICAL,1,SYNTHETIC EMERGENCY V2X
EMG-EVT-009722,AMB-15,AMBULANCE,15.4,0.56,27,38.5,56.4,19.5,36.9,CRITICAL,1,SYNTHETIC EMERGENCY V2X
EMG-EVT-009723,AMB-02,AMBULANCE,6.2,0.33,14,51.3,24.1,8.2,15.9,CRITICAL,1,SYNTHETIC EMERGENCY V2X
EMG-EVT-009724,AMB-17,AMBULANCE,12.3,0.94,22,19.2,64.8,15.6,49.2,CRITICAL,1,SYNTHETIC EMERGENCY V2X
EMG-EVT-009725,AMB-06,AMBULANCE,12.0,0.58,23,35.3,48.0,15.4,32.6,CRITICAL,1,SYNTHETIC EMERGENCY V2X
EMG-EVT-009726,POL-10,POLICE,6.3,0.3,14,58.4,23.3,8.3,15.0,CRITICAL,1,SYNTHETIC EMERGENCY V2X
EMG-EVT-009727,AMB-10,AMBULANCE,9.9,0.53,17,43.0,34.2,12.5,21.7,CRITICAL,1,SYNTHETIC EMERGENCY V2X
EMG-EVT-009728,POL-03,POLICE,12.4,0.34,24,49.7,43.8,15.9,27.9,CRITICAL,1,SYNTHETIC EMERGENCY V2X
EMG-EVT-009729,FIRE-08,FIRE_TRUCK,7.5,0.85,13,20.1,38.0,9.5,28.5,CRITICAL,1,SYNTHETIC EMERGENCY V2X
EMG-EVT-009730,AMB-02,AMBULANCE,14.8,0.52,29,40.4,56.8,19.0,37.8,CRITICAL,1,SYNTHETIC EMERGENCY V2X
EMG-EVT-009731,POL-06,POLICE,9.9,0.5,18,45.0,34.8,12.6,22.2,CRITICAL,1,SYNTHETIC EMERGENCY V2X
EMG-EVT-009732,POL-01,POLICE,6.3,0.36,14,47.8,24.7,8.3,16.4,CRITICAL,1,SYNTHETIC EMERGENCY V2X
EMG-EVT-009733,POL-01,POLICE,7.8,0.92,15,15.1,49.0,10.0,39.0,CRITICAL,1,SYNTHETIC EMERGENCY V2X
EMG-EVT-009734,AMB-14,AMBULANCE,9.7,0.78,20,25.5,46.8,12.6,34.2,CRITICAL,1,SYNTHETIC EMERGENCY V2X
EMG-EVT-009735,POL-06,POLICE,13.0,0.58,26,39.7,50.8,16.8,34.0,CRITICAL,1,SYNTHETIC EMERGENCY V2X
EMG-EVT-009736,FIRE-05,FIRE_TRUCK,2.8,0.62,5,36.6,10.6,3.6,7.0,HIGH,1,SYNTHETIC EMERGENCY V2X
EMG-EVT-009737,AMB-15,AMBULANCE,12.9,0.58,24,36.3,50.1,16.5,33.6,CRITICAL,1,SYNTHETIC EMERGENCY V2X
EMG-EVT-009738,AMB-20,AMBULANCE,9.2,0.65,17,29.9,38.9,11.7,27.2,CRITICAL,1,SYNTHETIC EMERGENCY V2X
EMG-EVT-009739,AMB-13,AMBULANCE,11.7,0.53,23,38.2,46.0,15.1,30.9,CRITICAL,1,SYNTHETIC EMERGENCY V2X
EMG-EVT-009740,AMB-16,AMBULANCE,12.7,0.62,23,35.3,49.2,16.2,33.0,CRITICAL,1,SYNTHETIC EMERGENCY V2X
EMG-EVT-009741,AMB-07,AMBULANCE,4.7,0.46,11,44.2,19.6,6.2,13.4,CRITICAL,1,SYNTHETIC EMERGENCY V2X
EMG-EVT-009742,AMB-07,AMBULANCE,5.4,0.29,11,59.2,18.7,7.0,11.7,CRITICAL,1,SYNTHETIC EMERGENCY V2X
EMG-EVT-009743,AMB-15,AMBULANCE,5.2,0.23,9,62.5,15.8,6.6,9.2,CRITICAL,1,SYNTHETIC EMERGENCY V2X
EMG-EVT-009744,AMB-18,AMBULANCE,12.0,0.5,21,42.9,42.0,15.2,26.8,CRITICAL,1,SYNTHETIC EMERGENCY V2X
EMG-EVT-009745,AMB-01,AMBULANCE,8.7,0.62,16,38.7,32.7,11.1,21.6,CRITICAL,1,SYNTHETIC EMERGENCY V2X
EMG-EVT-009746,FIRE-09,FIRE_TRUCK,14.0,0.67,27,33.4,57.5,18.0,39.5,CRITICAL,1,SYNTHETIC EMERGENCY V2X
EMG-EVT-009747,FIRE-03,FIRE_TRUCK,11.1,0.84,20,24.4,51.3,14.1,37.2,CRITICAL,1,SYNTHETIC EMERGENCY V2X
EMG-EVT-009748,AMB-11,AMBULANCE,13.7,0.45,26,47.0,48.7,17.5,31.2,CRITICAL,1,SYNTHETIC EMERGENCY V2X
EMG-EVT-009749,FIRE-07,FIRE_TRUCK,16.0,0.71,29,34.0,63.0,20.4,42.6,CRITICAL,1,SYNTHETIC EMERGENCY V2X
EMG-EVT-009750,FIRE-06,FIRE_TRUCK,7.0,0.36,15,51.4,26.2,9.1,17.1,CRITICAL,1,SYNTHETIC EMERGENCY V2X
EMG-EVT-009751,FIRE-05,FIRE_TRUCK,13.2,0.85,26,17.3,77.0,17.0,60.0,CRITICAL,1,SYNTHETIC EMERGENCY V2X
EMG-EVT-009752,FIRE-03,FIRE_TRUCK,7.0,0.34,13,47.0,24.5,8.9,15.6,CRITICAL,1,SYNTHETIC EMERGENCY V2X
EMG-EVT-009753,AMB-15,AMBULANCE,14.2,0.63,27,30.7,60.2,18.2,42.0,CRITICAL,1,SYNTHETIC EMERGENCY V2X
EMG-EVT-009754,FIRE-09,FIRE_TRUCK,10.8,0.84,20,25.7,49.2,13.8,35.4,CRITICAL,1,SYNTHETIC EMERGENCY V2X
EMG-EVT-009755,AMB-08,AMBULANCE,11.1,0.49,22,38.2,43.8,14.3,29.5,CRITICAL,1,SYNTHETIC EMERGENCY V2X
EMG-EVT-009756,AMB-19,AMBULANCE,13.9,0.8,27,25.5,65.1,17.9,47.2,CRITICAL,1,SYNTHETIC EMERGENCY V2X
EMG-EVT-009757,AMB-19,AMBULANCE,15.6,0.46,28,45.3,54.3,19.8,34.5,CRITICAL,1,SYNTHETIC EMERGENCY V2X
EMG-EVT-009758,AMB-11,AMBULANCE,7.2,0.27,14,55.4,24.6,9.3,15.3,CRITICAL,1,SYNTHETIC EMERGENCY V2X
EMG-EVT-009759,AMB-04,AMBULANCE,4.6,0.44,8,41.4,16.3,5.8,10.5,CRITICAL,1,SYNTHETIC EMERGENCY V2X
EMG-EVT-009760,AMB-01,AMBULANCE,5.0,0.82,9,19.8,26.0,6.4,19.6,CRITICAL,1,SYNTHETIC EMERGENCY V2X
EMG-EVT-009761,AMB-05,AMBULANCE,10.3,0.46,18,45.1,35.3,13.0,22.3,CRITICAL,1,SYNTHETIC EMERGENCY V2X
EMG-EVT-009762,AMB-07,AMBULANCE,10.1,0.84,21,23.7,50.8,13.1,37.7,CRITICAL,1,SYNTHETIC EMERGENCY V2X
EMG-EVT-009763,AMB-04,AMBULANCE,9.9,0.35,17,47.9,32.8,12.5,20.3,CRITICAL,1,SYNTHETIC EMERGENCY V2X
EMG-EVT-009764,AMB-15,AMBULANCE,4.3,0.88,7,18.4,22.4,5.4,17.0,CRITICAL,1,SYNTHETIC EMERGENCY V2X
EMG-EVT-009765,AMB-04,AMBULANCE,2.8,0.68,7,29.2,14.2,3.8,10.4,CRITICAL,1,SYNTHETIC EMERGENCY V2X
EMG-EVT-009766,FIRE-09,FIRE_TRUCK,8.7,0.61,18,36.3,36.0,11.3,24.7,CRITICAL,1,SYNTHETIC EMERGENCY V2X
EMG-EVT-009767,FIRE-02,FIRE_TRUCK,10.2,0.77,18,25.7,45.4,12.9,32.5,CRITICAL,1,SYNTHETIC EMERGENCY V2X
EMG-EVT-009768,AMB-17,AMBULANCE,7.2,0.21,15,63.5,24.8,9.4,15.4,CRITICAL,1,SYNTHETIC EMERGENCY V2X
EMG-EVT-009769,AMB-14,AMBULANCE,9.0,0.76,17,24.9,42.1,11.5,30.6,CRITICAL,1,SYNTHETIC EMERGENCY V2X
EMG-EVT-009770,AMB-14,AMBULANCE,3.1,0.97,7,10.0,27.0,4.1,22.9,CRITICAL,1,SYNTHETIC EMERGENCY V2X
EMG-EVT-009771,AMB-17,AMBULANCE,2.0,0.44,6,48.8,9.7,2.8,6.9,CRITICAL,1,SYNTHETIC EMERGENCY V2X
EMG-EVT-009772,AMB-08,AMBULANCE,3.0,0.57,8,42.4,13.8,4.1,9.7,CRITICAL,1,SYNTHETIC EMERGENCY V2X
EMG-EVT-009773,AMB-06,AMBULANCE,6.9,0.78,13,24.9,32.2,8.8,23.4,CRITICAL,1,SYNTHETIC EMERGENCY V2X
EMG-EVT-009774,AMB-16,AMBULANCE,9.7,0.38,17,48.2,32.5,12.3,20.2,CRITICAL,1,SYNTHETIC EMERGENCY V2X
EMG-EVT-009775,POL-05,POLICE,9.7,0.63,20,33.7,41.3,12.6,28.7,CRITICAL,1,SYNTHETIC EMERGENCY V2X
EMG-EVT-009776,AMB-05,AMBULANCE,2.0,0.68,4,31.3,8.6,2.6,6.0,CRITICAL,1,SYNTHETIC EMERGENCY V2X
EMG-EVT-009777,AMB-04,AMBULANCE,13.3,0.89,26,16.8,78.7,17.1,61.6,CRITICAL,1,SYNTHETIC EMERGENCY V2X
EMG-EVT-009778,FIRE-06,FIRE_TRUCK,5.4,0.66,12,29.8,25.3,7.1,18.2,CRITICAL,1,SYNTHETIC EMERGENCY V2X
EMG-EVT-009779,AMB-12,AMBULANCE,14.2,0.68,27,30.4,60.4,18.2,42.2,CRITICAL,1,SYNTHETIC EMERGENCY V2X
EMG-EVT-009780,AMB-18,AMBULANCE,7.3,0.83,14,23.7,35.3,9.4,25.9,CRITICAL,1,SYNTHETIC EMERGENCY V2X
EMG-EVT-009781,AMB-11,AMBULANCE,7.2,0.3,13,55.6,23.4,9.2,14.2,CRITICAL,1,SYNTHETIC EMERGENCY V2X
EMG-EVT-009782,AMB-18,AMBULANCE,14.2,0.49,26,45.5,49.9,18.1,31.8,CRITICAL,1,SYNTHETIC EMERGENCY V2X
EMG-EVT-009783,FIRE-06,FIRE_TRUCK,8.3,0.56,16,35.0,33.4,10.7,22.7,CRITICAL,1,SYNTHETIC EMERGENCY V2X
EMG-EVT-009784,AMB-17,AMBULANCE,4.6,0.75,9,27.8,20.7,5.9,14.8,CRITICAL,1,SYNTHETIC EMERGENCY V2X
EMG-EVT-009785,AMB-15,AMBULANCE,13.1,0.2,24,56.2,42.8,16.7,26.1,CRITICAL,1,SYNTHETIC EMERGENCY V2X
EMG-EVT-009786,FIRE-02,FIRE_TRUCK,2.8,0.37,7,46.1,12.0,3.8,8.2,HIGH,1,SYNTHETIC EMERGENCY V2X
EMG-EVT-009787,AMB-10,AMBULANCE,14.3,0.91,26,18.3,78.1,18.2,59.9,CRITICAL,1,SYNTHETIC EMERGENCY V2X
EMG-EVT-009788,AMB-14,AMBULANCE,4.8,0.32,10,55.3,17.2,6.2,11.0,CRITICAL,1,SYNTHETIC EMERGENCY V2X
EMG-EVT-009789,AMB-07,AMBULANCE,7.0,0.42,13,47.2,24.5,8.9,15.6,CRITICAL,1,SYNTHETIC EMERGENCY V2X
EMG-EVT-009790,AMB-19,AMBULANCE,6.3,0.87,11,24.0,28.9,8.0,20.9,CRITICAL,1,SYNTHETIC EMERGENCY V2X
EMG-EVT-009791,AMB-14,AMBULANCE,12.4,0.36,24,46.3,44.9,15.9,29.0,CRITICAL,1,SYNTHETIC EMERGENCY V2X
EMG-EVT-009792,POL-03,POLICE,15.9,0.9,30,21.0,81.4,20.3,61.1,CRITICAL,1,SYNTHETIC EMERGENCY V2X
EMG-EVT-009793,AMB-11,AMBULANCE,11.5,0.59,23,38.3,45.6,14.8,30.8,CRITICAL,1,SYNTHETIC EMERGENCY V2X
EMG-EVT-009794,AMB-10,AMBULANCE,14.7,0.53,26,41.3,52.6,18.6,34.0,CRITICAL,1,SYNTHETIC EMERGENCY V2X
EMG-EVT-009795,AMB-12,AMBULANCE,11.4,0.33,23,56.0,39.8,14.7,25.1,CRITICAL,1,SYNTHETIC EMERGENCY V2X
EMG-EVT-009796,FIRE-04,FIRE_TRUCK,3.1,0.83,8,18.0,19.9,4.2,15.7,CRITICAL,1,SYNTHETIC EMERGENCY V2X
EMG-EVT-009797,AMB-09,AMBULANCE,15.8,0.47,31,48.4,56.8,20.3,36.5,CRITICAL,1,SYNTHETIC EMERGENCY V2X
EMG-EVT-009798,FIRE-02,FIRE_TRUCK,8.9,0.93,19,11.4,69.6,11.6,58.0,CRITICAL,1,SYNTHETIC EMERGENCY V2X
EMG-EVT-009799,AMB-15,AMBULANCE,5.6,0.6,10,35.7,21.4,7.1,14.3,CRITICAL,1,SYNTHETIC EMERGENCY V2X
EMG-EVT-009800,AMB-01,AMBULANCE,9.2,0.66,18,32.9,38.4,11.8,26.6,CRITICAL,1,SYNTHETIC EMERGENCY V2X
EMG-EVT-009801,AMB-01,AMBULANCE,4.7,0.87,9,22.8,23.2,6.0,17.2,CRITICAL,1,SYNTHETIC EMERGENCY V2X
EMG-EVT-009802,AMB-15,AMBULANCE,4.8,0.23,9,57.0,15.9,6.1,9.8,CRITICAL,1,SYNTHETIC EMERGENCY V2X
EMG-EVT-009803,AMB-20,AMBULANCE,13.6,0.4,27,46.1,50.1,17.5,32.6,CRITICAL,1,SYNTHETIC EMERGENCY V2X
EMG-EVT-009804,FIRE-03,FIRE_TRUCK,4.7,0.29,10,54.3,17.2,6.1,11.1,CRITICAL,1,SYNTHETIC EMERGENCY V2X
EMG-EVT-009805,AMB-07,AMBULANCE,15.9,0.64,30,32.8,65.1,20.3,44.8,CRITICAL,1,SYNTHETIC EMERGENCY V2X
EMG-EVT-009806,AMB-20,AMBULANCE,4.0,0.7,8,31.5,17.2,5.2,12.0,CRITICAL,1,SYNTHETIC EMERGENCY V2X
EMG-EVT-009807,AMB-16,AMBULANCE,8.7,0.28,16,57.6,28.3,11.1,17.2,CRITICAL,1,SYNTHETIC EMERGENCY V2X
EMG-EVT-009808,AMB-02,AMBULANCE,13.6,0.45,27,45.2,50.5,17.5,33.0,CRITICAL,1,SYNTHETIC EMERGENCY V2X
EMG-EVT-009809,AMB-17,AMBULANCE,14.6,0.48,26,41.6,52.3,18.5,33.8,CRITICAL,1,SYNTHETIC EMERGENCY V2X
EMG-EVT-009810,AMB-12,AMBULANCE,5.2,0.7,11,25.0,25.7,6.8,18.9,CRITICAL,1,SYNTHETIC EMERGENCY V2X
EMG-EVT-009811,AMB-04,AMBULANCE,11.2,0.62,23,38.8,44.9,14.5,30.4,CRITICAL,1,SYNTHETIC EMERGENCY V2X
EMG-EVT-009812,AMB-19,AMBULANCE,11.3,0.47,20,45.8,38.8,14.3,24.5,CRITICAL,1,SYNTHETIC EMERGENCY V2X
EMG-EVT-009813,FIRE-01,FIRE_TRUCK,12.3,0.28,22,57.2,39.3,15.6,23.7,CRITICAL,1,SYNTHETIC EMERGENCY V2X
EMG-EVT-009814,AMB-03,AMBULANCE,12.4,0.89,25,15.8,77.1,16.0,61.1,CRITICAL,1,SYNTHETIC EMERGENCY V2X
EMG-EVT-009815,AMB-11,AMBULANCE,15.4,0.58,28,40.5,56.4,19.6,36.8,CRITICAL,1,SYNTHETIC EMERGENCY V2X
EMG-EVT-009816,FIRE-05,FIRE_TRUCK,3.3,0.94,7,14.3,22.2,4.3,17.9,CRITICAL,1,SYNTHETIC EMERGENCY V2X
EMG-EVT-009817,AMB-10,AMBULANCE,11.5,0.65,21,31.4,47.2,14.6,32.6,CRITICAL,1,SYNTHETIC EMERGENCY V2X
EMG-EVT-009818,AMB-04,AMBULANCE,10.3,0.21,19,57.6,33.5,13.1,20.4,CRITICAL,1,SYNTHETIC EMERGENCY V2X
EMG-EVT-009819,FIRE-04,FIRE_TRUCK,4.7,0.64,10,37.8,19.5,6.1,13.4,CRITICAL,1,SYNTHETIC EMERGENCY V2X
EMG-EVT-009820,AMB-18,AMBULANCE,8.6,0.85,16,25.2,39.7,11.0,28.7,CRITICAL,1,SYNTHETIC EMERGENCY V2X
EMG-EVT-009821,POL-02,POLICE,3.0,0.88,7,16.3,19.4,4.0,15.4,CRITICAL,1,SYNTHETIC EMERGENCY V2X
EMG-EVT-009822,AMB-01,AMBULANCE,16.0,0.67,28,29.8,65.8,20.3,45.5,CRITICAL,1,SYNTHETIC EMERGENCY V2X
EMG-EVT-009823,AMB-01,AMBULANCE,11.4,0.7,23,34.0,47.7,14.7,33.0,CRITICAL,1,SYNTHETIC EMERGENCY V2X
EMG-EVT-009824,POL-04,POLICE,8.8,0.82,16,18.0,48.5,11.2,37.3,CRITICAL,1,SYNTHETIC EMERGENCY V2X
EMG-EVT-009825,AMB-15,AMBULANCE,4.3,0.7,8,29.1,18.5,5.5,13.0,CRITICAL,1,SYNTHETIC EMERGENCY V2X
EMG-EVT-009826,FIRE-10,FIRE_TRUCK,7.1,0.25,15,60.4,25.1,9.2,15.9,CRITICAL,1,SYNTHETIC EMERGENCY V2X
EMG-EVT-009827,AMB-07,AMBULANCE,9.0,0.67,17,33.7,36.4,11.5,24.9,CRITICAL,1,SYNTHETIC EMERGENCY V2X
EMG-EVT-009828,FIRE-03,FIRE_TRUCK,8.3,0.71,16,32.0,34.8,10.7,24.1,CRITICAL,1,SYNTHETIC EMERGENCY V2X
EMG-EVT-009829,AMB-15,AMBULANCE,2.1,0.51,5,37.2,9.4,2.8,6.6,CRITICAL,1,SYNTHETIC EMERGENCY V2X
EMG-EVT-009830,AMB-13,AMBULANCE,7.9,0.34,17,47.4,30.4,10.3,20.1,CRITICAL,1,SYNTHETIC EMERGENCY V2X
EMG-EVT-009831,FIRE-07,FIRE_TRUCK,12.0,0.67,23,29.5,52.0,15.4,36.6,CRITICAL,1,SYNTHETIC EMERGENCY V2X
EMG-EVT-009832,FIRE-10,FIRE_TRUCK,5.9,0.38,13,44.5,23.6,7.7,15.9,CRITICAL,1,SYNTHETIC EMERGENCY V2X
EMG-EVT-009833,AMB-10,AMBULANCE,12.5,0.76,25,21.7,64.6,16.1,48.5,CRITICAL,1,SYNTHETIC EMERGENCY V2X
EMG-EVT-009834,AMB-08,AMBULANCE,3.3,0.53,6,37.1,12.5,4.2,8.3,CRITICAL,1,SYNTHETIC EMERGENCY V2X
EMG-EVT-009835,AMB-18,AMBULANCE,1.8,0.83,3,19.5,9.1,2.3,6.8,CRITICAL,1,SYNTHETIC EMERGENCY V2X
EMG-EVT-009836,FIRE-04,FIRE_TRUCK,6.1,0.75,11,22.9,29.2,7.8,21.4,CRITICAL,1,SYNTHETIC EMERGENCY V2X
EMG-EVT-009837,AMB-02,AMBULANCE,5.4,0.68,10,32.4,22.0,6.9,15.1,CRITICAL,1,SYNTHETIC EMERGENCY V2X
EMG-EVT-009838,AMB-10,AMBULANCE,1.8,0.24,6,57.8,9.1,2.6,6.5,CRITICAL,1,SYNTHETIC EMERGENCY V2X
EMG-EVT-009839,AMB-07,AMBULANCE,7.6,0.87,14,24.2,35.6,9.7,25.9,CRITICAL,1,SYNTHETIC EMERGENCY V2X
EMG-EVT-009840,AMB-17,AMBULANCE,7.1,0.97,15,14.9,46.6,9.2,37.4,CRITICAL,1,SYNTHETIC EMERGENCY V2X
EMG-EVT-009841,AMB-18,AMBULANCE,14.0,0.91,25,20.2,71.6,17.8,53.8,CRITICAL,1,SYNTHETIC EMERGENCY V2X
EMG-EVT-009842,FIRE-08,FIRE_TRUCK,11.9,0.9,22,18.2,65.6,15.2,50.4,CRITICAL,1,SYNTHETIC EMERGENCY V2X
EMG-EVT-009843,FIRE-05,FIRE_TRUCK,3.7,0.44,6,48.8,11.7,4.6,7.1,HIGH,1,SYNTHETIC EMERGENCY V2X
EMG-EVT-009844,AMB-20,AMBULANCE,3.6,0.64,8,38.2,15.3,4.7,10.6,CRITICAL,1,SYNTHETIC EMERGENCY V2X
EMG-EVT-009845,AMB-19,AMBULANCE,2.1,0.76,5,29.3,10.3,2.8,7.5,CRITICAL,1,SYNTHETIC EMERGENCY V2X
EMG-EVT-009846,AMB-15,AMBULANCE,10.8,0.32,19,57.2,34.1,13.7,20.4,CRITICAL,1,SYNTHETIC EMERGENCY V2X
EMG-EVT-009847,FIRE-10,FIRE_TRUCK,11.6,0.87,21,20.1,59.8,14.8,45.0,CRITICAL,1,SYNTHETIC EMERGENCY V2X
EMG-EVT-009848,AMB-18,AMBULANCE,12.6,0.38,24,45.9,45.3,16.1,29.2,CRITICAL,1,SYNTHETIC EMERGENCY V2X
EMG-EVT-009849,FIRE-02,FIRE_TRUCK,6.2,0.27,11,56.1,19.8,7.9,11.9,CRITICAL,1,SYNTHETIC EMERGENCY V2X
EMG-EVT-009850,AMB-07,AMBULANCE,12.8,0.69,25,27.2,58.2,16.5,41.7,CRITICAL,1,SYNTHETIC EMERGENCY V2X
EMG-EVT-009851,AMB-20,AMBULANCE,14.4,0.27,28,51.0,50.5,18.5,32.0,CRITICAL,1,SYNTHETIC EMERGENCY V2X
EMG-EVT-009852,AMB-16,AMBULANCE,15.4,0.87,27,16.9,87.1,19.5,67.6,CRITICAL,1,SYNTHETIC EMERGENCY V2X
EMG-EVT-009853,AMB-01,AMBULANCE,6.2,0.88,14,22.9,33.0,8.2,24.8,CRITICAL,1,SYNTHETIC EMERGENCY V2X
EMG-EVT-009854,FIRE-03,FIRE_TRUCK,4.5,0.48,11,40.3,19.9,6.0,13.9,CRITICAL,1,SYNTHETIC EMERGENCY V2X
EMG-EVT-009855,AMB-09,AMBULANCE,1.7,0.74,5,24.1,10.2,2.4,7.8,CRITICAL,1,SYNTHETIC EMERGENCY V2X
EMG-EVT-009856,AMB-01,AMBULANCE,4.9,0.75,11,24.6,25.2,6.4,18.8,CRITICAL,1,SYNTHETIC EMERGENCY V2X
EMG-EVT-009857,POL-08,POLICE,7.6,0.68,15,30.0,33.2,9.8,23.4,CRITICAL,1,SYNTHETIC EMERGENCY V2X
EMG-EVT-009858,AMB-05,AMBULANCE,9.4,0.81,17,19.6,49.2,12.0,37.2,CRITICAL,1,SYNTHETIC EMERGENCY V2X
EMG-EVT-009859,AMB-16,AMBULANCE,15.0,0.64,29,31.5,63.4,19.3,44.1,CRITICAL,1,SYNTHETIC EMERGENCY V2X
EMG-EVT-009860,FIRE-07,FIRE_TRUCK,6.6,0.35,14,48.3,25.0,8.6,16.4,CRITICAL,1,SYNTHETIC EMERGENCY V2X
EMG-EVT-009861,AMB-17,AMBULANCE,4.1,0.44,9,45.5,16.2,5.4,10.8,CRITICAL,1,SYNTHETIC EMERGENCY V2X
EMG-EVT-009862,FIRE-07,FIRE_TRUCK,5.7,0.2,12,63.2,19.8,7.4,12.4,CRITICAL,1,SYNTHETIC EMERGENCY V2X
EMG-EVT-009863,FIRE-05,FIRE_TRUCK,15.8,0.48,30,46.6,56.3,20.2,36.1,CRITICAL,1,SYNTHETIC EMERGENCY V2X
EMG-EVT-009864,FIRE-05,FIRE_TRUCK,9.8,0.94,19,16.4,58.7,12.6,46.1,CRITICAL,1,SYNTHETIC EMERGENCY V2X
EMG-EVT-009865,FIRE-03,FIRE_TRUCK,12.8,0.96,25,14.5,83.0,16.5,66.5,CRITICAL,1,SYNTHETIC EMERGENCY V2X
EMG-EVT-009866,FIRE-06,FIRE_TRUCK,11.3,0.67,21,31.1,47.0,14.4,32.6,CRITICAL,1,SYNTHETIC EMERGENCY V2X
EMG-EVT-009867,AMB-11,AMBULANCE,13.8,0.92,25,21.0,69.4,17.6,51.8,CRITICAL,1,SYNTHETIC EMERGENCY V2X
EMG-EVT-009868,AMB-13,AMBULANCE,6.0,0.28,11,58.7,19.3,7.6,11.7,CRITICAL,1,SYNTHETIC EMERGENCY V2X
EMG-EVT-009869,AMB-13,AMBULANCE,10.2,0.54,18,35.2,39.0,12.9,26.1,CRITICAL,1,SYNTHETIC EMERGENCY V2X
EMG-EVT-009870,AMB-20,AMBULANCE,14.1,0.61,26,39.1,52.8,18.0,34.8,CRITICAL,1,SYNTHETIC EMERGENCY V2X
EMG-EVT-009871,AMB-20,AMBULANCE,2.0,0.83,3,22.9,8.8,2.5,6.3,CRITICAL,1,SYNTHETIC EMERGENCY V2X
EMG-EVT-009872,AMB-01,AMBULANCE,2.8,0.49,6,44.5,11.0,3.7,7.3,CRITICAL,1,SYNTHETIC EMERGENCY V2X
EMG-EVT-009873,POL-05,POLICE,11.8,0.44,22,40.7,43.8,15.1,28.7,CRITICAL,1,SYNTHETIC EMERGENCY V2X
EMG-EVT-009874,AMB-06,AMBULANCE,11.5,0.69,21,27.9,49.9,14.6,35.3,CRITICAL,1,SYNTHETIC EMERGENCY V2X
EMG-EVT-009875,FIRE-09,FIRE_TRUCK,2.6,0.22,7,61.7,10.9,3.5,7.4,HIGH,1,SYNTHETIC EMERGENCY V2X
EMG-EVT-009876,POL-10,POLICE,5.6,0.73,12,28.0,26.4,7.3,19.1,CRITICAL,1,SYNTHETIC EMERGENCY V2X
EMG-EVT-009877,AMB-09,AMBULANCE,6.3,0.32,13,52.7,22.8,8.2,14.6,CRITICAL,1,SYNTHETIC EMERGENCY V2X
EMG-EVT-009878,AMB-04,AMBULANCE,6.4,0.56,13,35.4,26.4,8.3,18.1,CRITICAL,1,SYNTHETIC EMERGENCY V2X
EMG-EVT-009879,FIRE-09,FIRE_TRUCK,13.7,0.79,27,23.0,68.1,17.6,50.5,CRITICAL,1,SYNTHETIC EMERGENCY V2X
EMG-EVT-009880,AMB-06,AMBULANCE,10.1,0.76,20,30.5,43.9,13.0,30.9,CRITICAL,1,SYNTHETIC EMERGENCY V2X
EMG-EVT-009881,AMB-07,AMBULANCE,3.6,0.39,7,50.7,12.7,4.6,8.1,CRITICAL,1,SYNTHETIC EMERGENCY V2X
EMG-EVT-009882,AMB-01,AMBULANCE,3.3,0.93,6,17.5,18.5,4.2,14.3,CRITICAL,1,SYNTHETIC EMERGENCY V2X
EMG-EVT-009883,AMB-07,AMBULANCE,14.0,0.51,27,40.7,53.0,18.0,35.0,CRITICAL,1,SYNTHETIC EMERGENCY V2X
EMG-EVT-009884,FIRE-02,FIRE_TRUCK,13.6,0.43,25,43.6,48.7,17.3,31.4,CRITICAL,1,SYNTHETIC EMERGENCY V2X
EMG-EVT-009885,AMB-09,AMBULANCE,10.4,0.22,18,59.8,32.0,13.1,18.9,CRITICAL,1,SYNTHETIC EMERGENCY V2X
EMG-EVT-009886,FIRE-01,FIRE_TRUCK,13.1,0.47,24,42.3,47.4,16.7,30.7,CRITICAL,1,SYNTHETIC EMERGENCY V2X
EMG-EVT-009887,FIRE-05,FIRE_TRUCK,14.1,0.86,26,18.1,77.9,18.0,59.9,CRITICAL,1,SYNTHETIC EMERGENCY V2X
EMG-EVT-009888,AMB-10,AMBULANCE,14.9,0.78,29,22.6,74.4,19.2,55.2,CRITICAL,1,SYNTHETIC EMERGENCY V2X
EMG-EVT-009889,AMB-01,AMBULANCE,9.9,0.98,17,12.2,69.1,12.5,56.6,CRITICAL,1,SYNTHETIC EMERGENCY V2X
EMG-EVT-009890,AMB-16,AMBULANCE,14.5,0.53,29,39.7,56.7,18.7,38.0,CRITICAL,1,SYNTHETIC EMERGENCY V2X
EMG-EVT-009891,AMB-10,AMBULANCE,13.5,0.74,26,23.2,66.1,17.3,48.8,CRITICAL,1,SYNTHETIC EMERGENCY V2X
EMG-EVT-009892,FIRE-08,FIRE_TRUCK,2.8,0.78,7,30.0,14.0,3.8,10.2,CRITICAL,1,SYNTHETIC EMERGENCY V2X
EMG-EVT-009893,POL-04,POLICE,2.2,0.69,4,31.4,9.0,2.8,6.2,HIGH,1,SYNTHETIC EMERGENCY V2X
EMG-EVT-009894,AMB-19,AMBULANCE,11.2,0.55,20,43.5,39.4,14.2,25.2,CRITICAL,1,SYNTHETIC EMERGENCY V2X
EMG-EVT-009895,AMB-08,AMBULANCE,8.3,0.95,17,17.7,48.5,10.8,37.7,CRITICAL,1,SYNTHETIC EMERGENCY V2X
EMG-EVT-009896,AMB-12,AMBULANCE,13.6,0.44,25,49.8,46.4,17.3,29.1,CRITICAL,1,SYNTHETIC EMERGENCY V2X
EMG-EVT-009897,AMB-20,AMBULANCE,16.0,0.36,31,54.8,54.7,20.6,34.1,CRITICAL,1,SYNTHETIC EMERGENCY V2X
EMG-EVT-009898,AMB-04,AMBULANCE,5.3,0.26,11,60.6,18.4,6.9,11.5,CRITICAL,1,SYNTHETIC EMERGENCY V2X
EMG-EVT-009899,AMB-02,AMBULANCE,7.4,0.28,13,57.5,23.3,9.4,13.9,CRITICAL,1,SYNTHETIC EMERGENCY V2X
EMG-EVT-009900,AMB-04,AMBULANCE,10.2,0.82,21,19.5,56.6,13.2,43.4,CRITICAL,1,SYNTHETIC EMERGENCY V2X
EMG-EVT-009901,AMB-19,AMBULANCE,10.8,0.3,19,55.9,34.4,13.7,20.7,CRITICAL,1,SYNTHETIC EMERGENCY V2X
EMG-EVT-009902,AMB-04,AMBULANCE,8.3,0.34,16,55.7,28.1,10.7,17.4,CRITICAL,1,SYNTHETIC EMERGENCY V2X
EMG-EVT-009903,AMB-07,AMBULANCE,14.5,0.58,27,33.6,58.3,18.5,39.8,CRITICAL,1,SYNTHETIC EMERGENCY V2X
EMG-EVT-009904,AMB-01,AMBULANCE,14.1,0.7,25,31.7,56.7,17.9,38.8,CRITICAL,1,SYNTHETIC EMERGENCY V2X
EMG-EVT-009905,POL-08,POLICE,12.7,0.89,23,15.9,75.5,16.2,59.3,CRITICAL,1,SYNTHETIC EMERGENCY V2X
EMG-EVT-009906,AMB-11,AMBULANCE,2.3,0.58,4,38.2,8.4,2.9,5.5,CRITICAL,1,SYNTHETIC EMERGENCY V2X
EMG-EVT-009907,FIRE-01,FIRE_TRUCK,4.1,0.47,7,39.7,14.6,5.2,9.4,CRITICAL,1,SYNTHETIC EMERGENCY V2X
EMG-EVT-009908,FIRE-10,FIRE_TRUCK,2.5,0.87,4,19.6,12.5,3.1,9.4,CRITICAL,1,SYNTHETIC EMERGENCY V2X
EMG-EVT-009909,AMB-02,AMBULANCE,14.4,0.42,25,48.3,47.9,18.2,29.7,CRITICAL,1,SYNTHETIC EMERGENCY V2X
EMG-EVT-009910,AMB-10,AMBULANCE,10.2,0.97,19,16.4,60.1,13.0,47.1,CRITICAL,1,SYNTHETIC EMERGENCY V2X
EMG-EVT-009911,AMB-17,AMBULANCE,6.8,0.67,14,27.9,31.4,8.8,22.6,CRITICAL,1,SYNTHETIC EMERGENCY V2X
EMG-EVT-009912,AMB-06,AMBULANCE,14.0,0.28,28,53.0,49.4,18.1,31.3,CRITICAL,1,SYNTHETIC EMERGENCY V2X
EMG-EVT-009913,AMB-12,AMBULANCE,4.4,0.39,8,46.9,15.2,5.6,9.6,CRITICAL,1,SYNTHETIC EMERGENCY V2X
EMG-EVT-009914,AMB-15,AMBULANCE,14.9,0.38,28,46.8,52.7,19.1,33.6,CRITICAL,1,SYNTHETIC EMERGENCY V2X
EMG-EVT-009915,FIRE-05,FIRE_TRUCK,12.6,0.49,22,37.7,46.5,15.9,30.6,CRITICAL,1,SYNTHETIC EMERGENCY V2X
EMG-EVT-009916,AMB-13,AMBULANCE,15.3,0.37,28,48.8,52.4,19.5,32.9,CRITICAL,1,SYNTHETIC EMERGENCY V2X
EMG-EVT-009917,AMB-01,AMBULANCE,10.2,0.51,18,41.6,36.3,12.9,23.4,CRITICAL,1,SYNTHETIC EMERGENCY V2X
EMG-EVT-009918,FIRE-01,FIRE_TRUCK,11.7,0.47,23,38.9,45.6,15.1,30.5,CRITICAL,1,SYNTHETIC EMERGENCY V2X
EMG-EVT-009919,AMB-04,AMBULANCE,8.1,0.26,15,59.0,26.2,10.3,15.9,CRITICAL,1,SYNTHETIC EMERGENCY V2X
EMG-EVT-009920,FIRE-03,FIRE_TRUCK,2.2,0.2,4,56.0,7.2,2.8,4.4,HIGH,1,SYNTHETIC EMERGENCY V2X
EMG-EVT-009921,POL-02,POLICE,11.5,0.76,22,25.4,53.6,14.7,38.9,CRITICAL,1,SYNTHETIC EMERGENCY V2X
EMG-EVT-009922,POL-04,POLICE,13.9,0.33,26,52.3,47.1,17.8,29.3,CRITICAL,1,SYNTHETIC EMERGENCY V2X
EMG-EVT-009923,AMB-11,AMBULANCE,2.9,0.62,7,38.1,13.0,3.9,9.1,CRITICAL,1,SYNTHETIC EMERGENCY V2X
EMG-EVT-009924,AMB-13,AMBULANCE,10.1,0.9,19,14.5,64.6,12.9,51.7,CRITICAL,1,SYNTHETIC EMERGENCY V2X
EMG-EVT-009925,FIRE-05,FIRE_TRUCK,15.0,0.84,29,25.8,69.7,19.3,50.4,CRITICAL,1,SYNTHETIC EMERGENCY V2X
EMG-EVT-009926,AMB-09,AMBULANCE,3.9,0.93,10,11.2,32.9,5.3,27.6,CRITICAL,1,SYNTHETIC EMERGENCY V2X
EMG-EVT-009927,AMB-08,AMBULANCE,4.7,0.4,10,45.9,18.1,6.1,12.0,CRITICAL,1,SYNTHETIC EMERGENCY V2X
EMG-EVT-009928,AMB-02,AMBULANCE,5.8,0.68,11,27.5,25.9,7.4,18.5,CRITICAL,1,SYNTHETIC EMERGENCY V2X
EMG-EVT-009929,AMB-04,AMBULANCE,14.8,0.56,28,38.9,56.4,18.9,37.5,CRITICAL,1,SYNTHETIC EMERGENCY V2X
EMG-EVT-009930,AMB-08,AMBULANCE,10.9,0.36,20,50.3,37.0,13.9,23.1,CRITICAL,1,SYNTHETIC EMERGENCY V2X
EMG-EVT-009931,AMB-16,AMBULANCE,11.1,0.44,20,40.7,40.4,14.1,26.3,CRITICAL,1,SYNTHETIC EMERGENCY V2X
EMG-EVT-009932,AMB-12,AMBULANCE,3.4,0.52,7,42.1,13.2,4.4,8.8,CRITICAL,1,SYNTHETIC EMERGENCY V2X
EMG-EVT-009933,AMB-05,AMBULANCE,9.0,0.95,18,17.2,53.0,11.6,41.4,CRITICAL,1,SYNTHETIC EMERGENCY V2X
EMG-EVT-009934,FIRE-05,FIRE_TRUCK,6.3,0.89,13,16.1,39.1,8.2,30.9,CRITICAL,1,SYNTHETIC EMERGENCY V2X
EMG-EVT-009935,AMB-19,AMBULANCE,5.4,0.96,9,18.8,28.0,6.8,21.2,CRITICAL,1,SYNTHETIC EMERGENCY V2X
EMG-EVT-009936,AMB-05,AMBULANCE,2.1,0.31,6,50.0,9.7,2.9,6.8,CRITICAL,1,SYNTHETIC EMERGENCY V2X
EMG-EVT-009937,AMB-01,AMBULANCE,2.7,0.21,7,59.7,11.1,3.6,7.5,CRITICAL,1,SYNTHETIC EMERGENCY V2X
EMG-EVT-009938,AMB-06,AMBULANCE,13.5,0.31,27,52.8,47.7,17.4,30.3,CRITICAL,1,SYNTHETIC EMERGENCY V2X
EMG-EVT-009939,AMB-10,AMBULANCE,14.0,0.36,25,46.5,48.1,17.8,30.3,CRITICAL,1,SYNTHETIC EMERGENCY V2X
EMG-EVT-009940,POL-06,POLICE,8.4,0.41,16,45.7,30.2,10.8,19.4,CRITICAL,1,SYNTHETIC EMERGENCY V2X
EMG-EVT-009941,FIRE-10,FIRE_TRUCK,5.6,0.24,13,53.3,21.9,7.4,14.5,CRITICAL,1,SYNTHETIC EMERGENCY V2X
EMG-EVT-009942,AMB-12,AMBULANCE,6.8,0.4,12,52.3,22.2,8.6,13.6,CRITICAL,1,SYNTHETIC EMERGENCY V2X
EMG-EVT-009943,AMB-07,AMBULANCE,13.3,0.68,26,28.5,59.2,17.1,42.1,CRITICAL,1,SYNTHETIC EMERGENCY V2X
EMG-EVT-009944,AMB-20,AMBULANCE,5.9,0.86,12,18.7,33.3,7.6,25.7,CRITICAL,1,SYNTHETIC EMERGENCY V2X
EMG-EVT-009945,FIRE-06,FIRE_TRUCK,2.4,0.28,4,56.2,7.4,3.0,4.4,HIGH,1,SYNTHETIC EMERGENCY V2X
EMG-EVT-009946,AMB-14,AMBULANCE,6.6,0.4,11,50.3,21.1,8.3,12.8,CRITICAL,1,SYNTHETIC EMERGENCY V2X
EMG-EVT-009947,FIRE-07,FIRE_TRUCK,2.5,0.51,6,41.9,10.8,3.3,7.5,HIGH,1,SYNTHETIC EMERGENCY V2X
EMG-EVT-009948,FIRE-02,FIRE_TRUCK,14.9,0.47,26,42.4,52.3,18.9,33.4,CRITICAL,1,SYNTHETIC EMERGENCY V2X
EMG-EVT-009949,AMB-14,AMBULANCE,8.8,0.78,16,28.8,37.5,11.2,26.3,CRITICAL,1,SYNTHETIC EMERGENCY V2X
EMG-EVT-009950,AMB-07,AMBULANCE,9.3,0.7,16,25.2,41.3,11.7,29.6,CRITICAL,1,SYNTHETIC EMERGENCY V2X
EMG-EVT-009951,AMB-19,AMBULANCE,11.0,0.32,20,50.8,37.0,14.0,23.0,CRITICAL,1,SYNTHETIC EMERGENCY V2X
EMG-EVT-009952,AMB-08,AMBULANCE,12.0,0.23,22,58.3,38.7,15.3,23.4,CRITICAL,1,SYNTHETIC EMERGENCY V2X
EMG-EVT-009953,AMB-20,AMBULANCE,6.1,0.55,13,36.3,25.7,8.0,17.7,CRITICAL,1,SYNTHETIC EMERGENCY V2X
EMG-EVT-009954,AMB-12,AMBULANCE,6.8,0.78,12,24.7,30.9,8.6,22.3,CRITICAL,1,SYNTHETIC EMERGENCY V2X
EMG-EVT-009955,AMB-15,AMBULANCE,4.2,0.48,8,39.0,16.1,5.4,10.7,CRITICAL,1,SYNTHETIC EMERGENCY V2X
EMG-EVT-009956,POL-01,POLICE,10.6,0.74,20,26.0,48.5,13.6,34.9,CRITICAL,1,SYNTHETIC EMERGENCY V2X
EMG-EVT-009957,AMB-08,AMBULANCE,11.9,0.2,22,56.2,39.1,15.2,23.9,CRITICAL,1,SYNTHETIC EMERGENCY V2X
EMG-EVT-009958,FIRE-10,FIRE_TRUCK,5.4,0.39,12,44.3,21.7,7.1,14.6,CRITICAL,1,SYNTHETIC EMERGENCY V2X
EMG-EVT-009959,AMB-14,AMBULANCE,15.6,0.33,31,48.8,56.4,20.1,36.3,CRITICAL,1,SYNTHETIC EMERGENCY V2X
EMG-EVT-009960,AMB-12,AMBULANCE,7.1,0.93,13,12.6,49.4,9.0,40.4,CRITICAL,1,SYNTHETIC EMERGENCY V2X
EMG-EVT-009961,AMB-07,AMBULANCE,12.0,0.89,21,22.5,57.2,15.2,42.0,CRITICAL,1,SYNTHETIC EMERGENCY V2X
EMG-EVT-009962,FIRE-02,FIRE_TRUCK,9.9,0.21,20,63.7,33.3,12.8,20.5,CRITICAL,1,SYNTHETIC EMERGENCY V2X
EMG-EVT-009963,AMB-13,AMBULANCE,11.3,0.37,22,50.4,39.9,14.5,25.4,CRITICAL,1,SYNTHETIC EMERGENCY V2X
EMG-EVT-009964,AMB-20,AMBULANCE,4.5,0.71,8,28.3,19.1,5.7,13.4,CRITICAL,1,SYNTHETIC EMERGENCY V2X
EMG-EVT-009965,AMB-19,AMBULANCE,14.2,0.47,28,42.5,53.6,18.3,35.3,CRITICAL,1,SYNTHETIC EMERGENCY V2X
EMG-EVT-009966,AMB-05,AMBULANCE,12.3,0.49,22,41.0,44.4,15.6,28.8,CRITICAL,1,SYNTHETIC EMERGENCY V2X
EMG-EVT-009967,FIRE-10,FIRE_TRUCK,5.5,0.56,9,41.8,18.7,6.9,11.8,CRITICAL,1,SYNTHETIC EMERGENCY V2X
EMG-EVT-009968,POL-03,POLICE,4.7,0.84,11,17.4,29.4,6.2,23.2,CRITICAL,1,SYNTHETIC EMERGENCY V2X
EMG-EVT-009969,FIRE-05,FIRE_TRUCK,10.4,0.45,21,43.4,39.6,13.4,26.2,CRITICAL,1,SYNTHETIC EMERGENCY V2X
EMG-EVT-009970,AMB-20,AMBULANCE,10.5,0.62,20,37.8,40.7,13.5,27.2,CRITICAL,1,SYNTHETIC EMERGENCY V2X
EMG-EVT-009971,AMB-15,AMBULANCE,7.9,0.49,17,44.0,31.2,10.3,20.9,CRITICAL,1,SYNTHETIC EMERGENCY V2X
EMG-EVT-009972,AMB-13,AMBULANCE,14.9,0.34,26,49.5,49.3,18.9,30.4,CRITICAL,1,SYNTHETIC EMERGENCY V2X
EMG-EVT-009973,AMB-08,AMBULANCE,4.4,0.72,9,29.8,19.7,5.7,14.0,CRITICAL,1,SYNTHETIC EMERGENCY V2X
EMG-EVT-009974,AMB-08,AMBULANCE,12.0,0.46,22,49.1,41.1,15.3,25.8,CRITICAL,1,SYNTHETIC EMERGENCY V2X
EMG-EVT-009975,AMB-16,AMBULANCE,3.4,0.91,9,21.6,20.2,4.6,15.6,CRITICAL,1,SYNTHETIC EMERGENCY V2X
EMG-EVT-009976,AMB-16,AMBULANCE,10.0,0.34,20,50.2,36.0,12.9,23.1,CRITICAL,1,SYNTHETIC EMERGENCY V2X
EMG-EVT-009977,FIRE-04,FIRE_TRUCK,13.6,0.88,24,14.9,83.6,17.2,66.4,CRITICAL,1,SYNTHETIC EMERGENCY V2X
EMG-EVT-009978,FIRE-09,FIRE_TRUCK,5.1,0.23,11,57.7,18.5,6.7,11.8,CRITICAL,1,SYNTHETIC EMERGENCY V2X
EMG-EVT-009979,POL-09,POLICE,13.2,0.36,25,50.0,45.8,16.9,28.9,CRITICAL,1,SYNTHETIC EMERGENCY V2X
EMG-EVT-009980,AMB-02,AMBULANCE,15.3,0.45,30,40.8,58.5,19.7,38.8,CRITICAL,1,SYNTHETIC EMERGENCY V2X
EMG-EVT-009981,AMB-15,AMBULANCE,4.0,0.38,10,45.4,17.3,5.4,11.9,CRITICAL,1,SYNTHETIC EMERGENCY V2X
EMG-EVT-009982,AMB-07,AMBULANCE,11.9,0.88,23,22.3,59.6,15.3,44.3,CRITICAL,1,SYNTHETIC EMERGENCY V2X
EMG-EVT-009983,AMB-16,AMBULANCE,4.1,0.94,8,13.9,27.3,5.3,22.0,CRITICAL,1,SYNTHETIC EMERGENCY V2X
EMG-EVT-009984,AMB-12,AMBULANCE,12.8,0.36,24,53.1,43.3,16.4,26.9,CRITICAL,1,SYNTHETIC EMERGENCY V2X
EMG-EVT-009985,AMB-06,AMBULANCE,8.5,0.26,17,53.8,29.9,11.0,18.9,CRITICAL,1,SYNTHETIC EMERGENCY V2X
EMG-EVT-009986,FIRE-03,FIRE_TRUCK,6.7,0.96,15,12.7,49.7,8.8,40.9,CRITICAL,1,SYNTHETIC EMERGENCY V2X
EMG-EVT-009987,AMB-14,AMBULANCE,7.0,0.43,15,48.2,26.7,9.1,17.6,CRITICAL,1,SYNTHETIC EMERGENCY V2X
EMG-EVT-009988,FIRE-04,FIRE_TRUCK,1.8,0.97,3,10.5,13.9,2.3,11.6,CRITICAL,1,SYNTHETIC EMERGENCY V2X
EMG-EVT-009989,FIRE-04,FIRE_TRUCK,15.8,0.63,28,36.9,59.3,20.0,39.3,CRITICAL,1,SYNTHETIC EMERGENCY V2X
EMG-EVT-009990,FIRE-10,FIRE_TRUCK,7.0,0.95,12,11.0,52.6,8.8,43.8,CRITICAL,1,SYNTHETIC EMERGENCY V2X
EMG-EVT-009991,AMB-08,AMBULANCE,9.0,0.79,16,26.1,39.9,11.4,28.5,CRITICAL,1,SYNTHETIC EMERGENCY V2X
EMG-EVT-009992,FIRE-03,FIRE_TRUCK,3.1,0.35,7,50.6,12.1,4.1,8.0,CRITICAL,1,SYNTHETIC EMERGENCY V2X
EMG-EVT-009993,FIRE-07,FIRE_TRUCK,9.2,0.52,16,37.8,33.8,11.6,22.2,CRITICAL,1,SYNTHETIC EMERGENCY V2X
EMG-EVT-009994,AMB-15,AMBULANCE,7.3,0.31,14,56.1,24.6,9.4,15.2,CRITICAL,1,SYNTHETIC EMERGENCY V2X
EMG-EVT-009995,AMB-08,AMBULANCE,4.2,0.48,7,48.1,13.6,5.3,8.3,CRITICAL,1,SYNTHETIC EMERGENCY V2X
EMG-EVT-009996,AMB-06,AMBULANCE,2.9,0.2,8,63.1,12.4,4.0,8.4,CRITICAL,1,SYNTHETIC EMERGENCY V2X
EMG-EVT-009997,AMB-18,AMBULANCE,12.4,0.24,25,57.9,42.8,16.0,26.8,CRITICAL,1,SYNTHETIC EMERGENCY V2X
EMG-EVT-009998,POL-02,POLICE,3.3,0.71,8,31.0,16.0,4.4,11.6,CRITICAL,1,SYNTHETIC EMERGENCY V2X
EMG-EVT-009999,AMB-07,AMBULANCE,2.9,0.32,6,50.2,10.7,3.8,6.9,CRITICAL,1,SYNTHETIC EMERGENCY V2X
EMG-EVT-010000,POL-09,POLICE,3.3,0.54,6,41.8,11.9,4.2,7.7,HIGH,1,SYNTHETIC EMERGENCY V2X
